[14May2025 22:20:55.785] [main/INFO] [cpw.mods.modlauncher.Launcher/MODLAUNCHER]: ModLauncher running: args [--launchTarget, forgeserver, --fml.forgeVersion, 47.3.7, --fml.mcVersion, 1.20.1, --fml.forgeGroup, net.minecraftforge, --fml.mcpVersion, 20230612.114412, nogui]
[14May2025 22:20:55.789] [main/INFO] [cpw.mods.modlauncher.Launcher/MODLAUNCHER]: ModLauncher 10.0.9+10.0.9+main.dcd20f30 starting: java version 17.0.15 by Ubuntu; OS Linux arch amd64 version 6.8.0-1027-azure
[14May2025 22:20:55.815] [main/DEBUG] [cpw.mods.modlauncher.LaunchServiceHandler/MODLAUNCHER]: Found launch services [fmlclientdev,forgeclient,minecraft,forgegametestserverdev,fmlserveruserdev,fmlclient,fmldatauserdev,forgeserverdev,forgeserveruserdev,forgeclientdev,forgeclientuserdev,forgeserver,forgedatadev,fmlserver,fmlclientuserdev,fmlserverdev,forgedatauserdev,testharness,forgegametestserveruserdev]
[14May2025 22:20:55.829] [main/DEBUG] [cpw.mods.modlauncher.NameMappingServiceHandler/MODLAUNCHER]: Found naming services : [srgtomcp]
[14May2025 22:20:55.849] [main/DEBUG] [cpw.mods.modlauncher.LaunchPluginHandler/MODLAUNCHER]: Found launch plugins: [mixin,eventbus,slf4jfixer,object_holder_definalize,runtime_enum_extender,capability_token_subclass,accesstransformer,runtimedistcleaner]
[14May2025 22:20:55.860] [main/DEBUG] [cpw.mods.modlauncher.TransformationServicesHandler/MODLAUNCHER]: Discovering transformation services
[14May2025 22:20:55.864] [main/DEBUG] [net.minecraftforge.fml.loading.FMLPaths/CORE]: Path GAMEDIR is /workspaces/Sagon/servidor_minecraft
[14May2025 22:20:55.864] [main/DEBUG] [net.minecraftforge.fml.loading.FMLPaths/CORE]: Path MODSDIR is /workspaces/Sagon/servidor_minecraft/mods
[14May2025 22:20:55.865] [main/DEBUG] [net.minecraftforge.fml.loading.FMLPaths/CORE]: Path CONFIGDIR is /workspaces/Sagon/servidor_minecraft/config
[14May2025 22:20:55.865] [main/DEBUG] [net.minecraftforge.fml.loading.FMLPaths/CORE]: Path FMLCONFIG is /workspaces/Sagon/servidor_minecraft/config/fml.toml
[14May2025 22:20:56.870] [main/DEBUG] [cpw.mods.modlauncher.TransformationServicesHandler/MODLAUNCHER]: Found additional transformation services from discovery services: 
[14May2025 22:20:56.877] [main/INFO] [net.minecraftforge.fml.loading.ImmediateWindowHandler/]: ImmediateWindowProvider not loading because launch target is forgeserver
[14May2025 22:20:56.885] [main/DEBUG] [cpw.mods.modlauncher.TransformationServicesHandler/MODLAUNCHER]: Found transformer services : [mixin,fml]
[14May2025 22:20:56.887] [main/DEBUG] [cpw.mods.modlauncher.TransformationServicesHandler/MODLAUNCHER]: Transformation services loading
[14May2025 22:20:56.888] [main/DEBUG] [cpw.mods.modlauncher.TransformationServiceDecorator/MODLAUNCHER]: Loading service mixin
[14May2025 22:20:56.889] [main/DEBUG] [cpw.mods.modlauncher.TransformationServiceDecorator/MODLAUNCHER]: Loaded service mixin
[14May2025 22:20:56.889] [main/DEBUG] [cpw.mods.modlauncher.TransformationServiceDecorator/MODLAUNCHER]: Loading service fml
[14May2025 22:20:56.890] [main/DEBUG] [net.minecraftforge.fml.loading.LauncherVersion/CORE]: Found FMLLauncher version 1.0
[14May2025 22:20:56.890] [main/DEBUG] [net.minecraftforge.fml.loading.FMLLoader/CORE]: FML 1.0 loading
[14May2025 22:20:56.890] [main/DEBUG] [net.minecraftforge.fml.loading.FMLLoader/CORE]: FML found ModLauncher version : 10.0.9+10.0.9+main.dcd20f30
[14May2025 22:20:56.891] [main/DEBUG] [net.minecraftforge.fml.loading.FMLLoader/CORE]: FML found AccessTransformer version : 8.0.4+66+master.c09db6d7
[14May2025 22:20:56.891] [main/DEBUG] [net.minecraftforge.fml.loading.FMLLoader/CORE]: FML found EventBus version : 6.0.5+6.0.5+master.eb8e549b
[14May2025 22:20:56.891] [main/DEBUG] [net.minecraftforge.fml.loading.FMLLoader/CORE]: Found Runtime Dist Cleaner
[14May2025 22:20:56.893] [main/DEBUG] [net.minecraftforge.fml.loading.FMLLoader/CORE]: FML found CoreMod version : 5.1.6
[14May2025 22:20:56.893] [main/DEBUG] [net.minecraftforge.fml.loading.FMLLoader/CORE]: Found ForgeSPI package implementation version 7.0.1+7.0.1+master.d2b38bf6
[14May2025 22:20:56.893] [main/DEBUG] [net.minecraftforge.fml.loading.FMLLoader/CORE]: Found ForgeSPI package specification 5
[14May2025 22:20:56.894] [main/DEBUG] [cpw.mods.modlauncher.TransformationServiceDecorator/MODLAUNCHER]: Loaded service fml
[14May2025 22:20:56.894] [main/DEBUG] [cpw.mods.modlauncher.TransformationServicesHandler/MODLAUNCHER]: Configuring option handling for services
[14May2025 22:20:56.901] [main/DEBUG] [cpw.mods.modlauncher.TransformationServicesHandler/MODLAUNCHER]: Transformation services initializing
[14May2025 22:20:56.902] [main/DEBUG] [cpw.mods.modlauncher.TransformationServiceDecorator/MODLAUNCHER]: Initializing transformation service mixin
[14May2025 22:20:56.915] [main/DEBUG] [mixin/]: MixinService [ModLauncher] was successfully booted in cpw.mods.cl.ModuleClassLoader@1e7c7811
[14May2025 22:20:56.929] [main/INFO] [mixin/]: SpongePowered MIXIN Subsystem Version=0.8.5 Source=union:/workspaces/Sagon/servidor_minecraft/libraries/org/spongepowered/mixin/0.8.5/mixin-0.8.5.jar%2365!/ Service=ModLauncher Env=SERVER
[14May2025 22:20:56.933] [main/DEBUG] [mixin/]: Initialising Mixin Platform Manager
[14May2025 22:20:56.933] [main/DEBUG] [mixin/]: Adding mixin platform agents for container ModLauncher Root Container(ModLauncher:4f56a0a2)
[14May2025 22:20:56.934] [main/DEBUG] [mixin/]: Instancing new MixinPlatformAgentMinecraftForge for ModLauncher Root Container(ModLauncher:4f56a0a2)
[14May2025 22:20:56.937] [main/DEBUG] [mixin/]: MixinPlatformAgentMinecraftForge rejected container ModLauncher Root Container(ModLauncher:4f56a0a2)
[14May2025 22:20:56.937] [main/DEBUG] [mixin/]: Instancing new MixinPlatformAgentDefault for ModLauncher Root Container(ModLauncher:4f56a0a2)
[14May2025 22:20:56.938] [main/DEBUG] [mixin/]: MixinPlatformAgentDefault accepted container ModLauncher Root Container(ModLauncher:4f56a0a2)
[14May2025 22:20:56.941] [main/DEBUG] [cpw.mods.modlauncher.TransformationServiceDecorator/MODLAUNCHER]: Initialized transformation service mixin
[14May2025 22:20:56.941] [main/DEBUG] [cpw.mods.modlauncher.TransformationServiceDecorator/MODLAUNCHER]: Initializing transformation service fml
[14May2025 22:20:56.942] [main/DEBUG] [net.minecraftforge.fml.loading.FMLServiceProvider/CORE]: Setting up basic FML game directories
[14May2025 22:20:56.943] [main/DEBUG] [net.minecraftforge.fml.loading.FMLPaths/CORE]: Path GAMEDIR is /workspaces/Sagon/servidor_minecraft
[14May2025 22:20:56.943] [main/DEBUG] [net.minecraftforge.fml.loading.FMLPaths/CORE]: Path MODSDIR is /workspaces/Sagon/servidor_minecraft/mods
[14May2025 22:20:56.944] [main/DEBUG] [net.minecraftforge.fml.loading.FMLPaths/CORE]: Path CONFIGDIR is /workspaces/Sagon/servidor_minecraft/config
[14May2025 22:20:56.944] [main/DEBUG] [net.minecraftforge.fml.loading.FMLPaths/CORE]: Path FMLCONFIG is /workspaces/Sagon/servidor_minecraft/config/fml.toml
[14May2025 22:20:56.944] [main/DEBUG] [net.minecraftforge.fml.loading.FMLServiceProvider/CORE]: Loading configuration
[14May2025 22:20:56.947] [main/DEBUG] [net.minecraftforge.fml.loading.FMLServiceProvider/CORE]: Preparing ModFile
[14May2025 22:20:56.950] [main/DEBUG] [net.minecraftforge.fml.loading.FMLServiceProvider/CORE]: Preparing launch handler
[14May2025 22:20:56.950] [main/DEBUG] [net.minecraftforge.fml.loading.FMLLoader/CORE]: Using forgeserver as launch service
[14May2025 22:20:56.963] [main/DEBUG] [net.minecraftforge.fml.loading.FMLLoader/CORE]: Received command line version data  : VersionInfo[forgeVersion=47.3.7, mcVersion=1.20.1, mcpVersion=20230612.114412, forgeGroup=net.minecraftforge]
[14May2025 22:20:56.965] [main/DEBUG] [cpw.mods.modlauncher.TransformationServiceDecorator/MODLAUNCHER]: Initialized transformation service fml
[14May2025 22:20:56.965] [main/DEBUG] [cpw.mods.modlauncher.NameMappingServiceHandler/MODLAUNCHER]: Current naming domain is 'srg'
[14May2025 22:20:56.966] [main/DEBUG] [cpw.mods.modlauncher.NameMappingServiceHandler/MODLAUNCHER]: Identified name mapping providers {}
[14May2025 22:20:56.966] [main/DEBUG] [cpw.mods.modlauncher.TransformationServicesHandler/MODLAUNCHER]: Transformation services begin scanning
[14May2025 22:20:56.967] [main/DEBUG] [cpw.mods.modlauncher.TransformationServiceDecorator/MODLAUNCHER]: Beginning scan trigger - transformation service mixin
[14May2025 22:20:56.967] [main/DEBUG] [cpw.mods.modlauncher.TransformationServiceDecorator/MODLAUNCHER]: End scan trigger - transformation service mixin
[14May2025 22:20:56.968] [main/DEBUG] [cpw.mods.modlauncher.TransformationServiceDecorator/MODLAUNCHER]: Beginning scan trigger - transformation service fml
[14May2025 22:20:56.968] [main/DEBUG] [net.minecraftforge.fml.loading.FMLServiceProvider/CORE]: Initiating mod scan
[14May2025 22:20:56.977] [main/DEBUG] [net.minecraftforge.fml.loading.moddiscovery.ModListHandler/CORE]: Found mod coordinates from lists: []
[14May2025 22:20:56.980] [main/DEBUG] [net.minecraftforge.fml.loading.moddiscovery.ModDiscoverer/CORE]: Found Mod Locators : (mods folder:null),(maven libs:null),(exploded directory:null),(minecraft:null),(userdev classpath:null)
[14May2025 22:20:56.980] [main/DEBUG] [net.minecraftforge.fml.loading.moddiscovery.ModDiscoverer/CORE]: Found Dependency Locators : (JarInJar:null)
[14May2025 22:20:56.990] [main/DEBUG] [net.minecraftforge.fml.loading.moddiscovery.ModFileParser/LOADING]: Considering mod file candidate /workspaces/Sagon/servidor_minecraft/mods/AI-Improvements-1.20-0.5.2.jar
[14May2025 22:20:57.036] [main/DEBUG] [net.minecraftforge.fml.loading.moddiscovery.ModFileInfo/LOADING]: Found valid mod file AI-Improvements-1.20-0.5.2.jar with {aiimprovements} mods - versions {0.5.2}
[14May2025 22:20:57.043] [main/DEBUG] [net.minecraftforge.fml.loading.moddiscovery.ModFileParser/LOADING]: Considering mod file candidate /workspaces/Sagon/servidor_minecraft/mods/alexscaves-2.0.2.jar
[14May2025 22:20:57.046] [main/DEBUG] [net.minecraftforge.fml.loading.moddiscovery.ModFileInfo/LOADING]: Found valid mod file alexscaves-2.0.2.jar with {alexscaves} mods - versions {2.0.2}
[14May2025 22:20:57.049] [main/DEBUG] [net.minecraftforge.fml.loading.moddiscovery.ModFileParser/LOADING]: Considering mod file candidate /workspaces/Sagon/servidor_minecraft/mods/alexsmobs-1.22.9.jar
[14May2025 22:20:57.051] [main/DEBUG] [net.minecraftforge.fml.loading.moddiscovery.ModFileInfo/LOADING]: Found valid mod file alexsmobs-1.22.9.jar with {alexsmobs} mods - versions {1.22.9}
[14May2025 22:20:57.052] [main/DEBUG] [net.minecraftforge.fml.loading.moddiscovery.ModFileParser/LOADING]: Considering mod file candidate /workspaces/Sagon/servidor_minecraft/mods/alltheleaks-0.1.0-beta+1.20.1-forge.jar
[14May2025 22:20:57.054] [main/DEBUG] [net.minecraftforge.fml.loading.moddiscovery.ModFileInfo/LOADING]: Found valid mod file alltheleaks-0.1.0-beta+1.20.1-forge.jar with {alltheleaks} mods - versions {0.1.0-beta+1.20.1-forge}
[14May2025 22:20:57.056] [main/DEBUG] [net.minecraftforge.fml.loading.moddiscovery.ModFileParser/LOADING]: Considering mod file candidate /workspaces/Sagon/servidor_minecraft/mods/alternate_current-mc1.20-1.7.0.jar
[14May2025 22:20:57.058] [main/DEBUG] [net.minecraftforge.fml.loading.moddiscovery.ModFileInfo/LOADING]: Found valid mod file alternate_current-mc1.20-1.7.0.jar with {alternate_current} mods - versions {1.7.0}
[14May2025 22:20:57.061] [main/DEBUG] [net.minecraftforge.fml.loading.moddiscovery.ModFileParser/LOADING]: Considering mod file candidate /workspaces/Sagon/servidor_minecraft/mods/amendments-1.20-1.2.19.jar
[14May2025 22:20:57.062] [main/DEBUG] [net.minecraftforge.fml.loading.moddiscovery.ModFileInfo/LOADING]: Found valid mod file amendments-1.20-1.2.19.jar with {amendments} mods - versions {1.20-1.2.19}
[14May2025 22:20:57.064] [main/DEBUG] [net.minecraftforge.fml.loading.moddiscovery.ModFileParser/LOADING]: Considering mod file candidate /workspaces/Sagon/servidor_minecraft/mods/Animation_Overhaul-forge-1.20.x-1.3.1.jar
[14May2025 22:20:57.066] [main/DEBUG] [net.minecraftforge.fml.loading.moddiscovery.ModFileInfo/LOADING]: Found valid mod file Animation_Overhaul-forge-1.20.x-1.3.1.jar with {animation_overhaul} mods - versions {1.3.1}
[14May2025 22:20:57.068] [main/DEBUG] [net.minecraftforge.fml.loading.moddiscovery.ModFileParser/LOADING]: Considering mod file candidate /workspaces/Sagon/servidor_minecraft/mods/aquamirae-6.API15.jar
[14May2025 22:20:57.069] [main/DEBUG] [net.minecraftforge.fml.loading.moddiscovery.ModFileInfo/LOADING]: Found valid mod file aquamirae-6.API15.jar with {aquamirae} mods - versions {6.API15}
[14May2025 22:20:57.071] [main/DEBUG] [net.minecraftforge.fml.loading.moddiscovery.ModFileParser/LOADING]: Considering mod file candidate /workspaces/Sagon/servidor_minecraft/mods/architectury-9.2.14-forge.jar
[14May2025 22:20:57.072] [main/DEBUG] [net.minecraftforge.fml.loading.moddiscovery.ModFileInfo/LOADING]: Found valid mod file architectury-9.2.14-forge.jar with {architectury} mods - versions {9.2.14}
[14May2025 22:20:57.076] [main/DEBUG] [net.minecraftforge.fml.loading.moddiscovery.ModFileParser/LOADING]: Considering mod file candidate /workspaces/Sagon/servidor_minecraft/mods/AttributeFix-Forge-1.20.1-21.0.4.jar
[14May2025 22:20:57.078] [main/DEBUG] [net.minecraftforge.fml.loading.moddiscovery.ModFileInfo/LOADING]: Found valid mod file AttributeFix-Forge-1.20.1-21.0.4.jar with {attributefix} mods - versions {21.0.4}
[14May2025 22:20:57.080] [main/DEBUG] [net.minecraftforge.fml.loading.moddiscovery.ModFileParser/LOADING]: Considering mod file candidate /workspaces/Sagon/servidor_minecraft/mods/automessage-merged-1.20.1-2.2.0.jar
[14May2025 22:20:57.081] [main/DEBUG] [net.minecraftforge.fml.loading.moddiscovery.ModFileInfo/LOADING]: Found valid mod file automessage-merged-1.20.1-2.2.0.jar with {automessage} mods - versions {2.2.0}
[14May2025 22:20:57.084] [main/DEBUG] [net.minecraftforge.fml.loading.moddiscovery.ModFileParser/LOADING]: Considering mod file candidate /workspaces/Sagon/servidor_minecraft/mods/automobility-0.4.2+1.20.1-forge.jar
[14May2025 22:20:57.086] [main/DEBUG] [net.minecraftforge.fml.loading.moddiscovery.ModFileInfo/LOADING]: Found valid mod file automobility-0.4.2+1.20.1-forge.jar with {automobility} mods - versions {0.4.2+1.20.1-forge}
[14May2025 22:20:57.093] [main/DEBUG] [net.minecraftforge.fml.loading.moddiscovery.ModFileParser/LOADING]: Considering mod file candidate /workspaces/Sagon/servidor_minecraft/mods/backpacked-forge-1.20.1-3.0.0-beta.9.jar
[14May2025 22:20:57.096] [main/DEBUG] [net.minecraftforge.fml.loading.moddiscovery.ModFileInfo/LOADING]: Found valid mod file backpacked-forge-1.20.1-3.0.0-beta.9.jar with {backpacked} mods - versions {3.0.0-beta.9}
[14May2025 22:20:57.099] [main/DEBUG] [net.minecraftforge.fml.loading.moddiscovery.ModFileParser/LOADING]: Considering mod file candidate /workspaces/Sagon/servidor_minecraft/mods/BadOptimizations-2.2.1-1.20.1.jar
[14May2025 22:20:57.102] [main/DEBUG] [net.minecraftforge.fml.loading.moddiscovery.ModFileInfo/LOADING]: Found valid mod file BadOptimizations-2.2.1-1.20.1.jar with {badoptimizations} mods - versions {2.2.1}
[14May2025 22:20:57.103] [main/DEBUG] [net.minecraftforge.fml.loading.moddiscovery.ModFileParser/LOADING]: Considering mod file candidate /workspaces/Sagon/servidor_minecraft/mods/balm-forge-1.20.1-7.3.11-all.jar
[14May2025 22:20:57.104] [main/DEBUG] [net.minecraftforge.fml.loading.moddiscovery.ModFileInfo/LOADING]: Found valid mod file balm-forge-1.20.1-7.3.11-all.jar with {balm} mods - versions {7.3.11}
[14May2025 22:20:57.105] [main/DEBUG] [net.minecraftforge.fml.loading.moddiscovery.ModFileParser/LOADING]: Considering mod file candidate /workspaces/Sagon/servidor_minecraft/mods/bettercombat-forge-1.8.6+1.20.1.jar
[14May2025 22:20:57.106] [main/DEBUG] [net.minecraftforge.fml.loading.moddiscovery.ModFileInfo/LOADING]: Found valid mod file bettercombat-forge-1.8.6+1.20.1.jar with {bettercombat} mods - versions {1.8.6+1.20.1}
[14May2025 22:20:57.109] [main/DEBUG] [net.minecraftforge.fml.loading.moddiscovery.ModFileParser/LOADING]: Considering mod file candidate /workspaces/Sagon/servidor_minecraft/mods/BetterTridents-v8.0.1-1.20.1-Forge.jar
[14May2025 22:20:57.110] [main/DEBUG] [net.minecraftforge.fml.loading.moddiscovery.ModFileInfo/LOADING]: Found valid mod file BetterTridents-v8.0.1-1.20.1-Forge.jar with {bettertridents} mods - versions {8.0.1}
[14May2025 22:20:57.110] [main/DEBUG] [net.minecraftforge.fml.loading.moddiscovery.ModFileParser/LOADING]: Considering mod file candidate /workspaces/Sagon/servidor_minecraft/mods/BHMenu-Forge-1.20.1-2.4.2.jar
[14May2025 22:20:57.111] [main/DEBUG] [net.minecraftforge.fml.loading.moddiscovery.ModFileInfo/LOADING]: Found valid mod file BHMenu-Forge-1.20.1-2.4.2.jar with {bhmenu} mods - versions {2.4.2}
[14May2025 22:20:57.111] [main/DEBUG] [net.minecraftforge.fml.loading.moddiscovery.ModFileParser/LOADING]: Considering mod file candidate /workspaces/Sagon/servidor_minecraft/mods/BoatBreakFix-Universal-1.0.2.jar
[14May2025 22:20:57.112] [main/DEBUG] [net.minecraftforge.fml.loading.moddiscovery.ModFileInfo/LOADING]: Found valid mod file BoatBreakFix-Universal-1.0.2.jar with {boatbreakfix} mods - versions {1.0.2}
[14May2025 22:20:57.113] [main/DEBUG] [net.minecraftforge.fml.loading.moddiscovery.ModFileParser/LOADING]: Considering mod file candidate /workspaces/Sagon/servidor_minecraft/mods/BOMD-Forge-1.20.1-1.1.1.jar
[14May2025 22:20:57.114] [main/DEBUG] [net.minecraftforge.fml.loading.moddiscovery.ModFileInfo/LOADING]: Found valid mod file BOMD-Forge-1.20.1-1.1.1.jar with {bosses_of_mass_destruction} mods - versions {1.1.1}
[14May2025 22:20:57.117] [main/DEBUG] [net.minecraftforge.fml.loading.moddiscovery.ModFileParser/LOADING]: Considering mod file candidate /workspaces/Sagon/servidor_minecraft/mods/born_in_chaos_[Forge]1.20.1_1.6.3.jar
[14May2025 22:20:57.118] [main/DEBUG] [net.minecraftforge.fml.loading.moddiscovery.ModFileInfo/LOADING]: Found valid mod file born_in_chaos_[Forge]1.20.1_1.6.3.jar with {born_in_chaos_v1} mods - versions {1.6.3}
[14May2025 22:20:57.119] [main/DEBUG] [net.minecraftforge.fml.loading.moddiscovery.ModFileParser/LOADING]: Considering mod file candidate /workspaces/Sagon/servidor_minecraft/mods/caelus-forge-3.2.0+1.20.1.jar
[14May2025 22:20:57.119] [main/DEBUG] [net.minecraftforge.fml.loading.moddiscovery.ModFileInfo/LOADING]: Found valid mod file caelus-forge-3.2.0+1.20.1.jar with {caelus} mods - versions {3.2.0+1.20.1}
[14May2025 22:20:57.120] [main/DEBUG] [net.minecraftforge.fml.loading.moddiscovery.ModFileParser/LOADING]: Considering mod file candidate /workspaces/Sagon/servidor_minecraft/mods/carryon-forge-1.20.1-2.1.2.7.jar
[14May2025 22:20:57.121] [main/DEBUG] [net.minecraftforge.fml.loading.moddiscovery.ModFileInfo/LOADING]: Found valid mod file carryon-forge-1.20.1-2.1.2.7.jar with {carryon} mods - versions {2.1.2.7}
[14May2025 22:20:57.121] [main/DEBUG] [net.minecraftforge.fml.loading.moddiscovery.ModFileParser/LOADING]: Considering mod file candidate /workspaces/Sagon/servidor_minecraft/mods/cataclysmiccombat-1.4.jar
[14May2025 22:20:57.122] [main/DEBUG] [net.minecraftforge.fml.loading.moddiscovery.ModFileInfo/LOADING]: Found valid mod file cataclysmiccombat-1.4.jar with {cataclysmiccombat} mods - versions {1.4}
[14May2025 22:20:57.124] [main/DEBUG] [net.minecraftforge.fml.loading.moddiscovery.ModFileParser/LOADING]: Considering mod file candidate /workspaces/Sagon/servidor_minecraft/mods/catalogue-forge-1.20.1-1.8.0.jar
[14May2025 22:20:57.126] [main/DEBUG] [net.minecraftforge.fml.loading.moddiscovery.ModFileInfo/LOADING]: Found valid mod file catalogue-forge-1.20.1-1.8.0.jar with {catalogue} mods - versions {1.8.0}
[14May2025 22:20:57.127] [main/DEBUG] [net.minecraftforge.fml.loading.moddiscovery.ModFileParser/LOADING]: Considering mod file candidate /workspaces/Sagon/servidor_minecraft/mods/CerbonsApi-Forge-1.20.1-1.0.0.jar
[14May2025 22:20:57.127] [main/DEBUG] [net.minecraftforge.fml.loading.moddiscovery.ModFileInfo/LOADING]: Found valid mod file CerbonsApi-Forge-1.20.1-1.0.0.jar with {cerbons_api} mods - versions {1.0.0}
[14May2025 22:20:57.168] [main/DEBUG] [net.minecraftforge.fml.loading.moddiscovery.ModFileParser/LOADING]: Considering mod file candidate /workspaces/Sagon/servidor_minecraft/mods/cfm-forge-1.20.1-7.0.0-pre36.jar
[14May2025 22:20:57.171] [main/DEBUG] [net.minecraftforge.fml.loading.moddiscovery.ModFileInfo/LOADING]: Found valid mod file cfm-forge-1.20.1-7.0.0-pre36.jar with {cfm} mods - versions {7.0.0-pre36}
[14May2025 22:20:57.172] [main/DEBUG] [net.minecraftforge.fml.loading.moddiscovery.ModFileParser/LOADING]: Considering mod file candidate /workspaces/Sagon/servidor_minecraft/mods/charmofundying-forge-6.5.0+1.20.1.jar
[14May2025 22:20:57.174] [main/DEBUG] [net.minecraftforge.fml.loading.moddiscovery.ModFileInfo/LOADING]: Found valid mod file charmofundying-forge-6.5.0+1.20.1.jar with {charmofundying} mods - versions {6.5.0+1.20.1}
[14May2025 22:20:57.175] [main/DEBUG] [net.minecraftforge.fml.loading.moddiscovery.ModFileParser/LOADING]: Considering mod file candidate /workspaces/Sagon/servidor_minecraft/mods/chat_heads-0.13.11-forge-1.20.jar
[14May2025 22:20:57.176] [main/DEBUG] [net.minecraftforge.fml.loading.moddiscovery.ModFileInfo/LOADING]: Found valid mod file chat_heads-0.13.11-forge-1.20.jar with {chat_heads} mods - versions {0.13.11}
[14May2025 22:20:57.178] [main/DEBUG] [net.minecraftforge.fml.loading.moddiscovery.ModFileParser/LOADING]: Considering mod file candidate /workspaces/Sagon/servidor_minecraft/mods/chunksending-1.20.1-2.8.jar
[14May2025 22:20:57.180] [main/DEBUG] [net.minecraftforge.fml.loading.moddiscovery.ModFileInfo/LOADING]: Found valid mod file chunksending-1.20.1-2.8.jar with {chunksending} mods - versions {1.20.1-2.8}
[14May2025 22:20:57.183] [main/DEBUG] [net.minecraftforge.fml.loading.moddiscovery.ModFileParser/LOADING]: Considering mod file candidate /workspaces/Sagon/servidor_minecraft/mods/citadel-2.6.1-1.20.1.jar
[14May2025 22:20:57.184] [main/DEBUG] [net.minecraftforge.fml.loading.moddiscovery.ModFileInfo/LOADING]: Found valid mod file citadel-2.6.1-1.20.1.jar with {citadel} mods - versions {2.6.1}
[14May2025 22:20:57.186] [main/DEBUG] [net.minecraftforge.fml.loading.moddiscovery.ModFileParser/LOADING]: Considering mod file candidate /workspaces/Sagon/servidor_minecraft/mods/cloth-config-11.1.136-forge.jar
[14May2025 22:20:57.187] [main/DEBUG] [net.minecraftforge.fml.loading.moddiscovery.ModFileInfo/LOADING]: Found valid mod file cloth-config-11.1.136-forge.jar with {cloth_config} mods - versions {11.1.136}
[14May2025 22:20:57.187] [main/DEBUG] [net.minecraftforge.fml.loading.moddiscovery.ModFileParser/LOADING]: Considering mod file candidate /workspaces/Sagon/servidor_minecraft/mods/Clumps-forge-1.20.1-12.0.0.4.jar
[14May2025 22:20:57.188] [main/DEBUG] [net.minecraftforge.fml.loading.moddiscovery.ModFileInfo/LOADING]: Found valid mod file Clumps-forge-1.20.1-12.0.0.4.jar with {clumps} mods - versions {12.0.0.4}
[14May2025 22:20:57.189] [main/DEBUG] [net.minecraftforge.fml.loading.moddiscovery.ModFileParser/LOADING]: Considering mod file candidate /workspaces/Sagon/servidor_minecraft/mods/connectivity-1.20.1-6.5.jar
[14May2025 22:20:57.190] [main/DEBUG] [net.minecraftforge.fml.loading.moddiscovery.ModFileInfo/LOADING]: Found valid mod file connectivity-1.20.1-6.5.jar with {connectivity} mods - versions {1.20.1-6.5}
[14May2025 22:20:57.190] [main/DEBUG] [net.minecraftforge.fml.loading.moddiscovery.ModFileParser/LOADING]: Considering mod file candidate /workspaces/Sagon/servidor_minecraft/mods/Controlling-forge-1.20.1-12.0.2.jar
[14May2025 22:20:57.191] [main/DEBUG] [net.minecraftforge.fml.loading.moddiscovery.ModFileInfo/LOADING]: Found valid mod file Controlling-forge-1.20.1-12.0.2.jar with {controlling} mods - versions {12.0.2}
[14May2025 22:20:57.192] [main/DEBUG] [net.minecraftforge.fml.loading.moddiscovery.ModFileParser/LOADING]: Considering mod file candidate /workspaces/Sagon/servidor_minecraft/mods/craftingtweaks-forge-1.20.1-18.2.5.jar
[14May2025 22:20:57.193] [main/DEBUG] [net.minecraftforge.fml.loading.moddiscovery.ModFileInfo/LOADING]: Found valid mod file craftingtweaks-forge-1.20.1-18.2.5.jar with {craftingtweaks} mods - versions {18.2.5}
[14May2025 22:20:57.194] [main/DEBUG] [net.minecraftforge.fml.loading.moddiscovery.ModFileParser/LOADING]: Considering mod file candidate /workspaces/Sagon/servidor_minecraft/mods/CreativeCore_FORGE_v2.12.31_mc1.20.1.jar
[14May2025 22:20:57.194] [main/DEBUG] [net.minecraftforge.fml.loading.moddiscovery.ModFileInfo/LOADING]: Found valid mod file CreativeCore_FORGE_v2.12.31_mc1.20.1.jar with {creativecore} mods - versions {2.12.31}
[14May2025 22:20:57.195] [main/DEBUG] [net.minecraftforge.fml.loading.moddiscovery.ModFileParser/LOADING]: Considering mod file candidate /workspaces/Sagon/servidor_minecraft/mods/creeperoverhaul-3.0.2-forge.jar
[14May2025 22:20:57.195] [main/DEBUG] [net.minecraftforge.fml.loading.moddiscovery.ModFileInfo/LOADING]: Found valid mod file creeperoverhaul-3.0.2-forge.jar with {creeperoverhaul} mods - versions {3.0.2}
[14May2025 22:20:57.196] [main/DEBUG] [net.minecraftforge.fml.loading.moddiscovery.ModFileParser/LOADING]: Considering mod file candidate /workspaces/Sagon/servidor_minecraft/mods/crittersandcompanions-forge-2.2.2.jar
[14May2025 22:20:57.197] [main/DEBUG] [net.minecraftforge.fml.loading.moddiscovery.ModFileInfo/LOADING]: Found valid mod file crittersandcompanions-forge-2.2.2.jar with {crittersandcompanions} mods - versions {2.2.2}
[14May2025 22:20:57.198] [main/DEBUG] [net.minecraftforge.fml.loading.moddiscovery.ModFileParser/LOADING]: Considering mod file candidate /workspaces/Sagon/servidor_minecraft/mods/cupboard-1.20.1-2.7.jar
[14May2025 22:20:57.199] [main/DEBUG] [net.minecraftforge.fml.loading.moddiscovery.ModFileInfo/LOADING]: Found valid mod file cupboard-1.20.1-2.7.jar with {cupboard} mods - versions {1.20.1-2.7}
[14May2025 22:20:57.199] [main/DEBUG] [net.minecraftforge.fml.loading.moddiscovery.ModFileParser/LOADING]: Considering mod file candidate /workspaces/Sagon/servidor_minecraft/mods/curios-forge-5.11.1+1.20.1.jar
[14May2025 22:20:57.200] [main/DEBUG] [net.minecraftforge.fml.loading.moddiscovery.ModFileInfo/LOADING]: Found valid mod file curios-forge-5.11.1+1.20.1.jar with {curios} mods - versions {5.11.1+1.20.1}
[14May2025 22:20:57.202] [main/DEBUG] [net.minecraftforge.fml.loading.moddiscovery.ModFileParser/LOADING]: Considering mod file candidate /workspaces/Sagon/servidor_minecraft/mods/DarkestSouls-Forge1.20.1-1.2.2.5.jar
[14May2025 22:20:57.202] [main/DEBUG] [net.minecraftforge.fml.loading.moddiscovery.ModFileInfo/LOADING]: Found valid mod file DarkestSouls-Forge1.20.1-1.2.2.5.jar with {darkestsouls} mods - versions {1.2.2.5}
[14May2025 22:20:57.203] [main/DEBUG] [net.minecraftforge.fml.loading.moddiscovery.ModFileParser/LOADING]: Considering mod file candidate /workspaces/Sagon/servidor_minecraft/mods/defaultoptions-forge-1.20-18.0.1.jar
[14May2025 22:20:57.203] [main/DEBUG] [net.minecraftforge.fml.loading.moddiscovery.ModFileInfo/LOADING]: Found valid mod file defaultoptions-forge-1.20-18.0.1.jar with {defaultoptions} mods - versions {18.0.1}
[14May2025 22:20:57.204] [main/DEBUG] [net.minecraftforge.fml.loading.moddiscovery.ModFileParser/LOADING]: Considering mod file candidate /workspaces/Sagon/servidor_minecraft/mods/despawn_tweaker-1.20.1-1.0.0.jar
[14May2025 22:20:57.205] [main/DEBUG] [net.minecraftforge.fml.loading.moddiscovery.ModFileInfo/LOADING]: Found valid mod file despawn_tweaker-1.20.1-1.0.0.jar with {despawn_tweaker} mods - versions {1.20.1-1.0.0}
[14May2025 22:20:57.207] [main/DEBUG] [net.minecraftforge.fml.loading.moddiscovery.ModFileParser/LOADING]: Considering mod file candidate /workspaces/Sagon/servidor_minecraft/mods/deuf-1.20.1-1.3.jar
[14May2025 22:20:57.207] [main/DEBUG] [net.minecraftforge.fml.loading.moddiscovery.ModFileInfo/LOADING]: Found valid mod file deuf-1.20.1-1.3.jar with {deuf} mods - versions {1.20.1-1.3}
[14May2025 22:20:57.209] [main/DEBUG] [net.minecraftforge.fml.loading.moddiscovery.ModFileParser/LOADING]: Considering mod file candidate /workspaces/Sagon/servidor_minecraft/mods/DungeonsArise-1.20.x-2.1.58-release.jar
[14May2025 22:20:57.210] [main/DEBUG] [net.minecraftforge.fml.loading.moddiscovery.ModFileInfo/LOADING]: Found valid mod file DungeonsArise-1.20.x-2.1.58-release.jar with {dungeons_arise} mods - versions {2.1.58-1.20.x}
[14May2025 22:20:57.212] [main/DEBUG] [net.minecraftforge.fml.loading.moddiscovery.ModFileParser/LOADING]: Considering mod file candidate /workspaces/Sagon/servidor_minecraft/mods/EasyAnvils-v8.0.2-1.20.1-Forge.jar
[14May2025 22:20:57.213] [main/DEBUG] [net.minecraftforge.fml.loading.moddiscovery.ModFileInfo/LOADING]: Found valid mod file EasyAnvils-v8.0.2-1.20.1-Forge.jar with {easyanvils} mods - versions {8.0.2}
[14May2025 22:20:57.213] [main/DEBUG] [net.minecraftforge.fml.loading.moddiscovery.ModFileParser/LOADING]: Considering mod file candidate /workspaces/Sagon/servidor_minecraft/mods/ElysiumAPI-1.20.1-1.0.2.jar
[14May2025 22:20:57.214] [main/DEBUG] [net.minecraftforge.fml.loading.moddiscovery.ModFileInfo/LOADING]: Found valid mod file ElysiumAPI-1.20.1-1.0.2.jar with {elysium_api} mods - versions {1.0.2}
[14May2025 22:20:57.215] [main/DEBUG] [net.minecraftforge.fml.loading.moddiscovery.ModFileParser/LOADING]: Considering mod file candidate /workspaces/Sagon/servidor_minecraft/mods/embeddium-0.3.31+mc1.20.1.jar
[14May2025 22:20:57.216] [main/DEBUG] [net.minecraftforge.fml.loading.moddiscovery.ModFileInfo/LOADING]: Found valid mod file embeddium-0.3.31+mc1.20.1.jar with {embeddium,rubidium} mods - versions {0.3.31+mc1.20.1,0.7.1}
[14May2025 22:20:57.216] [main/DEBUG] [net.minecraftforge.fml.loading.moddiscovery.ModFileParser/LOADING]: Considering mod file candidate /workspaces/Sagon/servidor_minecraft/mods/embeddiumplus-1.20.1-v1.2.13.jar
[14May2025 22:20:57.217] [main/DEBUG] [net.minecraftforge.fml.loading.moddiscovery.ModFileInfo/LOADING]: Found valid mod file embeddiumplus-1.20.1-v1.2.13.jar with {embeddiumplus} mods - versions {1.2.13}
[14May2025 22:20:57.219] [main/DEBUG] [net.minecraftforge.fml.loading.moddiscovery.ModFileParser/LOADING]: Considering mod file candidate /workspaces/Sagon/servidor_minecraft/mods/EnchantingInfuser-v8.0.3-1.20.1-Forge.jar
[14May2025 22:20:57.219] [main/DEBUG] [net.minecraftforge.fml.loading.moddiscovery.ModFileInfo/LOADING]: Found valid mod file EnchantingInfuser-v8.0.3-1.20.1-Forge.jar with {enchantinginfuser} mods - versions {8.0.3}
[14May2025 22:20:57.220] [main/DEBUG] [net.minecraftforge.fml.loading.moddiscovery.ModFileParser/LOADING]: Considering mod file candidate /workspaces/Sagon/servidor_minecraft/mods/enderitemod-1.5.1-1.20.1-forge.jar
[14May2025 22:20:57.221] [main/DEBUG] [net.minecraftforge.fml.loading.moddiscovery.ModFileInfo/LOADING]: Found valid mod file enderitemod-1.5.1-1.20.1-forge.jar with {enderitemod} mods - versions {1.5.1}
[14May2025 22:20:57.222] [main/DEBUG] [net.minecraftforge.fml.loading.moddiscovery.ModFileParser/LOADING]: Considering mod file candidate /workspaces/Sagon/servidor_minecraft/mods/enemyexpansion-2.3.1-forge-1.20.1.jar
[14May2025 22:20:57.222] [main/DEBUG] [net.minecraftforge.fml.loading.moddiscovery.ModFileInfo/LOADING]: Found valid mod file enemyexpansion-2.3.1-forge-1.20.1.jar with {enemyexpansion} mods - versions {2.3.1}
[14May2025 22:20:57.223] [main/DEBUG] [net.minecraftforge.fml.loading.moddiscovery.ModFileParser/LOADING]: Considering mod file candidate /workspaces/Sagon/servidor_minecraft/mods/entity_model_features_forge_1.20.1-2.4.1.jar
[14May2025 22:20:57.223] [main/DEBUG] [net.minecraftforge.fml.loading.moddiscovery.ModFileInfo/LOADING]: Found valid mod file entity_model_features_forge_1.20.1-2.4.1.jar with {entity_model_features} mods - versions {2.4.1}
[14May2025 22:20:57.224] [main/DEBUG] [net.minecraftforge.fml.loading.moddiscovery.ModFileParser/LOADING]: Considering mod file candidate /workspaces/Sagon/servidor_minecraft/mods/entity_texture_features_forge_1.20.1-6.2.9.jar
[14May2025 22:20:57.225] [main/DEBUG] [net.minecraftforge.fml.loading.moddiscovery.ModFileInfo/LOADING]: Found valid mod file entity_texture_features_forge_1.20.1-6.2.9.jar with {entity_texture_features} mods - versions {6.2.9}
[14May2025 22:20:57.225] [main/DEBUG] [net.minecraftforge.fml.loading.moddiscovery.ModFileParser/LOADING]: Considering mod file candidate /workspaces/Sagon/servidor_minecraft/mods/entityculling-forge-1.7.2-mc1.20.1.jar
[14May2025 22:20:57.226] [main/DEBUG] [net.minecraftforge.fml.loading.moddiscovery.ModFileInfo/LOADING]: Found valid mod file entityculling-forge-1.7.2-mc1.20.1.jar with {entityculling} mods - versions {1.7.2}
[14May2025 22:20:57.227] [main/DEBUG] [net.minecraftforge.fml.loading.moddiscovery.ModFileParser/LOADING]: Considering mod file candidate /workspaces/Sagon/servidor_minecraft/mods/fancymenu_forge_3.3.2_MC_1.20.1.jar
[14May2025 22:20:57.228] [main/DEBUG] [net.minecraftforge.fml.loading.moddiscovery.ModFileInfo/LOADING]: Found valid mod file fancymenu_forge_3.3.2_MC_1.20.1.jar with {fancymenu} mods - versions {3.3.2}
[14May2025 22:20:57.230] [main/DEBUG] [net.minecraftforge.fml.loading.moddiscovery.ModFileParser/LOADING]: Considering mod file candidate /workspaces/Sagon/servidor_minecraft/mods/FarmersDelight-1.20.1-1.2.7.jar
[14May2025 22:20:57.232] [main/DEBUG] [net.minecraftforge.fml.loading.moddiscovery.ModFileInfo/LOADING]: Found valid mod file FarmersDelight-1.20.1-1.2.7.jar with {farmersdelight} mods - versions {1.20.1-1.2.7}
[14May2025 22:20:57.233] [main/DEBUG] [net.minecraftforge.fml.loading.moddiscovery.ModFileParser/LOADING]: Considering mod file candidate /workspaces/Sagon/servidor_minecraft/mods/fastasyncworldsave-1.20.1-2.3.jar
[14May2025 22:20:57.234] [main/DEBUG] [net.minecraftforge.fml.loading.moddiscovery.ModFileInfo/LOADING]: Found valid mod file fastasyncworldsave-1.20.1-2.3.jar with {fastasyncworldsave} mods - versions {1.20.1-2.3}
[14May2025 22:20:57.235] [main/DEBUG] [net.minecraftforge.fml.loading.moddiscovery.ModFileParser/LOADING]: Considering mod file candidate /workspaces/Sagon/servidor_minecraft/mods/FastLeafDecay-32.jar
[14May2025 22:20:57.237] [main/DEBUG] [net.minecraftforge.fml.loading.moddiscovery.ModFileInfo/LOADING]: Found valid mod file FastLeafDecay-32.jar with {fastleafdecay} mods - versions {32}
[14May2025 22:20:57.242] [main/DEBUG] [net.minecraftforge.fml.loading.moddiscovery.ModFileParser/LOADING]: Considering mod file candidate /workspaces/Sagon/servidor_minecraft/mods/ferritecore-6.0.1-forge.jar
[14May2025 22:20:57.243] [main/DEBUG] [net.minecraftforge.fml.loading.moddiscovery.ModFileInfo/LOADING]: Found valid mod file ferritecore-6.0.1-forge.jar with {ferritecore} mods - versions {6.0.1}
[14May2025 22:20:57.244] [main/DEBUG] [net.minecraftforge.fml.loading.moddiscovery.ModFileParser/LOADING]: Considering mod file candidate /workspaces/Sagon/servidor_minecraft/mods/forge-startinv-1.0.0-1.20.1.jar
[14May2025 22:20:57.245] [main/DEBUG] [net.minecraftforge.fml.loading.moddiscovery.ModFileInfo/LOADING]: Found valid mod file forge-startinv-1.0.0-1.20.1.jar with {startinv} mods - versions {1.0.0}
[14May2025 22:20:57.248] [main/DEBUG] [net.minecraftforge.fml.loading.moddiscovery.ModFileParser/LOADING]: Considering mod file candidate /workspaces/Sagon/servidor_minecraft/mods/ForgeConfigScreens-v8.0.2-1.20.1-Forge.jar
[14May2025 22:20:57.249] [main/DEBUG] [net.minecraftforge.fml.loading.moddiscovery.ModFileInfo/LOADING]: Found valid mod file ForgeConfigScreens-v8.0.2-1.20.1-Forge.jar with {forgeconfigscreens} mods - versions {8.0.2}
[14May2025 22:20:57.252] [main/DEBUG] [net.minecraftforge.fml.loading.moddiscovery.ModFileParser/LOADING]: Considering mod file candidate /workspaces/Sagon/servidor_minecraft/mods/framework-forge-1.20.1-0.7.12.jar
[14May2025 22:20:57.253] [main/DEBUG] [net.minecraftforge.fml.loading.moddiscovery.ModFileInfo/LOADING]: Found valid mod file framework-forge-1.20.1-0.7.12.jar with {framework} mods - versions {0.7.12}
[14May2025 22:20:57.255] [main/DEBUG] [net.minecraftforge.fml.loading.moddiscovery.ModFileParser/LOADING]: Considering mod file candidate /workspaces/Sagon/servidor_minecraft/mods/friendsandfoes-forge-mc1.20.1-3.0.9.jar
[14May2025 22:20:57.255] [main/DEBUG] [net.minecraftforge.fml.loading.moddiscovery.ModFileInfo/LOADING]: Found valid mod file friendsandfoes-forge-mc1.20.1-3.0.9.jar with {friendsandfoes} mods - versions {3.0.9}
[14May2025 22:20:57.256] [main/DEBUG] [net.minecraftforge.fml.loading.moddiscovery.ModFileParser/LOADING]: Considering mod file candidate /workspaces/Sagon/servidor_minecraft/mods/From-The-Fog-1.20-v1.9.2-Forge-Fabric.jar
[14May2025 22:20:57.257] [main/DEBUG] [net.minecraftforge.fml.loading.moddiscovery.ModFileInfo/LOADING]: Found valid mod file From-The-Fog-1.20-v1.9.2-Forge-Fabric.jar with {watching} mods - versions {1.9.2}
[14May2025 22:20:57.258] [main/DEBUG] [net.minecraftforge.fml.loading.moddiscovery.ModFileParser/LOADING]: Considering mod file candidate /workspaces/Sagon/servidor_minecraft/mods/gamemenumodoption-mc1.20.1-2.2.1.jar
[14May2025 22:20:57.258] [main/DEBUG] [net.minecraftforge.fml.loading.moddiscovery.ModFileInfo/LOADING]: Found valid mod file gamemenumodoption-mc1.20.1-2.2.1.jar with {gamemenumodoption} mods - versions {2.2.1}
[14May2025 22:20:57.259] [main/DEBUG] [net.minecraftforge.fml.loading.moddiscovery.ModFileParser/LOADING]: Considering mod file candidate /workspaces/Sagon/servidor_minecraft/mods/geckolib-forge-1.20.1-4.7.1.2.jar
[14May2025 22:20:57.260] [main/DEBUG] [net.minecraftforge.fml.loading.moddiscovery.ModFileInfo/LOADING]: Found valid mod file geckolib-forge-1.20.1-4.7.1.2.jar with {geckolib} mods - versions {4.7.1.2}
[14May2025 22:20:57.261] [main/DEBUG] [net.minecraftforge.fml.loading.moddiscovery.ModFileParser/LOADING]: Considering mod file candidate /workspaces/Sagon/servidor_minecraft/mods/gpumemleakfix-1.20.1-1.8.jar
[14May2025 22:20:57.261] [main/DEBUG] [net.minecraftforge.fml.loading.moddiscovery.ModFileInfo/LOADING]: Found valid mod file gpumemleakfix-1.20.1-1.8.jar with {gpumemleakfix} mods - versions {1.20.1-1.8}
[14May2025 22:20:57.262] [main/DEBUG] [net.minecraftforge.fml.loading.moddiscovery.ModFileParser/LOADING]: Considering mod file candidate /workspaces/Sagon/servidor_minecraft/mods/gravestone-forge-1.20.1-1.0.24.jar
[14May2025 22:20:57.263] [main/DEBUG] [net.minecraftforge.fml.loading.moddiscovery.ModFileInfo/LOADING]: Found valid mod file gravestone-forge-1.20.1-1.0.24.jar with {gravestone} mods - versions {1.20.1-1.0.24}
[14May2025 22:20:57.265] [main/DEBUG] [net.minecraftforge.fml.loading.moddiscovery.ModFileParser/LOADING]: Considering mod file candidate /workspaces/Sagon/servidor_minecraft/mods/HangGlider-v8.0.1-1.20.1-Forge.jar
[14May2025 22:20:57.265] [main/DEBUG] [net.minecraftforge.fml.loading.moddiscovery.ModFileInfo/LOADING]: Found valid mod file HangGlider-v8.0.1-1.20.1-Forge.jar with {hangglider} mods - versions {8.0.1}
[14May2025 22:20:57.267] [main/DEBUG] [net.minecraftforge.fml.loading.moddiscovery.ModFileParser/LOADING]: Considering mod file candidate /workspaces/Sagon/servidor_minecraft/mods/illageandspillagerespillaged-1.2.8.jar
[14May2025 22:20:57.267] [main/DEBUG] [net.minecraftforge.fml.loading.moddiscovery.ModFileInfo/LOADING]: Found valid mod file illageandspillagerespillaged-1.2.8.jar with {illageandspillage} mods - versions {1.2.8}
[14May2025 22:20:57.268] [main/DEBUG] [net.minecraftforge.fml.loading.moddiscovery.ModFileParser/LOADING]: Considering mod file candidate /workspaces/Sagon/servidor_minecraft/mods/ImmediatelyFast-Forge-1.3.4+1.20.4.jar
[14May2025 22:20:57.269] [main/DEBUG] [net.minecraftforge.fml.loading.moddiscovery.ModFileInfo/LOADING]: Found valid mod file ImmediatelyFast-Forge-1.3.4+1.20.4.jar with {immediatelyfast} mods - versions {1.3.4+1.20.4}
[14May2025 22:20:57.269] [main/DEBUG] [net.minecraftforge.fml.loading.moddiscovery.ModFileParser/LOADING]: Considering mod file candidate /workspaces/Sagon/servidor_minecraft/mods/immersive_aircraft-1.2.2+1.20.1-forge.jar
[14May2025 22:20:57.270] [main/DEBUG] [net.minecraftforge.fml.loading.moddiscovery.ModFileInfo/LOADING]: Found valid mod file immersive_aircraft-1.2.2+1.20.1-forge.jar with {immersive_aircraft} mods - versions {1.2.2+1.20.1}
[14May2025 22:20:57.272] [main/DEBUG] [net.minecraftforge.fml.loading.moddiscovery.ModFileParser/LOADING]: Considering mod file candidate /workspaces/Sagon/servidor_minecraft/mods/irons_spellbooks-1.20.1-3.4.0.7.jar
[14May2025 22:20:57.273] [main/DEBUG] [net.minecraftforge.fml.loading.moddiscovery.ModFileInfo/LOADING]: Found valid mod file irons_spellbooks-1.20.1-3.4.0.7.jar with {irons_spellbooks} mods - versions {1.20.1-3.4.0.7}
[14May2025 22:20:57.274] [main/DEBUG] [net.minecraftforge.fml.loading.moddiscovery.ModFileParser/LOADING]: Considering mod file candidate /workspaces/Sagon/servidor_minecraft/mods/Jade-1.20.1-Forge-11.12.3.jar
[14May2025 22:20:57.274] [main/DEBUG] [net.minecraftforge.fml.loading.moddiscovery.ModFileInfo/LOADING]: Found valid mod file Jade-1.20.1-Forge-11.12.3.jar with {jade} mods - versions {11.12.3+forge}
[14May2025 22:20:57.278] [main/DEBUG] [net.minecraftforge.fml.loading.moddiscovery.ModFileParser/LOADING]: Considering mod file candidate /workspaces/Sagon/servidor_minecraft/mods/Jadens-Nether-Expansion-2.2.1.jar
[14May2025 22:20:57.278] [main/DEBUG] [net.minecraftforge.fml.loading.moddiscovery.ModFileInfo/LOADING]: Found valid mod file Jadens-Nether-Expansion-2.2.1.jar with {netherexp} mods - versions {2.2.1}
[14May2025 22:20:57.279] [main/DEBUG] [net.minecraftforge.fml.loading.moddiscovery.ModFileParser/LOADING]: Considering mod file candidate /workspaces/Sagon/servidor_minecraft/mods/jei-1.20.1-forge-15.12.2.51.jar
[14May2025 22:20:57.280] [main/DEBUG] [net.minecraftforge.fml.loading.moddiscovery.ModFileInfo/LOADING]: Found valid mod file jei-1.20.1-forge-15.12.2.51.jar with {jei} mods - versions {15.12.2.51}
[14May2025 22:20:57.281] [main/DEBUG] [net.minecraftforge.fml.loading.moddiscovery.ModFileParser/LOADING]: Considering mod file candidate /workspaces/Sagon/servidor_minecraft/mods/Kiwi-1.20.1-Forge-11.8.29.jar
[14May2025 22:20:57.282] [main/DEBUG] [net.minecraftforge.fml.loading.moddiscovery.ModFileInfo/LOADING]: Found valid mod file Kiwi-1.20.1-Forge-11.8.29.jar with {kiwi} mods - versions {11.8.29+forge}
[14May2025 22:20:57.282] [main/DEBUG] [net.minecraftforge.fml.loading.moddiscovery.ModFileParser/LOADING]: Considering mod file candidate /workspaces/Sagon/servidor_minecraft/mods/konkrete_forge_1.8.0_MC_1.20-1.20.1.jar
[14May2025 22:20:57.283] [main/DEBUG] [net.minecraftforge.fml.loading.moddiscovery.ModFileInfo/LOADING]: Found valid mod file konkrete_forge_1.8.0_MC_1.20-1.20.1.jar with {konkrete} mods - versions {1.8.0}
[14May2025 22:20:57.283] [main/DEBUG] [net.minecraftforge.fml.loading.moddiscovery.ModFileParser/LOADING]: Considering mod file candidate /workspaces/Sagon/servidor_minecraft/mods/KryptonReforged-0.2.3.jar
[14May2025 22:20:57.284] [main/DEBUG] [net.minecraftforge.fml.loading.moddiscovery.ModFileInfo/LOADING]: Found valid mod file KryptonReforged-0.2.3.jar with {krypton} mods - versions {0.2.3}
[14May2025 22:20:57.287] [main/DEBUG] [net.minecraftforge.fml.loading.moddiscovery.ModFileParser/LOADING]: Considering mod file candidate /workspaces/Sagon/servidor_minecraft/mods/L_Enders_Cataclysm-2.47- 1.20.1.jar
[14May2025 22:20:57.287] [main/DEBUG] [net.minecraftforge.fml.loading.moddiscovery.ModFileInfo/LOADING]: Found valid mod file L_Enders_Cataclysm-2.47- 1.20.1.jar with {cataclysm} mods - versions {2.47}
[14May2025 22:20:57.289] [main/DEBUG] [net.minecraftforge.fml.loading.moddiscovery.ModFileParser/LOADING]: Considering mod file candidate /workspaces/Sagon/servidor_minecraft/mods/legendarymonsters-1.9.3 MC 1.20.1.jar
[14May2025 22:20:57.290] [main/DEBUG] [net.minecraftforge.fml.loading.moddiscovery.ModFileInfo/LOADING]: Found valid mod file legendarymonsters-1.9.3 MC 1.20.1.jar with {legendary_monsters} mods - versions {1.20.1}
[14May2025 22:20:57.291] [main/DEBUG] [net.minecraftforge.fml.loading.moddiscovery.ModFileParser/LOADING]: Considering mod file candidate /workspaces/Sagon/servidor_minecraft/mods/lionfishapi-2.4-Fix.jar
[14May2025 22:20:57.291] [main/DEBUG] [net.minecraftforge.fml.loading.moddiscovery.ModFileInfo/LOADING]: Found valid mod file lionfishapi-2.4-Fix.jar with {lionfishapi} mods - versions {2.4-Fix}
[14May2025 22:20:57.292] [main/DEBUG] [net.minecraftforge.fml.loading.moddiscovery.ModFileParser/LOADING]: Considering mod file candidate /workspaces/Sagon/servidor_minecraft/mods/loadingbackgrounds-forge-1.20.X-1.5.0.jar
[14May2025 22:20:57.292] [main/DEBUG] [net.minecraftforge.fml.loading.moddiscovery.ModFileInfo/LOADING]: Found valid mod file loadingbackgrounds-forge-1.20.X-1.5.0.jar with {loadingbackgrounds} mods - versions {1.5.0}
[14May2025 22:20:57.293] [main/DEBUG] [net.minecraftforge.fml.loading.moddiscovery.ModFileParser/LOADING]: Considering mod file candidate /workspaces/Sagon/servidor_minecraft/mods/loadmyresources_forge_1.0.4_MC_1.19.3.jar
[14May2025 22:20:57.294] [main/DEBUG] [net.minecraftforge.fml.loading.moddiscovery.ModFileInfo/LOADING]: Found valid mod file loadmyresources_forge_1.0.4_MC_1.19.3.jar with {loadmyresources} mods - versions {1.0.4}
[14May2025 22:20:57.294] [main/DEBUG] [net.minecraftforge.fml.loading.moddiscovery.ModFileParser/LOADING]: Considering mod file candidate /workspaces/Sagon/servidor_minecraft/mods/melody_forge_1.0.3_MC_1.20.1-1.20.4.jar
[14May2025 22:20:57.295] [main/DEBUG] [net.minecraftforge.fml.loading.moddiscovery.ModFileInfo/LOADING]: Found valid mod file melody_forge_1.0.3_MC_1.20.1-1.20.4.jar with {melody} mods - versions {1.0.2}
[14May2025 22:20:57.296] [main/DEBUG] [net.minecraftforge.fml.loading.moddiscovery.ModFileParser/LOADING]: Considering mod file candidate /workspaces/Sagon/servidor_minecraft/mods/MOAdecor ELECTRONICS 1.20.1.A.jar
[14May2025 22:20:57.297] [main/DEBUG] [net.minecraftforge.fml.loading.moddiscovery.ModFileInfo/LOADING]: Found valid mod file MOAdecor ELECTRONICS 1.20.1.A.jar with {moa_decor_electronics} mods - versions {1.20.1.}
[14May2025 22:20:57.298] [main/DEBUG] [net.minecraftforge.fml.loading.moddiscovery.ModFileParser/LOADING]: Considering mod file candidate /workspaces/Sagon/servidor_minecraft/mods/modernfix-forge-5.20.2+mc1.20.1.jar
[14May2025 22:20:57.299] [main/DEBUG] [net.minecraftforge.fml.loading.moddiscovery.ModFileInfo/LOADING]: Found valid mod file modernfix-forge-5.20.2+mc1.20.1.jar with {modernfix} mods - versions {5.20.2+mc1.20.1}
[14May2025 22:20:57.299] [main/DEBUG] [net.minecraftforge.fml.loading.moddiscovery.ModFileParser/LOADING]: Considering mod file candidate /workspaces/Sagon/servidor_minecraft/mods/monolib-forge-1.20.1-2.0.0.jar
[14May2025 22:20:57.300] [main/DEBUG] [net.minecraftforge.fml.loading.moddiscovery.ModFileInfo/LOADING]: Found valid mod file monolib-forge-1.20.1-2.0.0.jar with {monolib} mods - versions {2.0.0}
[14May2025 22:20:57.301] [main/DEBUG] [net.minecraftforge.fml.loading.moddiscovery.ModFileParser/LOADING]: Considering mod file candidate /workspaces/Sagon/servidor_minecraft/mods/moonlight-1.20-2.13.79-forge.jar
[14May2025 22:20:57.301] [main/DEBUG] [net.minecraftforge.fml.loading.moddiscovery.ModFileInfo/LOADING]: Found valid mod file moonlight-1.20-2.13.79-forge.jar with {moonlight} mods - versions {1.20-2.13.79}
[14May2025 22:20:57.302] [main/DEBUG] [net.minecraftforge.fml.loading.moddiscovery.ModFileParser/LOADING]: Considering mod file candidate /workspaces/Sagon/servidor_minecraft/mods/morevillagers-forge-1.20.1-5.0.0.jar
[14May2025 22:20:57.302] [main/DEBUG] [net.minecraftforge.fml.loading.moddiscovery.ModFileInfo/LOADING]: Found valid mod file morevillagers-forge-1.20.1-5.0.0.jar with {morevillagers} mods - versions {5.0.0}
[14May2025 22:20:57.303] [main/DEBUG] [net.minecraftforge.fml.loading.moddiscovery.ModFileParser/LOADING]: Considering mod file candidate /workspaces/Sagon/servidor_minecraft/mods/MouseTweaks-forge-mc1.20.1-2.25.1.jar
[14May2025 22:20:57.303] [main/DEBUG] [net.minecraftforge.fml.loading.moddiscovery.ModFileInfo/LOADING]: Found valid mod file MouseTweaks-forge-mc1.20.1-2.25.1.jar with {mousetweaks} mods - versions {2.25.1}
[14May2025 22:20:57.305] [main/DEBUG] [net.minecraftforge.fml.loading.moddiscovery.ModFileParser/LOADING]: Considering mod file candidate /workspaces/Sagon/servidor_minecraft/mods/mowziesmobs-1.6.5.jar
[14May2025 22:20:57.305] [main/DEBUG] [net.minecraftforge.fml.loading.moddiscovery.ModFileInfo/LOADING]: Found valid mod file mowziesmobs-1.6.5.jar with {mowziesmobs} mods - versions {1.6.4}
[14May2025 22:20:57.309] [main/DEBUG] [net.minecraftforge.fml.loading.moddiscovery.ModFileParser/LOADING]: Considering mod file candidate /workspaces/Sagon/servidor_minecraft/mods/MutantMonsters-v8.0.7-1.20.1-Forge.jar
[14May2025 22:20:57.309] [main/DEBUG] [net.minecraftforge.fml.loading.moddiscovery.ModFileInfo/LOADING]: Found valid mod file MutantMonsters-v8.0.7-1.20.1-Forge.jar with {mutantmonsters} mods - versions {8.0.7}
[14May2025 22:20:57.310] [main/DEBUG] [net.minecraftforge.fml.loading.moddiscovery.ModFileParser/LOADING]: Considering mod file candidate /workspaces/Sagon/servidor_minecraft/mods/MyServerIsCompatible-1.20-1.0.jar
[14May2025 22:20:57.310] [main/DEBUG] [net.minecraftforge.fml.loading.moddiscovery.ModFileInfo/LOADING]: Found valid mod file MyServerIsCompatible-1.20-1.0.jar with {myserveriscompatible} mods - versions {1.0}
[14May2025 22:20:57.311] [main/DEBUG] [net.minecraftforge.fml.loading.moddiscovery.ModFileParser/LOADING]: Considering mod file candidate /workspaces/Sagon/servidor_minecraft/mods/Necronomicon-Forge-1.6.0+1.20.1.jar
[14May2025 22:20:57.311] [main/DEBUG] [net.minecraftforge.fml.loading.moddiscovery.ModFileInfo/LOADING]: Found valid mod file Necronomicon-Forge-1.6.0+1.20.1.jar with {necronomicon} mods - versions {1.6.0}
[14May2025 22:20:57.312] [main/DEBUG] [net.minecraftforge.fml.loading.moddiscovery.ModFileParser/LOADING]: Considering mod file candidate /workspaces/Sagon/servidor_minecraft/mods/Neruina-2.1.2-forge+1.20.1.jar
[14May2025 22:20:57.312] [main/DEBUG] [net.minecraftforge.fml.loading.moddiscovery.ModFileInfo/LOADING]: Found valid mod file Neruina-2.1.2-forge+1.20.1.jar with {neruina} mods - versions {2.1.2}
[14May2025 22:20:57.313] [main/DEBUG] [net.minecraftforge.fml.loading.moddiscovery.ModFileParser/LOADING]: Considering mod file candidate /workspaces/Sagon/servidor_minecraft/mods/netherportalfix-forge-1.20-13.0.1.jar
[14May2025 22:20:57.313] [main/DEBUG] [net.minecraftforge.fml.loading.moddiscovery.ModFileInfo/LOADING]: Found valid mod file netherportalfix-forge-1.20-13.0.1.jar with {netherportalfix} mods - versions {13.0.1}
[14May2025 22:20:57.314] [main/DEBUG] [net.minecraftforge.fml.loading.moddiscovery.ModFileParser/LOADING]: Considering mod file candidate /workspaces/Sagon/servidor_minecraft/mods/nethersdelight-1.20.1-4.0.jar
[14May2025 22:20:57.315] [main/DEBUG] [net.minecraftforge.fml.loading.moddiscovery.ModFileInfo/LOADING]: Found valid mod file nethersdelight-1.20.1-4.0.jar with {nethersdelight} mods - versions {1.20.1-4.0}
[14May2025 22:20:57.318] [main/DEBUG] [net.minecraftforge.fml.loading.moddiscovery.ModFileParser/LOADING]: Considering mod file candidate /workspaces/Sagon/servidor_minecraft/mods/nfm-2024.12.20-1.20.1.jar
[14May2025 22:20:57.318] [main/DEBUG] [net.minecraftforge.fml.loading.moddiscovery.ModFileInfo/LOADING]: Found valid mod file nfm-2024.12.20-1.20.1.jar with {nfm} mods - versions {2024.12.20}
[14May2025 22:20:57.319] [main/DEBUG] [net.minecraftforge.fml.loading.moddiscovery.ModFileParser/LOADING]: Considering mod file candidate /workspaces/Sagon/servidor_minecraft/mods/NoChatReports-FORGE-1.20.1-v2.2.2.jar
[14May2025 22:20:57.320] [main/DEBUG] [net.minecraftforge.fml.loading.moddiscovery.ModFileInfo/LOADING]: Found valid mod file NoChatReports-FORGE-1.20.1-v2.2.2.jar with {nochatreports} mods - versions {1.20.1-v2.2.2}
[14May2025 22:20:57.320] [main/DEBUG] [net.minecraftforge.fml.loading.moddiscovery.ModFileParser/LOADING]: Considering mod file candidate /workspaces/Sagon/servidor_minecraft/mods/noisium-forge-2.3.0+mc1.20-1.20.1.jar
[14May2025 22:20:57.321] [main/DEBUG] [net.minecraftforge.fml.loading.moddiscovery.ModFileInfo/LOADING]: Found valid mod file noisium-forge-2.3.0+mc1.20-1.20.1.jar with {noisium} mods - versions {2.3.0+mc1.20-1.20.1}
[14May2025 22:20:57.321] [main/DEBUG] [net.minecraftforge.fml.loading.moddiscovery.ModFileParser/LOADING]: Considering mod file candidate /workspaces/Sagon/servidor_minecraft/mods/obscure_api-15.jar
[14May2025 22:20:57.322] [main/DEBUG] [net.minecraftforge.fml.loading.moddiscovery.ModFileInfo/LOADING]: Found valid mod file obscure_api-15.jar with {obscure_api} mods - versions {15}
[14May2025 22:20:57.323] [main/DEBUG] [net.minecraftforge.fml.loading.moddiscovery.ModFileParser/LOADING]: Considering mod file candidate /workspaces/Sagon/servidor_minecraft/mods/Placebo-1.20.1-8.6.2.jar
[14May2025 22:20:57.323] [main/DEBUG] [net.minecraftforge.fml.loading.moddiscovery.ModFileInfo/LOADING]: Found valid mod file Placebo-1.20.1-8.6.2.jar with {placebo} mods - versions {8.6.2}
[14May2025 22:20:57.324] [main/DEBUG] [net.minecraftforge.fml.loading.moddiscovery.ModFileParser/LOADING]: Considering mod file candidate /workspaces/Sagon/servidor_minecraft/mods/player-animation-lib-forge-1.0.2-rc1+1.20.jar
[14May2025 22:20:57.324] [main/DEBUG] [net.minecraftforge.fml.loading.moddiscovery.ModFileInfo/LOADING]: Found valid mod file player-animation-lib-forge-1.0.2-rc1+1.20.jar with {playeranimator} mods - versions {1.0.2-rc1+1.20}
[14May2025 22:20:57.325] [main/DEBUG] [net.minecraftforge.fml.loading.moddiscovery.ModFileParser/LOADING]: Considering mod file candidate /workspaces/Sagon/servidor_minecraft/mods/PlayerRevive_FORGE_v2.0.31_mc1.20.1.jar
[14May2025 22:20:57.325] [main/DEBUG] [net.minecraftforge.fml.loading.moddiscovery.ModFileInfo/LOADING]: Found valid mod file PlayerRevive_FORGE_v2.0.31_mc1.20.1.jar with {playerrevive} mods - versions {2.0.31}
[14May2025 22:20:57.330] [main/DEBUG] [net.minecraftforge.fml.loading.moddiscovery.ModFileParser/LOADING]: Considering mod file candidate /workspaces/Sagon/servidor_minecraft/mods/PuzzlesLib-v8.1.25-1.20.1-Forge.jar
[14May2025 22:20:57.331] [main/DEBUG] [net.minecraftforge.fml.loading.moddiscovery.ModFileInfo/LOADING]: Found valid mod file PuzzlesLib-v8.1.25-1.20.1-Forge.jar with {puzzleslib} mods - versions {8.1.25}
[14May2025 22:20:57.344] [main/DEBUG] [net.minecraftforge.fml.loading.moddiscovery.ModFileParser/LOADING]: Considering mod file candidate /workspaces/Sagon/servidor_minecraft/mods/PuzzlesLib-v8.1.29-1.20.1-Forge.jar
[14May2025 22:20:57.345] [main/DEBUG] [net.minecraftforge.fml.loading.moddiscovery.ModFileInfo/LOADING]: Found valid mod file PuzzlesLib-v8.1.29-1.20.1-Forge.jar with {puzzleslib} mods - versions {8.1.29}
[14May2025 22:20:57.357] [main/DEBUG] [net.minecraftforge.fml.loading.moddiscovery.ModFileParser/LOADING]: Considering mod file candidate /workspaces/Sagon/servidor_minecraft/mods/PuzzlesLib-v8.1.32-1.20.1-Forge.jar
[14May2025 22:20:57.358] [main/DEBUG] [net.minecraftforge.fml.loading.moddiscovery.ModFileInfo/LOADING]: Found valid mod file PuzzlesLib-v8.1.32-1.20.1-Forge.jar with {puzzleslib} mods - versions {8.1.32}
[14May2025 22:20:57.359] [main/DEBUG] [net.minecraftforge.fml.loading.moddiscovery.ModFileParser/LOADING]: Considering mod file candidate /workspaces/Sagon/servidor_minecraft/mods/radium-mc1.20.1-0.12.4+git.26c9d8e.jar
[14May2025 22:20:57.359] [main/DEBUG] [net.minecraftforge.fml.loading.moddiscovery.ModFileInfo/LOADING]: Found valid mod file radium-mc1.20.1-0.12.4+git.26c9d8e.jar with {radium} mods - versions {0.12.4+git.26c9d8e}
[14May2025 22:20:57.363] [main/DEBUG] [net.minecraftforge.fml.loading.moddiscovery.ModFileParser/LOADING]: Considering mod file candidate /workspaces/Sagon/servidor_minecraft/mods/redeco-1.14.1-forge-1.20.1.jar
[14May2025 22:20:57.363] [main/DEBUG] [net.minecraftforge.fml.loading.moddiscovery.ModFileInfo/LOADING]: Found valid mod file redeco-1.14.1-forge-1.20.1.jar with {redeco} mods - versions {1.14.1}
[14May2025 22:20:57.399] [main/DEBUG] [net.minecraftforge.fml.loading.moddiscovery.ModFileParser/LOADING]: Considering mod file candidate /workspaces/Sagon/servidor_minecraft/mods/refurbished_furniture-forge-1.20.1-1.0.12.jar
[14May2025 22:20:57.400] [main/DEBUG] [net.minecraftforge.fml.loading.moddiscovery.ModFileInfo/LOADING]: Found valid mod file refurbished_furniture-forge-1.20.1-1.0.12.jar with {refurbished_furniture} mods - versions {1.0.12}
[14May2025 22:20:57.401] [main/DEBUG] [net.minecraftforge.fml.loading.moddiscovery.ModFileParser/LOADING]: Considering mod file candidate /workspaces/Sagon/servidor_minecraft/mods/resourcefulconfig-forge-1.20.1-2.1.2.jar
[14May2025 22:20:57.401] [main/DEBUG] [net.minecraftforge.fml.loading.moddiscovery.ModFileInfo/LOADING]: Found valid mod file resourcefulconfig-forge-1.20.1-2.1.2.jar with {resourcefulconfig} mods - versions {2.1.2}
[14May2025 22:20:57.402] [main/DEBUG] [net.minecraftforge.fml.loading.moddiscovery.ModFileParser/LOADING]: Considering mod file candidate /workspaces/Sagon/servidor_minecraft/mods/Ribbits-1.20.1-Forge-3.0.4.jar
[14May2025 22:20:57.403] [main/DEBUG] [net.minecraftforge.fml.loading.moddiscovery.ModFileInfo/LOADING]: Found valid mod file Ribbits-1.20.1-Forge-3.0.4.jar with {ribbits} mods - versions {1.20.1-Forge-3.0.4}
[14May2025 22:20:57.403] [main/DEBUG] [net.minecraftforge.fml.loading.moddiscovery.ModFileParser/LOADING]: Considering mod file candidate /workspaces/Sagon/servidor_minecraft/mods/sawmill-1.20-1.4.6.jar
[14May2025 22:20:57.403] [main/DEBUG] [net.minecraftforge.fml.loading.moddiscovery.ModFileInfo/LOADING]: Found valid mod file sawmill-1.20-1.4.6.jar with {sawmill} mods - versions {1.20-1.4.6}
[14May2025 22:20:57.404] [main/DEBUG] [net.minecraftforge.fml.loading.moddiscovery.ModFileParser/LOADING]: Considering mod file candidate /workspaces/Sagon/servidor_minecraft/mods/Searchables-forge-1.20.1-1.0.3.jar
[14May2025 22:20:57.404] [main/DEBUG] [net.minecraftforge.fml.loading.moddiscovery.ModFileInfo/LOADING]: Found valid mod file Searchables-forge-1.20.1-1.0.3.jar with {searchables} mods - versions {1.0.3}
[14May2025 22:20:57.405] [main/DEBUG] [net.minecraftforge.fml.loading.moddiscovery.ModFileParser/LOADING]: Considering mod file candidate /workspaces/Sagon/servidor_minecraft/mods/smoothchunk-1.20.1-4.0.jar
[14May2025 22:20:57.405] [main/DEBUG] [net.minecraftforge.fml.loading.moddiscovery.ModFileInfo/LOADING]: Found valid mod file smoothchunk-1.20.1-4.0.jar with {smoothchunk} mods - versions {1.20.1-4.0}
[14May2025 22:20:57.406] [main/DEBUG] [net.minecraftforge.fml.loading.moddiscovery.ModFileParser/LOADING]: Considering mod file candidate /workspaces/Sagon/servidor_minecraft/mods/SnowRealMagic-1.20.1-Forge-10.6.1.jar
[14May2025 22:20:57.406] [main/DEBUG] [net.minecraftforge.fml.loading.moddiscovery.ModFileInfo/LOADING]: Found valid mod file SnowRealMagic-1.20.1-Forge-10.6.1.jar with {snowrealmagic} mods - versions {10.6.1}
[14May2025 22:20:57.407] [main/DEBUG] [net.minecraftforge.fml.loading.moddiscovery.ModFileParser/LOADING]: Considering mod file candidate /workspaces/Sagon/servidor_minecraft/mods/spark-1.10.53-forge.jar
[14May2025 22:20:57.408] [main/DEBUG] [net.minecraftforge.fml.loading.moddiscovery.ModFileInfo/LOADING]: Found valid mod file spark-1.10.53-forge.jar with {spark} mods - versions {1.10.53}
[14May2025 22:20:57.408] [main/DEBUG] [net.minecraftforge.fml.loading.moddiscovery.ModFileParser/LOADING]: Considering mod file candidate /workspaces/Sagon/servidor_minecraft/mods/stackable_stew_and_soup-merged-1.20.1-2.0.1.jar
[14May2025 22:20:57.409] [main/DEBUG] [net.minecraftforge.fml.loading.moddiscovery.ModFileInfo/LOADING]: Found valid mod file stackable_stew_and_soup-merged-1.20.1-2.0.1.jar with {stackable_stew_and_soup} mods - versions {2.0.1}
[14May2025 22:20:57.409] [main/DEBUG] [net.minecraftforge.fml.loading.moddiscovery.ModFileParser/LOADING]: Considering mod file candidate /workspaces/Sagon/servidor_minecraft/mods/structureessentials-1.20.1-4.2.jar
[14May2025 22:20:57.410] [main/DEBUG] [net.minecraftforge.fml.loading.moddiscovery.ModFileInfo/LOADING]: Found valid mod file structureessentials-1.20.1-4.2.jar with {structureessentials} mods - versions {1.20.1-4.2}
[14May2025 22:20:57.413] [main/DEBUG] [net.minecraftforge.fml.loading.moddiscovery.ModFileParser/LOADING]: Considering mod file candidate /workspaces/Sagon/servidor_minecraft/mods/supplementaries-1.20-3.1.24.jar
[14May2025 22:20:57.414] [main/DEBUG] [net.minecraftforge.fml.loading.moddiscovery.ModFileInfo/LOADING]: Found valid mod file supplementaries-1.20-3.1.24.jar with {supplementaries} mods - versions {1.20-3.1.24}
[14May2025 22:20:57.415] [main/DEBUG] [net.minecraftforge.fml.loading.moddiscovery.ModFileParser/LOADING]: Considering mod file candidate /workspaces/Sagon/servidor_minecraft/mods/The_Graveyard_3.1_(FORGE)_for_1.20.1.jar
[14May2025 22:20:57.415] [main/DEBUG] [net.minecraftforge.fml.loading.moddiscovery.ModFileInfo/LOADING]: Found valid mod file The_Graveyard_3.1_(FORGE)_for_1.20.1.jar with {graveyard} mods - versions {3.1}
[14May2025 22:20:57.416] [main/DEBUG] [net.minecraftforge.fml.loading.moddiscovery.ModFileParser/LOADING]: Considering mod file candidate /workspaces/Sagon/servidor_minecraft/mods/timeondisplay-merged-1.20.1-2.0.0.jar
[14May2025 22:20:57.416] [main/DEBUG] [net.minecraftforge.fml.loading.moddiscovery.ModFileInfo/LOADING]: Found valid mod file timeondisplay-merged-1.20.1-2.0.0.jar with {timeondisplay} mods - versions {2.0.0}
[14May2025 22:20:57.418] [main/DEBUG] [net.minecraftforge.fml.loading.moddiscovery.ModFileParser/LOADING]: Considering mod file candidate /workspaces/Sagon/servidor_minecraft/mods/UniversalBoneMeal-v8.0.1-1.20.1-Forge.jar
[14May2025 22:20:57.418] [main/DEBUG] [net.minecraftforge.fml.loading.moddiscovery.ModFileInfo/LOADING]: Found valid mod file UniversalBoneMeal-v8.0.1-1.20.1-Forge.jar with {universalbonemeal} mods - versions {8.0.1}
[14May2025 22:20:57.419] [main/DEBUG] [net.minecraftforge.fml.loading.moddiscovery.ModFileParser/LOADING]: Considering mod file candidate /workspaces/Sagon/servidor_minecraft/mods/visuality-forge-2.0.2.jar
[14May2025 22:20:57.419] [main/DEBUG] [net.minecraftforge.fml.loading.moddiscovery.ModFileInfo/LOADING]: Found valid mod file visuality-forge-2.0.2.jar with {visuality} mods - versions {2.0.2}
[14May2025 22:20:57.420] [main/DEBUG] [net.minecraftforge.fml.loading.moddiscovery.ModFileParser/LOADING]: Considering mod file candidate /workspaces/Sagon/servidor_minecraft/mods/voicechat-forge-1.20.1-2.5.26.jar
[14May2025 22:20:57.421] [main/DEBUG] [net.minecraftforge.fml.loading.moddiscovery.ModFileInfo/LOADING]: Found valid mod file voicechat-forge-1.20.1-2.5.26.jar with {voicechat} mods - versions {1.20.1-2.5.26}
[14May2025 22:20:57.421] [main/DEBUG] [net.minecraftforge.fml.loading.moddiscovery.ModFileParser/LOADING]: Considering mod file candidate /workspaces/Sagon/servidor_minecraft/mods/waystones-forge-1.20-14.1.8.jar
[14May2025 22:20:57.422] [main/DEBUG] [net.minecraftforge.fml.loading.moddiscovery.ModFileInfo/LOADING]: Found valid mod file waystones-forge-1.20-14.1.8.jar with {waystones} mods - versions {14.1.8}
[14May2025 22:20:57.423] [main/DEBUG] [net.minecraftforge.fml.loading.moddiscovery.ModFileParser/LOADING]: Considering mod file candidate /workspaces/Sagon/servidor_minecraft/mods/Xaeros_Minimap_25.0.0_Forge_1.20.jar
[14May2025 22:20:57.423] [main/DEBUG] [net.minecraftforge.fml.loading.moddiscovery.ModFileInfo/LOADING]: Found valid mod file Xaeros_Minimap_25.0.0_Forge_1.20.jar with {xaerominimap} mods - versions {25.0.0}
[14May2025 22:20:57.424] [main/DEBUG] [net.minecraftforge.fml.loading.moddiscovery.ModFileParser/LOADING]: Considering mod file candidate /workspaces/Sagon/servidor_minecraft/mods/YungsApi-1.20-Forge-4.0.6.jar
[14May2025 22:20:57.424] [main/DEBUG] [net.minecraftforge.fml.loading.moddiscovery.ModFileInfo/LOADING]: Found valid mod file YungsApi-1.20-Forge-4.0.6.jar with {yungsapi} mods - versions {1.20-Forge-4.0.6}
[14May2025 22:20:57.506] [main/DEBUG] [net.minecraftforge.fml.loading.moddiscovery.ModFileInfo/LOADING]: Found valid mod file server-1.20.1-20230612.114412-srg.jar with {minecraft} mods - versions {1.20.1}
[14May2025 22:20:57.507] [main/DEBUG] [net.minecraftforge.fml.loading.moddiscovery.ModFileParser/LOADING]: Considering mod file candidate /workspaces/Sagon/servidor_minecraft/libraries/net/minecraftforge/fmlcore/1.20.1-47.3.7/fmlcore-1.20.1-47.3.7.jar
[14May2025 22:20:57.508] [main/WARN] [net.minecraftforge.fml.loading.moddiscovery.ModFileParser/LOADING]: Mod file /workspaces/Sagon/servidor_minecraft/libraries/net/minecraftforge/fmlcore/1.20.1-47.3.7/fmlcore-1.20.1-47.3.7.jar is missing mods.toml file
[14May2025 22:20:57.509] [main/DEBUG] [net.minecraftforge.fml.loading.moddiscovery.ModFileParser/LOADING]: Considering mod file candidate /workspaces/Sagon/servidor_minecraft/libraries/net/minecraftforge/javafmllanguage/1.20.1-47.3.7/javafmllanguage-1.20.1-47.3.7.jar
[14May2025 22:20:57.509] [main/WARN] [net.minecraftforge.fml.loading.moddiscovery.ModFileParser/LOADING]: Mod file /workspaces/Sagon/servidor_minecraft/libraries/net/minecraftforge/javafmllanguage/1.20.1-47.3.7/javafmllanguage-1.20.1-47.3.7.jar is missing mods.toml file
[14May2025 22:20:57.509] [main/DEBUG] [net.minecraftforge.fml.loading.moddiscovery.ModFileParser/LOADING]: Considering mod file candidate /workspaces/Sagon/servidor_minecraft/libraries/net/minecraftforge/lowcodelanguage/1.20.1-47.3.7/lowcodelanguage-1.20.1-47.3.7.jar
[14May2025 22:20:57.510] [main/WARN] [net.minecraftforge.fml.loading.moddiscovery.ModFileParser/LOADING]: Mod file /workspaces/Sagon/servidor_minecraft/libraries/net/minecraftforge/lowcodelanguage/1.20.1-47.3.7/lowcodelanguage-1.20.1-47.3.7.jar is missing mods.toml file
[14May2025 22:20:57.510] [main/DEBUG] [net.minecraftforge.fml.loading.moddiscovery.ModFileParser/LOADING]: Considering mod file candidate /workspaces/Sagon/servidor_minecraft/libraries/net/minecraftforge/mclanguage/1.20.1-47.3.7/mclanguage-1.20.1-47.3.7.jar
[14May2025 22:20:57.510] [main/WARN] [net.minecraftforge.fml.loading.moddiscovery.ModFileParser/LOADING]: Mod file /workspaces/Sagon/servidor_minecraft/libraries/net/minecraftforge/mclanguage/1.20.1-47.3.7/mclanguage-1.20.1-47.3.7.jar is missing mods.toml file
[14May2025 22:20:57.542] [main/DEBUG] [net.minecraftforge.fml.loading.moddiscovery.ModFileParser/LOADING]: Considering mod file candidate /workspaces/Sagon/servidor_minecraft/libraries/net/minecraftforge/forge/1.20.1-47.3.7/forge-1.20.1-47.3.7-universal.jar
[14May2025 22:20:57.543] [main/DEBUG] [net.minecraftforge.fml.loading.moddiscovery.ModFileInfo/LOADING]: Found valid mod file forge-1.20.1-47.3.7-universal.jar with {forge} mods - versions {47.3.7}
[14May2025 22:20:57.548] [main/DEBUG] [net.minecraftforge.fml.loading.UniqueModListBuilder/]: Found 3 mods for first modid puzzleslib, selecting most recent based on version data
[14May2025 22:20:57.549] [main/DEBUG] [net.minecraftforge.fml.loading.UniqueModListBuilder/]: Selected file PuzzlesLib-v8.1.32-1.20.1-Forge.jar for modid puzzleslib with version 8.1.32
[14May2025 22:20:57.556] [main/DEBUG] [net.minecraftforge.fml.loading.moddiscovery.AbstractJarFileDependencyLocator/]: Failed to load resource META-INF/jarjar/metadata.json from embeddiumplus-1.20.1-v1.2.13.jar, it does not contain dependency information.
[14May2025 22:20:57.556] [main/DEBUG] [net.minecraftforge.fml.loading.moddiscovery.AbstractJarFileDependencyLocator/]: Failed to load resource META-INF/jarjar/metadata.json from netherportalfix-forge-1.20-13.0.1.jar, it does not contain dependency information.
[14May2025 22:20:57.556] [main/DEBUG] [net.minecraftforge.fml.loading.moddiscovery.AbstractJarFileDependencyLocator/]: Failed to load resource META-INF/jarjar/metadata.json from alexsmobs-1.22.9.jar, it does not contain dependency information.
[14May2025 22:20:57.556] [main/DEBUG] [net.minecraftforge.fml.loading.moddiscovery.AbstractJarFileDependencyLocator/]: Failed to load resource META-INF/jarjar/metadata.json from player-animation-lib-forge-1.0.2-rc1+1.20.jar, it does not contain dependency information.
[14May2025 22:20:57.556] [main/DEBUG] [net.minecraftforge.fml.loading.moddiscovery.AbstractJarFileDependencyLocator/]: Failed to load resource META-INF/jarjar/metadata.json from loadingbackgrounds-forge-1.20.X-1.5.0.jar, it does not contain dependency information.
[14May2025 22:20:57.556] [main/DEBUG] [net.minecraftforge.fml.loading.moddiscovery.AbstractJarFileDependencyLocator/]: Failed to load resource META-INF/jarjar/metadata.json from connectivity-1.20.1-6.5.jar, it does not contain dependency information.
[14May2025 22:20:57.556] [main/DEBUG] [net.minecraftforge.fml.loading.moddiscovery.AbstractJarFileDependencyLocator/]: Failed to load resource META-INF/jarjar/metadata.json from gpumemleakfix-1.20.1-1.8.jar, it does not contain dependency information.
[14May2025 22:20:57.557] [main/DEBUG] [net.minecraftforge.fml.loading.moddiscovery.AbstractJarFileDependencyLocator/]: Failed to load resource META-INF/jarjar/metadata.json from structureessentials-1.20.1-4.2.jar, it does not contain dependency information.
[14May2025 22:20:57.557] [main/DEBUG] [net.minecraftforge.fml.loading.moddiscovery.AbstractJarFileDependencyLocator/]: Failed to load resource META-INF/jarjar/metadata.json from Controlling-forge-1.20.1-12.0.2.jar, it does not contain dependency information.
[14May2025 22:20:57.557] [main/DEBUG] [net.minecraftforge.fml.loading.moddiscovery.AbstractJarFileDependencyLocator/]: Failed to load resource META-INF/jarjar/metadata.json from Placebo-1.20.1-8.6.2.jar, it does not contain dependency information.
[14May2025 22:20:57.557] [main/DEBUG] [net.minecraftforge.fml.loading.moddiscovery.AbstractJarFileDependencyLocator/]: Failed to load resource META-INF/jarjar/metadata.json from citadel-2.6.1-1.20.1.jar, it does not contain dependency information.
[14May2025 22:20:57.557] [main/DEBUG] [net.minecraftforge.fml.loading.moddiscovery.AbstractJarFileDependencyLocator/]: Failed to load resource META-INF/jarjar/metadata.json from YungsApi-1.20-Forge-4.0.6.jar, it does not contain dependency information.
[14May2025 22:20:57.557] [main/DEBUG] [net.minecraftforge.fml.loading.moddiscovery.AbstractJarFileDependencyLocator/]: Failed to load resource META-INF/jarjar/metadata.json from redeco-1.14.1-forge-1.20.1.jar, it does not contain dependency information.
[14May2025 22:20:57.557] [main/DEBUG] [net.minecraftforge.fml.loading.moddiscovery.AbstractJarFileDependencyLocator/]: Failed to load resource META-INF/jarjar/metadata.json from forge-startinv-1.0.0-1.20.1.jar, it does not contain dependency information.
[14May2025 22:20:57.558] [main/DEBUG] [net.minecraftforge.fml.loading.moddiscovery.AbstractJarFileDependencyLocator/]: Failed to load resource META-INF/jarjar/metadata.json from cloth-config-11.1.136-forge.jar, it does not contain dependency information.
[14May2025 22:20:57.558] [main/DEBUG] [net.minecraftforge.fml.loading.moddiscovery.AbstractJarFileDependencyLocator/]: Failed to load resource META-INF/jarjar/metadata.json from konkrete_forge_1.8.0_MC_1.20-1.20.1.jar, it does not contain dependency information.
[14May2025 22:20:57.558] [main/DEBUG] [net.minecraftforge.fml.loading.moddiscovery.AbstractJarFileDependencyLocator/]: Failed to load resource META-INF/jarjar/metadata.json from enemyexpansion-2.3.1-forge-1.20.1.jar, it does not contain dependency information.
[14May2025 22:20:57.558] [main/DEBUG] [net.minecraftforge.fml.loading.moddiscovery.AbstractJarFileDependencyLocator/]: Failed to load resource META-INF/jarjar/metadata.json from FarmersDelight-1.20.1-1.2.7.jar, it does not contain dependency information.
[14May2025 22:20:57.558] [main/DEBUG] [net.minecraftforge.fml.loading.moddiscovery.AbstractJarFileDependencyLocator/]: Failed to load resource META-INF/jarjar/metadata.json from entity_model_features_forge_1.20.1-2.4.1.jar, it does not contain dependency information.
[14May2025 22:20:57.558] [main/DEBUG] [net.minecraftforge.fml.loading.moddiscovery.AbstractJarFileDependencyLocator/]: Failed to load resource META-INF/jarjar/metadata.json from morevillagers-forge-1.20.1-5.0.0.jar, it does not contain dependency information.
[14May2025 22:20:57.558] [main/DEBUG] [net.minecraftforge.fml.loading.moddiscovery.AbstractJarFileDependencyLocator/]: Failed to load resource META-INF/jarjar/metadata.json from cataclysmiccombat-1.4.jar, it does not contain dependency information.
[14May2025 22:20:57.558] [main/DEBUG] [net.minecraftforge.fml.loading.moddiscovery.AbstractJarFileDependencyLocator/]: Failed to load resource META-INF/jarjar/metadata.json from enderitemod-1.5.1-1.20.1-forge.jar, it does not contain dependency information.
[14May2025 22:20:57.559] [main/DEBUG] [net.minecraftforge.fml.loading.moddiscovery.AbstractJarFileDependencyLocator/]: Failed to load resource META-INF/jarjar/metadata.json from resourcefulconfig-forge-1.20.1-2.1.2.jar, it does not contain dependency information.
[14May2025 22:20:57.559] [main/DEBUG] [net.minecraftforge.fml.loading.moddiscovery.AbstractJarFileDependencyLocator/]: Failed to load resource META-INF/jarjar/metadata.json from born_in_chaos_[Forge]1.20.1_1.6.3.jar, it does not contain dependency information.
[14May2025 22:20:57.559] [main/DEBUG] [net.minecraftforge.fml.loading.moddiscovery.AbstractJarFileDependencyLocator/]: Failed to load resource META-INF/jarjar/metadata.json from lionfishapi-2.4-Fix.jar, it does not contain dependency information.
[14May2025 22:20:57.559] [main/DEBUG] [net.minecraftforge.fml.loading.moddiscovery.AbstractJarFileDependencyLocator/]: Failed to load resource META-INF/jarjar/metadata.json from spark-1.10.53-forge.jar, it does not contain dependency information.
[14May2025 22:20:57.559] [main/DEBUG] [net.minecraftforge.fml.loading.moddiscovery.AbstractJarFileDependencyLocator/]: Failed to load resource META-INF/jarjar/metadata.json from L_Enders_Cataclysm-2.47- 1.20.1.jar, it does not contain dependency information.
[14May2025 22:20:57.559] [main/DEBUG] [net.minecraftforge.fml.loading.moddiscovery.AbstractJarFileDependencyLocator/]: Failed to load resource META-INF/jarjar/metadata.json from curios-forge-5.11.1+1.20.1.jar, it does not contain dependency information.
[14May2025 22:20:57.559] [main/DEBUG] [net.minecraftforge.fml.loading.moddiscovery.AbstractJarFileDependencyLocator/]: Failed to load resource META-INF/jarjar/metadata.json from despawn_tweaker-1.20.1-1.0.0.jar, it does not contain dependency information.
[14May2025 22:20:57.559] [main/DEBUG] [net.minecraftforge.fml.loading.moddiscovery.AbstractJarFileDependencyLocator/]: Failed to load resource META-INF/jarjar/metadata.json from CerbonsApi-Forge-1.20.1-1.0.0.jar, it does not contain dependency information.
[14May2025 22:20:57.560] [main/DEBUG] [net.minecraftforge.fml.loading.moddiscovery.AbstractJarFileDependencyLocator/]: Failed to load resource META-INF/jarjar/metadata.json from Searchables-forge-1.20.1-1.0.3.jar, it does not contain dependency information.
[14May2025 22:20:57.560] [main/DEBUG] [net.minecraftforge.fml.loading.moddiscovery.AbstractJarFileDependencyLocator/]: Failed to load resource META-INF/jarjar/metadata.json from stackable_stew_and_soup-merged-1.20.1-2.0.1.jar, it does not contain dependency information.
[14May2025 22:20:57.560] [main/DEBUG] [net.minecraftforge.fml.loading.moddiscovery.AbstractJarFileDependencyLocator/]: Failed to load resource META-INF/jarjar/metadata.json from cfm-forge-1.20.1-7.0.0-pre36.jar, it does not contain dependency information.
[14May2025 22:20:57.560] [main/DEBUG] [net.minecraftforge.fml.loading.moddiscovery.AbstractJarFileDependencyLocator/]: Failed to load resource META-INF/jarjar/metadata.json from BoatBreakFix-Universal-1.0.2.jar, it does not contain dependency information.
[14May2025 22:20:57.560] [main/DEBUG] [net.minecraftforge.fml.loading.moddiscovery.AbstractJarFileDependencyLocator/]: Failed to load resource META-INF/jarjar/metadata.json from architectury-9.2.14-forge.jar, it does not contain dependency information.
[14May2025 22:20:57.560] [main/DEBUG] [net.minecraftforge.fml.loading.moddiscovery.AbstractJarFileDependencyLocator/]: Failed to load resource META-INF/jarjar/metadata.json from AI-Improvements-1.20-0.5.2.jar, it does not contain dependency information.
[14May2025 22:20:57.560] [main/DEBUG] [net.minecraftforge.fml.loading.moddiscovery.AbstractJarFileDependencyLocator/]: Failed to load resource META-INF/jarjar/metadata.json from cupboard-1.20.1-2.7.jar, it does not contain dependency information.
[14May2025 22:20:57.561] [main/DEBUG] [net.minecraftforge.fml.loading.moddiscovery.AbstractJarFileDependencyLocator/]: Failed to load resource META-INF/jarjar/metadata.json from refurbished_furniture-forge-1.20.1-1.0.12.jar, it does not contain dependency information.
[14May2025 22:20:57.561] [main/DEBUG] [net.minecraftforge.fml.loading.moddiscovery.AbstractJarFileDependencyLocator/]: Failed to load resource META-INF/jarjar/metadata.json from monolib-forge-1.20.1-2.0.0.jar, it does not contain dependency information.
[14May2025 22:20:57.561] [main/DEBUG] [net.minecraftforge.fml.loading.moddiscovery.AbstractJarFileDependencyLocator/]: Failed to load resource META-INF/jarjar/metadata.json from framework-forge-1.20.1-0.7.12.jar, it does not contain dependency information.
[14May2025 22:20:57.561] [main/DEBUG] [net.minecraftforge.fml.loading.moddiscovery.AbstractJarFileDependencyLocator/]: Failed to load resource META-INF/jarjar/metadata.json from KryptonReforged-0.2.3.jar, it does not contain dependency information.
[14May2025 22:20:57.561] [main/DEBUG] [net.minecraftforge.fml.loading.moddiscovery.AbstractJarFileDependencyLocator/]: Failed to load resource META-INF/jarjar/metadata.json from illageandspillagerespillaged-1.2.8.jar, it does not contain dependency information.
[14May2025 22:20:57.562] [main/DEBUG] [net.minecraftforge.fml.loading.moddiscovery.AbstractJarFileDependencyLocator/]: Failed to load resource META-INF/jarjar/metadata.json from FastLeafDecay-32.jar, it does not contain dependency information.
[14May2025 22:20:57.562] [main/DEBUG] [net.minecraftforge.fml.loading.moddiscovery.AbstractJarFileDependencyLocator/]: Failed to load resource META-INF/jarjar/metadata.json from gamemenumodoption-mc1.20.1-2.2.1.jar, it does not contain dependency information.
[14May2025 22:20:57.562] [main/DEBUG] [net.minecraftforge.fml.loading.moddiscovery.AbstractJarFileDependencyLocator/]: Failed to load resource META-INF/jarjar/metadata.json from PlayerRevive_FORGE_v2.0.31_mc1.20.1.jar, it does not contain dependency information.
[14May2025 22:20:57.563] [main/DEBUG] [net.minecraftforge.fml.loading.moddiscovery.AbstractJarFileDependencyLocator/]: Failed to load resource META-INF/jarjar/metadata.json from timeondisplay-merged-1.20.1-2.0.0.jar, it does not contain dependency information.
[14May2025 22:20:57.563] [main/DEBUG] [net.minecraftforge.fml.loading.moddiscovery.AbstractJarFileDependencyLocator/]: Failed to load resource META-INF/jarjar/metadata.json from BHMenu-Forge-1.20.1-2.4.2.jar, it does not contain dependency information.
[14May2025 22:20:57.563] [main/DEBUG] [net.minecraftforge.fml.loading.moddiscovery.AbstractJarFileDependencyLocator/]: Failed to load resource META-INF/jarjar/metadata.json from mowziesmobs-1.6.5.jar, it does not contain dependency information.
[14May2025 22:20:57.564] [main/DEBUG] [net.minecraftforge.fml.loading.moddiscovery.AbstractJarFileDependencyLocator/]: Failed to load resource META-INF/jarjar/metadata.json from DarkestSouls-Forge1.20.1-1.2.2.5.jar, it does not contain dependency information.
[14May2025 22:20:57.564] [main/DEBUG] [net.minecraftforge.fml.loading.moddiscovery.AbstractJarFileDependencyLocator/]: Failed to load resource META-INF/jarjar/metadata.json from ElysiumAPI-1.20.1-1.0.2.jar, it does not contain dependency information.
[14May2025 22:20:57.564] [main/DEBUG] [net.minecraftforge.fml.loading.moddiscovery.AbstractJarFileDependencyLocator/]: Failed to load resource META-INF/jarjar/metadata.json from jei-1.20.1-forge-15.12.2.51.jar, it does not contain dependency information.
[14May2025 22:20:57.564] [main/DEBUG] [net.minecraftforge.fml.loading.moddiscovery.AbstractJarFileDependencyLocator/]: Failed to load resource META-INF/jarjar/metadata.json from The_Graveyard_3.1_(FORGE)_for_1.20.1.jar, it does not contain dependency information.
[14May2025 22:20:57.565] [main/DEBUG] [net.minecraftforge.fml.loading.moddiscovery.AbstractJarFileDependencyLocator/]: Failed to load resource META-INF/jarjar/metadata.json from AttributeFix-Forge-1.20.1-21.0.4.jar, it does not contain dependency information.
[14May2025 22:20:57.565] [main/DEBUG] [net.minecraftforge.fml.loading.moddiscovery.AbstractJarFileDependencyLocator/]: Failed to load resource META-INF/jarjar/metadata.json from caelus-forge-3.2.0+1.20.1.jar, it does not contain dependency information.
[14May2025 22:20:57.565] [main/DEBUG] [net.minecraftforge.fml.loading.moddiscovery.AbstractJarFileDependencyLocator/]: Failed to load resource META-INF/jarjar/metadata.json from obscure_api-15.jar, it does not contain dependency information.
[14May2025 22:20:57.566] [main/DEBUG] [net.minecraftforge.fml.loading.moddiscovery.AbstractJarFileDependencyLocator/]: Failed to load resource META-INF/jarjar/metadata.json from waystones-forge-1.20-14.1.8.jar, it does not contain dependency information.
[14May2025 22:20:57.566] [main/DEBUG] [net.minecraftforge.fml.loading.moddiscovery.AbstractJarFileDependencyLocator/]: Failed to load resource META-INF/jarjar/metadata.json from Clumps-forge-1.20.1-12.0.0.4.jar, it does not contain dependency information.
[14May2025 22:20:57.566] [main/DEBUG] [net.minecraftforge.fml.loading.moddiscovery.AbstractJarFileDependencyLocator/]: Failed to load resource META-INF/jarjar/metadata.json from fastasyncworldsave-1.20.1-2.3.jar, it does not contain dependency information.
[14May2025 22:20:57.566] [main/DEBUG] [net.minecraftforge.fml.loading.moddiscovery.AbstractJarFileDependencyLocator/]: Failed to load resource META-INF/jarjar/metadata.json from alternate_current-mc1.20-1.7.0.jar, it does not contain dependency information.
[14May2025 22:20:57.567] [main/DEBUG] [net.minecraftforge.fml.loading.moddiscovery.AbstractJarFileDependencyLocator/]: Failed to load resource META-INF/jarjar/metadata.json from MyServerIsCompatible-1.20-1.0.jar, it does not contain dependency information.
[14May2025 22:20:57.567] [main/DEBUG] [net.minecraftforge.fml.loading.moddiscovery.AbstractJarFileDependencyLocator/]: Failed to load resource META-INF/jarjar/metadata.json from catalogue-forge-1.20.1-1.8.0.jar, it does not contain dependency information.
[14May2025 22:20:57.567] [main/DEBUG] [net.minecraftforge.fml.loading.moddiscovery.AbstractJarFileDependencyLocator/]: Failed to load resource META-INF/jarjar/metadata.json from BOMD-Forge-1.20.1-1.1.1.jar, it does not contain dependency information.
[14May2025 22:20:57.567] [main/DEBUG] [net.minecraftforge.fml.loading.moddiscovery.AbstractJarFileDependencyLocator/]: Failed to load resource META-INF/jarjar/metadata.json from automessage-merged-1.20.1-2.2.0.jar, it does not contain dependency information.
[14May2025 22:20:57.568] [main/DEBUG] [net.minecraftforge.fml.loading.moddiscovery.AbstractJarFileDependencyLocator/]: Failed to load resource META-INF/jarjar/metadata.json from nfm-2024.12.20-1.20.1.jar, it does not contain dependency information.
[14May2025 22:20:57.568] [main/DEBUG] [net.minecraftforge.fml.loading.moddiscovery.AbstractJarFileDependencyLocator/]: Failed to load resource META-INF/jarjar/metadata.json from forge-1.20.1-47.3.7-universal.jar, it does not contain dependency information.
[14May2025 22:20:57.568] [main/DEBUG] [net.minecraftforge.fml.loading.moddiscovery.AbstractJarFileDependencyLocator/]: Failed to load resource META-INF/jarjar/metadata.json from DungeonsArise-1.20.x-2.1.58-release.jar, it does not contain dependency information.
[14May2025 22:20:57.569] [main/DEBUG] [net.minecraftforge.fml.loading.moddiscovery.AbstractJarFileDependencyLocator/]: Failed to load resource META-INF/jarjar/metadata.json from craftingtweaks-forge-1.20.1-18.2.5.jar, it does not contain dependency information.
[14May2025 22:20:57.569] [main/DEBUG] [net.minecraftforge.fml.loading.moddiscovery.AbstractJarFileDependencyLocator/]: Failed to load resource META-INF/jarjar/metadata.json from server-1.20.1-20230612.114412-srg.jar, it does not contain dependency information.
[14May2025 22:20:57.569] [main/DEBUG] [net.minecraftforge.fml.loading.moddiscovery.AbstractJarFileDependencyLocator/]: Failed to load resource META-INF/jarjar/metadata.json from smoothchunk-1.20.1-4.0.jar, it does not contain dependency information.
[14May2025 22:20:57.569] [main/DEBUG] [net.minecraftforge.fml.loading.moddiscovery.AbstractJarFileDependencyLocator/]: Failed to load resource META-INF/jarjar/metadata.json from alexscaves-2.0.2.jar, it does not contain dependency information.
[14May2025 22:20:57.570] [main/DEBUG] [net.minecraftforge.fml.loading.moddiscovery.AbstractJarFileDependencyLocator/]: Failed to load resource META-INF/jarjar/metadata.json from voicechat-forge-1.20.1-2.5.26.jar, it does not contain dependency information.
[14May2025 22:20:57.570] [main/DEBUG] [net.minecraftforge.fml.loading.moddiscovery.AbstractJarFileDependencyLocator/]: Failed to load resource META-INF/jarjar/metadata.json from MouseTweaks-forge-mc1.20.1-2.25.1.jar, it does not contain dependency information.
[14May2025 22:20:57.570] [main/DEBUG] [net.minecraftforge.fml.loading.moddiscovery.AbstractJarFileDependencyLocator/]: Failed to load resource META-INF/jarjar/metadata.json from ForgeConfigScreens-v8.0.2-1.20.1-Forge.jar, it does not contain dependency information.
[14May2025 22:20:57.570] [main/DEBUG] [net.minecraftforge.fml.loading.moddiscovery.AbstractJarFileDependencyLocator/]: Failed to load resource META-INF/jarjar/metadata.json from Necronomicon-Forge-1.6.0+1.20.1.jar, it does not contain dependency information.
[14May2025 22:20:57.570] [main/DEBUG] [net.minecraftforge.fml.loading.moddiscovery.AbstractJarFileDependencyLocator/]: Failed to load resource META-INF/jarjar/metadata.json from NoChatReports-FORGE-1.20.1-v2.2.2.jar, it does not contain dependency information.
[14May2025 22:20:57.570] [main/DEBUG] [net.minecraftforge.fml.loading.moddiscovery.AbstractJarFileDependencyLocator/]: Failed to load resource META-INF/jarjar/metadata.json from Jade-1.20.1-Forge-11.12.3.jar, it does not contain dependency information.
[14May2025 22:20:57.570] [main/DEBUG] [net.minecraftforge.fml.loading.moddiscovery.AbstractJarFileDependencyLocator/]: Failed to load resource META-INF/jarjar/metadata.json from CreativeCore_FORGE_v2.12.31_mc1.20.1.jar, it does not contain dependency information.
[14May2025 22:20:57.570] [main/DEBUG] [net.minecraftforge.fml.loading.moddiscovery.AbstractJarFileDependencyLocator/]: Failed to load resource META-INF/jarjar/metadata.json from From-The-Fog-1.20-v1.9.2-Forge-Fabric.jar, it does not contain dependency information.
[14May2025 22:20:57.571] [main/DEBUG] [net.minecraftforge.fml.loading.moddiscovery.AbstractJarFileDependencyLocator/]: Failed to load resource META-INF/jarjar/metadata.json from nethersdelight-1.20.1-4.0.jar, it does not contain dependency information.
[14May2025 22:20:57.571] [main/DEBUG] [net.minecraftforge.fml.loading.moddiscovery.AbstractJarFileDependencyLocator/]: Failed to load resource META-INF/jarjar/metadata.json from Ribbits-1.20.1-Forge-3.0.4.jar, it does not contain dependency information.
[14May2025 22:20:57.571] [main/DEBUG] [net.minecraftforge.fml.loading.moddiscovery.AbstractJarFileDependencyLocator/]: Failed to load resource META-INF/jarjar/metadata.json from Xaeros_Minimap_25.0.0_Forge_1.20.jar, it does not contain dependency information.
[14May2025 22:20:57.571] [main/DEBUG] [net.minecraftforge.fml.loading.moddiscovery.AbstractJarFileDependencyLocator/]: Failed to load resource META-INF/jarjar/metadata.json from gravestone-forge-1.20.1-1.0.24.jar, it does not contain dependency information.
[14May2025 22:20:57.571] [main/DEBUG] [net.minecraftforge.fml.loading.moddiscovery.AbstractJarFileDependencyLocator/]: Failed to load resource META-INF/jarjar/metadata.json from legendarymonsters-1.9.3 MC 1.20.1.jar, it does not contain dependency information.
[14May2025 22:20:57.571] [main/DEBUG] [net.minecraftforge.fml.loading.moddiscovery.AbstractJarFileDependencyLocator/]: Failed to load resource META-INF/jarjar/metadata.json from irons_spellbooks-1.20.1-3.4.0.7.jar, it does not contain dependency information.
[14May2025 22:20:57.572] [main/DEBUG] [net.minecraftforge.fml.loading.moddiscovery.AbstractJarFileDependencyLocator/]: Failed to load resource META-INF/jarjar/metadata.json from entityculling-forge-1.7.2-mc1.20.1.jar, it does not contain dependency information.
[14May2025 22:20:57.572] [main/DEBUG] [net.minecraftforge.fml.loading.moddiscovery.AbstractJarFileDependencyLocator/]: Failed to load resource META-INF/jarjar/metadata.json from crittersandcompanions-forge-2.2.2.jar, it does not contain dependency information.
[14May2025 22:20:57.572] [main/DEBUG] [net.minecraftforge.fml.loading.moddiscovery.AbstractJarFileDependencyLocator/]: Failed to load resource META-INF/jarjar/metadata.json from backpacked-forge-1.20.1-3.0.0-beta.9.jar, it does not contain dependency information.
[14May2025 22:20:57.573] [main/DEBUG] [net.minecraftforge.fml.loading.moddiscovery.AbstractJarFileDependencyLocator/]: Failed to load resource META-INF/jarjar/metadata.json from automobility-0.4.2+1.20.1-forge.jar, it does not contain dependency information.
[14May2025 22:20:57.573] [main/DEBUG] [net.minecraftforge.fml.loading.moddiscovery.AbstractJarFileDependencyLocator/]: Failed to load resource META-INF/jarjar/metadata.json from ferritecore-6.0.1-forge.jar, it does not contain dependency information.
[14May2025 22:20:57.573] [main/DEBUG] [net.minecraftforge.fml.loading.moddiscovery.AbstractJarFileDependencyLocator/]: Failed to load resource META-INF/jarjar/metadata.json from MOAdecor ELECTRONICS 1.20.1.A.jar, it does not contain dependency information.
[14May2025 22:20:57.574] [main/DEBUG] [net.minecraftforge.fml.loading.moddiscovery.AbstractJarFileDependencyLocator/]: Failed to load resource META-INF/jarjar/metadata.json from chunksending-1.20.1-2.8.jar, it does not contain dependency information.
[14May2025 22:20:57.574] [main/DEBUG] [net.minecraftforge.fml.loading.moddiscovery.AbstractJarFileDependencyLocator/]: Failed to load resource META-INF/jarjar/metadata.json from loadmyresources_forge_1.0.4_MC_1.19.3.jar, it does not contain dependency information.
[14May2025 22:20:57.574] [main/DEBUG] [net.minecraftforge.fml.loading.moddiscovery.AbstractJarFileDependencyLocator/]: Failed to load resource META-INF/jarjar/metadata.json from deuf-1.20.1-1.3.jar, it does not contain dependency information.
[14May2025 22:20:57.574] [main/DEBUG] [net.minecraftforge.fml.loading.moddiscovery.AbstractJarFileDependencyLocator/]: Failed to load resource META-INF/jarjar/metadata.json from aquamirae-6.API15.jar, it does not contain dependency information.
[14May2025 22:20:57.575] [main/DEBUG] [net.minecraftforge.fml.loading.moddiscovery.AbstractJarFileDependencyLocator/]: Failed to load resource META-INF/jarjar/metadata.json from defaultoptions-forge-1.20-18.0.1.jar, it does not contain dependency information.
[14May2025 22:20:57.575] [main/DEBUG] [net.minecraftforge.fml.loading.moddiscovery.AbstractJarFileDependencyLocator/]: Failed to load resource META-INF/jarjar/metadata.json from mclanguage-1.20.1-47.3.7.jar, it does not contain dependency information.
[14May2025 22:20:57.575] [main/DEBUG] [net.minecraftforge.fml.loading.moddiscovery.AbstractJarFileDependencyLocator/]: Failed to load resource META-INF/jarjar/metadata.json from javafmllanguage-1.20.1-47.3.7.jar, it does not contain dependency information.
[14May2025 22:20:57.575] [main/DEBUG] [net.minecraftforge.fml.loading.moddiscovery.AbstractJarFileDependencyLocator/]: Failed to load resource META-INF/jarjar/metadata.json from fmlcore-1.20.1-47.3.7.jar, it does not contain dependency information.
[14May2025 22:20:57.576] [main/DEBUG] [net.minecraftforge.fml.loading.moddiscovery.AbstractJarFileDependencyLocator/]: Failed to load resource META-INF/jarjar/metadata.json from lowcodelanguage-1.20.1-47.3.7.jar, it does not contain dependency information.
[14May2025 22:20:57.678] [main/DEBUG] [net.minecraftforge.fml.loading.moddiscovery.ModFileParser/LOADING]: Considering mod file candidate 
[14May2025 22:20:57.679] [main/DEBUG] [net.minecraftforge.fml.loading.moddiscovery.ModFileInfo/LOADING]: Found valid mod file mixinextras-forge-0.3.6.jar with {mixinextras} mods - versions {0.3.6}
[14May2025 22:20:57.680] [main/DEBUG] [net.minecraftforge.fml.loading.moddiscovery.ModFileParser/LOADING]: Considering mod file candidate 
[14May2025 22:20:57.681] [main/DEBUG] [net.minecraftforge.fml.loading.moddiscovery.ModFileInfo/LOADING]: Found valid mod file mixinsquared-forge-0.1.1.jar with {mixinsquared} mods - versions {0.1.1}
[14May2025 22:20:57.683] [main/DEBUG] [net.minecraftforge.fml.loading.moddiscovery.ModFileParser/LOADING]: Considering mod file candidate 
[14May2025 22:20:57.684] [main/DEBUG] [net.minecraftforge.fml.loading.moddiscovery.ModFileInfo/LOADING]: Found valid mod file spectrelib-forge-0.13.15+1.20.1.jar with {spectrelib} mods - versions {0.13.15+1.20.1}
[14May2025 22:20:57.685] [main/DEBUG] [net.minecraftforge.fml.loading.moddiscovery.ModFileParser/LOADING]: Considering mod file candidate 
[14May2025 22:20:57.686] [main/DEBUG] [net.minecraftforge.fml.loading.moddiscovery.ModFileInfo/LOADING]: Found valid mod file kuma-api-forge-20.1.9-SNAPSHOT.jar with {kuma_api} mods - versions {20.1.9-SNAPSHOT}
[14May2025 22:20:57.687] [main/DEBUG] [net.minecraftforge.fml.loading.moddiscovery.ModFileParser/LOADING]: Considering mod file candidate 
[14May2025 22:20:57.688] [main/DEBUG] [net.minecraftforge.fml.loading.moddiscovery.ModFileInfo/LOADING]: Found valid mod file mixinextras-forge-0.4.1.jar with {mixinextras} mods - versions {0.4.1}
[14May2025 22:20:57.707] [main/DEBUG] [net.minecraftforge.fml.loading.moddiscovery.ModFileParser/LOADING]: Considering mod file candidate 
[14May2025 22:20:57.708] [main/DEBUG] [net.minecraftforge.fml.loading.moddiscovery.ModFileInfo/LOADING]: Found valid mod file playeranimator-1.0.2-rc1+1.20-forge.jar with {playeranimator} mods - versions {1.0.2-rc1+1.20}
[14May2025 22:20:57.723] [main/DEBUG] [net.minecraftforge.fml.loading.moddiscovery.ModFileParser/LOADING]: Considering mod file candidate 
[14May2025 22:20:57.723] [main/DEBUG] [net.minecraftforge.fml.loading.moddiscovery.ModFileInfo/LOADING]: Found valid mod file mixinextras-forge-0.3.5.jar with {mixinextras} mods - versions {0.3.5}
[14May2025 22:20:57.725] [main/DEBUG] [net.minecraftforge.fml.loading.moddiscovery.ModFileParser/LOADING]: Considering mod file candidate 
[14May2025 22:20:57.725] [main/DEBUG] [net.minecraftforge.fml.loading.moddiscovery.ModFileInfo/LOADING]: Found valid mod file fabric-api-base-0.4.31+ef105b4977.jar with {fabric_api_base} mods - versions {0.4.31+ef105b4977}
[14May2025 22:20:57.728] [main/DEBUG] [net.minecraftforge.fml.loading.moddiscovery.ModFileParser/LOADING]: Considering mod file candidate 
[14May2025 22:20:57.728] [main/DEBUG] [net.minecraftforge.fml.loading.moddiscovery.ModFileInfo/LOADING]: Found valid mod file fabric-renderer-api-v1-3.2.1+1d29b44577.jar with {fabric_renderer_api_v1} mods - versions {3.2.1+1d29b44577}
[14May2025 22:20:57.732] [main/DEBUG] [net.minecraftforge.fml.loading.moddiscovery.ModFileParser/LOADING]: Considering mod file candidate 
[14May2025 22:20:57.733] [main/DEBUG] [net.minecraftforge.fml.loading.moddiscovery.ModFileInfo/LOADING]: Found valid mod file fabric-renderer-indigo-1.5.2+b5b2da4177.jar with {fabric_renderer_indigo} mods - versions {1.5.2+b5b2da4177}
[14May2025 22:20:57.735] [main/DEBUG] [net.minecraftforge.fml.loading.moddiscovery.ModFileParser/LOADING]: Considering mod file candidate 
[14May2025 22:20:57.735] [main/DEBUG] [net.minecraftforge.fml.loading.moddiscovery.ModFileInfo/LOADING]: Found valid mod file mixinextras-forge-0.4.1.jar with {mixinextras} mods - versions {0.4.1}
[14May2025 22:20:57.737] [main/DEBUG] [net.minecraftforge.fml.loading.moddiscovery.ModFileParser/LOADING]: Considering mod file candidate 
[14May2025 22:20:57.737] [main/DEBUG] [net.minecraftforge.fml.loading.moddiscovery.ModFileInfo/LOADING]: Found valid mod file mixinextras-forge-0.4.1.jar with {mixinextras} mods - versions {0.4.1}
[14May2025 22:20:57.739] [main/DEBUG] [net.minecraftforge.fml.loading.moddiscovery.ModFileParser/LOADING]: Considering mod file candidate 
[14May2025 22:20:57.739] [main/DEBUG] [net.minecraftforge.fml.loading.moddiscovery.ModFileInfo/LOADING]: Found valid mod file mixinextras-forge-0.2.0-beta.6.jar with {mixinextras} mods - versions {0.2.0-beta.6}
[14May2025 22:20:57.741] [main/DEBUG] [net.minecraftforge.fml.loading.moddiscovery.ModFileParser/LOADING]: Considering mod file candidate 
[14May2025 22:20:57.742] [main/DEBUG] [net.minecraftforge.fml.loading.moddiscovery.ModFileInfo/LOADING]: Found valid mod file mixinextras-forge-0.3.5.jar with {mixinextras} mods - versions {0.3.5}
[14May2025 22:20:57.743] [main/DEBUG] [net.minecraftforge.fml.loading.moddiscovery.ModFileParser/LOADING]: Considering mod file candidate 
[14May2025 22:20:57.744] [main/DEBUG] [net.minecraftforge.fml.loading.moddiscovery.ModFileInfo/LOADING]: Found valid mod file mixinextras-forge-0.3.6.jar with {mixinextras} mods - versions {0.3.6}
[14May2025 22:20:57.745] [main/DEBUG] [net.minecraftforge.fml.loading.moddiscovery.ModFileParser/LOADING]: Considering mod file candidate 
[14May2025 22:20:57.746] [main/DEBUG] [net.minecraftforge.fml.loading.moddiscovery.ModFileInfo/LOADING]: Found valid mod file mixinextras-forge-0.3.2.jar with {mixinextras} mods - versions {0.3.2}
[14May2025 22:20:57.747] [main/DEBUG] [net.minecraftforge.fml.loading.moddiscovery.ModFileParser/LOADING]: Considering mod file candidate 
[14May2025 22:20:57.748] [main/DEBUG] [net.minecraftforge.fml.loading.moddiscovery.ModFileInfo/LOADING]: Found valid mod file mixinextras-forge-0.3.6.jar with {mixinextras} mods - versions {0.3.6}
[14May2025 22:20:57.755] [main/DEBUG] [net.minecraftforge.fml.loading.moddiscovery.ModFileParser/LOADING]: Considering mod file candidate 
[14May2025 22:20:57.755] [main/DEBUG] [net.minecraftforge.fml.loading.moddiscovery.ModFileInfo/LOADING]: Found valid mod file resourcefullib-forge-1.20.1-2.1.20.jar with {resourcefullib} mods - versions {2.1.20}
[14May2025 22:20:57.756] [main/DEBUG] [net.minecraftforge.fml.loading.moddiscovery.ModFileParser/LOADING]: Considering mod file candidate 
[14May2025 22:20:57.757] [main/DEBUG] [net.minecraftforge.fml.loading.moddiscovery.ModFileInfo/LOADING]: Found valid mod file puzzlesaccessapi-forge-20.1.1.jar with {puzzlesaccessapi} mods - versions {20.1.1}
[14May2025 22:20:57.758] [main/DEBUG] [net.minecraftforge.fml.loading.moddiscovery.ModFileParser/LOADING]: Considering mod file candidate 
[14May2025 22:20:57.759] [main/DEBUG] [net.minecraftforge.fml.loading.moddiscovery.ModFileInfo/LOADING]: Found valid mod file mixinextras-forge-0.4.1.jar with {mixinextras} mods - versions {0.4.1}
[14May2025 22:20:57.762] [main/DEBUG] [net.minecraftforge.fml.loading.moddiscovery.ModFileParser/LOADING]: Considering mod file candidate 
[14May2025 22:20:57.763] [main/DEBUG] [net.minecraftforge.fml.loading.moddiscovery.ModFileInfo/LOADING]: Found valid mod file mixinextras-forge-0.3.6.jar with {mixinextras} mods - versions {0.3.6}
[14May2025 22:20:57.764] [main/DEBUG] [net.minecraftforge.fml.loading.moddiscovery.ModFileParser/LOADING]: Considering mod file candidate 
[14May2025 22:20:57.764] [main/DEBUG] [net.minecraftforge.fml.loading.moddiscovery.ModFileInfo/LOADING]: Found valid mod file mixinextras-forge-0.4.1.jar with {mixinextras} mods - versions {0.4.1}
[14May2025 22:20:57.766] [main/DEBUG] [net.minecraftforge.fml.loading.moddiscovery.ModFileParser/LOADING]: Considering mod file candidate 
[14May2025 22:20:57.766] [main/DEBUG] [net.minecraftforge.fml.loading.moddiscovery.ModFileInfo/LOADING]: Found valid mod file forge-mixinextras-forge-0.3.2.jar with {mixinextras} mods - versions {0.3.2}
[14May2025 22:20:57.768] [main/DEBUG] [net.minecraftforge.fml.loading.moddiscovery.ModFileParser/LOADING]: Considering mod file candidate 
[14May2025 22:20:57.769] [main/DEBUG] [net.minecraftforge.fml.loading.moddiscovery.ModFileInfo/LOADING]: Found valid mod file mixinextras-forge-0.4.1.jar with {mixinextras} mods - versions {0.4.1}
[14May2025 22:20:57.773] [main/DEBUG] [net.minecraftforge.fml.loading.moddiscovery.ModFileParser/LOADING]: Considering mod file candidate 
[14May2025 22:20:57.773] [main/DEBUG] [net.minecraftforge.fml.loading.moddiscovery.ModFileInfo/LOADING]: Found valid mod file mixinextras-forge-0.2.0-beta.6.jar with {mixinextras} mods - versions {0.2.0-beta.6}
[14May2025 22:20:57.841] [main/DEBUG] [net.minecraftforge.fml.loading.moddiscovery.ModFileParser/LOADING]: Considering mod file candidate 
[14May2025 22:20:57.842] [main/DEBUG] [net.minecraftforge.fml.loading.moddiscovery.ModFileInfo/LOADING]: Found valid mod file mixinextras-forge-0.3.5.jar with {mixinextras} mods - versions {0.3.5}
[14May2025 22:20:57.843] [main/DEBUG] [net.minecraftforge.fml.loading.moddiscovery.ModFileParser/LOADING]: Considering mod file candidate 
[14May2025 22:20:57.845] [main/DEBUG] [net.minecraftforge.fml.loading.moddiscovery.ModFileInfo/LOADING]: Found valid mod file mixinextras-forge-0.3.5.jar with {mixinextras} mods - versions {0.3.5}
[14May2025 22:20:57.850] [main/DEBUG] [net.minecraftforge.fml.loading.moddiscovery.ModFileParser/LOADING]: Considering mod file candidate 
[14May2025 22:20:57.850] [main/DEBUG] [net.minecraftforge.fml.loading.moddiscovery.ModFileInfo/LOADING]: Found valid mod file mixinsquared-forge-0.2.0.jar with {mixinsquared} mods - versions {0.2.0}
[14May2025 22:20:57.852] [main/DEBUG] [net.minecraftforge.fml.loading.moddiscovery.ModFileParser/LOADING]: Considering mod file candidate 
[14May2025 22:20:57.852] [main/DEBUG] [net.minecraftforge.fml.loading.moddiscovery.ModFileInfo/LOADING]: Found valid mod file mixinextras-forge-0.4.1.jar with {mixinextras} mods - versions {0.4.1}
[14May2025 22:20:57.854] [main/DEBUG] [net.minecraftforge.fml.loading.moddiscovery.ModFileParser/LOADING]: Considering mod file candidate 
[14May2025 22:20:57.854] [main/DEBUG] [net.minecraftforge.fml.loading.moddiscovery.ModFileInfo/LOADING]: Found valid mod file mixinextras-forge-0.2.0.jar with {mixinextras} mods - versions {0.2.0}
[14May2025 22:20:57.866] [main/DEBUG] [net.minecraftforge.fml.loading.moddiscovery.AbstractJarFileDependencyLocator/]: Failed to load resource META-INF/jarjar/metadata.json from spectrelib-forge-0.13.15+1.20.1.jar, it does not contain dependency information.
[14May2025 22:20:57.867] [main/DEBUG] [net.minecraftforge.fml.loading.moddiscovery.AbstractJarFileDependencyLocator/]: Failed to load resource META-INF/jarjar/metadata.json from kuma-api-forge-20.1.9-SNAPSHOT.jar, it does not contain dependency information.
[14May2025 22:20:57.875] [main/DEBUG] [net.minecraftforge.fml.loading.moddiscovery.AbstractJarFileDependencyLocator/]: Failed to load resource META-INF/jarjar/metadata.json from Reflect-1.3.4.jar, it does not contain dependency information.
[14May2025 22:20:57.875] [main/DEBUG] [net.minecraftforge.fml.loading.moddiscovery.AbstractJarFileDependencyLocator/]: Failed to load resource META-INF/jarjar/metadata.json from playeranimator-1.0.2-rc1+1.20-forge.jar, it does not contain dependency information.
[14May2025 22:20:57.876] [main/DEBUG] [net.minecraftforge.fml.loading.moddiscovery.AbstractJarFileDependencyLocator/]: Failed to load resource META-INF/jarjar/metadata.json from MathParser.org-mXparser-5.2.1.jar, it does not contain dependency information.
[14May2025 22:20:57.887] [main/DEBUG] [net.minecraftforge.fml.loading.moddiscovery.AbstractJarFileDependencyLocator/]: Failed to load resource META-INF/jarjar/metadata.json from fabric-api-base-0.4.31+ef105b4977.jar, it does not contain dependency information.
[14May2025 22:20:57.888] [main/DEBUG] [net.minecraftforge.fml.loading.moddiscovery.AbstractJarFileDependencyLocator/]: Failed to load resource META-INF/jarjar/metadata.json from fabric-renderer-api-v1-3.2.1+1d29b44577.jar, it does not contain dependency information.
[14May2025 22:20:57.888] [main/DEBUG] [net.minecraftforge.fml.loading.moddiscovery.AbstractJarFileDependencyLocator/]: Failed to load resource META-INF/jarjar/metadata.json from fabric-renderer-indigo-1.5.2+b5b2da4177.jar, it does not contain dependency information.
[14May2025 22:20:57.949] [main/DEBUG] [net.minecraftforge.fml.loading.moddiscovery.AbstractJarFileDependencyLocator/]: Failed to load resource META-INF/jarjar/metadata.json from puzzlesaccessapi-forge-20.1.1.jar, it does not contain dependency information.
[14May2025 22:20:57.959] [main/DEBUG] [net.minecraftforge.fml.loading.moddiscovery.AbstractJarFileDependencyLocator/]: Failed to load resource META-INF/jarjar/metadata.json from httpmime-4.5.10.jar, it does not contain dependency information.
[14May2025 22:20:57.977] [main/DEBUG] [net.minecraftforge.fml.loading.moddiscovery.AbstractJarFileDependencyLocator/]: Failed to load resource META-INF/jarjar/metadata.json from NanoLiveConfig-1.2.1.jar, it does not contain dependency information.
[14May2025 22:20:57.984] [main/DEBUG] [net.minecraftforge.fml.loading.moddiscovery.AbstractJarFileDependencyLocator/]: Failed to load resource META-INF/jarjar/metadata.json from mclib-20.jar, it does not contain dependency information.
[14May2025 22:20:57.988] [main/DEBUG] [net.minecraftforge.fml.loading.moddiscovery.AbstractJarFileDependencyLocator/]: Failed to load resource META-INF/jarjar/metadata.json from jackson-core-2.17.0.jar, it does not contain dependency information.
[14May2025 22:20:57.989] [main/DEBUG] [net.minecraftforge.fml.loading.moddiscovery.AbstractJarFileDependencyLocator/]: Failed to load resource META-INF/jarjar/metadata.json from jackson-annotations-2.17.0.jar, it does not contain dependency information.
[14May2025 22:20:57.989] [main/DEBUG] [net.minecraftforge.fml.loading.moddiscovery.AbstractJarFileDependencyLocator/]: Failed to load resource META-INF/jarjar/metadata.json from jackson-databind-2.17.0.jar, it does not contain dependency information.
[14May2025 22:20:57.989] [main/DEBUG] [net.minecraftforge.fml.loading.moddiscovery.AbstractJarFileDependencyLocator/]: Failed to load resource META-INF/jarjar/metadata.json from github-api-1.318.jar, it does not contain dependency information.
[14May2025 22:20:58.001] [main/DEBUG] [net.minecraftforge.fml.loading.moddiscovery.AbstractJarFileDependencyLocator/]: Failed to load resource META-INF/jarjar/metadata.json from japng-0.5.3.jar, it does not contain dependency information.
[14May2025 22:20:58.002] [main/DEBUG] [net.minecraftforge.fml.loading.moddiscovery.AbstractJarFileDependencyLocator/]: Failed to load resource META-INF/jarjar/metadata.json from animated-gif-lib-for-java-animated-gif-lib-1.7.jar, it does not contain dependency information.
[14May2025 22:20:58.018] [main/DEBUG] [net.minecraftforge.fml.loading.moddiscovery.AbstractJarFileDependencyLocator/]: Failed to load resource META-INF/jarjar/metadata.json from MixinExtras-0.3.6.jar, it does not contain dependency information.
[14May2025 22:20:58.019] [main/DEBUG] [net.minecraftforge.fml.loading.moddiscovery.AbstractJarFileDependencyLocator/]: Failed to load resource META-INF/jarjar/metadata.json from MixinSquared-0.1.1.jar, it does not contain dependency information.
[14May2025 22:20:58.019] [main/DEBUG] [net.minecraftforge.fml.loading.moddiscovery.AbstractJarFileDependencyLocator/]: Failed to load resource META-INF/jarjar/metadata.json from MixinExtras-0.4.1.jar, it does not contain dependency information.
[14May2025 22:20:58.019] [main/DEBUG] [net.minecraftforge.fml.loading.moddiscovery.AbstractJarFileDependencyLocator/]: Failed to load resource META-INF/jarjar/metadata.json from MixinExtras-0.3.5.jar, it does not contain dependency information.
[14May2025 22:20:58.019] [main/DEBUG] [net.minecraftforge.fml.loading.moddiscovery.AbstractJarFileDependencyLocator/]: Failed to load resource META-INF/jarjar/metadata.json from MixinExtras-0.4.1.jar, it does not contain dependency information.
[14May2025 22:20:58.019] [main/DEBUG] [net.minecraftforge.fml.loading.moddiscovery.AbstractJarFileDependencyLocator/]: Failed to load resource META-INF/jarjar/metadata.json from MixinExtras-0.4.1.jar, it does not contain dependency information.
[14May2025 22:20:58.019] [main/DEBUG] [net.minecraftforge.fml.loading.moddiscovery.AbstractJarFileDependencyLocator/]: Failed to load resource META-INF/jarjar/metadata.json from MixinExtras-0.2.0-beta.6.jar, it does not contain dependency information.
[14May2025 22:20:58.019] [main/DEBUG] [net.minecraftforge.fml.loading.moddiscovery.AbstractJarFileDependencyLocator/]: Failed to load resource META-INF/jarjar/metadata.json from MixinExtras-0.3.5.jar, it does not contain dependency information.
[14May2025 22:20:58.019] [main/DEBUG] [net.minecraftforge.fml.loading.moddiscovery.AbstractJarFileDependencyLocator/]: Failed to load resource META-INF/jarjar/metadata.json from MixinExtras-0.3.6.jar, it does not contain dependency information.
[14May2025 22:20:58.019] [main/DEBUG] [net.minecraftforge.fml.loading.moddiscovery.AbstractJarFileDependencyLocator/]: Failed to load resource META-INF/jarjar/metadata.json from MixinExtras-0.3.2.jar, it does not contain dependency information.
[14May2025 22:20:58.019] [main/DEBUG] [net.minecraftforge.fml.loading.moddiscovery.AbstractJarFileDependencyLocator/]: Failed to load resource META-INF/jarjar/metadata.json from MixinExtras-0.3.6.jar, it does not contain dependency information.
[14May2025 22:20:58.019] [main/DEBUG] [net.minecraftforge.fml.loading.moddiscovery.AbstractJarFileDependencyLocator/]: Failed to load resource META-INF/jarjar/metadata.json from yabn-1.0.3.jar, it does not contain dependency information.
[14May2025 22:20:58.019] [main/DEBUG] [net.minecraftforge.fml.loading.moddiscovery.AbstractJarFileDependencyLocator/]: Failed to load resource META-INF/jarjar/metadata.json from bytecodecs-1.0.2.jar, it does not contain dependency information.
[14May2025 22:20:58.020] [main/DEBUG] [net.minecraftforge.fml.loading.moddiscovery.AbstractJarFileDependencyLocator/]: Failed to load resource META-INF/jarjar/metadata.json from MixinExtras-0.4.1.jar, it does not contain dependency information.
[14May2025 22:20:58.020] [main/DEBUG] [net.minecraftforge.fml.loading.moddiscovery.AbstractJarFileDependencyLocator/]: Failed to load resource META-INF/jarjar/metadata.json from MixinExtras-0.3.6.jar, it does not contain dependency information.
[14May2025 22:20:58.020] [main/DEBUG] [net.minecraftforge.fml.loading.moddiscovery.AbstractJarFileDependencyLocator/]: Failed to load resource META-INF/jarjar/metadata.json from MixinExtras-0.4.1.jar, it does not contain dependency information.
[14May2025 22:20:58.020] [main/DEBUG] [net.minecraftforge.fml.loading.moddiscovery.AbstractJarFileDependencyLocator/]: Failed to load resource META-INF/jarjar/metadata.json from MixinExtras-0.3.2.jar, it does not contain dependency information.
[14May2025 22:20:58.020] [main/DEBUG] [net.minecraftforge.fml.loading.moddiscovery.AbstractJarFileDependencyLocator/]: Failed to load resource META-INF/jarjar/metadata.json from MixinExtras-0.4.1.jar, it does not contain dependency information.
[14May2025 22:20:58.020] [main/DEBUG] [net.minecraftforge.fml.loading.moddiscovery.AbstractJarFileDependencyLocator/]: Failed to load resource META-INF/jarjar/metadata.json from MixinExtras-0.2.0-beta.6.jar, it does not contain dependency information.
[14May2025 22:20:58.020] [main/DEBUG] [net.minecraftforge.fml.loading.moddiscovery.AbstractJarFileDependencyLocator/]: Failed to load resource META-INF/jarjar/metadata.json from MixinExtras-0.3.5.jar, it does not contain dependency information.
[14May2025 22:20:58.020] [main/DEBUG] [net.minecraftforge.fml.loading.moddiscovery.AbstractJarFileDependencyLocator/]: Failed to load resource META-INF/jarjar/metadata.json from MixinExtras-0.3.5.jar, it does not contain dependency information.
[14May2025 22:20:58.020] [main/DEBUG] [net.minecraftforge.fml.loading.moddiscovery.AbstractJarFileDependencyLocator/]: Failed to load resource META-INF/jarjar/metadata.json from MixinSquared-0.2.0.jar, it does not contain dependency information.
[14May2025 22:20:58.020] [main/DEBUG] [net.minecraftforge.fml.loading.moddiscovery.AbstractJarFileDependencyLocator/]: Failed to load resource META-INF/jarjar/metadata.json from MixinExtras-0.4.1.jar, it does not contain dependency information.
[14May2025 22:20:58.020] [main/DEBUG] [net.minecraftforge.fml.loading.moddiscovery.AbstractJarFileDependencyLocator/]: Failed to load resource META-INF/jarjar/metadata.json from MixinExtras-0.2.0.jar, it does not contain dependency information.
[14May2025 22:20:58.065] [main/DEBUG] [net.minecraftforge.fml.loading.moddiscovery.ModFileParser/LOADING]: Considering mod file candidate 
[14May2025 22:20:58.065] [main/DEBUG] [net.minecraftforge.fml.loading.moddiscovery.ModFileInfo/LOADING]: Found valid mod file puzzlesaccessapi-forge-20.1.1.jar with {puzzlesaccessapi} mods - versions {20.1.1}
[14May2025 22:20:58.071] [main/DEBUG] [net.minecraftforge.fml.loading.moddiscovery.ModFileParser/LOADING]: Considering mod file candidate 
[14May2025 22:20:58.072] [main/DEBUG] [net.minecraftforge.fml.loading.moddiscovery.ModFileInfo/LOADING]: Found valid mod file kuma-api-forge-20.1.9-SNAPSHOT.jar with {kuma_api} mods - versions {20.1.9-SNAPSHOT}
[14May2025 22:20:58.088] [main/DEBUG] [net.minecraftforge.fml.loading.moddiscovery.ModFileParser/LOADING]: Considering mod file candidate 
[14May2025 22:20:58.089] [main/DEBUG] [net.minecraftforge.fml.loading.moddiscovery.ModFileInfo/LOADING]: Found valid mod file mixinextras-forge-0.2.0-beta.6.jar with {mixinextras} mods - versions {0.2.0-beta.6}
[14May2025 22:20:58.139] [main/DEBUG] [net.minecraftforge.fml.loading.moddiscovery.ModFileParser/LOADING]: Considering mod file candidate 
[14May2025 22:20:58.139] [main/DEBUG] [net.minecraftforge.fml.loading.moddiscovery.ModFileInfo/LOADING]: Found valid mod file fabric-api-base-0.4.31+ef105b4977.jar with {fabric_api_base} mods - versions {0.4.31+ef105b4977}
[14May2025 22:20:58.142] [main/DEBUG] [net.minecraftforge.fml.loading.moddiscovery.ModFileParser/LOADING]: Considering mod file candidate 
[14May2025 22:20:58.142] [main/DEBUG] [net.minecraftforge.fml.loading.moddiscovery.ModFileInfo/LOADING]: Found valid mod file mixinsquared-forge-0.2.0.jar with {mixinsquared} mods - versions {0.2.0}
[14May2025 22:20:58.143] [main/DEBUG] [net.minecraftforge.fml.loading.moddiscovery.ModFileParser/LOADING]: Considering mod file candidate 
[14May2025 22:20:58.144] [main/DEBUG] [net.minecraftforge.fml.loading.moddiscovery.ModFileInfo/LOADING]: Found valid mod file mixinextras-forge-0.4.1.jar with {mixinextras} mods - versions {0.4.1}
[14May2025 22:20:58.147] [main/DEBUG] [net.minecraftforge.fml.loading.moddiscovery.ModFileParser/LOADING]: Considering mod file candidate 
[14May2025 22:20:58.148] [main/DEBUG] [net.minecraftforge.fml.loading.moddiscovery.ModFileInfo/LOADING]: Found valid mod file fabric-renderer-api-v1-3.2.1+1d29b44577.jar with {fabric_renderer_api_v1} mods - versions {3.2.1+1d29b44577}
[14May2025 22:20:58.155] [main/DEBUG] [net.minecraftforge.fml.loading.moddiscovery.ModFileParser/LOADING]: Considering mod file candidate 
[14May2025 22:20:58.156] [main/DEBUG] [net.minecraftforge.fml.loading.moddiscovery.ModFileInfo/LOADING]: Found valid mod file playeranimator-1.0.2-rc1+1.20-forge.jar with {playeranimator} mods - versions {1.0.2-rc1+1.20}
[14May2025 22:20:58.159] [main/DEBUG] [net.minecraftforge.fml.loading.moddiscovery.ModFileParser/LOADING]: Considering mod file candidate 
[14May2025 22:20:58.159] [main/DEBUG] [net.minecraftforge.fml.loading.moddiscovery.ModFileInfo/LOADING]: Found valid mod file spectrelib-forge-0.13.15+1.20.1.jar with {spectrelib} mods - versions {0.13.15+1.20.1}
[14May2025 22:20:58.161] [main/DEBUG] [net.minecraftforge.fml.loading.moddiscovery.ModFileParser/LOADING]: Considering mod file candidate 
[14May2025 22:20:58.162] [main/DEBUG] [net.minecraftforge.fml.loading.moddiscovery.ModFileInfo/LOADING]: Found valid mod file fabric-renderer-indigo-1.5.2+b5b2da4177.jar with {fabric_renderer_indigo} mods - versions {1.5.2+b5b2da4177}
[14May2025 22:20:58.169] [main/DEBUG] [net.minecraftforge.fml.loading.moddiscovery.ModFileParser/LOADING]: Considering mod file candidate 
[14May2025 22:20:58.169] [main/DEBUG] [net.minecraftforge.fml.loading.moddiscovery.ModFileInfo/LOADING]: Found valid mod file resourcefullib-forge-1.20.1-2.1.20.jar with {resourcefullib} mods - versions {2.1.20}
[14May2025 22:20:58.170] [main/WARN] [net.minecraftforge.jarjar.selection.JarSelector/]: Attempted to select two dependency jars from JarJar which have the same identification: Mod File:  and Mod File: . Using Mod File: 
[14May2025 22:20:58.173] [main/WARN] [net.minecraftforge.jarjar.selection.JarSelector/]: Attempted to select a dependency jar for JarJar which was passed in as source: playeranimator. Using Mod File: /workspaces/Sagon/servidor_minecraft/mods/player-animation-lib-forge-1.0.2-rc1+1.20.jar
[14May2025 22:20:58.173] [main/INFO] [net.minecraftforge.fml.loading.moddiscovery.JarInJarDependencyLocator/]: Found 24 dependencies adding them to mods collection
[14May2025 22:20:58.177] [main/DEBUG] [net.minecraftforge.fml.loading.moddiscovery.ModFileParser/LOADING]: Considering mod file candidate 
[14May2025 22:20:58.178] [main/DEBUG] [net.minecraftforge.fml.loading.moddiscovery.ModFileInfo/LOADING]: Found valid mod file kuma-api-forge-20.1.9-SNAPSHOT.jar with {kuma_api} mods - versions {20.1.9-SNAPSHOT}
[14May2025 22:20:58.183] [main/DEBUG] [net.minecraftforge.fml.loading.moddiscovery.ModFile/LOADING]: Loading mod file  with languages [LanguageSpec[languageName=javafml, acceptedVersions=[47,)]]
[14May2025 22:20:58.184] [main/DEBUG] [net.minecraftforge.fml.loading.moddiscovery.ModFileParser/LOADING]: Considering mod file candidate 
[14May2025 22:20:58.185] [main/DEBUG] [net.minecraftforge.fml.loading.moddiscovery.ModFileInfo/LOADING]: Found valid mod file fabric-renderer-api-v1-3.2.1+1d29b44577.jar with {fabric_renderer_api_v1} mods - versions {3.2.1+1d29b44577}
[14May2025 22:20:58.185] [main/DEBUG] [net.minecraftforge.fml.loading.moddiscovery.ModFile/LOADING]: Loading mod file  with languages [LanguageSpec[languageName=javafml, acceptedVersions=[47,)]]
[14May2025 22:20:58.185] [main/DEBUG] [net.minecraftforge.fml.loading.moddiscovery.ModFileParser/LOADING]: Considering mod file candidate /workspaces/Sagon/servidor_minecraft/mods/EasyAnvils-v8.0.2-1.20.1-Forge.jar
[14May2025 22:20:58.185] [main/DEBUG] [net.minecraftforge.fml.loading.moddiscovery.ModFileInfo/LOADING]: Found valid mod file EasyAnvils-v8.0.2-1.20.1-Forge.jar with {easyanvils} mods - versions {8.0.2}
[14May2025 22:20:58.186] [main/DEBUG] [net.minecraftforge.fml.loading.moddiscovery.ModFile/LOADING]: Loading mod file /workspaces/Sagon/servidor_minecraft/mods/EasyAnvils-v8.0.2-1.20.1-Forge.jar with languages [LanguageSpec[languageName=javafml, acceptedVersions=[47,)]]
[14May2025 22:20:58.186] [main/DEBUG] [net.minecraftforge.fml.loading.moddiscovery.ModFileParser/LOADING]: Considering mod file candidate /workspaces/Sagon/servidor_minecraft/mods/embeddiumplus-1.20.1-v1.2.13.jar
[14May2025 22:20:58.186] [main/DEBUG] [net.minecraftforge.fml.loading.moddiscovery.ModFileInfo/LOADING]: Found valid mod file embeddiumplus-1.20.1-v1.2.13.jar with {embeddiumplus} mods - versions {1.2.13}
[14May2025 22:20:58.186] [main/DEBUG] [net.minecraftforge.fml.loading.moddiscovery.ModFile/LOADING]: Loading mod file /workspaces/Sagon/servidor_minecraft/mods/embeddiumplus-1.20.1-v1.2.13.jar with languages [LanguageSpec[languageName=javafml, acceptedVersions=[47,)]]
[14May2025 22:20:58.186] [main/DEBUG] [net.minecraftforge.fml.loading.moddiscovery.ModFileParser/LOADING]: Considering mod file candidate /workspaces/Sagon/servidor_minecraft/mods/Animation_Overhaul-forge-1.20.x-1.3.1.jar
[14May2025 22:20:58.187] [main/DEBUG] [net.minecraftforge.fml.loading.moddiscovery.ModFileInfo/LOADING]: Found valid mod file Animation_Overhaul-forge-1.20.x-1.3.1.jar with {animation_overhaul} mods - versions {1.3.1}
[14May2025 22:20:58.187] [main/DEBUG] [net.minecraftforge.fml.loading.moddiscovery.ModFile/LOADING]: Loading mod file /workspaces/Sagon/servidor_minecraft/mods/Animation_Overhaul-forge-1.20.x-1.3.1.jar with languages [LanguageSpec[languageName=javafml, acceptedVersions=[37,)]]
[14May2025 22:20:58.187] [main/DEBUG] [net.minecraftforge.fml.loading.moddiscovery.ModFileParser/LOADING]: Considering mod file candidate /workspaces/Sagon/servidor_minecraft/mods/alexsmobs-1.22.9.jar
[14May2025 22:20:58.188] [main/DEBUG] [net.minecraftforge.fml.loading.moddiscovery.ModFileInfo/LOADING]: Found valid mod file alexsmobs-1.22.9.jar with {alexsmobs} mods - versions {1.22.9}
[14May2025 22:20:58.188] [main/DEBUG] [net.minecraftforge.fml.loading.moddiscovery.ModFile/LOADING]: Loading mod file /workspaces/Sagon/servidor_minecraft/mods/alexsmobs-1.22.9.jar with languages [LanguageSpec[languageName=javafml, acceptedVersions=[46,)]]
[14May2025 22:20:58.188] [main/DEBUG] [net.minecraftforge.fml.loading.moddiscovery.ModFileParser/LOADING]: Considering mod file candidate /workspaces/Sagon/servidor_minecraft/mods/netherportalfix-forge-1.20-13.0.1.jar
[14May2025 22:20:58.189] [main/DEBUG] [net.minecraftforge.fml.loading.moddiscovery.ModFileInfo/LOADING]: Found valid mod file netherportalfix-forge-1.20-13.0.1.jar with {netherportalfix} mods - versions {13.0.1}
[14May2025 22:20:58.189] [main/DEBUG] [net.minecraftforge.fml.loading.moddiscovery.ModFile/LOADING]: Loading mod file /workspaces/Sagon/servidor_minecraft/mods/netherportalfix-forge-1.20-13.0.1.jar with languages [LanguageSpec[languageName=javafml, acceptedVersions=[46,)]]
[14May2025 22:20:58.189] [main/DEBUG] [net.minecraftforge.fml.loading.moddiscovery.ModFileParser/LOADING]: Considering mod file candidate /workspaces/Sagon/servidor_minecraft/mods/Jadens-Nether-Expansion-2.2.1.jar
[14May2025 22:20:58.191] [main/DEBUG] [net.minecraftforge.fml.loading.moddiscovery.ModFileInfo/LOADING]: Found valid mod file Jadens-Nether-Expansion-2.2.1.jar with {netherexp} mods - versions {2.2.1}
[14May2025 22:20:58.191] [main/DEBUG] [net.minecraftforge.fml.loading.moddiscovery.ModFile/LOADING]: Loading mod file /workspaces/Sagon/servidor_minecraft/mods/Jadens-Nether-Expansion-2.2.1.jar with languages [LanguageSpec[languageName=javafml, acceptedVersions=[47,)]]
[14May2025 22:20:58.191] [main/DEBUG] [net.minecraftforge.fml.loading.moddiscovery.ModFileParser/LOADING]: Considering mod file candidate /workspaces/Sagon/servidor_minecraft/mods/geckolib-forge-1.20.1-4.7.1.2.jar
[14May2025 22:20:58.192] [main/DEBUG] [net.minecraftforge.fml.loading.moddiscovery.ModFileInfo/LOADING]: Found valid mod file geckolib-forge-1.20.1-4.7.1.2.jar with {geckolib} mods - versions {4.7.1.2}
[14May2025 22:20:58.192] [main/DEBUG] [net.minecraftforge.fml.loading.moddiscovery.ModFile/LOADING]: Loading mod file /workspaces/Sagon/servidor_minecraft/mods/geckolib-forge-1.20.1-4.7.1.2.jar with languages [LanguageSpec[languageName=javafml, acceptedVersions=[47,)]]
[14May2025 22:20:58.192] [main/DEBUG] [net.minecraftforge.fml.loading.moddiscovery.ModFileParser/LOADING]: Considering mod file candidate /workspaces/Sagon/servidor_minecraft/mods/player-animation-lib-forge-1.0.2-rc1+1.20.jar
[14May2025 22:20:58.193] [main/DEBUG] [net.minecraftforge.fml.loading.moddiscovery.ModFileInfo/LOADING]: Found valid mod file player-animation-lib-forge-1.0.2-rc1+1.20.jar with {playeranimator} mods - versions {1.0.2-rc1+1.20}
[14May2025 22:20:58.193] [main/DEBUG] [net.minecraftforge.fml.loading.moddiscovery.ModFile/LOADING]: Loading mod file /workspaces/Sagon/servidor_minecraft/mods/player-animation-lib-forge-1.0.2-rc1+1.20.jar with languages [LanguageSpec[languageName=javafml, acceptedVersions=[46.0.0,)]]
[14May2025 22:20:58.194] [main/DEBUG] [net.minecraftforge.fml.loading.moddiscovery.ModFileParser/LOADING]: Considering mod file candidate /workspaces/Sagon/servidor_minecraft/mods/connectivity-1.20.1-6.5.jar
[14May2025 22:20:58.195] [main/DEBUG] [net.minecraftforge.fml.loading.moddiscovery.ModFileInfo/LOADING]: Found valid mod file connectivity-1.20.1-6.5.jar with {connectivity} mods - versions {1.20.1-6.5}
[14May2025 22:20:58.195] [main/DEBUG] [net.minecraftforge.fml.loading.moddiscovery.ModFile/LOADING]: Loading mod file /workspaces/Sagon/servidor_minecraft/mods/connectivity-1.20.1-6.5.jar with languages [LanguageSpec[languageName=javafml, acceptedVersions=[28,)]]
[14May2025 22:20:58.196] [main/DEBUG] [net.minecraftforge.fml.loading.moddiscovery.ModFileParser/LOADING]: Considering mod file candidate /workspaces/Sagon/servidor_minecraft/mods/loadingbackgrounds-forge-1.20.X-1.5.0.jar
[14May2025 22:20:58.197] [main/DEBUG] [net.minecraftforge.fml.loading.moddiscovery.ModFileInfo/LOADING]: Found valid mod file loadingbackgrounds-forge-1.20.X-1.5.0.jar with {loadingbackgrounds} mods - versions {1.5.0}
[14May2025 22:20:58.197] [main/DEBUG] [net.minecraftforge.fml.loading.moddiscovery.ModFile/LOADING]: Loading mod file /workspaces/Sagon/servidor_minecraft/mods/loadingbackgrounds-forge-1.20.X-1.5.0.jar with languages [LanguageSpec[languageName=javafml, acceptedVersions=[41,)]]
[14May2025 22:20:58.197] [main/DEBUG] [net.minecraftforge.fml.loading.moddiscovery.ModFileParser/LOADING]: Considering mod file candidate /workspaces/Sagon/servidor_minecraft/mods/immersive_aircraft-1.2.2+1.20.1-forge.jar
[14May2025 22:20:58.198] [main/DEBUG] [net.minecraftforge.fml.loading.moddiscovery.ModFileInfo/LOADING]: Found valid mod file immersive_aircraft-1.2.2+1.20.1-forge.jar with {immersive_aircraft} mods - versions {1.2.2+1.20.1}
[14May2025 22:20:58.198] [main/DEBUG] [net.minecraftforge.fml.loading.moddiscovery.ModFile/LOADING]: Loading mod file /workspaces/Sagon/servidor_minecraft/mods/immersive_aircraft-1.2.2+1.20.1-forge.jar with languages [LanguageSpec[languageName=javafml, acceptedVersions=[47,)]]
[14May2025 22:20:58.198] [main/DEBUG] [net.minecraftforge.fml.loading.moddiscovery.ModFileParser/LOADING]: Considering mod file candidate /workspaces/Sagon/servidor_minecraft/mods/gpumemleakfix-1.20.1-1.8.jar
[14May2025 22:20:58.199] [main/DEBUG] [net.minecraftforge.fml.loading.moddiscovery.ModFileInfo/LOADING]: Found valid mod file gpumemleakfix-1.20.1-1.8.jar with {gpumemleakfix} mods - versions {1.20.1-1.8}
[14May2025 22:20:58.199] [main/DEBUG] [net.minecraftforge.fml.loading.moddiscovery.ModFile/LOADING]: Loading mod file /workspaces/Sagon/servidor_minecraft/mods/gpumemleakfix-1.20.1-1.8.jar with languages [LanguageSpec[languageName=javafml, acceptedVersions=[36,)]]
[14May2025 22:20:58.199] [main/DEBUG] [net.minecraftforge.fml.loading.moddiscovery.ModFileParser/LOADING]: Considering mod file candidate /workspaces/Sagon/servidor_minecraft/mods/structureessentials-1.20.1-4.2.jar
[14May2025 22:20:58.199] [main/DEBUG] [net.minecraftforge.fml.loading.moddiscovery.ModFileInfo/LOADING]: Found valid mod file structureessentials-1.20.1-4.2.jar with {structureessentials} mods - versions {1.20.1-4.2}
[14May2025 22:20:58.199] [main/DEBUG] [net.minecraftforge.fml.loading.moddiscovery.ModFile/LOADING]: Loading mod file /workspaces/Sagon/servidor_minecraft/mods/structureessentials-1.20.1-4.2.jar with languages [LanguageSpec[languageName=javafml, acceptedVersions=[36,)]]
[14May2025 22:20:58.199] [main/DEBUG] [net.minecraftforge.fml.loading.moddiscovery.ModFileParser/LOADING]: Considering mod file candidate /workspaces/Sagon/servidor_minecraft/mods/Controlling-forge-1.20.1-12.0.2.jar
[14May2025 22:20:58.200] [main/DEBUG] [net.minecraftforge.fml.loading.moddiscovery.ModFileInfo/LOADING]: Found valid mod file Controlling-forge-1.20.1-12.0.2.jar with {controlling} mods - versions {12.0.2}
[14May2025 22:20:58.200] [main/DEBUG] [net.minecraftforge.fml.loading.moddiscovery.ModFile/LOADING]: Loading mod file /workspaces/Sagon/servidor_minecraft/mods/Controlling-forge-1.20.1-12.0.2.jar with languages [LanguageSpec[languageName=javafml, acceptedVersions=[41,)]]
[14May2025 22:20:58.200] [main/DEBUG] [net.minecraftforge.fml.loading.moddiscovery.ModFileParser/LOADING]: Considering mod file candidate /workspaces/Sagon/servidor_minecraft/mods/citadel-2.6.1-1.20.1.jar
[14May2025 22:20:58.200] [main/DEBUG] [net.minecraftforge.fml.loading.moddiscovery.ModFileInfo/LOADING]: Found valid mod file citadel-2.6.1-1.20.1.jar with {citadel} mods - versions {2.6.1}
[14May2025 22:20:58.201] [main/DEBUG] [net.minecraftforge.fml.loading.moddiscovery.ModFile/LOADING]: Loading mod file /workspaces/Sagon/servidor_minecraft/mods/citadel-2.6.1-1.20.1.jar with languages [LanguageSpec[languageName=javafml, acceptedVersions=[47,)]]
[14May2025 22:20:58.201] [main/DEBUG] [net.minecraftforge.fml.loading.moddiscovery.ModFileParser/LOADING]: Considering mod file candidate /workspaces/Sagon/servidor_minecraft/mods/modernfix-forge-5.20.2+mc1.20.1.jar
[14May2025 22:20:58.202] [main/DEBUG] [net.minecraftforge.fml.loading.moddiscovery.ModFileInfo/LOADING]: Found valid mod file modernfix-forge-5.20.2+mc1.20.1.jar with {modernfix} mods - versions {5.20.2+mc1.20.1}
[14May2025 22:20:58.202] [main/DEBUG] [net.minecraftforge.fml.loading.moddiscovery.ModFile/LOADING]: Loading mod file /workspaces/Sagon/servidor_minecraft/mods/modernfix-forge-5.20.2+mc1.20.1.jar with languages [LanguageSpec[languageName=javafml, acceptedVersions=[46,)]]
[14May2025 22:20:58.202] [main/DEBUG] [net.minecraftforge.fml.loading.moddiscovery.ModFileParser/LOADING]: Considering mod file candidate /workspaces/Sagon/servidor_minecraft/mods/Placebo-1.20.1-8.6.2.jar
[14May2025 22:20:58.203] [main/DEBUG] [net.minecraftforge.fml.loading.moddiscovery.ModFileInfo/LOADING]: Found valid mod file Placebo-1.20.1-8.6.2.jar with {placebo} mods - versions {8.6.2}
[14May2025 22:20:58.203] [main/DEBUG] [net.minecraftforge.fml.loading.moddiscovery.ModFile/LOADING]: Loading mod file /workspaces/Sagon/servidor_minecraft/mods/Placebo-1.20.1-8.6.2.jar with languages [LanguageSpec[languageName=javafml, acceptedVersions=[32,)]]
[14May2025 22:20:58.206] [main/DEBUG] [net.minecraftforge.fml.loading.moddiscovery.ModFileParser/LOADING]: Found coremod placebo_get_ench_level_event with Javascript path coremods/get_ench_level_event.js
[14May2025 22:20:58.207] [main/DEBUG] [net.minecraftforge.fml.loading.moddiscovery.ModFileParser/LOADING]: Found coremod placebo_get_ench_level_event_specific with Javascript path coremods/get_ench_level_event_specific.js
[14May2025 22:20:58.207] [main/DEBUG] [net.minecraftforge.fml.loading.moddiscovery.ModFile/LOADING]: Found coremod coremods/get_ench_level_event.js
[14May2025 22:20:58.207] [main/DEBUG] [net.minecraftforge.fml.loading.moddiscovery.ModFile/LOADING]: Found coremod coremods/get_ench_level_event_specific.js
[14May2025 22:20:58.207] [main/DEBUG] [net.minecraftforge.fml.loading.moddiscovery.ModFileParser/LOADING]: Considering mod file candidate /workspaces/Sagon/servidor_minecraft/mods/YungsApi-1.20-Forge-4.0.6.jar
[14May2025 22:20:58.208] [main/DEBUG] [net.minecraftforge.fml.loading.moddiscovery.ModFileInfo/LOADING]: Found valid mod file YungsApi-1.20-Forge-4.0.6.jar with {yungsapi} mods - versions {1.20-Forge-4.0.6}
[14May2025 22:20:58.208] [main/DEBUG] [net.minecraftforge.fml.loading.moddiscovery.ModFile/LOADING]: Loading mod file /workspaces/Sagon/servidor_minecraft/mods/YungsApi-1.20-Forge-4.0.6.jar with languages [LanguageSpec[languageName=javafml, acceptedVersions=[46,)]]
[14May2025 22:20:58.208] [main/DEBUG] [net.minecraftforge.fml.loading.moddiscovery.ModFileParser/LOADING]: Considering mod file candidate /workspaces/Sagon/servidor_minecraft/mods/redeco-1.14.1-forge-1.20.1.jar
[14May2025 22:20:58.209] [main/DEBUG] [net.minecraftforge.fml.loading.moddiscovery.ModFileInfo/LOADING]: Found valid mod file redeco-1.14.1-forge-1.20.1.jar with {redeco} mods - versions {1.14.1}
[14May2025 22:20:58.209] [main/DEBUG] [net.minecraftforge.fml.loading.moddiscovery.ModFile/LOADING]: Loading mod file /workspaces/Sagon/servidor_minecraft/mods/redeco-1.14.1-forge-1.20.1.jar with languages [LanguageSpec[languageName=javafml, acceptedVersions=[40,)]]
[14May2025 22:20:58.210] [main/DEBUG] [net.minecraftforge.fml.loading.moddiscovery.ModFileParser/LOADING]: Considering mod file candidate /workspaces/Sagon/servidor_minecraft/mods/balm-forge-1.20.1-7.3.11-all.jar
[14May2025 22:20:58.210] [main/DEBUG] [net.minecraftforge.fml.loading.moddiscovery.ModFileInfo/LOADING]: Found valid mod file balm-forge-1.20.1-7.3.11-all.jar with {balm} mods - versions {7.3.11}
[14May2025 22:20:58.211] [main/DEBUG] [net.minecraftforge.fml.loading.moddiscovery.ModFile/LOADING]: Loading mod file /workspaces/Sagon/servidor_minecraft/mods/balm-forge-1.20.1-7.3.11-all.jar with languages [LanguageSpec[languageName=javafml, acceptedVersions=[46,)]]
[14May2025 22:20:58.211] [main/DEBUG] [net.minecraftforge.fml.loading.moddiscovery.ModFileParser/LOADING]: Considering mod file candidate /workspaces/Sagon/servidor_minecraft/mods/SnowRealMagic-1.20.1-Forge-10.6.1.jar
[14May2025 22:20:58.212] [main/DEBUG] [net.minecraftforge.fml.loading.moddiscovery.ModFileInfo/LOADING]: Found valid mod file SnowRealMagic-1.20.1-Forge-10.6.1.jar with {snowrealmagic} mods - versions {10.6.1}
[14May2025 22:20:58.212] [main/DEBUG] [net.minecraftforge.fml.loading.moddiscovery.ModFile/LOADING]: Loading mod file /workspaces/Sagon/servidor_minecraft/mods/SnowRealMagic-1.20.1-Forge-10.6.1.jar with languages [LanguageSpec[languageName=javafml, acceptedVersions=[46,)]]
[14May2025 22:20:58.212] [main/DEBUG] [net.minecraftforge.fml.loading.moddiscovery.ModFileParser/LOADING]: Considering mod file candidate /workspaces/Sagon/servidor_minecraft/mods/carryon-forge-1.20.1-2.1.2.7.jar
[14May2025 22:20:58.212] [main/DEBUG] [net.minecraftforge.fml.loading.moddiscovery.ModFileInfo/LOADING]: Found valid mod file carryon-forge-1.20.1-2.1.2.7.jar with {carryon} mods - versions {2.1.2.7}
[14May2025 22:20:58.212] [main/DEBUG] [net.minecraftforge.fml.loading.moddiscovery.ModFile/LOADING]: Loading mod file /workspaces/Sagon/servidor_minecraft/mods/carryon-forge-1.20.1-2.1.2.7.jar with languages [LanguageSpec[languageName=javafml, acceptedVersions=[46,)]]
[14May2025 22:20:58.212] [main/DEBUG] [net.minecraftforge.fml.loading.moddiscovery.ModFileParser/LOADING]: Considering mod file candidate /workspaces/Sagon/servidor_minecraft/mods/chat_heads-0.13.11-forge-1.20.jar
[14May2025 22:20:58.213] [main/DEBUG] [net.minecraftforge.fml.loading.moddiscovery.ModFileInfo/LOADING]: Found valid mod file chat_heads-0.13.11-forge-1.20.jar with {chat_heads} mods - versions {0.13.11}
[14May2025 22:20:58.214] [main/DEBUG] [net.minecraftforge.fml.loading.moddiscovery.ModFile/LOADING]: Loading mod file /workspaces/Sagon/servidor_minecraft/mods/chat_heads-0.13.11-forge-1.20.jar with languages [LanguageSpec[languageName=javafml, acceptedVersions=[44,)]]
[14May2025 22:20:58.214] [main/DEBUG] [net.minecraftforge.fml.loading.moddiscovery.ModFileParser/LOADING]: Considering mod file candidate /workspaces/Sagon/servidor_minecraft/mods/melody_forge_1.0.3_MC_1.20.1-1.20.4.jar
[14May2025 22:20:58.215] [main/DEBUG] [net.minecraftforge.fml.loading.moddiscovery.ModFileInfo/LOADING]: Found valid mod file melody_forge_1.0.3_MC_1.20.1-1.20.4.jar with {melody} mods - versions {1.0.2}
[14May2025 22:20:58.215] [main/DEBUG] [net.minecraftforge.fml.loading.moddiscovery.ModFile/LOADING]: Loading mod file /workspaces/Sagon/servidor_minecraft/mods/melody_forge_1.0.3_MC_1.20.1-1.20.4.jar with languages [LanguageSpec[languageName=javafml, acceptedVersions=[47,)]]
[14May2025 22:20:58.215] [main/DEBUG] [net.minecraftforge.fml.loading.moddiscovery.ModFileParser/LOADING]: Considering mod file candidate /workspaces/Sagon/servidor_minecraft/mods/forge-startinv-1.0.0-1.20.1.jar
[14May2025 22:20:58.216] [main/DEBUG] [net.minecraftforge.fml.loading.moddiscovery.ModFileInfo/LOADING]: Found valid mod file forge-startinv-1.0.0-1.20.1.jar with {startinv} mods - versions {1.0.0}
[14May2025 22:20:58.216] [main/DEBUG] [net.minecraftforge.fml.loading.moddiscovery.ModFile/LOADING]: Loading mod file /workspaces/Sagon/servidor_minecraft/mods/forge-startinv-1.0.0-1.20.1.jar with languages [LanguageSpec[languageName=javafml, acceptedVersions=[40,)]]
[14May2025 22:20:58.217] [main/DEBUG] [net.minecraftforge.fml.loading.moddiscovery.ModFileParser/LOADING]: Considering mod file candidate /workspaces/Sagon/servidor_minecraft/mods/cloth-config-11.1.136-forge.jar
[14May2025 22:20:58.217] [main/DEBUG] [net.minecraftforge.fml.loading.moddiscovery.ModFileInfo/LOADING]: Found valid mod file cloth-config-11.1.136-forge.jar with {cloth_config} mods - versions {11.1.136}
[14May2025 22:20:58.218] [main/DEBUG] [net.minecraftforge.fml.loading.moddiscovery.ModFile/LOADING]: Loading mod file /workspaces/Sagon/servidor_minecraft/mods/cloth-config-11.1.136-forge.jar with languages [LanguageSpec[languageName=javafml, acceptedVersions=[34,)]]
[14May2025 22:20:58.218] [main/DEBUG] [net.minecraftforge.fml.loading.moddiscovery.ModFileParser/LOADING]: Considering mod file candidate /workspaces/Sagon/servidor_minecraft/mods/sawmill-1.20-1.4.6.jar
[14May2025 22:20:58.218] [main/DEBUG] [net.minecraftforge.fml.loading.moddiscovery.ModFileInfo/LOADING]: Found valid mod file sawmill-1.20-1.4.6.jar with {sawmill} mods - versions {1.20-1.4.6}
[14May2025 22:20:58.218] [main/DEBUG] [net.minecraftforge.fml.loading.moddiscovery.ModFile/LOADING]: Loading mod file /workspaces/Sagon/servidor_minecraft/mods/sawmill-1.20-1.4.6.jar with languages [LanguageSpec[languageName=javafml, acceptedVersions=[47,)]]
[14May2025 22:20:58.218] [main/DEBUG] [net.minecraftforge.fml.loading.moddiscovery.ModFileParser/LOADING]: Considering mod file candidate /workspaces/Sagon/servidor_minecraft/mods/supplementaries-1.20-3.1.24.jar
[14May2025 22:20:58.219] [main/DEBUG] [net.minecraftforge.fml.loading.moddiscovery.ModFileInfo/LOADING]: Found valid mod file supplementaries-1.20-3.1.24.jar with {supplementaries} mods - versions {1.20-3.1.24}
[14May2025 22:20:58.219] [main/DEBUG] [net.minecraftforge.fml.loading.moddiscovery.ModFile/LOADING]: Loading mod file /workspaces/Sagon/servidor_minecraft/mods/supplementaries-1.20-3.1.24.jar with languages [LanguageSpec[languageName=javafml, acceptedVersions=[4,)]]
[14May2025 22:20:58.219] [main/DEBUG] [net.minecraftforge.fml.loading.moddiscovery.ModFileParser/LOADING]: Considering mod file candidate /workspaces/Sagon/servidor_minecraft/mods/embeddium-0.3.31+mc1.20.1.jar
[14May2025 22:20:58.220] [main/DEBUG] [net.minecraftforge.fml.loading.moddiscovery.ModFileInfo/LOADING]: Found valid mod file embeddium-0.3.31+mc1.20.1.jar with {embeddium,rubidium} mods - versions {0.3.31+mc1.20.1,0.7.1}
[14May2025 22:20:58.220] [main/DEBUG] [net.minecraftforge.fml.loading.moddiscovery.ModFile/LOADING]: Loading mod file /workspaces/Sagon/servidor_minecraft/mods/embeddium-0.3.31+mc1.20.1.jar with languages [LanguageSpec[languageName=javafml, acceptedVersions=[47,)]]
[14May2025 22:20:58.220] [main/DEBUG] [net.minecraftforge.fml.loading.moddiscovery.ModFileParser/LOADING]: Considering mod file candidate /workspaces/Sagon/servidor_minecraft/mods/konkrete_forge_1.8.0_MC_1.20-1.20.1.jar
[14May2025 22:20:58.221] [main/DEBUG] [net.minecraftforge.fml.loading.moddiscovery.ModFileInfo/LOADING]: Found valid mod file konkrete_forge_1.8.0_MC_1.20-1.20.1.jar with {konkrete} mods - versions {1.8.0}
[14May2025 22:20:58.221] [main/DEBUG] [net.minecraftforge.fml.loading.moddiscovery.ModFile/LOADING]: Loading mod file /workspaces/Sagon/servidor_minecraft/mods/konkrete_forge_1.8.0_MC_1.20-1.20.1.jar with languages [LanguageSpec[languageName=javafml, acceptedVersions=[46,)]]
[14May2025 22:20:58.222] [main/DEBUG] [net.minecraftforge.fml.loading.moddiscovery.ModFileParser/LOADING]: Considering mod file candidate /workspaces/Sagon/servidor_minecraft/mods/enemyexpansion-2.3.1-forge-1.20.1.jar
[14May2025 22:20:58.222] [main/DEBUG] [net.minecraftforge.fml.loading.moddiscovery.ModFileInfo/LOADING]: Found valid mod file enemyexpansion-2.3.1-forge-1.20.1.jar with {enemyexpansion} mods - versions {2.3.1}
[14May2025 22:20:58.223] [main/DEBUG] [net.minecraftforge.fml.loading.moddiscovery.ModFile/LOADING]: Loading mod file /workspaces/Sagon/servidor_minecraft/mods/enemyexpansion-2.3.1-forge-1.20.1.jar with languages [LanguageSpec[languageName=javafml, acceptedVersions=[47,)]]
[14May2025 22:20:58.223] [main/DEBUG] [net.minecraftforge.fml.loading.moddiscovery.ModFileParser/LOADING]: Considering mod file candidate /workspaces/Sagon/servidor_minecraft/mods/entity_model_features_forge_1.20.1-2.4.1.jar
[14May2025 22:20:58.224] [main/DEBUG] [net.minecraftforge.fml.loading.moddiscovery.ModFileInfo/LOADING]: Found valid mod file entity_model_features_forge_1.20.1-2.4.1.jar with {entity_model_features} mods - versions {2.4.1}
[14May2025 22:20:58.224] [main/DEBUG] [net.minecraftforge.fml.loading.moddiscovery.ModFile/LOADING]: Loading mod file /workspaces/Sagon/servidor_minecraft/mods/entity_model_features_forge_1.20.1-2.4.1.jar with languages [LanguageSpec[languageName=javafml, acceptedVersions=[1,)]]
[14May2025 22:20:58.225] [main/DEBUG] [net.minecraftforge.fml.loading.moddiscovery.ModFileParser/LOADING]: Considering mod file candidate /workspaces/Sagon/servidor_minecraft/mods/FarmersDelight-1.20.1-1.2.7.jar
[14May2025 22:20:58.225] [main/DEBUG] [net.minecraftforge.fml.loading.moddiscovery.ModFileInfo/LOADING]: Found valid mod file FarmersDelight-1.20.1-1.2.7.jar with {farmersdelight} mods - versions {1.20.1-1.2.7}
[14May2025 22:20:58.225] [main/DEBUG] [net.minecraftforge.fml.loading.moddiscovery.ModFile/LOADING]: Loading mod file /workspaces/Sagon/servidor_minecraft/mods/FarmersDelight-1.20.1-1.2.7.jar with languages [LanguageSpec[languageName=javafml, acceptedVersions=[46,)]]
[14May2025 22:20:58.225] [main/DEBUG] [net.minecraftforge.fml.loading.moddiscovery.ModFileParser/LOADING]: Considering mod file candidate /workspaces/Sagon/servidor_minecraft/mods/entity_texture_features_forge_1.20.1-6.2.9.jar
[14May2025 22:20:58.226] [main/DEBUG] [net.minecraftforge.fml.loading.moddiscovery.ModFileInfo/LOADING]: Found valid mod file entity_texture_features_forge_1.20.1-6.2.9.jar with {entity_texture_features} mods - versions {6.2.9}
[14May2025 22:20:58.226] [main/DEBUG] [net.minecraftforge.fml.loading.moddiscovery.ModFile/LOADING]: Loading mod file /workspaces/Sagon/servidor_minecraft/mods/entity_texture_features_forge_1.20.1-6.2.9.jar with languages [LanguageSpec[languageName=javafml, acceptedVersions=[1,)]]
[14May2025 22:20:58.226] [main/DEBUG] [net.minecraftforge.fml.loading.moddiscovery.ModFileParser/LOADING]: Considering mod file candidate /workspaces/Sagon/servidor_minecraft/mods/morevillagers-forge-1.20.1-5.0.0.jar
[14May2025 22:20:58.227] [main/DEBUG] [net.minecraftforge.fml.loading.moddiscovery.ModFileInfo/LOADING]: Found valid mod file morevillagers-forge-1.20.1-5.0.0.jar with {morevillagers} mods - versions {5.0.0}
[14May2025 22:20:58.227] [main/DEBUG] [net.minecraftforge.fml.loading.moddiscovery.ModFile/LOADING]: Loading mod file /workspaces/Sagon/servidor_minecraft/mods/morevillagers-forge-1.20.1-5.0.0.jar with languages [LanguageSpec[languageName=javafml, acceptedVersions=[41,)]]
[14May2025 22:20:58.227] [main/DEBUG] [net.minecraftforge.fml.loading.moddiscovery.ModFileParser/LOADING]: Considering mod file candidate /workspaces/Sagon/servidor_minecraft/mods/cataclysmiccombat-1.4.jar
[14May2025 22:20:58.228] [main/DEBUG] [net.minecraftforge.fml.loading.moddiscovery.ModFileInfo/LOADING]: Found valid mod file cataclysmiccombat-1.4.jar with {cataclysmiccombat} mods - versions {1.4}
[14May2025 22:20:58.228] [main/DEBUG] [net.minecraftforge.fml.loading.moddiscovery.ModFile/LOADING]: Loading mod file /workspaces/Sagon/servidor_minecraft/mods/cataclysmiccombat-1.4.jar with languages [LanguageSpec[languageName=lowcodefml, acceptedVersions=[47,)]]
[14May2025 22:20:58.228] [main/DEBUG] [net.minecraftforge.fml.loading.moddiscovery.ModFileParser/LOADING]: Considering mod file candidate /workspaces/Sagon/servidor_minecraft/mods/enderitemod-1.5.1-1.20.1-forge.jar
[14May2025 22:20:58.229] [main/DEBUG] [net.minecraftforge.fml.loading.moddiscovery.ModFileInfo/LOADING]: Found valid mod file enderitemod-1.5.1-1.20.1-forge.jar with {enderitemod} mods - versions {1.5.1}
[14May2025 22:20:58.231] [main/DEBUG] [net.minecraftforge.fml.loading.moddiscovery.ModFile/LOADING]: Loading mod file /workspaces/Sagon/servidor_minecraft/mods/enderitemod-1.5.1-1.20.1-forge.jar with languages [LanguageSpec[languageName=javafml, acceptedVersions=[47,)]]
[14May2025 22:20:58.231] [main/DEBUG] [net.minecraftforge.fml.loading.moddiscovery.ModFileParser/LOADING]: Considering mod file candidate /workspaces/Sagon/servidor_minecraft/mods/born_in_chaos_[Forge]1.20.1_1.6.3.jar
[14May2025 22:20:58.232] [main/DEBUG] [net.minecraftforge.fml.loading.moddiscovery.ModFileInfo/LOADING]: Found valid mod file born_in_chaos_[Forge]1.20.1_1.6.3.jar with {born_in_chaos_v1} mods - versions {1.6.3}
[14May2025 22:20:58.232] [main/DEBUG] [net.minecraftforge.fml.loading.moddiscovery.ModFile/LOADING]: Loading mod file /workspaces/Sagon/servidor_minecraft/mods/born_in_chaos_[Forge]1.20.1_1.6.3.jar with languages [LanguageSpec[languageName=javafml, acceptedVersions=[47,)]]
[14May2025 22:20:58.232] [main/DEBUG] [net.minecraftforge.fml.loading.moddiscovery.ModFileParser/LOADING]: Considering mod file candidate /workspaces/Sagon/servidor_minecraft/mods/HangGlider-v8.0.1-1.20.1-Forge.jar
[14May2025 22:20:58.232] [main/DEBUG] [net.minecraftforge.fml.loading.moddiscovery.ModFileInfo/LOADING]: Found valid mod file HangGlider-v8.0.1-1.20.1-Forge.jar with {hangglider} mods - versions {8.0.1}
[14May2025 22:20:58.233] [main/DEBUG] [net.minecraftforge.fml.loading.moddiscovery.ModFile/LOADING]: Loading mod file /workspaces/Sagon/servidor_minecraft/mods/HangGlider-v8.0.1-1.20.1-Forge.jar with languages [LanguageSpec[languageName=javafml, acceptedVersions=[47,)]]
[14May2025 22:20:58.233] [main/DEBUG] [net.minecraftforge.fml.loading.moddiscovery.ModFileParser/LOADING]: Considering mod file candidate /workspaces/Sagon/servidor_minecraft/mods/resourcefulconfig-forge-1.20.1-2.1.2.jar
[14May2025 22:20:58.233] [main/DEBUG] [net.minecraftforge.fml.loading.moddiscovery.ModFileInfo/LOADING]: Found valid mod file resourcefulconfig-forge-1.20.1-2.1.2.jar with {resourcefulconfig} mods - versions {2.1.2}
[14May2025 22:20:58.233] [main/DEBUG] [net.minecraftforge.fml.loading.moddiscovery.ModFile/LOADING]: Loading mod file /workspaces/Sagon/servidor_minecraft/mods/resourcefulconfig-forge-1.20.1-2.1.2.jar with languages [LanguageSpec[languageName=javafml, acceptedVersions=[46,)]]
[14May2025 22:20:58.233] [main/DEBUG] [net.minecraftforge.fml.loading.moddiscovery.ModFileParser/LOADING]: Considering mod file candidate /workspaces/Sagon/servidor_minecraft/mods/lionfishapi-2.4-Fix.jar
[14May2025 22:20:58.233] [main/DEBUG] [net.minecraftforge.fml.loading.moddiscovery.ModFileInfo/LOADING]: Found valid mod file lionfishapi-2.4-Fix.jar with {lionfishapi} mods - versions {2.4-Fix}
[14May2025 22:20:58.233] [main/DEBUG] [net.minecraftforge.fml.loading.moddiscovery.ModFile/LOADING]: Loading mod file /workspaces/Sagon/servidor_minecraft/mods/lionfishapi-2.4-Fix.jar with languages [LanguageSpec[languageName=javafml, acceptedVersions=[47,)]]
[14May2025 22:20:58.234] [main/DEBUG] [net.minecraftforge.fml.loading.moddiscovery.ModFileParser/LOADING]: Considering mod file candidate /workspaces/Sagon/servidor_minecraft/mods/spark-1.10.53-forge.jar
[14May2025 22:20:58.234] [main/DEBUG] [net.minecraftforge.fml.loading.moddiscovery.ModFileInfo/LOADING]: Found valid mod file spark-1.10.53-forge.jar with {spark} mods - versions {1.10.53}
[14May2025 22:20:58.234] [main/DEBUG] [net.minecraftforge.fml.loading.moddiscovery.ModFile/LOADING]: Loading mod file /workspaces/Sagon/servidor_minecraft/mods/spark-1.10.53-forge.jar with languages [LanguageSpec[languageName=javafml, acceptedVersions=[34,)]]
[14May2025 22:20:58.234] [main/DEBUG] [net.minecraftforge.fml.loading.moddiscovery.ModFileParser/LOADING]: Considering mod file candidate /workspaces/Sagon/servidor_minecraft/mods/curios-forge-5.11.1+1.20.1.jar
[14May2025 22:20:58.235] [main/DEBUG] [net.minecraftforge.fml.loading.moddiscovery.ModFileInfo/LOADING]: Found valid mod file curios-forge-5.11.1+1.20.1.jar with {curios} mods - versions {5.11.1+1.20.1}
[14May2025 22:20:58.236] [main/DEBUG] [net.minecraftforge.fml.loading.moddiscovery.ModFile/LOADING]: Loading mod file /workspaces/Sagon/servidor_minecraft/mods/curios-forge-5.11.1+1.20.1.jar with languages [LanguageSpec[languageName=javafml, acceptedVersions=[41,)]]
[14May2025 22:20:58.236] [main/DEBUG] [net.minecraftforge.fml.loading.moddiscovery.ModFileParser/LOADING]: Considering mod file candidate /workspaces/Sagon/servidor_minecraft/mods/L_Enders_Cataclysm-2.47- 1.20.1.jar
[14May2025 22:20:58.237] [main/DEBUG] [net.minecraftforge.fml.loading.moddiscovery.ModFileInfo/LOADING]: Found valid mod file L_Enders_Cataclysm-2.47- 1.20.1.jar with {cataclysm} mods - versions {2.47}
[14May2025 22:20:58.237] [main/DEBUG] [net.minecraftforge.fml.loading.moddiscovery.ModFile/LOADING]: Loading mod file /workspaces/Sagon/servidor_minecraft/mods/L_Enders_Cataclysm-2.47- 1.20.1.jar with languages [LanguageSpec[languageName=javafml, acceptedVersions=[36,)]]
[14May2025 22:20:58.237] [main/DEBUG] [net.minecraftforge.fml.loading.moddiscovery.ModFileParser/LOADING]: Considering mod file candidate /workspaces/Sagon/servidor_minecraft/mods/despawn_tweaker-1.20.1-1.0.0.jar
[14May2025 22:20:58.237] [main/DEBUG] [net.minecraftforge.fml.loading.moddiscovery.ModFileInfo/LOADING]: Found valid mod file despawn_tweaker-1.20.1-1.0.0.jar with {despawn_tweaker} mods - versions {1.20.1-1.0.0}
[14May2025 22:20:58.237] [main/DEBUG] [net.minecraftforge.fml.loading.moddiscovery.ModFile/LOADING]: Loading mod file /workspaces/Sagon/servidor_minecraft/mods/despawn_tweaker-1.20.1-1.0.0.jar with languages [LanguageSpec[languageName=javafml, acceptedVersions=[36,)]]
[14May2025 22:20:58.237] [main/DEBUG] [net.minecraftforge.fml.loading.moddiscovery.ModFileParser/LOADING]: Considering mod file candidate /workspaces/Sagon/servidor_minecraft/mods/CerbonsApi-Forge-1.20.1-1.0.0.jar
[14May2025 22:20:58.237] [main/DEBUG] [net.minecraftforge.fml.loading.moddiscovery.ModFileInfo/LOADING]: Found valid mod file CerbonsApi-Forge-1.20.1-1.0.0.jar with {cerbons_api} mods - versions {1.0.0}
[14May2025 22:20:58.238] [main/DEBUG] [net.minecraftforge.fml.loading.moddiscovery.ModFile/LOADING]: Loading mod file /workspaces/Sagon/servidor_minecraft/mods/CerbonsApi-Forge-1.20.1-1.0.0.jar with languages [LanguageSpec[languageName=javafml, acceptedVersions=[47,)]]
[14May2025 22:20:58.238] [main/DEBUG] [net.minecraftforge.fml.loading.moddiscovery.ModFileParser/LOADING]: Considering mod file candidate /workspaces/Sagon/servidor_minecraft/mods/Searchables-forge-1.20.1-1.0.3.jar
[14May2025 22:20:58.240] [main/DEBUG] [net.minecraftforge.fml.loading.moddiscovery.ModFileInfo/LOADING]: Found valid mod file Searchables-forge-1.20.1-1.0.3.jar with {searchables} mods - versions {1.0.3}
[14May2025 22:20:58.241] [main/DEBUG] [net.minecraftforge.fml.loading.moddiscovery.ModFile/LOADING]: Loading mod file /workspaces/Sagon/servidor_minecraft/mods/Searchables-forge-1.20.1-1.0.3.jar with languages [LanguageSpec[languageName=javafml, acceptedVersions=[41,)]]
[14May2025 22:20:58.242] [main/DEBUG] [net.minecraftforge.fml.loading.moddiscovery.ModFileParser/LOADING]: Considering mod file candidate /workspaces/Sagon/servidor_minecraft/mods/noisium-forge-2.3.0+mc1.20-1.20.1.jar
[14May2025 22:20:58.242] [main/DEBUG] [net.minecraftforge.fml.loading.moddiscovery.ModFileInfo/LOADING]: Found valid mod file noisium-forge-2.3.0+mc1.20-1.20.1.jar with {noisium} mods - versions {2.3.0+mc1.20-1.20.1}
[14May2025 22:20:58.242] [main/DEBUG] [net.minecraftforge.fml.loading.moddiscovery.ModFile/LOADING]: Loading mod file /workspaces/Sagon/servidor_minecraft/mods/noisium-forge-2.3.0+mc1.20-1.20.1.jar with languages [LanguageSpec[languageName=javafml, acceptedVersions=>=47.1.100]]
[14May2025 22:20:58.243] [main/DEBUG] [net.minecraftforge.fml.loading.moddiscovery.ModFileParser/LOADING]: Considering mod file candidate /workspaces/Sagon/servidor_minecraft/mods/stackable_stew_and_soup-merged-1.20.1-2.0.1.jar
[14May2025 22:20:58.243] [main/DEBUG] [net.minecraftforge.fml.loading.moddiscovery.ModFileInfo/LOADING]: Found valid mod file stackable_stew_and_soup-merged-1.20.1-2.0.1.jar with {stackable_stew_and_soup} mods - versions {2.0.1}
[14May2025 22:20:58.243] [main/DEBUG] [net.minecraftforge.fml.loading.moddiscovery.ModFile/LOADING]: Loading mod file /workspaces/Sagon/servidor_minecraft/mods/stackable_stew_and_soup-merged-1.20.1-2.0.1.jar with languages [LanguageSpec[languageName=javafml, acceptedVersions=[43,)]]
[14May2025 22:20:58.244] [main/DEBUG] [net.minecraftforge.fml.loading.moddiscovery.ModFileParser/LOADING]: Considering mod file candidate 
[14May2025 22:20:58.245] [main/DEBUG] [net.minecraftforge.fml.loading.moddiscovery.ModFileInfo/LOADING]: Found valid mod file resourcefullib-forge-1.20.1-2.1.20.jar with {resourcefullib} mods - versions {2.1.20}
[14May2025 22:20:58.245] [main/DEBUG] [net.minecraftforge.fml.loading.moddiscovery.ModFile/LOADING]: Loading mod file  with languages [LanguageSpec[languageName=javafml, acceptedVersions=[46,)]]
[14May2025 22:20:58.246] [main/DEBUG] [net.minecraftforge.fml.loading.moddiscovery.ModFileParser/LOADING]: Considering mod file candidate /workspaces/Sagon/servidor_minecraft/mods/architectury-9.2.14-forge.jar
[14May2025 22:20:58.246] [main/DEBUG] [net.minecraftforge.fml.loading.moddiscovery.ModFileInfo/LOADING]: Found valid mod file architectury-9.2.14-forge.jar with {architectury} mods - versions {9.2.14}
[14May2025 22:20:58.246] [main/DEBUG] [net.minecraftforge.fml.loading.moddiscovery.ModFile/LOADING]: Loading mod file /workspaces/Sagon/servidor_minecraft/mods/architectury-9.2.14-forge.jar with languages [LanguageSpec[languageName=javafml, acceptedVersions=[46,)]]
[14May2025 22:20:58.246] [main/DEBUG] [net.minecraftforge.fml.loading.moddiscovery.ModFileParser/LOADING]: Considering mod file candidate /workspaces/Sagon/servidor_minecraft/mods/BoatBreakFix-Universal-1.0.2.jar
[14May2025 22:20:58.247] [main/DEBUG] [net.minecraftforge.fml.loading.moddiscovery.ModFileInfo/LOADING]: Found valid mod file BoatBreakFix-Universal-1.0.2.jar with {boatbreakfix} mods - versions {1.0.2}
[14May2025 22:20:58.247] [main/DEBUG] [net.minecraftforge.fml.loading.moddiscovery.ModFile/LOADING]: Loading mod file /workspaces/Sagon/servidor_minecraft/mods/BoatBreakFix-Universal-1.0.2.jar with languages [LanguageSpec[languageName=javafml, acceptedVersions=[37,)]]
[14May2025 22:20:58.247] [main/DEBUG] [net.minecraftforge.fml.loading.moddiscovery.ModFileParser/LOADING]: Considering mod file candidate /workspaces/Sagon/servidor_minecraft/mods/cfm-forge-1.20.1-7.0.0-pre36.jar
[14May2025 22:20:58.248] [main/DEBUG] [net.minecraftforge.fml.loading.moddiscovery.ModFileInfo/LOADING]: Found valid mod file cfm-forge-1.20.1-7.0.0-pre36.jar with {cfm} mods - versions {7.0.0-pre36}
[14May2025 22:20:58.249] [main/DEBUG] [net.minecraftforge.fml.loading.moddiscovery.ModFile/LOADING]: Loading mod file /workspaces/Sagon/servidor_minecraft/mods/cfm-forge-1.20.1-7.0.0-pre36.jar with languages [LanguageSpec[languageName=javafml, acceptedVersions=[39,)]]
[14May2025 22:20:58.249] [main/DEBUG] [net.minecraftforge.fml.loading.moddiscovery.ModFileParser/LOADING]: Considering mod file candidate /workspaces/Sagon/servidor_minecraft/mods/AI-Improvements-1.20-0.5.2.jar
[14May2025 22:20:58.249] [main/DEBUG] [net.minecraftforge.fml.loading.moddiscovery.ModFileInfo/LOADING]: Found valid mod file AI-Improvements-1.20-0.5.2.jar with {aiimprovements} mods - versions {0.5.2}
[14May2025 22:20:58.250] [main/DEBUG] [net.minecraftforge.fml.loading.moddiscovery.ModFile/LOADING]: Loading mod file /workspaces/Sagon/servidor_minecraft/mods/AI-Improvements-1.20-0.5.2.jar with languages [LanguageSpec[languageName=javafml, acceptedVersions=[46,)]]
[14May2025 22:20:58.250] [main/DEBUG] [net.minecraftforge.fml.loading.moddiscovery.ModFileParser/LOADING]: Considering mod file candidate /workspaces/Sagon/servidor_minecraft/mods/cupboard-1.20.1-2.7.jar
[14May2025 22:20:58.252] [main/DEBUG] [net.minecraftforge.fml.loading.moddiscovery.ModFileInfo/LOADING]: Found valid mod file cupboard-1.20.1-2.7.jar with {cupboard} mods - versions {1.20.1-2.7}
[14May2025 22:20:58.252] [main/DEBUG] [net.minecraftforge.fml.loading.moddiscovery.ModFile/LOADING]: Loading mod file /workspaces/Sagon/servidor_minecraft/mods/cupboard-1.20.1-2.7.jar with languages [LanguageSpec[languageName=javafml, acceptedVersions=[36,)]]
[14May2025 22:20:58.253] [main/DEBUG] [net.minecraftforge.fml.loading.moddiscovery.ModFileParser/LOADING]: Considering mod file candidate /workspaces/Sagon/servidor_minecraft/mods/refurbished_furniture-forge-1.20.1-1.0.12.jar
[14May2025 22:20:58.253] [main/DEBUG] [net.minecraftforge.fml.loading.moddiscovery.ModFileInfo/LOADING]: Found valid mod file refurbished_furniture-forge-1.20.1-1.0.12.jar with {refurbished_furniture} mods - versions {1.0.12}
[14May2025 22:20:58.254] [main/DEBUG] [net.minecraftforge.fml.loading.moddiscovery.ModFile/LOADING]: Loading mod file /workspaces/Sagon/servidor_minecraft/mods/refurbished_furniture-forge-1.20.1-1.0.12.jar with languages [LanguageSpec[languageName=javafml, acceptedVersions=[39,)]]
[14May2025 22:20:58.254] [main/DEBUG] [net.minecraftforge.fml.loading.moddiscovery.ModFileParser/LOADING]: Considering mod file candidate /workspaces/Sagon/servidor_minecraft/mods/monolib-forge-1.20.1-2.0.0.jar
[14May2025 22:20:58.254] [main/DEBUG] [net.minecraftforge.fml.loading.moddiscovery.ModFileInfo/LOADING]: Found valid mod file monolib-forge-1.20.1-2.0.0.jar with {monolib} mods - versions {2.0.0}
[14May2025 22:20:58.254] [main/DEBUG] [net.minecraftforge.fml.loading.moddiscovery.ModFile/LOADING]: Loading mod file /workspaces/Sagon/servidor_minecraft/mods/monolib-forge-1.20.1-2.0.0.jar with languages [LanguageSpec[languageName=javafml, acceptedVersions=[0,)]]
[14May2025 22:20:58.255] [main/DEBUG] [net.minecraftforge.fml.loading.moddiscovery.ModFileParser/LOADING]: Considering mod file candidate /workspaces/Sagon/servidor_minecraft/mods/framework-forge-1.20.1-0.7.12.jar
[14May2025 22:20:58.255] [main/DEBUG] [net.minecraftforge.fml.loading.moddiscovery.ModFileInfo/LOADING]: Found valid mod file framework-forge-1.20.1-0.7.12.jar with {framework} mods - versions {0.7.12}
[14May2025 22:20:58.256] [main/DEBUG] [net.minecraftforge.fml.loading.moddiscovery.ModFile/LOADING]: Loading mod file /workspaces/Sagon/servidor_minecraft/mods/framework-forge-1.20.1-0.7.12.jar with languages [LanguageSpec[languageName=javafml, acceptedVersions=[39,)]]
[14May2025 22:20:58.257] [main/DEBUG] [net.minecraftforge.fml.loading.moddiscovery.ModFileParser/LOADING]: Considering mod file candidate /workspaces/Sagon/servidor_minecraft/mods/KryptonReforged-0.2.3.jar
[14May2025 22:20:58.257] [main/DEBUG] [net.minecraftforge.fml.loading.moddiscovery.ModFileInfo/LOADING]: Found valid mod file KryptonReforged-0.2.3.jar with {krypton} mods - versions {0.2.3}
[14May2025 22:20:58.258] [main/DEBUG] [net.minecraftforge.fml.loading.moddiscovery.ModFile/LOADING]: Loading mod file /workspaces/Sagon/servidor_minecraft/mods/KryptonReforged-0.2.3.jar with languages [LanguageSpec[languageName=javafml, acceptedVersions=[38,)]]
[14May2025 22:20:58.258] [main/DEBUG] [net.minecraftforge.fml.loading.moddiscovery.ModFileParser/LOADING]: Considering mod file candidate /workspaces/Sagon/servidor_minecraft/mods/illageandspillagerespillaged-1.2.8.jar
[14May2025 22:20:58.259] [main/DEBUG] [net.minecraftforge.fml.loading.moddiscovery.ModFileInfo/LOADING]: Found valid mod file illageandspillagerespillaged-1.2.8.jar with {illageandspillage} mods - versions {1.2.8}
[14May2025 22:20:58.259] [main/DEBUG] [net.minecraftforge.fml.loading.moddiscovery.ModFile/LOADING]: Loading mod file /workspaces/Sagon/servidor_minecraft/mods/illageandspillagerespillaged-1.2.8.jar with languages [LanguageSpec[languageName=javafml, acceptedVersions=[47,)]]
[14May2025 22:20:58.259] [main/DEBUG] [net.minecraftforge.fml.loading.moddiscovery.ModFileParser/LOADING]: Considering mod file candidate /workspaces/Sagon/servidor_minecraft/mods/FastLeafDecay-32.jar
[14May2025 22:20:58.260] [main/DEBUG] [net.minecraftforge.fml.loading.moddiscovery.ModFileInfo/LOADING]: Found valid mod file FastLeafDecay-32.jar with {fastleafdecay} mods - versions {32}
[14May2025 22:20:58.260] [main/DEBUG] [net.minecraftforge.fml.loading.moddiscovery.ModFile/LOADING]: Loading mod file /workspaces/Sagon/servidor_minecraft/mods/FastLeafDecay-32.jar with languages [LanguageSpec[languageName=javafml, acceptedVersions=[47,)]]
[14May2025 22:20:58.260] [main/DEBUG] [net.minecraftforge.fml.loading.moddiscovery.ModFileParser/LOADING]: Considering mod file candidate /workspaces/Sagon/servidor_minecraft/mods/gamemenumodoption-mc1.20.1-2.2.1.jar
[14May2025 22:20:58.260] [main/DEBUG] [net.minecraftforge.fml.loading.moddiscovery.ModFileInfo/LOADING]: Found valid mod file gamemenumodoption-mc1.20.1-2.2.1.jar with {gamemenumodoption} mods - versions {2.2.1}
[14May2025 22:20:58.260] [main/DEBUG] [net.minecraftforge.fml.loading.moddiscovery.ModFile/LOADING]: Loading mod file /workspaces/Sagon/servidor_minecraft/mods/gamemenumodoption-mc1.20.1-2.2.1.jar with languages [LanguageSpec[languageName=javafml, acceptedVersions=[47,)]]
[14May2025 22:20:58.260] [main/DEBUG] [net.minecraftforge.fml.loading.moddiscovery.ModFileParser/LOADING]: Considering mod file candidate /workspaces/Sagon/servidor_minecraft/mods/EnchantingInfuser-v8.0.3-1.20.1-Forge.jar
[14May2025 22:20:58.261] [main/DEBUG] [net.minecraftforge.fml.loading.moddiscovery.ModFileInfo/LOADING]: Found valid mod file EnchantingInfuser-v8.0.3-1.20.1-Forge.jar with {enchantinginfuser} mods - versions {8.0.3}
[14May2025 22:20:58.261] [main/DEBUG] [net.minecraftforge.fml.loading.moddiscovery.ModFile/LOADING]: Loading mod file /workspaces/Sagon/servidor_minecraft/mods/EnchantingInfuser-v8.0.3-1.20.1-Forge.jar with languages [LanguageSpec[languageName=javafml, acceptedVersions=[47,)]]
[14May2025 22:20:58.261] [main/DEBUG] [net.minecraftforge.fml.loading.moddiscovery.ModFileParser/LOADING]: Considering mod file candidate /workspaces/Sagon/servidor_minecraft/mods/PlayerRevive_FORGE_v2.0.31_mc1.20.1.jar
[14May2025 22:20:58.262] [main/DEBUG] [net.minecraftforge.fml.loading.moddiscovery.ModFileInfo/LOADING]: Found valid mod file PlayerRevive_FORGE_v2.0.31_mc1.20.1.jar with {playerrevive} mods - versions {2.0.31}
[14May2025 22:20:58.262] [main/DEBUG] [net.minecraftforge.fml.loading.moddiscovery.ModFile/LOADING]: Loading mod file /workspaces/Sagon/servidor_minecraft/mods/PlayerRevive_FORGE_v2.0.31_mc1.20.1.jar with languages [LanguageSpec[languageName=javafml, acceptedVersions=[46,)]]
[14May2025 22:20:58.262] [main/DEBUG] [net.minecraftforge.fml.loading.moddiscovery.ModFileParser/LOADING]: Considering mod file candidate /workspaces/Sagon/servidor_minecraft/mods/timeondisplay-merged-1.20.1-2.0.0.jar
[14May2025 22:20:58.262] [main/DEBUG] [net.minecraftforge.fml.loading.moddiscovery.ModFileInfo/LOADING]: Found valid mod file timeondisplay-merged-1.20.1-2.0.0.jar with {timeondisplay} mods - versions {2.0.0}
[14May2025 22:20:58.262] [main/DEBUG] [net.minecraftforge.fml.loading.moddiscovery.ModFile/LOADING]: Loading mod file /workspaces/Sagon/servidor_minecraft/mods/timeondisplay-merged-1.20.1-2.0.0.jar with languages [LanguageSpec[languageName=javafml, acceptedVersions=[47,)]]
[14May2025 22:20:58.263] [main/DEBUG] [net.minecraftforge.fml.loading.moddiscovery.ModFileParser/LOADING]: Considering mod file candidate /workspaces/Sagon/servidor_minecraft/mods/BHMenu-Forge-1.20.1-2.4.2.jar
[14May2025 22:20:58.263] [main/DEBUG] [net.minecraftforge.fml.loading.moddiscovery.ModFileInfo/LOADING]: Found valid mod file BHMenu-Forge-1.20.1-2.4.2.jar with {bhmenu} mods - versions {2.4.2}
[14May2025 22:20:58.263] [main/DEBUG] [net.minecraftforge.fml.loading.moddiscovery.ModFile/LOADING]: Loading mod file /workspaces/Sagon/servidor_minecraft/mods/BHMenu-Forge-1.20.1-2.4.2.jar with languages [LanguageSpec[languageName=javafml, acceptedVersions=[47,)]]
[14May2025 22:20:58.263] [main/DEBUG] [net.minecraftforge.fml.loading.moddiscovery.ModFileParser/LOADING]: Considering mod file candidate /workspaces/Sagon/servidor_minecraft/mods/Kiwi-1.20.1-Forge-11.8.29.jar
[14May2025 22:20:58.264] [main/DEBUG] [net.minecraftforge.fml.loading.moddiscovery.ModFileInfo/LOADING]: Found valid mod file Kiwi-1.20.1-Forge-11.8.29.jar with {kiwi} mods - versions {11.8.29+forge}
[14May2025 22:20:58.264] [main/DEBUG] [net.minecraftforge.fml.loading.moddiscovery.ModFile/LOADING]: Loading mod file /workspaces/Sagon/servidor_minecraft/mods/Kiwi-1.20.1-Forge-11.8.29.jar with languages [LanguageSpec[languageName=javafml, acceptedVersions=[46,)]]
[14May2025 22:20:58.264] [main/DEBUG] [net.minecraftforge.fml.loading.moddiscovery.ModFileParser/LOADING]: Considering mod file candidate /workspaces/Sagon/servidor_minecraft/mods/radium-mc1.20.1-0.12.4+git.26c9d8e.jar
[14May2025 22:20:58.264] [main/DEBUG] [net.minecraftforge.fml.loading.moddiscovery.ModFileInfo/LOADING]: Found valid mod file radium-mc1.20.1-0.12.4+git.26c9d8e.jar with {radium} mods - versions {0.12.4+git.26c9d8e}
[14May2025 22:20:58.265] [main/DEBUG] [net.minecraftforge.fml.loading.moddiscovery.ModFile/LOADING]: Loading mod file /workspaces/Sagon/servidor_minecraft/mods/radium-mc1.20.1-0.12.4+git.26c9d8e.jar with languages [LanguageSpec[languageName=javafml, acceptedVersions=*]]
[14May2025 22:20:58.265] [main/DEBUG] [net.minecraftforge.fml.loading.moddiscovery.ModFileParser/LOADING]: Considering mod file candidate /workspaces/Sagon/servidor_minecraft/mods/mowziesmobs-1.6.5.jar
[14May2025 22:20:58.265] [main/DEBUG] [net.minecraftforge.fml.loading.moddiscovery.ModFileInfo/LOADING]: Found valid mod file mowziesmobs-1.6.5.jar with {mowziesmobs} mods - versions {1.6.4}
[14May2025 22:20:58.265] [main/DEBUG] [net.minecraftforge.fml.loading.moddiscovery.ModFile/LOADING]: Loading mod file /workspaces/Sagon/servidor_minecraft/mods/mowziesmobs-1.6.5.jar with languages [LanguageSpec[languageName=javafml, acceptedVersions=[43,)]]
[14May2025 22:20:58.265] [main/DEBUG] [net.minecraftforge.fml.loading.moddiscovery.ModFileParser/LOADING]: Considering mod file candidate /workspaces/Sagon/servidor_minecraft/mods/MutantMonsters-v8.0.7-1.20.1-Forge.jar
[14May2025 22:20:58.266] [main/DEBUG] [net.minecraftforge.fml.loading.moddiscovery.ModFileInfo/LOADING]: Found valid mod file MutantMonsters-v8.0.7-1.20.1-Forge.jar with {mutantmonsters} mods - versions {8.0.7}
[14May2025 22:20:58.266] [main/DEBUG] [net.minecraftforge.fml.loading.moddiscovery.ModFile/LOADING]: Loading mod file /workspaces/Sagon/servidor_minecraft/mods/MutantMonsters-v8.0.7-1.20.1-Forge.jar with languages [LanguageSpec[languageName=javafml, acceptedVersions=[47,)]]
[14May2025 22:20:58.266] [main/DEBUG] [net.minecraftforge.fml.loading.moddiscovery.ModFileParser/LOADING]: Considering mod file candidate /workspaces/Sagon/servidor_minecraft/mods/amendments-1.20-1.2.19.jar
[14May2025 22:20:58.266] [main/DEBUG] [net.minecraftforge.fml.loading.moddiscovery.ModFileInfo/LOADING]: Found valid mod file amendments-1.20-1.2.19.jar with {amendments} mods - versions {1.20-1.2.19}
[14May2025 22:20:58.266] [main/DEBUG] [net.minecraftforge.fml.loading.moddiscovery.ModFile/LOADING]: Loading mod file /workspaces/Sagon/servidor_minecraft/mods/amendments-1.20-1.2.19.jar with languages [LanguageSpec[languageName=javafml, acceptedVersions=[47,)]]
[14May2025 22:20:58.266] [main/DEBUG] [net.minecraftforge.fml.loading.moddiscovery.ModFileParser/LOADING]: Considering mod file candidate /workspaces/Sagon/servidor_minecraft/mods/DarkestSouls-Forge1.20.1-1.2.2.5.jar
[14May2025 22:20:58.267] [main/DEBUG] [net.minecraftforge.fml.loading.moddiscovery.ModFileInfo/LOADING]: Found valid mod file DarkestSouls-Forge1.20.1-1.2.2.5.jar with {darkestsouls} mods - versions {1.2.2.5}
[14May2025 22:20:58.267] [main/DEBUG] [net.minecraftforge.fml.loading.moddiscovery.ModFile/LOADING]: Loading mod file /workspaces/Sagon/servidor_minecraft/mods/DarkestSouls-Forge1.20.1-1.2.2.5.jar with languages [LanguageSpec[languageName=javafml, acceptedVersions=[47,)]]
[14May2025 22:20:58.267] [main/DEBUG] [net.minecraftforge.fml.loading.moddiscovery.ModFileParser/LOADING]: Considering mod file candidate /workspaces/Sagon/servidor_minecraft/mods/ElysiumAPI-1.20.1-1.0.2.jar
[14May2025 22:20:58.267] [main/DEBUG] [net.minecraftforge.fml.loading.moddiscovery.ModFileInfo/LOADING]: Found valid mod file ElysiumAPI-1.20.1-1.0.2.jar with {elysium_api} mods - versions {1.0.2}
[14May2025 22:20:58.267] [main/DEBUG] [net.minecraftforge.fml.loading.moddiscovery.ModFile/LOADING]: Loading mod file /workspaces/Sagon/servidor_minecraft/mods/ElysiumAPI-1.20.1-1.0.2.jar with languages [LanguageSpec[languageName=javafml, acceptedVersions=[47,)]]
[14May2025 22:20:58.268] [main/DEBUG] [net.minecraftforge.fml.loading.moddiscovery.ModFileParser/LOADING]: Considering mod file candidate /workspaces/Sagon/servidor_minecraft/mods/jei-1.20.1-forge-15.12.2.51.jar
[14May2025 22:20:58.268] [main/DEBUG] [net.minecraftforge.fml.loading.moddiscovery.ModFileInfo/LOADING]: Found valid mod file jei-1.20.1-forge-15.12.2.51.jar with {jei} mods - versions {15.12.2.51}
[14May2025 22:20:58.268] [main/DEBUG] [net.minecraftforge.fml.loading.moddiscovery.ModFile/LOADING]: Loading mod file /workspaces/Sagon/servidor_minecraft/mods/jei-1.20.1-forge-15.12.2.51.jar with languages [LanguageSpec[languageName=javafml, acceptedVersions=[47,)]]
[14May2025 22:20:58.268] [main/DEBUG] [net.minecraftforge.fml.loading.moddiscovery.ModFileParser/LOADING]: Considering mod file candidate /workspaces/Sagon/servidor_minecraft/mods/AttributeFix-Forge-1.20.1-21.0.4.jar
[14May2025 22:20:58.268] [main/DEBUG] [net.minecraftforge.fml.loading.moddiscovery.ModFileInfo/LOADING]: Found valid mod file AttributeFix-Forge-1.20.1-21.0.4.jar with {attributefix} mods - versions {21.0.4}
[14May2025 22:20:58.269] [main/DEBUG] [net.minecraftforge.fml.loading.moddiscovery.ModFile/LOADING]: Loading mod file /workspaces/Sagon/servidor_minecraft/mods/AttributeFix-Forge-1.20.1-21.0.4.jar with languages [LanguageSpec[languageName=javafml, acceptedVersions=[47,)]]
[14May2025 22:20:58.269] [main/DEBUG] [net.minecraftforge.fml.loading.moddiscovery.ModFileParser/LOADING]: Considering mod file candidate /workspaces/Sagon/servidor_minecraft/mods/The_Graveyard_3.1_(FORGE)_for_1.20.1.jar
[14May2025 22:20:58.269] [main/DEBUG] [net.minecraftforge.fml.loading.moddiscovery.ModFileInfo/LOADING]: Found valid mod file The_Graveyard_3.1_(FORGE)_for_1.20.1.jar with {graveyard} mods - versions {3.1}
[14May2025 22:20:58.269] [main/DEBUG] [net.minecraftforge.fml.loading.moddiscovery.ModFile/LOADING]: Loading mod file /workspaces/Sagon/servidor_minecraft/mods/The_Graveyard_3.1_(FORGE)_for_1.20.1.jar with languages [LanguageSpec[languageName=javafml, acceptedVersions=[37,)]]
[14May2025 22:20:58.269] [main/DEBUG] [net.minecraftforge.fml.loading.moddiscovery.ModFileParser/LOADING]: Considering mod file candidate /workspaces/Sagon/servidor_minecraft/mods/UniversalBoneMeal-v8.0.1-1.20.1-Forge.jar
[14May2025 22:20:58.270] [main/DEBUG] [net.minecraftforge.fml.loading.moddiscovery.ModFileInfo/LOADING]: Found valid mod file UniversalBoneMeal-v8.0.1-1.20.1-Forge.jar with {universalbonemeal} mods - versions {8.0.1}
[14May2025 22:20:58.270] [main/DEBUG] [net.minecraftforge.fml.loading.moddiscovery.ModFile/LOADING]: Loading mod file /workspaces/Sagon/servidor_minecraft/mods/UniversalBoneMeal-v8.0.1-1.20.1-Forge.jar with languages [LanguageSpec[languageName=javafml, acceptedVersions=[47,)]]
[14May2025 22:20:58.270] [main/DEBUG] [net.minecraftforge.fml.loading.moddiscovery.ModFileParser/LOADING]: Considering mod file candidate /workspaces/Sagon/servidor_minecraft/mods/caelus-forge-3.2.0+1.20.1.jar
[14May2025 22:20:58.270] [main/DEBUG] [net.minecraftforge.fml.loading.moddiscovery.ModFileInfo/LOADING]: Found valid mod file caelus-forge-3.2.0+1.20.1.jar with {caelus} mods - versions {3.2.0+1.20.1}
[14May2025 22:20:58.270] [main/DEBUG] [net.minecraftforge.fml.loading.moddiscovery.ModFile/LOADING]: Loading mod file /workspaces/Sagon/servidor_minecraft/mods/caelus-forge-3.2.0+1.20.1.jar with languages [LanguageSpec[languageName=javafml, acceptedVersions=[46,)]]
[14May2025 22:20:58.270] [main/DEBUG] [net.minecraftforge.fml.loading.moddiscovery.ModFileParser/LOADING]: Considering mod file candidate /workspaces/Sagon/servidor_minecraft/mods/obscure_api-15.jar
[14May2025 22:20:58.271] [main/DEBUG] [net.minecraftforge.fml.loading.moddiscovery.ModFileInfo/LOADING]: Found valid mod file obscure_api-15.jar with {obscure_api} mods - versions {15}
[14May2025 22:20:58.271] [main/DEBUG] [net.minecraftforge.fml.loading.moddiscovery.ModFile/LOADING]: Loading mod file /workspaces/Sagon/servidor_minecraft/mods/obscure_api-15.jar with languages [LanguageSpec[languageName=javafml, acceptedVersions=[47,)]]
[14May2025 22:20:58.271] [main/DEBUG] [net.minecraftforge.fml.loading.moddiscovery.ModFileParser/LOADING]: Considering mod file candidate 
[14May2025 22:20:58.271] [main/DEBUG] [net.minecraftforge.fml.loading.moddiscovery.ModFileInfo/LOADING]: Found valid mod file fabric-renderer-indigo-1.5.2+b5b2da4177.jar with {fabric_renderer_indigo} mods - versions {1.5.2+b5b2da4177}
[14May2025 22:20:58.271] [main/DEBUG] [net.minecraftforge.fml.loading.moddiscovery.ModFile/LOADING]: Loading mod file  with languages [LanguageSpec[languageName=javafml, acceptedVersions=[47,)]]
[14May2025 22:20:58.271] [main/DEBUG] [net.minecraftforge.fml.loading.moddiscovery.ModFileParser/LOADING]: Considering mod file candidate /workspaces/Sagon/servidor_minecraft/mods/waystones-forge-1.20-14.1.8.jar
[14May2025 22:20:58.272] [main/DEBUG] [net.minecraftforge.fml.loading.moddiscovery.ModFileInfo/LOADING]: Found valid mod file waystones-forge-1.20-14.1.8.jar with {waystones} mods - versions {14.1.8}
[14May2025 22:20:58.272] [main/DEBUG] [net.minecraftforge.fml.loading.moddiscovery.ModFile/LOADING]: Loading mod file /workspaces/Sagon/servidor_minecraft/mods/waystones-forge-1.20-14.1.8.jar with languages [LanguageSpec[languageName=javafml, acceptedVersions=[46,)]]
[14May2025 22:20:58.272] [main/DEBUG] [net.minecraftforge.fml.loading.moddiscovery.ModFileParser/LOADING]: Considering mod file candidate /workspaces/Sagon/servidor_minecraft/mods/Clumps-forge-1.20.1-12.0.0.4.jar
[14May2025 22:20:58.272] [main/DEBUG] [net.minecraftforge.fml.loading.moddiscovery.ModFileInfo/LOADING]: Found valid mod file Clumps-forge-1.20.1-12.0.0.4.jar with {clumps} mods - versions {12.0.0.4}
[14May2025 22:20:58.272] [main/DEBUG] [net.minecraftforge.fml.loading.moddiscovery.ModFile/LOADING]: Loading mod file /workspaces/Sagon/servidor_minecraft/mods/Clumps-forge-1.20.1-12.0.0.4.jar with languages [LanguageSpec[languageName=javafml, acceptedVersions=[41,)]]
[14May2025 22:20:58.272] [main/DEBUG] [net.minecraftforge.fml.loading.moddiscovery.ModFileParser/LOADING]: Considering mod file candidate /workspaces/Sagon/servidor_minecraft/mods/fastasyncworldsave-1.20.1-2.3.jar
[14May2025 22:20:58.273] [main/DEBUG] [net.minecraftforge.fml.loading.moddiscovery.ModFileInfo/LOADING]: Found valid mod file fastasyncworldsave-1.20.1-2.3.jar with {fastasyncworldsave} mods - versions {1.20.1-2.3}
[14May2025 22:20:58.273] [main/DEBUG] [net.minecraftforge.fml.loading.moddiscovery.ModFile/LOADING]: Loading mod file /workspaces/Sagon/servidor_minecraft/mods/fastasyncworldsave-1.20.1-2.3.jar with languages [LanguageSpec[languageName=javafml, acceptedVersions=[36,)]]
[14May2025 22:20:58.273] [main/DEBUG] [net.minecraftforge.fml.loading.moddiscovery.ModFileParser/LOADING]: Considering mod file candidate /workspaces/Sagon/servidor_minecraft/mods/alternate_current-mc1.20-1.7.0.jar
[14May2025 22:20:58.273] [main/DEBUG] [net.minecraftforge.fml.loading.moddiscovery.ModFileInfo/LOADING]: Found valid mod file alternate_current-mc1.20-1.7.0.jar with {alternate_current} mods - versions {1.7.0}
[14May2025 22:20:58.273] [main/DEBUG] [net.minecraftforge.fml.loading.moddiscovery.ModFile/LOADING]: Loading mod file /workspaces/Sagon/servidor_minecraft/mods/alternate_current-mc1.20-1.7.0.jar with languages [LanguageSpec[languageName=javafml, acceptedVersions=[47,)]]
[14May2025 22:20:58.273] [main/DEBUG] [net.minecraftforge.fml.loading.moddiscovery.ModFileParser/LOADING]: Considering mod file candidate /workspaces/Sagon/servidor_minecraft/mods/MyServerIsCompatible-1.20-1.0.jar
[14May2025 22:20:58.274] [main/DEBUG] [net.minecraftforge.fml.loading.moddiscovery.ModFileInfo/LOADING]: Found valid mod file MyServerIsCompatible-1.20-1.0.jar with {myserveriscompatible} mods - versions {1.0}
[14May2025 22:20:58.274] [main/DEBUG] [net.minecraftforge.fml.loading.moddiscovery.ModFile/LOADING]: Loading mod file /workspaces/Sagon/servidor_minecraft/mods/MyServerIsCompatible-1.20-1.0.jar with languages [LanguageSpec[languageName=javafml, acceptedVersions=[46,)]]
[14May2025 22:20:58.274] [main/DEBUG] [net.minecraftforge.fml.loading.moddiscovery.ModFileParser/LOADING]: Considering mod file candidate /workspaces/Sagon/servidor_minecraft/mods/Neruina-2.1.2-forge+1.20.1.jar
[14May2025 22:20:58.274] [main/DEBUG] [net.minecraftforge.fml.loading.moddiscovery.ModFileInfo/LOADING]: Found valid mod file Neruina-2.1.2-forge+1.20.1.jar with {neruina} mods - versions {2.1.2}
[14May2025 22:20:58.274] [main/DEBUG] [net.minecraftforge.fml.loading.moddiscovery.ModFile/LOADING]: Loading mod file /workspaces/Sagon/servidor_minecraft/mods/Neruina-2.1.2-forge+1.20.1.jar with languages [LanguageSpec[languageName=javafml, acceptedVersions=47.2.20]]
[14May2025 22:20:58.274] [main/DEBUG] [net.minecraftforge.fml.loading.moddiscovery.ModFileParser/LOADING]: Considering mod file candidate /workspaces/Sagon/servidor_minecraft/mods/catalogue-forge-1.20.1-1.8.0.jar
[14May2025 22:20:58.275] [main/DEBUG] [net.minecraftforge.fml.loading.moddiscovery.ModFileInfo/LOADING]: Found valid mod file catalogue-forge-1.20.1-1.8.0.jar with {catalogue} mods - versions {1.8.0}
[14May2025 22:20:58.275] [main/DEBUG] [net.minecraftforge.fml.loading.moddiscovery.ModFile/LOADING]: Loading mod file /workspaces/Sagon/servidor_minecraft/mods/catalogue-forge-1.20.1-1.8.0.jar with languages [LanguageSpec[languageName=javafml, acceptedVersions=[39,)]]
[14May2025 22:20:58.275] [main/DEBUG] [net.minecraftforge.fml.loading.moddiscovery.ModFileParser/LOADING]: Considering mod file candidate /workspaces/Sagon/servidor_minecraft/mods/BOMD-Forge-1.20.1-1.1.1.jar
[14May2025 22:20:58.275] [main/DEBUG] [net.minecraftforge.fml.loading.moddiscovery.ModFileInfo/LOADING]: Found valid mod file BOMD-Forge-1.20.1-1.1.1.jar with {bosses_of_mass_destruction} mods - versions {1.1.1}
[14May2025 22:20:58.275] [main/DEBUG] [net.minecraftforge.fml.loading.moddiscovery.ModFile/LOADING]: Loading mod file /workspaces/Sagon/servidor_minecraft/mods/BOMD-Forge-1.20.1-1.1.1.jar with languages [LanguageSpec[languageName=javafml, acceptedVersions=[47,)]]
[14May2025 22:20:58.275] [main/DEBUG] [net.minecraftforge.fml.loading.moddiscovery.ModFileParser/LOADING]: Considering mod file candidate /workspaces/Sagon/servidor_minecraft/mods/automessage-merged-1.20.1-2.2.0.jar
[14May2025 22:20:58.276] [main/DEBUG] [net.minecraftforge.fml.loading.moddiscovery.ModFileInfo/LOADING]: Found valid mod file automessage-merged-1.20.1-2.2.0.jar with {automessage} mods - versions {2.2.0}
[14May2025 22:20:58.276] [main/DEBUG] [net.minecraftforge.fml.loading.moddiscovery.ModFile/LOADING]: Loading mod file /workspaces/Sagon/servidor_minecraft/mods/automessage-merged-1.20.1-2.2.0.jar with languages [LanguageSpec[languageName=javafml, acceptedVersions=[47,)]]
[14May2025 22:20:58.276] [main/DEBUG] [net.minecraftforge.fml.loading.moddiscovery.ModFileParser/LOADING]: Considering mod file candidate 
[14May2025 22:20:58.276] [main/DEBUG] [net.minecraftforge.fml.loading.moddiscovery.ModFileInfo/LOADING]: Found valid mod file puzzlesaccessapi-forge-20.1.1.jar with {puzzlesaccessapi} mods - versions {20.1.1}
[14May2025 22:20:58.276] [main/DEBUG] [net.minecraftforge.fml.loading.moddiscovery.ModFile/LOADING]: Loading mod file  with languages [LanguageSpec[languageName=javafml, acceptedVersions=*]]
[14May2025 22:20:58.276] [main/DEBUG] [net.minecraftforge.fml.loading.moddiscovery.ModFileParser/LOADING]: Considering mod file candidate /workspaces/Sagon/servidor_minecraft/mods/nfm-2024.12.20-1.20.1.jar
[14May2025 22:20:58.277] [main/DEBUG] [net.minecraftforge.fml.loading.moddiscovery.ModFileInfo/LOADING]: Found valid mod file nfm-2024.12.20-1.20.1.jar with {nfm} mods - versions {2024.12.20}
[14May2025 22:20:58.277] [main/DEBUG] [net.minecraftforge.fml.loading.moddiscovery.ModFile/LOADING]: Loading mod file /workspaces/Sagon/servidor_minecraft/mods/nfm-2024.12.20-1.20.1.jar with languages [LanguageSpec[languageName=javafml, acceptedVersions=[47,)]]
[14May2025 22:20:58.277] [main/DEBUG] [net.minecraftforge.fml.loading.moddiscovery.ModFileParser/LOADING]: Considering mod file candidate /workspaces/Sagon/servidor_minecraft/libraries/net/minecraftforge/forge/1.20.1-47.3.7/forge-1.20.1-47.3.7-universal.jar
[14May2025 22:20:58.277] [main/DEBUG] [net.minecraftforge.fml.loading.moddiscovery.ModFileInfo/LOADING]: Found valid mod file forge-1.20.1-47.3.7-universal.jar with {forge} mods - versions {47.3.7}
[14May2025 22:20:58.277] [main/DEBUG] [net.minecraftforge.fml.loading.moddiscovery.ModFile/LOADING]: Loading mod file /workspaces/Sagon/servidor_minecraft/libraries/net/minecraftforge/forge/1.20.1-47.3.7/forge-1.20.1-47.3.7-universal.jar with languages [LanguageSpec[languageName=javafml, acceptedVersions=[24,]]]
[14May2025 22:20:58.278] [main/DEBUG] [net.minecraftforge.fml.loading.moddiscovery.ModFileParser/LOADING]: Found coremod field_to_method with Javascript path coremods/field_to_method.js
[14May2025 22:20:58.278] [main/DEBUG] [net.minecraftforge.fml.loading.moddiscovery.ModFileParser/LOADING]: Found coremod field_to_instanceof with Javascript path coremods/field_to_instanceof.js
[14May2025 22:20:58.278] [main/DEBUG] [net.minecraftforge.fml.loading.moddiscovery.ModFileParser/LOADING]: Found coremod add_bouncer_method with Javascript path coremods/add_bouncer_method.js
[14May2025 22:20:58.278] [main/DEBUG] [net.minecraftforge.fml.loading.moddiscovery.ModFileParser/LOADING]: Found coremod method_redirector with Javascript path coremods/method_redirector.js
[14May2025 22:20:58.278] [main/DEBUG] [net.minecraftforge.fml.loading.moddiscovery.ModFile/LOADING]: Found coremod coremods/field_to_method.js
[14May2025 22:20:58.278] [main/DEBUG] [net.minecraftforge.fml.loading.moddiscovery.ModFile/LOADING]: Found coremod coremods/field_to_instanceof.js
[14May2025 22:20:58.278] [main/DEBUG] [net.minecraftforge.fml.loading.moddiscovery.ModFile/LOADING]: Found coremod coremods/add_bouncer_method.js
[14May2025 22:20:58.278] [main/DEBUG] [net.minecraftforge.fml.loading.moddiscovery.ModFile/LOADING]: Found coremod coremods/method_redirector.js
[14May2025 22:20:58.278] [main/DEBUG] [net.minecraftforge.fml.loading.moddiscovery.ModFileParser/LOADING]: Considering mod file candidate /workspaces/Sagon/servidor_minecraft/mods/friendsandfoes-forge-mc1.20.1-3.0.9.jar
[14May2025 22:20:58.278] [main/DEBUG] [net.minecraftforge.fml.loading.moddiscovery.ModFileInfo/LOADING]: Found valid mod file friendsandfoes-forge-mc1.20.1-3.0.9.jar with {friendsandfoes} mods - versions {3.0.9}
[14May2025 22:20:58.278] [main/DEBUG] [net.minecraftforge.fml.loading.moddiscovery.ModFile/LOADING]: Loading mod file /workspaces/Sagon/servidor_minecraft/mods/friendsandfoes-forge-mc1.20.1-3.0.9.jar with languages [LanguageSpec[languageName=javafml, acceptedVersions=*]]
[14May2025 22:20:58.278] [main/DEBUG] [net.minecraftforge.fml.loading.moddiscovery.ModFileParser/LOADING]: Considering mod file candidate /workspaces/Sagon/servidor_minecraft/mods/craftingtweaks-forge-1.20.1-18.2.5.jar
[14May2025 22:20:58.279] [main/DEBUG] [net.minecraftforge.fml.loading.moddiscovery.ModFileInfo/LOADING]: Found valid mod file craftingtweaks-forge-1.20.1-18.2.5.jar with {craftingtweaks} mods - versions {18.2.5}
[14May2025 22:20:58.279] [main/DEBUG] [net.minecraftforge.fml.loading.moddiscovery.ModFile/LOADING]: Loading mod file /workspaces/Sagon/servidor_minecraft/mods/craftingtweaks-forge-1.20.1-18.2.5.jar with languages [LanguageSpec[languageName=javafml, acceptedVersions=[46,)]]
[14May2025 22:20:58.279] [main/DEBUG] [net.minecraftforge.fml.loading.moddiscovery.ModFileParser/LOADING]: Considering mod file candidate /workspaces/Sagon/servidor_minecraft/mods/DungeonsArise-1.20.x-2.1.58-release.jar
[14May2025 22:20:58.279] [main/DEBUG] [net.minecraftforge.fml.loading.moddiscovery.ModFileInfo/LOADING]: Found valid mod file DungeonsArise-1.20.x-2.1.58-release.jar with {dungeons_arise} mods - versions {2.1.58-1.20.x}
[14May2025 22:20:58.279] [main/DEBUG] [net.minecraftforge.fml.loading.moddiscovery.ModFile/LOADING]: Loading mod file /workspaces/Sagon/servidor_minecraft/mods/DungeonsArise-1.20.x-2.1.58-release.jar with languages [LanguageSpec[languageName=javafml, acceptedVersions=[41,)]]
[14May2025 22:20:58.279] [main/DEBUG] [net.minecraftforge.fml.loading.moddiscovery.ModFileParser/LOADING]: Considering mod file candidate /workspaces/Sagon/servidor_minecraft/mods/smoothchunk-1.20.1-4.0.jar
[14May2025 22:20:58.280] [main/DEBUG] [net.minecraftforge.fml.loading.moddiscovery.ModFileInfo/LOADING]: Found valid mod file smoothchunk-1.20.1-4.0.jar with {smoothchunk} mods - versions {1.20.1-4.0}
[14May2025 22:20:58.280] [main/DEBUG] [net.minecraftforge.fml.loading.moddiscovery.ModFile/LOADING]: Loading mod file /workspaces/Sagon/servidor_minecraft/mods/smoothchunk-1.20.1-4.0.jar with languages [LanguageSpec[languageName=javafml, acceptedVersions=[36,)]]
[14May2025 22:20:58.280] [main/DEBUG] [net.minecraftforge.fml.loading.moddiscovery.ModFileInfo/LOADING]: Found valid mod file server-1.20.1-20230612.114412-srg.jar with {minecraft} mods - versions {1.20.1}
[14May2025 22:20:58.280] [main/DEBUG] [net.minecraftforge.fml.loading.moddiscovery.ModFile/LOADING]: Loading mod file /workspaces/Sagon/servidor_minecraft/libraries/net/minecraft/server/1.20.1-20230612.114412/server-1.20.1-20230612.114412-srg.jar with languages [LanguageSpec[languageName=minecraft, acceptedVersions=1]]
[14May2025 22:20:58.280] [main/DEBUG] [net.minecraftforge.fml.loading.moddiscovery.ModFileParser/LOADING]: Considering mod file candidate /workspaces/Sagon/servidor_minecraft/mods/alexscaves-2.0.2.jar
[14May2025 22:20:58.281] [main/DEBUG] [net.minecraftforge.fml.loading.moddiscovery.ModFileInfo/LOADING]: Found valid mod file alexscaves-2.0.2.jar with {alexscaves} mods - versions {2.0.2}
[14May2025 22:20:58.281] [main/DEBUG] [net.minecraftforge.fml.loading.moddiscovery.ModFile/LOADING]: Loading mod file /workspaces/Sagon/servidor_minecraft/mods/alexscaves-2.0.2.jar with languages [LanguageSpec[languageName=javafml, acceptedVersions=[46,)]]
[14May2025 22:20:58.281] [main/DEBUG] [net.minecraftforge.fml.loading.moddiscovery.ModFileParser/LOADING]: Considering mod file candidate /workspaces/Sagon/servidor_minecraft/mods/voicechat-forge-1.20.1-2.5.26.jar
[14May2025 22:20:58.281] [main/DEBUG] [net.minecraftforge.fml.loading.moddiscovery.ModFileInfo/LOADING]: Found valid mod file voicechat-forge-1.20.1-2.5.26.jar with {voicechat} mods - versions {1.20.1-2.5.26}
[14May2025 22:20:58.281] [main/DEBUG] [net.minecraftforge.fml.loading.moddiscovery.ModFile/LOADING]: Loading mod file /workspaces/Sagon/servidor_minecraft/mods/voicechat-forge-1.20.1-2.5.26.jar with languages [LanguageSpec[languageName=javafml, acceptedVersions=*]]
[14May2025 22:20:58.281] [main/DEBUG] [net.minecraftforge.fml.loading.moddiscovery.ModFileParser/LOADING]: Considering mod file candidate 
[14May2025 22:20:58.282] [main/DEBUG] [net.minecraftforge.fml.loading.moddiscovery.ModFileInfo/LOADING]: Found valid mod file fabric-api-base-0.4.31+ef105b4977.jar with {fabric_api_base} mods - versions {0.4.31+ef105b4977}
[14May2025 22:20:58.282] [main/DEBUG] [net.minecraftforge.fml.loading.moddiscovery.ModFile/LOADING]: Loading mod file  with languages [LanguageSpec[languageName=javafml, acceptedVersions=[47,)]]
[14May2025 22:20:58.282] [main/DEBUG] [net.minecraftforge.fml.loading.moddiscovery.ModFileParser/LOADING]: Considering mod file candidate /workspaces/Sagon/servidor_minecraft/mods/moonlight-1.20-2.13.79-forge.jar
[14May2025 22:20:58.282] [main/DEBUG] [net.minecraftforge.fml.loading.moddiscovery.ModFileInfo/LOADING]: Found valid mod file moonlight-1.20-2.13.79-forge.jar with {moonlight} mods - versions {1.20-2.13.79}
[14May2025 22:20:58.282] [main/DEBUG] [net.minecraftforge.fml.loading.moddiscovery.ModFile/LOADING]: Loading mod file /workspaces/Sagon/servidor_minecraft/mods/moonlight-1.20-2.13.79-forge.jar with languages [LanguageSpec[languageName=javafml, acceptedVersions=[40,)]]
[14May2025 22:20:58.282] [main/DEBUG] [net.minecraftforge.fml.loading.moddiscovery.ModFileParser/LOADING]: Considering mod file candidate /workspaces/Sagon/servidor_minecraft/mods/bettercombat-forge-1.8.6+1.20.1.jar
[14May2025 22:20:58.283] [main/DEBUG] [net.minecraftforge.fml.loading.moddiscovery.ModFileInfo/LOADING]: Found valid mod file bettercombat-forge-1.8.6+1.20.1.jar with {bettercombat} mods - versions {1.8.6+1.20.1}
[14May2025 22:20:58.283] [main/DEBUG] [net.minecraftforge.fml.loading.moddiscovery.ModFile/LOADING]: Loading mod file /workspaces/Sagon/servidor_minecraft/mods/bettercombat-forge-1.8.6+1.20.1.jar with languages [LanguageSpec[languageName=javafml, acceptedVersions=[39,)]]
[14May2025 22:20:58.283] [main/DEBUG] [net.minecraftforge.fml.loading.moddiscovery.ModFileParser/LOADING]: Considering mod file candidate /workspaces/Sagon/servidor_minecraft/mods/ForgeConfigScreens-v8.0.2-1.20.1-Forge.jar
[14May2025 22:20:58.283] [main/DEBUG] [net.minecraftforge.fml.loading.moddiscovery.ModFileInfo/LOADING]: Found valid mod file ForgeConfigScreens-v8.0.2-1.20.1-Forge.jar with {forgeconfigscreens} mods - versions {8.0.2}
[14May2025 22:20:58.283] [main/DEBUG] [net.minecraftforge.fml.loading.moddiscovery.ModFile/LOADING]: Loading mod file /workspaces/Sagon/servidor_minecraft/mods/ForgeConfigScreens-v8.0.2-1.20.1-Forge.jar with languages [LanguageSpec[languageName=javafml, acceptedVersions=[47,)]]
[14May2025 22:20:58.283] [main/DEBUG] [net.minecraftforge.fml.loading.moddiscovery.ModFileParser/LOADING]: Considering mod file candidate /workspaces/Sagon/servidor_minecraft/mods/MouseTweaks-forge-mc1.20.1-2.25.1.jar
[14May2025 22:20:58.284] [main/DEBUG] [net.minecraftforge.fml.loading.moddiscovery.ModFileInfo/LOADING]: Found valid mod file MouseTweaks-forge-mc1.20.1-2.25.1.jar with {mousetweaks} mods - versions {2.25.1}
[14May2025 22:20:58.284] [main/DEBUG] [net.minecraftforge.fml.loading.moddiscovery.ModFile/LOADING]: Loading mod file /workspaces/Sagon/servidor_minecraft/mods/MouseTweaks-forge-mc1.20.1-2.25.1.jar with languages [LanguageSpec[languageName=javafml, acceptedVersions=[46,)]]
[14May2025 22:20:58.284] [main/DEBUG] [net.minecraftforge.fml.loading.moddiscovery.ModFileParser/LOADING]: Considering mod file candidate /workspaces/Sagon/servidor_minecraft/mods/Necronomicon-Forge-1.6.0+1.20.1.jar
[14May2025 22:20:58.284] [main/DEBUG] [net.minecraftforge.fml.loading.moddiscovery.ModFileInfo/LOADING]: Found valid mod file Necronomicon-Forge-1.6.0+1.20.1.jar with {necronomicon} mods - versions {1.6.0}
[14May2025 22:20:58.284] [main/DEBUG] [net.minecraftforge.fml.loading.moddiscovery.ModFile/LOADING]: Loading mod file /workspaces/Sagon/servidor_minecraft/mods/Necronomicon-Forge-1.6.0+1.20.1.jar with languages [LanguageSpec[languageName=javafml, acceptedVersions=*]]
[14May2025 22:20:58.284] [main/DEBUG] [net.minecraftforge.fml.loading.moddiscovery.ModFileParser/LOADING]: Considering mod file candidate /workspaces/Sagon/servidor_minecraft/mods/Jade-1.20.1-Forge-11.12.3.jar
[14May2025 22:20:58.285] [main/DEBUG] [net.minecraftforge.fml.loading.moddiscovery.ModFileInfo/LOADING]: Found valid mod file Jade-1.20.1-Forge-11.12.3.jar with {jade} mods - versions {11.12.3+forge}
[14May2025 22:20:58.285] [main/DEBUG] [net.minecraftforge.fml.loading.moddiscovery.ModFile/LOADING]: Loading mod file /workspaces/Sagon/servidor_minecraft/mods/Jade-1.20.1-Forge-11.12.3.jar with languages [LanguageSpec[languageName=javafml, acceptedVersions=[46,)]]
[14May2025 22:20:58.285] [main/DEBUG] [net.minecraftforge.fml.loading.moddiscovery.ModFileParser/LOADING]: Considering mod file candidate /workspaces/Sagon/servidor_minecraft/mods/NoChatReports-FORGE-1.20.1-v2.2.2.jar
[14May2025 22:20:58.285] [main/DEBUG] [net.minecraftforge.fml.loading.moddiscovery.ModFileInfo/LOADING]: Found valid mod file NoChatReports-FORGE-1.20.1-v2.2.2.jar with {nochatreports} mods - versions {1.20.1-v2.2.2}
[14May2025 22:20:58.285] [main/DEBUG] [net.minecraftforge.fml.loading.moddiscovery.ModFile/LOADING]: Loading mod file /workspaces/Sagon/servidor_minecraft/mods/NoChatReports-FORGE-1.20.1-v2.2.2.jar with languages [LanguageSpec[languageName=javafml, acceptedVersions=[31,)]]
[14May2025 22:20:58.285] [main/DEBUG] [net.minecraftforge.fml.loading.moddiscovery.ModFileParser/LOADING]: Considering mod file candidate /workspaces/Sagon/servidor_minecraft/mods/CreativeCore_FORGE_v2.12.31_mc1.20.1.jar
[14May2025 22:20:58.285] [main/DEBUG] [net.minecraftforge.fml.loading.moddiscovery.ModFileInfo/LOADING]: Found valid mod file CreativeCore_FORGE_v2.12.31_mc1.20.1.jar with {creativecore} mods - versions {2.12.31}
[14May2025 22:20:58.286] [main/DEBUG] [net.minecraftforge.fml.loading.moddiscovery.ModFile/LOADING]: Loading mod file /workspaces/Sagon/servidor_minecraft/mods/CreativeCore_FORGE_v2.12.31_mc1.20.1.jar with languages [LanguageSpec[languageName=javafml, acceptedVersions=[46,)]]
[14May2025 22:20:58.286] [main/DEBUG] [net.minecraftforge.fml.loading.moddiscovery.ModFileParser/LOADING]: Considering mod file candidate /workspaces/Sagon/servidor_minecraft/mods/alltheleaks-0.1.0-beta+1.20.1-forge.jar
[14May2025 22:20:58.286] [main/DEBUG] [net.minecraftforge.fml.loading.moddiscovery.ModFileInfo/LOADING]: Found valid mod file alltheleaks-0.1.0-beta+1.20.1-forge.jar with {alltheleaks} mods - versions {0.1.0-beta+1.20.1-forge}
[14May2025 22:20:58.286] [main/DEBUG] [net.minecraftforge.fml.loading.moddiscovery.ModFile/LOADING]: Loading mod file /workspaces/Sagon/servidor_minecraft/mods/alltheleaks-0.1.0-beta+1.20.1-forge.jar with languages [LanguageSpec[languageName=javafml, acceptedVersions=[47,)]]
[14May2025 22:20:58.286] [main/DEBUG] [net.minecraftforge.fml.loading.moddiscovery.ModFileParser/LOADING]: Considering mod file candidate /workspaces/Sagon/servidor_minecraft/mods/From-The-Fog-1.20-v1.9.2-Forge-Fabric.jar
[14May2025 22:20:58.286] [main/DEBUG] [net.minecraftforge.fml.loading.moddiscovery.ModFileInfo/LOADING]: Found valid mod file From-The-Fog-1.20-v1.9.2-Forge-Fabric.jar with {watching} mods - versions {1.9.2}
[14May2025 22:20:58.286] [main/DEBUG] [net.minecraftforge.fml.loading.moddiscovery.ModFile/LOADING]: Loading mod file /workspaces/Sagon/servidor_minecraft/mods/From-The-Fog-1.20-v1.9.2-Forge-Fabric.jar with languages [LanguageSpec[languageName=javafml, acceptedVersions=[40,)]]
[14May2025 22:20:58.287] [main/DEBUG] [net.minecraftforge.fml.loading.moddiscovery.ModFileParser/LOADING]: Considering mod file candidate 
[14May2025 22:20:58.287] [main/DEBUG] [net.minecraftforge.fml.loading.moddiscovery.ModFileInfo/LOADING]: Found valid mod file spectrelib-forge-0.13.15+1.20.1.jar with {spectrelib} mods - versions {0.13.15+1.20.1}
[14May2025 22:20:58.287] [main/DEBUG] [net.minecraftforge.fml.loading.moddiscovery.ModFile/LOADING]: Loading mod file  with languages [LanguageSpec[languageName=javafml, acceptedVersions=[41,)]]
[14May2025 22:20:58.287] [main/DEBUG] [net.minecraftforge.fml.loading.moddiscovery.ModFileParser/LOADING]: Considering mod file candidate /workspaces/Sagon/servidor_minecraft/mods/nethersdelight-1.20.1-4.0.jar
[14May2025 22:20:58.287] [main/DEBUG] [net.minecraftforge.fml.loading.moddiscovery.ModFileInfo/LOADING]: Found valid mod file nethersdelight-1.20.1-4.0.jar with {nethersdelight} mods - versions {1.20.1-4.0}
[14May2025 22:20:58.287] [main/DEBUG] [net.minecraftforge.fml.loading.moddiscovery.ModFile/LOADING]: Loading mod file /workspaces/Sagon/servidor_minecraft/mods/nethersdelight-1.20.1-4.0.jar with languages [LanguageSpec[languageName=javafml, acceptedVersions=[47,)]]
[14May2025 22:20:58.288] [main/DEBUG] [net.minecraftforge.fml.loading.moddiscovery.ModFileParser/LOADING]: Considering mod file candidate /workspaces/Sagon/servidor_minecraft/mods/Ribbits-1.20.1-Forge-3.0.4.jar
[14May2025 22:20:58.288] [main/DEBUG] [net.minecraftforge.fml.loading.moddiscovery.ModFileInfo/LOADING]: Found valid mod file Ribbits-1.20.1-Forge-3.0.4.jar with {ribbits} mods - versions {1.20.1-Forge-3.0.4}
[14May2025 22:20:58.288] [main/DEBUG] [net.minecraftforge.fml.loading.moddiscovery.ModFile/LOADING]: Loading mod file /workspaces/Sagon/servidor_minecraft/mods/Ribbits-1.20.1-Forge-3.0.4.jar with languages [LanguageSpec[languageName=javafml, acceptedVersions=[47,)]]
[14May2025 22:20:58.288] [main/DEBUG] [net.minecraftforge.fml.loading.moddiscovery.ModFileParser/LOADING]: Considering mod file candidate /workspaces/Sagon/servidor_minecraft/mods/Xaeros_Minimap_25.0.0_Forge_1.20.jar
[14May2025 22:20:58.288] [main/DEBUG] [net.minecraftforge.fml.loading.moddiscovery.ModFileInfo/LOADING]: Found valid mod file Xaeros_Minimap_25.0.0_Forge_1.20.jar with {xaerominimap} mods - versions {25.0.0}
[14May2025 22:20:58.288] [main/DEBUG] [net.minecraftforge.fml.loading.moddiscovery.ModFile/LOADING]: Loading mod file /workspaces/Sagon/servidor_minecraft/mods/Xaeros_Minimap_25.0.0_Forge_1.20.jar with languages [LanguageSpec[languageName=javafml, acceptedVersions=[46,48)]]
[14May2025 22:20:58.289] [main/DEBUG] [net.minecraftforge.fml.loading.moddiscovery.ModFileParser/LOADING]: Found coremod xaerohud_core with Javascript path META-INF/xaerohud_core.js
[14May2025 22:20:58.289] [main/DEBUG] [net.minecraftforge.fml.loading.moddiscovery.ModFile/LOADING]: Found coremod META-INF/xaerohud_core.js
[14May2025 22:20:58.289] [main/DEBUG] [net.minecraftforge.fml.loading.moddiscovery.ModFileParser/LOADING]: Considering mod file candidate /workspaces/Sagon/servidor_minecraft/mods/gravestone-forge-1.20.1-1.0.24.jar
[14May2025 22:20:58.289] [main/DEBUG] [net.minecraftforge.fml.loading.moddiscovery.ModFileInfo/LOADING]: Found valid mod file gravestone-forge-1.20.1-1.0.24.jar with {gravestone} mods - versions {1.20.1-1.0.24}
[14May2025 22:20:58.289] [main/DEBUG] [net.minecraftforge.fml.loading.moddiscovery.ModFile/LOADING]: Loading mod file /workspaces/Sagon/servidor_minecraft/mods/gravestone-forge-1.20.1-1.0.24.jar with languages [LanguageSpec[languageName=javafml, acceptedVersions=*]]
[14May2025 22:20:58.289] [main/DEBUG] [net.minecraftforge.fml.loading.moddiscovery.ModFileParser/LOADING]: Considering mod file candidate /workspaces/Sagon/servidor_minecraft/mods/legendarymonsters-1.9.3 MC 1.20.1.jar
[14May2025 22:20:58.290] [main/DEBUG] [net.minecraftforge.fml.loading.moddiscovery.ModFileInfo/LOADING]: Found valid mod file legendarymonsters-1.9.3 MC 1.20.1.jar with {legendary_monsters} mods - versions {1.20.1}
[14May2025 22:20:58.290] [main/DEBUG] [net.minecraftforge.fml.loading.moddiscovery.ModFile/LOADING]: Loading mod file /workspaces/Sagon/servidor_minecraft/mods/legendarymonsters-1.9.3 MC 1.20.1.jar with languages [LanguageSpec[languageName=javafml, acceptedVersions=[47,)]]
[14May2025 22:20:58.290] [main/DEBUG] [net.minecraftforge.fml.loading.moddiscovery.ModFileParser/LOADING]: Considering mod file candidate /workspaces/Sagon/servidor_minecraft/mods/irons_spellbooks-1.20.1-3.4.0.7.jar
[14May2025 22:20:58.290] [main/DEBUG] [net.minecraftforge.fml.loading.moddiscovery.ModFileInfo/LOADING]: Found valid mod file irons_spellbooks-1.20.1-3.4.0.7.jar with {irons_spellbooks} mods - versions {1.20.1-3.4.0.7}
[14May2025 22:20:58.291] [main/DEBUG] [net.minecraftforge.fml.loading.moddiscovery.ModFile/LOADING]: Loading mod file /workspaces/Sagon/servidor_minecraft/mods/irons_spellbooks-1.20.1-3.4.0.7.jar with languages [LanguageSpec[languageName=javafml, acceptedVersions=[47,)]]
[14May2025 22:20:58.291] [main/DEBUG] [net.minecraftforge.fml.loading.moddiscovery.ModFileParser/LOADING]: Considering mod file candidate /workspaces/Sagon/servidor_minecraft/mods/backpacked-forge-1.20.1-3.0.0-beta.9.jar
[14May2025 22:20:58.291] [main/DEBUG] [net.minecraftforge.fml.loading.moddiscovery.ModFileInfo/LOADING]: Found valid mod file backpacked-forge-1.20.1-3.0.0-beta.9.jar with {backpacked} mods - versions {3.0.0-beta.9}
[14May2025 22:20:58.291] [main/DEBUG] [net.minecraftforge.fml.loading.moddiscovery.ModFile/LOADING]: Loading mod file /workspaces/Sagon/servidor_minecraft/mods/backpacked-forge-1.20.1-3.0.0-beta.9.jar with languages [LanguageSpec[languageName=javafml, acceptedVersions=[39,)]]
[14May2025 22:20:58.291] [main/DEBUG] [net.minecraftforge.fml.loading.moddiscovery.ModFileParser/LOADING]: Considering mod file candidate /workspaces/Sagon/servidor_minecraft/mods/crittersandcompanions-forge-2.2.2.jar
[14May2025 22:20:58.291] [main/DEBUG] [net.minecraftforge.fml.loading.moddiscovery.ModFileInfo/LOADING]: Found valid mod file crittersandcompanions-forge-2.2.2.jar with {crittersandcompanions} mods - versions {2.2.2}
[14May2025 22:20:58.292] [main/DEBUG] [net.minecraftforge.fml.loading.moddiscovery.ModFile/LOADING]: Loading mod file /workspaces/Sagon/servidor_minecraft/mods/crittersandcompanions-forge-2.2.2.jar with languages [LanguageSpec[languageName=javafml, acceptedVersions=[47,)]]
[14May2025 22:20:58.292] [main/DEBUG] [net.minecraftforge.fml.loading.moddiscovery.ModFileParser/LOADING]: Considering mod file candidate /workspaces/Sagon/servidor_minecraft/mods/entityculling-forge-1.7.2-mc1.20.1.jar
[14May2025 22:20:58.292] [main/DEBUG] [net.minecraftforge.fml.loading.moddiscovery.ModFileInfo/LOADING]: Found valid mod file entityculling-forge-1.7.2-mc1.20.1.jar with {entityculling} mods - versions {1.7.2}
[14May2025 22:20:58.292] [main/DEBUG] [net.minecraftforge.fml.loading.moddiscovery.ModFile/LOADING]: Loading mod file /workspaces/Sagon/servidor_minecraft/mods/entityculling-forge-1.7.2-mc1.20.1.jar with languages [LanguageSpec[languageName=javafml, acceptedVersions=[28,)]]
[14May2025 22:20:58.292] [main/DEBUG] [net.minecraftforge.fml.loading.moddiscovery.ModFileParser/LOADING]: Considering mod file candidate /workspaces/Sagon/servidor_minecraft/mods/fancymenu_forge_3.3.2_MC_1.20.1.jar
[14May2025 22:20:58.293] [main/DEBUG] [net.minecraftforge.fml.loading.moddiscovery.ModFileInfo/LOADING]: Found valid mod file fancymenu_forge_3.3.2_MC_1.20.1.jar with {fancymenu} mods - versions {3.3.2}
[14May2025 22:20:58.293] [main/DEBUG] [net.minecraftforge.fml.loading.moddiscovery.ModFile/LOADING]: Loading mod file /workspaces/Sagon/servidor_minecraft/mods/fancymenu_forge_3.3.2_MC_1.20.1.jar with languages [LanguageSpec[languageName=javafml, acceptedVersions=[47,)]]
[14May2025 22:20:58.293] [main/DEBUG] [net.minecraftforge.fml.loading.moddiscovery.ModFileParser/LOADING]: Considering mod file candidate /workspaces/Sagon/servidor_minecraft/mods/ImmediatelyFast-Forge-1.3.4+1.20.4.jar
[14May2025 22:20:58.293] [main/DEBUG] [net.minecraftforge.fml.loading.moddiscovery.ModFileInfo/LOADING]: Found valid mod file ImmediatelyFast-Forge-1.3.4+1.20.4.jar with {immediatelyfast} mods - versions {1.3.4+1.20.4}
[14May2025 22:20:58.293] [main/DEBUG] [net.minecraftforge.fml.loading.moddiscovery.ModFile/LOADING]: Loading mod file /workspaces/Sagon/servidor_minecraft/mods/ImmediatelyFast-Forge-1.3.4+1.20.4.jar with languages [LanguageSpec[languageName=javafml, acceptedVersions=[46,)]]
[14May2025 22:20:58.293] [main/DEBUG] [net.minecraftforge.fml.loading.moddiscovery.ModFileParser/LOADING]: Considering mod file candidate /workspaces/Sagon/servidor_minecraft/mods/BetterTridents-v8.0.1-1.20.1-Forge.jar
[14May2025 22:20:58.294] [main/DEBUG] [net.minecraftforge.fml.loading.moddiscovery.ModFileInfo/LOADING]: Found valid mod file BetterTridents-v8.0.1-1.20.1-Forge.jar with {bettertridents} mods - versions {8.0.1}
[14May2025 22:20:58.294] [main/DEBUG] [net.minecraftforge.fml.loading.moddiscovery.ModFile/LOADING]: Loading mod file /workspaces/Sagon/servidor_minecraft/mods/BetterTridents-v8.0.1-1.20.1-Forge.jar with languages [LanguageSpec[languageName=javafml, acceptedVersions=[47,)]]
[14May2025 22:20:58.294] [main/DEBUG] [net.minecraftforge.fml.loading.moddiscovery.ModFileParser/LOADING]: Considering mod file candidate /workspaces/Sagon/servidor_minecraft/mods/automobility-0.4.2+1.20.1-forge.jar
[14May2025 22:20:58.294] [main/DEBUG] [net.minecraftforge.fml.loading.moddiscovery.ModFileInfo/LOADING]: Found valid mod file automobility-0.4.2+1.20.1-forge.jar with {automobility} mods - versions {0.4.2+1.20.1-forge}
[14May2025 22:20:58.294] [main/DEBUG] [net.minecraftforge.fml.loading.moddiscovery.ModFile/LOADING]: Loading mod file /workspaces/Sagon/servidor_minecraft/mods/automobility-0.4.2+1.20.1-forge.jar with languages [LanguageSpec[languageName=javafml, acceptedVersions=[46,)]]
[14May2025 22:20:58.294] [main/DEBUG] [net.minecraftforge.fml.loading.moddiscovery.ModFileParser/LOADING]: Considering mod file candidate /workspaces/Sagon/servidor_minecraft/mods/creeperoverhaul-3.0.2-forge.jar
[14May2025 22:20:58.294] [main/DEBUG] [net.minecraftforge.fml.loading.moddiscovery.ModFileInfo/LOADING]: Found valid mod file creeperoverhaul-3.0.2-forge.jar with {creeperoverhaul} mods - versions {3.0.2}
[14May2025 22:20:58.294] [main/DEBUG] [net.minecraftforge.fml.loading.moddiscovery.ModFile/LOADING]: Loading mod file /workspaces/Sagon/servidor_minecraft/mods/creeperoverhaul-3.0.2-forge.jar with languages [LanguageSpec[languageName=javafml, acceptedVersions=[46,)]]
[14May2025 22:20:58.295] [main/DEBUG] [net.minecraftforge.fml.loading.moddiscovery.ModFileParser/LOADING]: Considering mod file candidate /workspaces/Sagon/servidor_minecraft/mods/ferritecore-6.0.1-forge.jar
[14May2025 22:20:58.295] [main/DEBUG] [net.minecraftforge.fml.loading.moddiscovery.ModFileInfo/LOADING]: Found valid mod file ferritecore-6.0.1-forge.jar with {ferritecore} mods - versions {6.0.1}
[14May2025 22:20:58.295] [main/DEBUG] [net.minecraftforge.fml.loading.moddiscovery.ModFile/LOADING]: Loading mod file /workspaces/Sagon/servidor_minecraft/mods/ferritecore-6.0.1-forge.jar with languages [LanguageSpec[languageName=javafml, acceptedVersions=[28,)]]
[14May2025 22:20:58.295] [main/DEBUG] [net.minecraftforge.fml.loading.moddiscovery.ModFileParser/LOADING]: Considering mod file candidate /workspaces/Sagon/servidor_minecraft/mods/visuality-forge-2.0.2.jar
[14May2025 22:20:58.295] [main/DEBUG] [net.minecraftforge.fml.loading.moddiscovery.ModFileInfo/LOADING]: Found valid mod file visuality-forge-2.0.2.jar with {visuality} mods - versions {2.0.2}
[14May2025 22:20:58.295] [main/DEBUG] [net.minecraftforge.fml.loading.moddiscovery.ModFile/LOADING]: Loading mod file /workspaces/Sagon/servidor_minecraft/mods/visuality-forge-2.0.2.jar with languages [LanguageSpec[languageName=javafml, acceptedVersions=[46,)]]
[14May2025 22:20:58.295] [main/DEBUG] [net.minecraftforge.fml.loading.moddiscovery.ModFileParser/LOADING]: Considering mod file candidate /workspaces/Sagon/servidor_minecraft/mods/PuzzlesLib-v8.1.32-1.20.1-Forge.jar
[14May2025 22:20:58.296] [main/DEBUG] [net.minecraftforge.fml.loading.moddiscovery.ModFileInfo/LOADING]: Found valid mod file PuzzlesLib-v8.1.32-1.20.1-Forge.jar with {puzzleslib} mods - versions {8.1.32}
[14May2025 22:20:58.296] [main/DEBUG] [net.minecraftforge.fml.loading.moddiscovery.ModFile/LOADING]: Loading mod file /workspaces/Sagon/servidor_minecraft/mods/PuzzlesLib-v8.1.32-1.20.1-Forge.jar with languages [LanguageSpec[languageName=javafml, acceptedVersions=[47,)]]
[14May2025 22:20:58.296] [main/DEBUG] [net.minecraftforge.fml.loading.moddiscovery.ModFileParser/LOADING]: Considering mod file candidate /workspaces/Sagon/servidor_minecraft/mods/charmofundying-forge-6.5.0+1.20.1.jar
[14May2025 22:20:58.296] [main/DEBUG] [net.minecraftforge.fml.loading.moddiscovery.ModFileInfo/LOADING]: Found valid mod file charmofundying-forge-6.5.0+1.20.1.jar with {charmofundying} mods - versions {6.5.0+1.20.1}
[14May2025 22:20:58.296] [main/DEBUG] [net.minecraftforge.fml.loading.moddiscovery.ModFile/LOADING]: Loading mod file /workspaces/Sagon/servidor_minecraft/mods/charmofundying-forge-6.5.0+1.20.1.jar with languages [LanguageSpec[languageName=javafml, acceptedVersions=[41,)]]
[14May2025 22:20:58.296] [main/DEBUG] [net.minecraftforge.fml.loading.moddiscovery.ModFileParser/LOADING]: Considering mod file candidate /workspaces/Sagon/servidor_minecraft/mods/BadOptimizations-2.2.1-1.20.1.jar
[14May2025 22:20:58.297] [main/DEBUG] [net.minecraftforge.fml.loading.moddiscovery.ModFileInfo/LOADING]: Found valid mod file BadOptimizations-2.2.1-1.20.1.jar with {badoptimizations} mods - versions {2.2.1}
[14May2025 22:20:58.297] [main/DEBUG] [net.minecraftforge.fml.loading.moddiscovery.ModFile/LOADING]: Loading mod file /workspaces/Sagon/servidor_minecraft/mods/BadOptimizations-2.2.1-1.20.1.jar with languages [LanguageSpec[languageName=javafml, acceptedVersions=[1,)]]
[14May2025 22:20:58.297] [main/DEBUG] [net.minecraftforge.fml.loading.moddiscovery.ModFileParser/LOADING]: Considering mod file candidate /workspaces/Sagon/servidor_minecraft/mods/chunksending-1.20.1-2.8.jar
[14May2025 22:20:58.297] [main/DEBUG] [net.minecraftforge.fml.loading.moddiscovery.ModFileInfo/LOADING]: Found valid mod file chunksending-1.20.1-2.8.jar with {chunksending} mods - versions {1.20.1-2.8}
[14May2025 22:20:58.298] [main/DEBUG] [net.minecraftforge.fml.loading.moddiscovery.ModFile/LOADING]: Loading mod file /workspaces/Sagon/servidor_minecraft/mods/chunksending-1.20.1-2.8.jar with languages [LanguageSpec[languageName=javafml, acceptedVersions=[36,)]]
[14May2025 22:20:58.298] [main/DEBUG] [net.minecraftforge.fml.loading.moddiscovery.ModFileParser/LOADING]: Considering mod file candidate /workspaces/Sagon/servidor_minecraft/mods/MOAdecor ELECTRONICS 1.20.1.A.jar
[14May2025 22:20:58.298] [main/DEBUG] [net.minecraftforge.fml.loading.moddiscovery.ModFileInfo/LOADING]: Found valid mod file MOAdecor ELECTRONICS 1.20.1.A.jar with {moa_decor_electronics} mods - versions {1.20.1.}
[14May2025 22:20:58.298] [main/DEBUG] [net.minecraftforge.fml.loading.moddiscovery.ModFile/LOADING]: Loading mod file /workspaces/Sagon/servidor_minecraft/mods/MOAdecor ELECTRONICS 1.20.1.A.jar with languages [LanguageSpec[languageName=javafml, acceptedVersions=[47,)]]
[14May2025 22:20:58.298] [main/DEBUG] [net.minecraftforge.fml.loading.moddiscovery.ModFileParser/LOADING]: Considering mod file candidate /workspaces/Sagon/servidor_minecraft/mods/loadmyresources_forge_1.0.4_MC_1.19.3.jar
[14May2025 22:20:58.298] [main/DEBUG] [net.minecraftforge.fml.loading.moddiscovery.ModFileInfo/LOADING]: Found valid mod file loadmyresources_forge_1.0.4_MC_1.19.3.jar with {loadmyresources} mods - versions {1.0.4}
[14May2025 22:20:58.298] [main/DEBUG] [net.minecraftforge.fml.loading.moddiscovery.ModFile/LOADING]: Loading mod file /workspaces/Sagon/servidor_minecraft/mods/loadmyresources_forge_1.0.4_MC_1.19.3.jar with languages [LanguageSpec[languageName=javafml, acceptedVersions=[44,)]]
[14May2025 22:20:58.299] [main/DEBUG] [net.minecraftforge.fml.loading.moddiscovery.ModFileParser/LOADING]: Considering mod file candidate /workspaces/Sagon/servidor_minecraft/mods/deuf-1.20.1-1.3.jar
[14May2025 22:20:58.299] [main/DEBUG] [net.minecraftforge.fml.loading.moddiscovery.ModFileInfo/LOADING]: Found valid mod file deuf-1.20.1-1.3.jar with {deuf} mods - versions {1.20.1-1.3}
[14May2025 22:20:58.299] [main/DEBUG] [net.minecraftforge.fml.loading.moddiscovery.ModFile/LOADING]: Loading mod file /workspaces/Sagon/servidor_minecraft/mods/deuf-1.20.1-1.3.jar with languages [LanguageSpec[languageName=javafml, acceptedVersions=[47,)]]
[14May2025 22:20:58.299] [main/DEBUG] [net.minecraftforge.fml.loading.moddiscovery.ModFileParser/LOADING]: Considering mod file candidate /workspaces/Sagon/servidor_minecraft/mods/aquamirae-6.API15.jar
[14May2025 22:20:58.299] [main/DEBUG] [net.minecraftforge.fml.loading.moddiscovery.ModFileInfo/LOADING]: Found valid mod file aquamirae-6.API15.jar with {aquamirae} mods - versions {6.API15}
[14May2025 22:20:58.299] [main/DEBUG] [net.minecraftforge.fml.loading.moddiscovery.ModFile/LOADING]: Loading mod file /workspaces/Sagon/servidor_minecraft/mods/aquamirae-6.API15.jar with languages [LanguageSpec[languageName=javafml, acceptedVersions=[47,)]]
[14May2025 22:20:58.299] [main/DEBUG] [net.minecraftforge.fml.loading.moddiscovery.ModFileParser/LOADING]: Considering mod file candidate /workspaces/Sagon/servidor_minecraft/mods/defaultoptions-forge-1.20-18.0.1.jar
[14May2025 22:20:58.300] [main/DEBUG] [net.minecraftforge.fml.loading.moddiscovery.ModFileInfo/LOADING]: Found valid mod file defaultoptions-forge-1.20-18.0.1.jar with {defaultoptions} mods - versions {18.0.1}
[14May2025 22:20:58.300] [main/DEBUG] [net.minecraftforge.fml.loading.moddiscovery.ModFile/LOADING]: Loading mod file /workspaces/Sagon/servidor_minecraft/mods/defaultoptions-forge-1.20-18.0.1.jar with languages [LanguageSpec[languageName=javafml, acceptedVersions=[46,)]]
[14May2025 22:20:58.300] [main/DEBUG] [net.minecraftforge.fml.loading.moddiscovery.ModFile/LOADING]: Loading mod file  with languages []
[14May2025 22:20:58.300] [main/DEBUG] [net.minecraftforge.fml.loading.moddiscovery.ModFile/LOADING]: Loading mod file  with languages []
[14May2025 22:20:58.300] [main/DEBUG] [net.minecraftforge.fml.loading.moddiscovery.ModFile/LOADING]: Loading mod file  with languages []
[14May2025 22:20:58.300] [main/DEBUG] [net.minecraftforge.fml.loading.moddiscovery.ModFileParser/LOADING]: Considering mod file candidate 
[14May2025 22:20:58.300] [main/DEBUG] [net.minecraftforge.fml.loading.moddiscovery.ModFileInfo/LOADING]: Found valid mod file mixinextras-forge-0.2.0-beta.6.jar with {mixinextras} mods - versions {0.2.0-beta.6}
[14May2025 22:20:58.300] [main/DEBUG] [net.minecraftforge.fml.loading.moddiscovery.ModFile/LOADING]: Loading mod file  with languages [LanguageSpec[languageName=javafml, acceptedVersions=*]]
[14May2025 22:20:58.301] [main/DEBUG] [net.minecraftforge.fml.loading.moddiscovery.ModFile/LOADING]: Loading mod file  with languages []
[14May2025 22:20:58.301] [main/DEBUG] [net.minecraftforge.fml.loading.moddiscovery.ModFile/LOADING]: Loading mod file  with languages []
[14May2025 22:20:58.301] [main/DEBUG] [net.minecraftforge.fml.loading.moddiscovery.ModFile/LOADING]: Loading mod file  with languages []
[14May2025 22:20:58.301] [main/DEBUG] [net.minecraftforge.fml.loading.moddiscovery.ModFile/LOADING]: Loading mod file  with languages []
[14May2025 22:20:58.301] [main/DEBUG] [net.minecraftforge.fml.loading.moddiscovery.ModFile/LOADING]: Loading mod file  with languages []
[14May2025 22:20:58.301] [main/DEBUG] [net.minecraftforge.fml.loading.moddiscovery.ModFile/LOADING]: Loading mod file  with languages []
[14May2025 22:20:58.301] [main/DEBUG] [net.minecraftforge.fml.loading.moddiscovery.ModFile/LOADING]: Loading mod file  with languages []
[14May2025 22:20:58.301] [main/DEBUG] [net.minecraftforge.fml.loading.moddiscovery.ModFile/LOADING]: Loading mod file  with languages []
[14May2025 22:20:58.301] [main/DEBUG] [net.minecraftforge.fml.loading.moddiscovery.ModFileParser/LOADING]: Considering mod file candidate 
[14May2025 22:20:58.301] [main/DEBUG] [net.minecraftforge.fml.loading.moddiscovery.ModFileInfo/LOADING]: Found valid mod file mixinsquared-forge-0.2.0.jar with {mixinsquared} mods - versions {0.2.0}
[14May2025 22:20:58.301] [main/DEBUG] [net.minecraftforge.fml.loading.moddiscovery.ModFile/LOADING]: Loading mod file  with languages [LanguageSpec[languageName=javafml, acceptedVersions=*]]
[14May2025 22:20:58.302] [main/DEBUG] [net.minecraftforge.fml.loading.moddiscovery.ModFile/LOADING]: Loading mod file  with languages []
[14May2025 22:20:58.302] [main/DEBUG] [net.minecraftforge.fml.loading.moddiscovery.ModFile/LOADING]: Loading mod file  with languages []
[14May2025 22:20:58.302] [main/DEBUG] [net.minecraftforge.fml.loading.moddiscovery.ModFile/LOADING]: Loading mod file  with languages []
[14May2025 22:20:58.302] [main/DEBUG] [net.minecraftforge.fml.loading.moddiscovery.ModFile/LOADING]: Loading mod file  with languages []
[14May2025 22:20:58.302] [main/DEBUG] [net.minecraftforge.fml.loading.moddiscovery.ModFile/LOADING]: Loading mod file  with languages []
[14May2025 22:20:58.302] [main/DEBUG] [net.minecraftforge.fml.loading.moddiscovery.ModFile/LOADING]: Loading mod file  with languages []
[14May2025 22:20:58.302] [main/DEBUG] [net.minecraftforge.fml.loading.moddiscovery.ModFile/LOADING]: Loading mod file  with languages []
[14May2025 22:20:58.302] [main/DEBUG] [net.minecraftforge.fml.loading.moddiscovery.ModFileParser/LOADING]: Considering mod file candidate 
[14May2025 22:20:58.302] [main/DEBUG] [net.minecraftforge.fml.loading.moddiscovery.ModFileInfo/LOADING]: Found valid mod file mixinextras-forge-0.2.0-beta.6.jar with {mixinextras} mods - versions {0.2.0-beta.6}
[14May2025 22:20:58.302] [main/DEBUG] [net.minecraftforge.fml.loading.moddiscovery.ModFile/LOADING]: Loading mod file  with languages [LanguageSpec[languageName=javafml, acceptedVersions=*]]
[14May2025 22:20:58.302] [main/DEBUG] [net.minecraftforge.fml.loading.moddiscovery.ModFile/LOADING]: Loading mod file  with languages []
[14May2025 22:20:58.303] [main/DEBUG] [net.minecraftforge.fml.loading.moddiscovery.ModFile/LOADING]: Loading mod file  with languages []
[14May2025 22:20:58.303] [main/DEBUG] [net.minecraftforge.fml.loading.moddiscovery.ModFile/LOADING]: Loading mod file  with languages []
[14May2025 22:20:58.303] [main/DEBUG] [net.minecraftforge.fml.loading.moddiscovery.ModFile/LOADING]: Loading mod file  with languages []
[14May2025 22:20:58.303] [main/DEBUG] [net.minecraftforge.fml.loading.moddiscovery.ModFile/LOADING]: Loading mod file  with languages []
[14May2025 22:20:58.303] [main/DEBUG] [net.minecraftforge.fml.loading.moddiscovery.ModFile/LOADING]: Loading mod file  with languages []
[14May2025 22:20:58.303] [main/DEBUG] [net.minecraftforge.fml.loading.moddiscovery.ModFile/LOADING]: Loading mod file  with languages []
[14May2025 22:20:58.303] [main/DEBUG] [net.minecraftforge.fml.loading.moddiscovery.ModFile/LOADING]: Loading mod file  with languages []
[14May2025 22:20:58.303] [main/DEBUG] [net.minecraftforge.fml.loading.moddiscovery.ModFileParser/LOADING]: Considering mod file candidate 
[14May2025 22:20:58.303] [main/DEBUG] [net.minecraftforge.fml.loading.moddiscovery.ModFileInfo/LOADING]: Found valid mod file mixinsquared-forge-0.2.0.jar with {mixinsquared} mods - versions {0.2.0}
[14May2025 22:20:58.303] [main/DEBUG] [net.minecraftforge.fml.loading.moddiscovery.ModFile/LOADING]: Loading mod file  with languages [LanguageSpec[languageName=javafml, acceptedVersions=*]]
[14May2025 22:20:58.303] [main/DEBUG] [net.minecraftforge.fml.loading.moddiscovery.ModFile/LOADING]: Loading mod file  with languages []
[14May2025 22:20:58.303] [main/DEBUG] [net.minecraftforge.fml.loading.moddiscovery.ModFile/LOADING]: Loading mod file  with languages []
[14May2025 22:20:58.303] [main/DEBUG] [net.minecraftforge.fml.loading.moddiscovery.ModFile/LOADING]: Loading mod file  with languages []
[14May2025 22:20:58.304] [main/DEBUG] [net.minecraftforge.fml.loading.moddiscovery.ModFile/LOADING]: Loading mod file  with languages []
[14May2025 22:20:58.304] [main/DEBUG] [cpw.mods.modlauncher.TransformationServiceDecorator/MODLAUNCHER]: End scan trigger - transformation service fml
[14May2025 22:20:58.314] [main/DEBUG] [net.minecraftforge.fml.loading.LanguageLoadingProvider/CORE]: Found 3 language providers
[14May2025 22:20:58.315] [main/DEBUG] [net.minecraftforge.fml.loading.LanguageLoadingProvider/CORE]: Found language provider minecraft, version 1.0
[14May2025 22:20:58.315] [main/DEBUG] [net.minecraftforge.fml.loading.LanguageLoadingProvider/CORE]: Found language provider lowcodefml, version 47
[14May2025 22:20:58.315] [main/DEBUG] [net.minecraftforge.fml.loading.LanguageLoadingProvider/CORE]: Found language provider javafml, version 47
[14May2025 22:20:58.319] [main/DEBUG] [net.minecraftforge.fml.loading.UniqueModListBuilder/]: Found 2 mods for first modid mclib, selecting most recent based on version data
[14May2025 22:20:58.319] [main/DEBUG] [net.minecraftforge.fml.loading.UniqueModListBuilder/]: Selected file mclib-20.jar for modid mclib with version 0.0NONE
[14May2025 22:20:58.319] [main/DEBUG] [net.minecraftforge.fml.loading.UniqueModListBuilder/]: Found 2 mods for first modid com.fasterxml.jackson.annotation, selecting most recent based on version data
[14May2025 22:20:58.319] [main/DEBUG] [net.minecraftforge.fml.loading.UniqueModListBuilder/]: Selected file jackson-annotations-2.17.0.jar for modid com.fasterxml.jackson.annotation with version 2.17.0
[14May2025 22:20:58.319] [main/DEBUG] [net.minecraftforge.fml.loading.UniqueModListBuilder/]: Found 2 mods for first modid org.kohsuke.github.api, selecting most recent based on version data
[14May2025 22:20:58.319] [main/DEBUG] [net.minecraftforge.fml.loading.UniqueModListBuilder/]: Selected file github-api-1.318.jar for modid org.kohsuke.github.api with version 0.0NONE
[14May2025 22:20:58.319] [main/DEBUG] [net.minecraftforge.fml.loading.UniqueModListBuilder/]: Found 2 mods for first modid mixinextras, selecting most recent based on version data
[14May2025 22:20:58.319] [main/DEBUG] [net.minecraftforge.fml.loading.UniqueModListBuilder/]: Selected file mixinextras-forge-0.2.0-beta.6.jar for modid mixinextras with version 0.2.0-beta.6
[14May2025 22:20:58.319] [main/DEBUG] [net.minecraftforge.fml.loading.UniqueModListBuilder/]: Found 2 mods for first modid com.madgag.gif.fmsware, selecting most recent based on version data
[14May2025 22:20:58.319] [main/DEBUG] [net.minecraftforge.fml.loading.UniqueModListBuilder/]: Selected file animated-gif-lib-for-java-animated-gif-lib-1.7.jar for modid com.madgag.gif.fmsware with version 0.0NONE
[14May2025 22:20:58.320] [main/DEBUG] [net.minecraftforge.fml.loading.UniqueModListBuilder/]: Found 2 mods for first modid yabn, selecting most recent based on version data
[14May2025 22:20:58.320] [main/DEBUG] [net.minecraftforge.fml.loading.UniqueModListBuilder/]: Selected file yabn-1.0.3.jar for modid yabn with version 0.0NONE
[14May2025 22:20:58.320] [main/DEBUG] [net.minecraftforge.fml.loading.UniqueModListBuilder/]: Found 2 mods for first modid Reflect, selecting most recent based on version data
[14May2025 22:20:58.320] [main/DEBUG] [net.minecraftforge.fml.loading.UniqueModListBuilder/]: Selected file Reflect-1.3.4.jar for modid Reflect with version 0.0NONE
[14May2025 22:20:58.320] [main/DEBUG] [net.minecraftforge.fml.loading.UniqueModListBuilder/]: Found 2 mods for first modid com.fasterxml.jackson.core, selecting most recent based on version data
[14May2025 22:20:58.320] [main/DEBUG] [net.minecraftforge.fml.loading.UniqueModListBuilder/]: Selected file jackson-core-2.17.0.jar for modid com.fasterxml.jackson.core with version 2.17.0
[14May2025 22:20:58.320] [main/DEBUG] [net.minecraftforge.fml.loading.UniqueModListBuilder/]: Found 2 mods for first modid japng, selecting most recent based on version data
[14May2025 22:20:58.320] [main/DEBUG] [net.minecraftforge.fml.loading.UniqueModListBuilder/]: Selected file japng-0.5.3.jar for modid japng with version 0.5.3
[14May2025 22:20:58.320] [main/DEBUG] [net.minecraftforge.fml.loading.UniqueModListBuilder/]: Found 2 mods for first modid NanoLiveConfig, selecting most recent based on version data
[14May2025 22:20:58.320] [main/DEBUG] [net.minecraftforge.fml.loading.UniqueModListBuilder/]: Selected file NanoLiveConfig-1.2.1.jar for modid NanoLiveConfig with version 0.0NONE
[14May2025 22:20:58.320] [main/DEBUG] [net.minecraftforge.fml.loading.UniqueModListBuilder/]: Found 2 mods for first modid bytecodecs, selecting most recent based on version data
[14May2025 22:20:58.320] [main/DEBUG] [net.minecraftforge.fml.loading.UniqueModListBuilder/]: Selected file bytecodecs-1.0.2.jar for modid bytecodecs with version 0.0NONE
[14May2025 22:20:58.320] [main/DEBUG] [net.minecraftforge.fml.loading.UniqueModListBuilder/]: Found 2 mods for first modid MathParser.org.mXparser, selecting most recent based on version data
[14May2025 22:20:58.320] [main/DEBUG] [net.minecraftforge.fml.loading.UniqueModListBuilder/]: Selected file MathParser.org-mXparser-5.2.1.jar for modid MathParser.org.mXparser with version 0.0NONE
[14May2025 22:20:58.320] [main/DEBUG] [net.minecraftforge.fml.loading.UniqueModListBuilder/]: Found 2 mods for first modid mixinsquared, selecting most recent based on version data
[14May2025 22:20:58.320] [main/DEBUG] [net.minecraftforge.fml.loading.UniqueModListBuilder/]: Selected file mixinsquared-forge-0.2.0.jar for modid mixinsquared with version 0.2.0
[14May2025 22:20:58.320] [main/DEBUG] [net.minecraftforge.fml.loading.UniqueModListBuilder/]: Found 2 mods for first modid MixinSquared, selecting most recent based on version data
[14May2025 22:20:58.320] [main/DEBUG] [net.minecraftforge.fml.loading.UniqueModListBuilder/]: Selected file MixinSquared-0.2.0.jar for modid MixinSquared with version 0.0NONE
[14May2025 22:20:58.320] [main/DEBUG] [net.minecraftforge.fml.loading.UniqueModListBuilder/]: Found 2 mods for first modid com.fasterxml.jackson.databind, selecting most recent based on version data
[14May2025 22:20:58.320] [main/DEBUG] [net.minecraftforge.fml.loading.UniqueModListBuilder/]: Selected file jackson-databind-2.17.0.jar for modid com.fasterxml.jackson.databind with version 2.17.0
[14May2025 22:20:58.320] [main/DEBUG] [net.minecraftforge.fml.loading.UniqueModListBuilder/]: Found 2 mods for first modid org.apache.httpcomponents.httpmime, selecting most recent based on version data
[14May2025 22:20:58.321] [main/DEBUG] [net.minecraftforge.fml.loading.UniqueModListBuilder/]: Selected file httpmime-4.5.10.jar for modid org.apache.httpcomponents.httpmime with version 4.5.10
[14May2025 22:20:58.321] [main/DEBUG] [net.minecraftforge.fml.loading.UniqueModListBuilder/]: Found 2 mods for first modid MixinExtras, selecting most recent based on version data
[14May2025 22:20:58.321] [main/DEBUG] [net.minecraftforge.fml.loading.UniqueModListBuilder/]: Selected file MixinExtras-0.4.1.jar for modid MixinExtras with version 0.0NONE
[14May2025 22:20:58.323] [main/DEBUG] [net.minecraftforge.fml.loading.ModSorter/]: Configured system mods: [minecraft, forge]
[14May2025 22:20:58.323] [main/DEBUG] [net.minecraftforge.fml.loading.ModSorter/]: Found system mod: minecraft
[14May2025 22:20:58.323] [main/DEBUG] [net.minecraftforge.fml.loading.ModSorter/]: Found system mod: forge
[14May2025 22:20:58.328] [main/DEBUG] [net.minecraftforge.fml.loading.ModSorter/LOADING]: Found 291 mod requirements (272 mandatory, 19 optional)
[14May2025 22:20:58.330] [main/DEBUG] [net.minecraftforge.fml.loading.ModSorter/LOADING]: Found 0 mod requirements missing (0 mandatory, 0 optional)
[14May2025 22:20:58.970] [main/DEBUG] [cpw.mods.modlauncher.TransformationServicesHandler/MODLAUNCHER]: Transformation services loading transformers
[14May2025 22:20:58.971] [main/DEBUG] [cpw.mods.modlauncher.TransformationServiceDecorator/MODLAUNCHER]: Initializing transformers for transformation service mixin
[14May2025 22:20:58.972] [main/DEBUG] [cpw.mods.modlauncher.TransformationServiceDecorator/MODLAUNCHER]: Initialized transformers for transformation service mixin
[14May2025 22:20:58.973] [main/DEBUG] [cpw.mods.modlauncher.TransformationServiceDecorator/MODLAUNCHER]: Initializing transformers for transformation service fml
[14May2025 22:20:58.973] [main/DEBUG] [net.minecraftforge.fml.loading.FMLServiceProvider/CORE]: Loading coremod transformers
[14May2025 22:20:58.974] [main/DEBUG] [net.minecraftforge.coremod.CoreModEngine/COREMOD]: Loading CoreMod from coremods/get_ench_level_event.js
[14May2025 22:20:59.168] [main/DEBUG] [net.minecraftforge.coremod.CoreModEngine/COREMOD]: CoreMod loaded successfully
[14May2025 22:20:59.168] [main/DEBUG] [net.minecraftforge.coremod.CoreModEngine/COREMOD]: Loading CoreMod from coremods/get_ench_level_event_specific.js
[14May2025 22:20:59.208] [main/DEBUG] [net.minecraftforge.coremod.CoreModEngine/COREMOD]: CoreMod loaded successfully
[14May2025 22:20:59.208] [main/DEBUG] [net.minecraftforge.coremod.CoreModEngine/COREMOD]: Loading CoreMod from coremods/field_to_method.js
[14May2025 22:20:59.295] [main/DEBUG] [net.minecraftforge.coremod.CoreModEngine/COREMOD]: CoreMod loaded successfully
[14May2025 22:20:59.295] [main/DEBUG] [net.minecraftforge.coremod.CoreModEngine/COREMOD]: Loading CoreMod from coremods/field_to_instanceof.js
[14May2025 22:20:59.424] [main/DEBUG] [net.minecraftforge.coremod.CoreModEngine/COREMOD]: CoreMod loaded successfully
[14May2025 22:20:59.424] [main/DEBUG] [net.minecraftforge.coremod.CoreModEngine/COREMOD]: Loading CoreMod from coremods/add_bouncer_method.js
[14May2025 22:20:59.495] [main/DEBUG] [net.minecraftforge.coremod.CoreModEngine/COREMOD]: CoreMod loaded successfully
[14May2025 22:20:59.495] [main/DEBUG] [net.minecraftforge.coremod.CoreModEngine/COREMOD]: Loading CoreMod from coremods/method_redirector.js
[14May2025 22:20:59.600] [main/DEBUG] [net.minecraftforge.coremod.CoreModEngine/COREMOD]: CoreMod loaded successfully
[14May2025 22:20:59.600] [main/DEBUG] [net.minecraftforge.coremod.CoreModEngine/COREMOD]: Loading CoreMod from META-INF/xaerohud_core.js
[14May2025 22:20:59.724] [main/DEBUG] [net.minecraftforge.coremod.CoreModEngine/COREMOD]: CoreMod loaded successfully
[14May2025 22:20:59.741] [main/DEBUG] [cpw.mods.modlauncher.TransformStore/MODLAUNCHER]: Adding transformer net.minecraftforge.coremod.transformer.CoreModMethodTransformer@64f4f12 to Target : METHOD {Lnet/minecraftforge/common/extensions/IForgeItemStack;} {getAllEnchantments} {()Ljava/util/Map;}
[14May2025 22:20:59.742] [main/DEBUG] [cpw.mods.modlauncher.TransformStore/MODLAUNCHER]: Adding transformer net.minecraftforge.coremod.transformer.CoreModMethodTransformer@53314f76 to Target : METHOD {Lnet/minecraftforge/common/extensions/IForgeItemStack;} {getEnchantmentLevel} {(Lnet/minecraft/world/item/enchantment/Enchantment;)I}
[14May2025 22:20:59.742] [main/DEBUG] [cpw.mods.modlauncher.TransformStore/MODLAUNCHER]: Adding transformer net.minecraftforge.coremod.transformer.CoreModMethodTransformer@62a6674f to Target : METHOD {Lnet/minecraft/client/multiplayer/ClientPacketListener;} {m_6773_} {(Lnet/minecraft/network/protocol/game/ClientboundBlockUpdatePacket;)V}
[14May2025 22:20:59.743] [main/DEBUG] [cpw.mods.modlauncher.TransformStore/MODLAUNCHER]: Adding transformer net.minecraftforge.coremod.transformer.CoreModMethodTransformer@70881123 to Target : METHOD {Lnet/minecraft/client/multiplayer/ClientPacketListener;} {m_5771_} {(Lnet/minecraft/network/protocol/game/ClientboundSectionBlocksUpdatePacket;)V}
[14May2025 22:20:59.743] [main/DEBUG] [cpw.mods.modlauncher.TransformStore/MODLAUNCHER]: Adding transformer net.minecraftforge.coremod.transformer.CoreModMethodTransformer@703fa45 to Target : METHOD {Lnet/minecraft/client/multiplayer/ClientPacketListener;} {m_194198_} {(IILnet/minecraft/network/protocol/game/ClientboundLevelChunkPacketData;)V}
[14May2025 22:20:59.744] [main/DEBUG] [cpw.mods.modlauncher.TransformStore/MODLAUNCHER]: Adding transformer net.minecraftforge.coremod.transformer.CoreModMethodTransformer@5e905f2c to Target : METHOD {Lnet/minecraft/client/multiplayer/ClientPacketListener;} {m_183388_} {(Lnet/minecraft/network/protocol/game/ClientboundLevelChunkWithLightPacket;)V}
[14May2025 22:20:59.744] [main/DEBUG] [cpw.mods.modlauncher.TransformStore/MODLAUNCHER]: Adding transformer net.minecraftforge.coremod.transformer.CoreModMethodTransformer@fddd7ae to Target : METHOD {Lnet/minecraft/client/multiplayer/ClientPacketListener;} {m_183514_} {(Lnet/minecraft/network/protocol/game/ClientboundLightUpdatePacket;)V}
[14May2025 22:20:59.744] [main/DEBUG] [cpw.mods.modlauncher.TransformStore/MODLAUNCHER]: Adding transformer net.minecraftforge.coremod.transformer.CoreModMethodTransformer@3f6cce7f to Target : METHOD {Lnet/minecraft/client/multiplayer/ClientPacketListener;} {m_194252_} {(Lnet/minecraft/network/protocol/game/ClientboundForgetLevelChunkPacket;)V}
[14May2025 22:20:59.745] [main/DEBUG] [cpw.mods.modlauncher.TransformStore/MODLAUNCHER]: Adding transformer net.minecraftforge.coremod.transformer.CoreModMethodTransformer@2725ca05 to Target : METHOD {Lnet/minecraft/client/multiplayer/ClientPacketListener;} {m_6571_} {(Lnet/minecraft/network/protocol/game/ClientboundSetDefaultSpawnPositionPacket;)V}
[14May2025 22:20:59.745] [main/DEBUG] [cpw.mods.modlauncher.TransformStore/MODLAUNCHER]: Adding transformer net.minecraftforge.coremod.transformer.CoreModMethodTransformer@7b9088f2 to Target : METHOD {Lnet/minecraft/client/player/AbstractClientPlayer;} {m_108561_} {()Lnet/minecraft/resources/ResourceLocation;}
[14May2025 22:20:59.745] [main/DEBUG] [cpw.mods.modlauncher.TransformStore/MODLAUNCHER]: Adding transformer net.minecraftforge.coremod.transformer.CoreModMethodTransformer@1a914089 to Target : METHOD {Lnet/minecraft/world/entity/player/Player;} {m_36170_} {(Lnet/minecraft/world/entity/player/PlayerModelPart;)Z}
[14May2025 22:20:59.745] [main/DEBUG] [cpw.mods.modlauncher.TransformStore/MODLAUNCHER]: Adding transformer net.minecraftforge.coremod.transformer.CoreModMethodTransformer@43d76a92 to Target : METHOD {Lnet/minecraft/client/multiplayer/ClientPacketListener;} {m_5998_} {(Lnet/minecraft/network/protocol/game/ClientboundLoginPacket;)V}
[14May2025 22:20:59.746] [main/DEBUG] [cpw.mods.modlauncher.TransformStore/MODLAUNCHER]: Adding transformer net.minecraftforge.coremod.transformer.CoreModMethodTransformer@4a2bf50f to Target : METHOD {Lnet/minecraft/client/multiplayer/ClientPacketListener;} {m_261044_} {()V}
[14May2025 22:20:59.746] [main/DEBUG] [cpw.mods.modlauncher.TransformStore/MODLAUNCHER]: Adding transformer net.minecraftforge.coremod.transformer.CoreModMethodTransformer@350323a0 to Target : METHOD {Lnet/minecraft/client/player/LocalPlayer;} {m_7583_} {()V}
[14May2025 22:20:59.746] [main/DEBUG] [cpw.mods.modlauncher.TransformStore/MODLAUNCHER]: Adding transformer net.minecraftforge.coremod.transformer.CoreModMethodTransformer@2506b881 to Target : METHOD {Lnet/minecraft/server/players/PlayerList;} {m_11229_} {(Lnet/minecraft/server/level/ServerPlayer;Lnet/minecraft/server/level/ServerLevel;)V}
[14May2025 22:20:59.746] [main/DEBUG] [cpw.mods.modlauncher.TransformStore/MODLAUNCHER]: Adding transformer net.minecraftforge.coremod.transformer.CoreModMethodTransformer@5d7dd549 to Target : METHOD {Lnet/minecraft/client/gui/components/BossHealthOverlay;} {m_280652_} {(Lnet/minecraft/client/gui/GuiGraphics;)V}
[14May2025 22:20:59.746] [main/DEBUG] [cpw.mods.modlauncher.TransformStore/MODLAUNCHER]: Adding transformer net.minecraftforge.coremod.transformer.CoreModMethodTransformer@486bd064 to Target : METHOD {Lnet/minecraft/client/model/ListModel;} {m_7695_} {(Lcom/mojang/blaze3d/vertex/PoseStack;Lcom/mojang/blaze3d/vertex/VertexConsumer;IIFFFF)V}
[14May2025 22:20:59.746] [main/DEBUG] [cpw.mods.modlauncher.TransformStore/MODLAUNCHER]: Adding transformer net.minecraftforge.coremod.transformer.CoreModMethodTransformer@6459f4ea to Target : METHOD {Lnet/minecraft/client/model/AgeableListModel;} {m_7695_} {(Lcom/mojang/blaze3d/vertex/PoseStack;Lcom/mojang/blaze3d/vertex/VertexConsumer;IIFFFF)V}
[14May2025 22:20:59.746] [main/DEBUG] [cpw.mods.modlauncher.TransformStore/MODLAUNCHER]: Adding transformer net.minecraftforge.coremod.transformer.CoreModMethodTransformer@740b9a50 to Target : METHOD {Lnet/minecraft/client/model/LlamaModel;} {m_7695_} {(Lcom/mojang/blaze3d/vertex/PoseStack;Lcom/mojang/blaze3d/vertex/VertexConsumer;IIFFFF)V}
[14May2025 22:20:59.746] [main/DEBUG] [cpw.mods.modlauncher.TransformStore/MODLAUNCHER]: Adding transformer net.minecraftforge.coremod.transformer.CoreModMethodTransformer@476fde05 to Target : METHOD {Lnet/minecraft/client/model/RabbitModel;} {m_7695_} {(Lcom/mojang/blaze3d/vertex/PoseStack;Lcom/mojang/blaze3d/vertex/VertexConsumer;IIFFFF)V}
[14May2025 22:20:59.747] [main/DEBUG] [cpw.mods.modlauncher.TransformStore/MODLAUNCHER]: Adding transformer net.minecraftforge.coremod.transformer.CoreModMethodTransformer@5111de7c to Target : METHOD {Lnet/minecraft/client/renderer/entity/EnderDragonRenderer$DragonModel;} {m_7695_} {(Lcom/mojang/blaze3d/vertex/PoseStack;Lcom/mojang/blaze3d/vertex/VertexConsumer;IIFFFF)V}
[14May2025 22:20:59.747] [main/DEBUG] [cpw.mods.modlauncher.TransformStore/MODLAUNCHER]: Adding transformer net.minecraftforge.coremod.transformer.CoreModMethodTransformer@7ac48e10 to Target : METHOD {Lnet/minecraft/client/model/HierarchicalModel;} {m_7695_} {(Lcom/mojang/blaze3d/vertex/PoseStack;Lcom/mojang/blaze3d/vertex/VertexConsumer;IIFFFF)V}
[14May2025 22:20:59.748] [main/DEBUG] [cpw.mods.modlauncher.TransformStore/MODLAUNCHER]: Adding transformer net.minecraftforge.coremod.transformer.CoreModMethodTransformer@52354202 to Target : METHOD {Lnet/minecraft/client/model/geom/ModelPart;} {m_104290_} {(Lcom/mojang/blaze3d/vertex/PoseStack$Pose;Lcom/mojang/blaze3d/vertex/VertexConsumer;IIFFFF)V}
[14May2025 22:20:59.748] [main/DEBUG] [cpw.mods.modlauncher.TransformStore/MODLAUNCHER]: Adding transformer net.minecraftforge.coremod.transformer.CoreModMethodTransformer@6b1321b7 to Target : METHOD {Lnet/minecraft/world/level/storage/LevelStorageSource$LevelStorageAccess;} {m_78311_} {()V}
[14May2025 22:20:59.748] [main/DEBUG] [cpw.mods.modlauncher.TransformStore/MODLAUNCHER]: Adding transformer net.minecraftforge.coremod.transformer.CoreModMethodTransformer@342ee097 to Target : METHOD {Lnet/minecraft/client/multiplayer/ClientPacketListener;} {m_246623_} {(Ljava/lang/String;)V}
[14May2025 22:20:59.748] [main/DEBUG] [cpw.mods.modlauncher.TransformStore/MODLAUNCHER]: Adding transformer net.minecraftforge.coremod.transformer.CoreModMethodTransformer@6ac45c0c to Target : METHOD {Lnet/minecraft/client/multiplayer/ClientPacketListener;} {m_246979_} {(Ljava/lang/String;)Z}
[14May2025 22:20:59.749] [main/DEBUG] [cpw.mods.modlauncher.TransformStore/MODLAUNCHER]: Adding transformer net.minecraftforge.coremod.transformer.CoreModMethodTransformer@12192604 to Target : METHOD {Lnet/minecraft/client/multiplayer/chat/ChatListener;} {m_240494_} {(Lnet/minecraft/network/chat/Component;Z)V}
[14May2025 22:20:59.750] [main/DEBUG] [cpw.mods.modlauncher.TransformStore/MODLAUNCHER]: Adding transformer net.minecraftforge.coremod.transformer.CoreModMethodTransformer@6075b369 to Target : METHOD {Lnet/minecraft/client/multiplayer/chat/ChatListener;} {m_245141_} {(Lnet/minecraft/network/chat/Component;Lnet/minecraft/network/chat/ChatType$Bound;)V}
[14May2025 22:20:59.750] [main/DEBUG] [cpw.mods.modlauncher.TransformStore/MODLAUNCHER]: Adding transformer net.minecraftforge.coremod.transformer.CoreModClassTransformer@6b70d1fb to Target : CLASS {Lnet/minecraft/world/level/biome/Biome;} {} {V}
[14May2025 22:20:59.750] [main/DEBUG] [cpw.mods.modlauncher.TransformStore/MODLAUNCHER]: Adding transformer net.minecraftforge.coremod.transformer.CoreModClassTransformer@3002e397 to Target : CLASS {Lnet/minecraft/world/level/levelgen/structure/Structure;} {} {V}
[14May2025 22:20:59.751] [main/DEBUG] [cpw.mods.modlauncher.TransformStore/MODLAUNCHER]: Adding transformer net.minecraftforge.coremod.transformer.CoreModClassTransformer@7da1e005 to Target : CLASS {Lnet/minecraft/world/effect/MobEffectInstance;} {} {V}
[14May2025 22:20:59.751] [main/DEBUG] [cpw.mods.modlauncher.TransformStore/MODLAUNCHER]: Adding transformer net.minecraftforge.coremod.transformer.CoreModClassTransformer@38159384 to Target : CLASS {Lnet/minecraft/world/level/block/LiquidBlock;} {} {V}
[14May2025 22:20:59.751] [main/DEBUG] [cpw.mods.modlauncher.TransformStore/MODLAUNCHER]: Adding transformer net.minecraftforge.coremod.transformer.CoreModClassTransformer@55877274 to Target : CLASS {Lnet/minecraft/world/item/BucketItem;} {} {V}
[14May2025 22:20:59.751] [main/DEBUG] [cpw.mods.modlauncher.TransformStore/MODLAUNCHER]: Adding transformer net.minecraftforge.coremod.transformer.CoreModClassTransformer@723e2d08 to Target : CLASS {Lnet/minecraft/world/level/block/StairBlock;} {} {V}
[14May2025 22:20:59.752] [main/DEBUG] [cpw.mods.modlauncher.TransformStore/MODLAUNCHER]: Adding transformer net.minecraftforge.coremod.transformer.CoreModClassTransformer@6d4a82 to Target : CLASS {Lnet/minecraft/world/level/block/FlowerPotBlock;} {} {V}
[14May2025 22:20:59.752] [main/DEBUG] [cpw.mods.modlauncher.TransformStore/MODLAUNCHER]: Adding transformer net.minecraftforge.coremod.transformer.CoreModClassTransformer@14f060b8 to Target : CLASS {Lnet/minecraft/world/item/ItemStack;} {} {V}
[14May2025 22:20:59.752] [main/DEBUG] [cpw.mods.modlauncher.TransformStore/MODLAUNCHER]: Adding transformer net.minecraftforge.coremod.transformer.CoreModClassTransformer@7a0ab480 to Target : CLASS {Lnet/minecraft/network/play/client/CClientSettingsPacket;} {} {V}
[14May2025 22:20:59.753] [main/DEBUG] [cpw.mods.modlauncher.TransformStore/MODLAUNCHER]: Adding transformer net.minecraftforge.coremod.transformer.CoreModClassTransformer@79df80a4 to Target : CLASS {Lnet/minecraft/world/entity/monster/ZombieVillager;} {} {V}
[14May2025 22:20:59.753] [main/DEBUG] [cpw.mods.modlauncher.TransformStore/MODLAUNCHER]: Adding transformer net.minecraftforge.coremod.transformer.CoreModClassTransformer@79df80a4 to Target : CLASS {Lnet/minecraft/world/entity/ai/village/VillageSiege;} {} {V}
[14May2025 22:20:59.753] [main/DEBUG] [cpw.mods.modlauncher.TransformStore/MODLAUNCHER]: Adding transformer net.minecraftforge.coremod.transformer.CoreModClassTransformer@79df80a4 to Target : CLASS {Lnet/minecraft/world/entity/monster/Zombie;} {} {V}
[14May2025 22:20:59.753] [main/DEBUG] [cpw.mods.modlauncher.TransformStore/MODLAUNCHER]: Adding transformer net.minecraftforge.coremod.transformer.CoreModClassTransformer@79df80a4 to Target : CLASS {Lnet/minecraft/server/commands/SummonCommand;} {} {V}
[14May2025 22:20:59.754] [main/DEBUG] [cpw.mods.modlauncher.TransformStore/MODLAUNCHER]: Adding transformer net.minecraftforge.coremod.transformer.CoreModClassTransformer@79df80a4 to Target : CLASS {Lnet/minecraft/world/level/levelgen/structure/structures/SwampHutPiece;} {} {V}
[14May2025 22:20:59.754] [main/DEBUG] [cpw.mods.modlauncher.TransformStore/MODLAUNCHER]: Adding transformer net.minecraftforge.coremod.transformer.CoreModClassTransformer@79df80a4 to Target : CLASS {Lnet/minecraft/world/level/levelgen/structure/structures/OceanMonumentPieces$OceanMonumentPiece;} {} {V}
[14May2025 22:20:59.754] [main/DEBUG] [cpw.mods.modlauncher.TransformStore/MODLAUNCHER]: Adding transformer net.minecraftforge.coremod.transformer.CoreModClassTransformer@79df80a4 to Target : CLASS {Lnet/minecraft/world/entity/EntityType;} {} {V}
[14May2025 22:20:59.754] [main/DEBUG] [cpw.mods.modlauncher.TransformStore/MODLAUNCHER]: Adding transformer net.minecraftforge.coremod.transformer.CoreModClassTransformer@79df80a4 to Target : CLASS {Lnet/minecraft/world/entity/npc/CatSpawner;} {} {V}
[14May2025 22:20:59.754] [main/DEBUG] [cpw.mods.modlauncher.TransformStore/MODLAUNCHER]: Adding transformer net.minecraftforge.coremod.transformer.CoreModClassTransformer@79df80a4 to Target : CLASS {Lnet/minecraft/world/level/levelgen/structure/structures/OceanRuinPieces$OceanRuinPiece;} {} {V}
[14May2025 22:20:59.754] [main/DEBUG] [cpw.mods.modlauncher.TransformStore/MODLAUNCHER]: Adding transformer net.minecraftforge.coremod.transformer.CoreModClassTransformer@79df80a4 to Target : CLASS {Lnet/minecraft/world/level/levelgen/PhantomSpawner;} {} {V}
[14May2025 22:20:59.754] [main/DEBUG] [cpw.mods.modlauncher.TransformStore/MODLAUNCHER]: Adding transformer net.minecraftforge.coremod.transformer.CoreModClassTransformer@79df80a4 to Target : CLASS {Lnet/minecraft/world/level/levelgen/structure/templatesystem/StructureTemplate;} {} {V}
[14May2025 22:20:59.754] [main/DEBUG] [cpw.mods.modlauncher.TransformStore/MODLAUNCHER]: Adding transformer net.minecraftforge.coremod.transformer.CoreModClassTransformer@79df80a4 to Target : CLASS {Lnet/minecraft/world/entity/animal/horse/SkeletonTrapGoal;} {} {V}
[14May2025 22:20:59.754] [main/DEBUG] [cpw.mods.modlauncher.TransformStore/MODLAUNCHER]: Adding transformer net.minecraftforge.coremod.transformer.CoreModClassTransformer@79df80a4 to Target : CLASS {Lnet/minecraft/world/entity/monster/Spider;} {} {V}
[14May2025 22:20:59.754] [main/DEBUG] [cpw.mods.modlauncher.TransformStore/MODLAUNCHER]: Adding transformer net.minecraftforge.coremod.transformer.CoreModClassTransformer@79df80a4 to Target : CLASS {Lnet/minecraft/world/entity/animal/frog/Tadpole;} {} {V}
[14May2025 22:20:59.754] [main/DEBUG] [cpw.mods.modlauncher.TransformStore/MODLAUNCHER]: Adding transformer net.minecraftforge.coremod.transformer.CoreModClassTransformer@79df80a4 to Target : CLASS {Lnet/minecraft/world/entity/raid/Raid;} {} {V}
[14May2025 22:20:59.755] [main/DEBUG] [cpw.mods.modlauncher.TransformStore/MODLAUNCHER]: Adding transformer net.minecraftforge.coremod.transformer.CoreModClassTransformer@79df80a4 to Target : CLASS {Lnet/minecraft/world/entity/monster/Evoker$EvokerSummonSpellGoal;} {} {V}
[14May2025 22:20:59.755] [main/DEBUG] [cpw.mods.modlauncher.TransformStore/MODLAUNCHER]: Adding transformer net.minecraftforge.coremod.transformer.CoreModClassTransformer@79df80a4 to Target : CLASS {Lnet/minecraft/world/level/levelgen/PatrolSpawner;} {} {V}
[14May2025 22:20:59.755] [main/DEBUG] [cpw.mods.modlauncher.TransformStore/MODLAUNCHER]: Adding transformer net.minecraftforge.coremod.transformer.CoreModClassTransformer@79df80a4 to Target : CLASS {Lnet/minecraft/world/entity/npc/Villager;} {} {V}
[14May2025 22:20:59.755] [main/DEBUG] [cpw.mods.modlauncher.TransformStore/MODLAUNCHER]: Adding transformer net.minecraftforge.coremod.transformer.CoreModClassTransformer@79df80a4 to Target : CLASS {Lnet/minecraft/world/entity/monster/Strider;} {} {V}
[14May2025 22:20:59.755] [main/DEBUG] [cpw.mods.modlauncher.TransformStore/MODLAUNCHER]: Adding transformer net.minecraftforge.coremod.transformer.CoreModClassTransformer@79df80a4 to Target : CLASS {Lnet/minecraft/world/level/NaturalSpawner;} {} {V}
[14May2025 22:20:59.755] [main/DEBUG] [cpw.mods.modlauncher.TransformStore/MODLAUNCHER]: Adding transformer net.minecraftforge.coremod.transformer.CoreModClassTransformer@79df80a4 to Target : CLASS {Lnet/minecraft/server/commands/RaidCommand;} {} {V}
[14May2025 22:20:59.755] [main/DEBUG] [cpw.mods.modlauncher.TransformStore/MODLAUNCHER]: Adding transformer net.minecraftforge.coremod.transformer.CoreModClassTransformer@79df80a4 to Target : CLASS {Lnet/minecraft/world/level/levelgen/structure/structures/WoodlandMansionPieces$WoodlandMansionPiece;} {} {V}
[14May2025 22:20:59.755] [main/DEBUG] [cpw.mods.modlauncher.TransformStore/MODLAUNCHER]: Adding transformer net.minecraftforge.coremod.transformer.CoreModClassTransformer@130cfc47 to Target : CLASS {Lnet/minecraft/world/level/chunk/LevelChunk;} {} {V}
[14May2025 22:20:59.756] [main/DEBUG] [cpw.mods.modlauncher.TransformStore/MODLAUNCHER]: Adding transformer net.minecraftforge.coremod.transformer.CoreModClassTransformer@4eeab3e to Target : CLASS {Lnet/minecraft/client/multiplayer/ClientPacketListener;} {} {V}
[14May2025 22:20:59.756] [main/DEBUG] [cpw.mods.modlauncher.TransformStore/MODLAUNCHER]: Adding transformer net.minecraftforge.coremod.transformer.CoreModClassTransformer@2b6fb197 to Target : CLASS {Lnet/minecraft/client/multiplayer/ClientLevel;} {} {V}
[14May2025 22:20:59.756] [main/DEBUG] [cpw.mods.modlauncher.TransformStore/MODLAUNCHER]: Adding transformer net.minecraftforge.coremod.transformer.CoreModClassTransformer@2eb0cefe to Target : CLASS {Lnet/minecraft/network/protocol/game/ClientboundSectionBlocksUpdatePacket;} {} {V}
[14May2025 22:20:59.756] [main/DEBUG] [cpw.mods.modlauncher.TransformStore/MODLAUNCHER]: Adding transformer net.minecraftforge.coremod.transformer.CoreModClassTransformer@5a2ae1ab to Target : CLASS {Lnet/minecraft/client/gui/components/CycleButton;} {} {V}
[14May2025 22:20:59.757] [main/DEBUG] [cpw.mods.modlauncher.TransformStore/MODLAUNCHER]: Adding transformer net.minecraftforge.coremod.transformer.CoreModClassTransformer@2bec068b to Target : CLASS {Lnet/minecraft/server/MinecraftServer;} {} {V}
[14May2025 22:20:59.757] [main/DEBUG] [cpw.mods.modlauncher.TransformStore/MODLAUNCHER]: Adding transformer net.minecraftforge.coremod.transformer.CoreModClassTransformer@7d59e968 to Target : CLASS {Lnet/minecraft/server/level/ServerPlayer;} {} {V}
[14May2025 22:20:59.757] [main/DEBUG] [cpw.mods.modlauncher.TransformStore/MODLAUNCHER]: Adding transformer net.minecraftforge.coremod.transformer.CoreModClassTransformer@55361f03 to Target : CLASS {Lnet/minecraft/client/Minecraft;} {} {V}
[14May2025 22:20:59.757] [main/DEBUG] [cpw.mods.modlauncher.TransformStore/MODLAUNCHER]: Adding transformer net.minecraftforge.coremod.transformer.CoreModClassTransformer@581c9bb7 to Target : CLASS {Lnet/minecraft/client/gui/components/AbstractSelectionList;} {} {V}
[14May2025 22:20:59.758] [main/DEBUG] [cpw.mods.modlauncher.TransformationServiceDecorator/MODLAUNCHER]: Initialized transformers for transformation service fml
[14May2025 22:21:02.641] [main/DEBUG] [mixin/]: Processing prepare() for PlatformAgent[MixinPlatformAgentDefault:ModLauncher Root Container(ModLauncher:4f56a0a2)]
[14May2025 22:21:02.641] [main/DEBUG] [mixin/]: Processing launch tasks for PlatformAgent[MixinPlatformAgentDefault:ModLauncher Root Container(ModLauncher:4f56a0a2)]
[14May2025 22:21:02.641] [main/DEBUG] [mixin/]: Adding mixin platform agents for container SecureJarResource(kuma_api)
[14May2025 22:21:02.642] [main/DEBUG] [mixin/]: Instancing new MixinPlatformAgentMinecraftForge for SecureJarResource(kuma_api)
[14May2025 22:21:02.642] [main/DEBUG] [mixin/]: MixinPlatformAgentMinecraftForge rejected container SecureJarResource(kuma_api)
[14May2025 22:21:02.642] [main/DEBUG] [mixin/]: Instancing new MixinPlatformAgentDefault for SecureJarResource(kuma_api)
[14May2025 22:21:02.642] [main/DEBUG] [mixin/]: MixinPlatformAgentDefault accepted container SecureJarResource(kuma_api)
[14May2025 22:21:02.642] [main/DEBUG] [mixin/]: Processing prepare() for PlatformAgent[MixinPlatformAgentDefault:SecureJarResource(kuma_api)]
[14May2025 22:21:02.642] [main/DEBUG] [mixin/]: Registering mixin config: kuma_api.mixins.json
[14May2025 22:21:02.661] [main/DEBUG] [mixin/]: Compatibility level JAVA_17 specified by kuma_api.mixins.json is higher than the maximum level supported by this version of mixin (JAVA_13).
[14May2025 22:21:02.666] [main/INFO] [mixin/]: Compatibility level set to JAVA_17
[14May2025 22:21:02.666] [main/DEBUG] [mixin/]: Registering mixin config: kuma_api.forge.mixins.json
[14May2025 22:21:02.671] [main/DEBUG] [mixin/]: Adding mixin platform agents for container SecureJarResource(fabric_renderer_api_v1)
[14May2025 22:21:02.671] [main/DEBUG] [mixin/]: Instancing new MixinPlatformAgentMinecraftForge for SecureJarResource(fabric_renderer_api_v1)
[14May2025 22:21:02.671] [main/DEBUG] [mixin/]: MixinPlatformAgentMinecraftForge rejected container SecureJarResource(fabric_renderer_api_v1)
[14May2025 22:21:02.671] [main/DEBUG] [mixin/]: Instancing new MixinPlatformAgentDefault for SecureJarResource(fabric_renderer_api_v1)
[14May2025 22:21:02.672] [main/DEBUG] [mixin/]: MixinPlatformAgentDefault accepted container SecureJarResource(fabric_renderer_api_v1)
[14May2025 22:21:02.672] [main/DEBUG] [mixin/]: Processing prepare() for PlatformAgent[MixinPlatformAgentDefault:SecureJarResource(fabric_renderer_api_v1)]
[14May2025 22:21:02.672] [main/DEBUG] [mixin/]: Registering mixin config: fabric-renderer-api-v1.mixins.json
[14May2025 22:21:02.677] [main/DEBUG] [mixin/]: Compatibility level JAVA_16 specified by fabric-renderer-api-v1.mixins.json is higher than the maximum level supported by this version of mixin (JAVA_13).
[14May2025 22:21:02.677] [main/DEBUG] [mixin/]: Registering mixin config: fabric-renderer-api-v1.debughud.mixins.json
[14May2025 22:21:02.682] [main/DEBUG] [mixin/]: Compatibility level JAVA_16 specified by fabric-renderer-api-v1.debughud.mixins.json is higher than the maximum level supported by this version of mixin (JAVA_13).
[14May2025 22:21:02.682] [main/DEBUG] [mixin/]: Adding mixin platform agents for container SecureJarResource(easyanvils)
[14May2025 22:21:02.683] [main/DEBUG] [mixin/]: Instancing new MixinPlatformAgentMinecraftForge for SecureJarResource(easyanvils)
[14May2025 22:21:02.683] [main/DEBUG] [mixin/]: MixinPlatformAgentMinecraftForge rejected container SecureJarResource(easyanvils)
[14May2025 22:21:02.683] [main/DEBUG] [mixin/]: Instancing new MixinPlatformAgentDefault for SecureJarResource(easyanvils)
[14May2025 22:21:02.683] [main/DEBUG] [mixin/]: MixinPlatformAgentDefault accepted container SecureJarResource(easyanvils)
[14May2025 22:21:02.683] [main/DEBUG] [mixin/]: Processing prepare() for PlatformAgent[MixinPlatformAgentDefault:SecureJarResource(easyanvils)]
[14May2025 22:21:02.683] [main/DEBUG] [mixin/]: Registering mixin config: easyanvils.common.mixins.json
[14May2025 22:21:02.688] [main/DEBUG] [mixin/]: Registering mixin config: easyanvils.forge.mixins.json
[14May2025 22:21:02.692] [main/DEBUG] [mixin/]: Adding mixin platform agents for container SecureJarResource(animation_overhaul)
[14May2025 22:21:02.692] [main/DEBUG] [mixin/]: Instancing new MixinPlatformAgentMinecraftForge for SecureJarResource(animation_overhaul)
[14May2025 22:21:02.692] [main/DEBUG] [mixin/]: MixinPlatformAgentMinecraftForge rejected container SecureJarResource(animation_overhaul)
[14May2025 22:21:02.692] [main/DEBUG] [mixin/]: Instancing new MixinPlatformAgentDefault for SecureJarResource(animation_overhaul)
[14May2025 22:21:02.692] [main/DEBUG] [mixin/]: MixinPlatformAgentDefault accepted container SecureJarResource(animation_overhaul)
[14May2025 22:21:02.692] [main/DEBUG] [mixin/]: Processing prepare() for PlatformAgent[MixinPlatformAgentDefault:SecureJarResource(animation_overhaul)]
[14May2025 22:21:02.692] [main/DEBUG] [mixin/]: Registering mixin config: animation_overhaul.mixins.json
[14May2025 22:21:02.699] [main/DEBUG] [mixin/]: Adding mixin platform agents for container SecureJarResource(netherportalfix)
[14May2025 22:21:02.699] [main/DEBUG] [mixin/]: Instancing new MixinPlatformAgentMinecraftForge for SecureJarResource(netherportalfix)
[14May2025 22:21:02.699] [main/DEBUG] [mixin/]: MixinPlatformAgentMinecraftForge rejected container SecureJarResource(netherportalfix)
[14May2025 22:21:02.699] [main/DEBUG] [mixin/]: Instancing new MixinPlatformAgentDefault for SecureJarResource(netherportalfix)
[14May2025 22:21:02.699] [main/DEBUG] [mixin/]: MixinPlatformAgentDefault accepted container SecureJarResource(netherportalfix)
[14May2025 22:21:02.699] [main/DEBUG] [mixin/]: Processing prepare() for PlatformAgent[MixinPlatformAgentDefault:SecureJarResource(netherportalfix)]
[14May2025 22:21:02.699] [main/DEBUG] [mixin/]: Registering mixin config: netherportalfix.mixins.json
[14May2025 22:21:02.703] [main/DEBUG] [mixin/]: Adding mixin platform agents for container SecureJarResource(netherexp)
[14May2025 22:21:02.703] [main/DEBUG] [mixin/]: Instancing new MixinPlatformAgentMinecraftForge for SecureJarResource(netherexp)
[14May2025 22:21:02.703] [main/DEBUG] [mixin/]: MixinPlatformAgentMinecraftForge rejected container SecureJarResource(netherexp)
[14May2025 22:21:02.704] [main/DEBUG] [mixin/]: Instancing new MixinPlatformAgentDefault for SecureJarResource(netherexp)
[14May2025 22:21:02.704] [main/DEBUG] [mixin/]: MixinPlatformAgentDefault accepted container SecureJarResource(netherexp)
[14May2025 22:21:02.704] [main/DEBUG] [mixin/]: Processing prepare() for PlatformAgent[MixinPlatformAgentDefault:SecureJarResource(netherexp)]
[14May2025 22:21:02.704] [main/DEBUG] [mixin/]: Registering mixin config: mixins.netherexp.json
[14May2025 22:21:02.708] [main/DEBUG] [mixin/]: Adding mixin platform agents for container SecureJarResource(playeranimator)
[14May2025 22:21:02.708] [main/DEBUG] [mixin/]: Instancing new MixinPlatformAgentMinecraftForge for SecureJarResource(playeranimator)
[14May2025 22:21:02.708] [main/DEBUG] [mixin/]: MixinPlatformAgentMinecraftForge rejected container SecureJarResource(playeranimator)
[14May2025 22:21:02.708] [main/DEBUG] [mixin/]: Instancing new MixinPlatformAgentDefault for SecureJarResource(playeranimator)
[14May2025 22:21:02.708] [main/DEBUG] [mixin/]: MixinPlatformAgentDefault accepted container SecureJarResource(playeranimator)
[14May2025 22:21:02.708] [main/DEBUG] [mixin/]: Processing prepare() for PlatformAgent[MixinPlatformAgentDefault:SecureJarResource(playeranimator)]
[14May2025 22:21:02.708] [main/DEBUG] [mixin/]: Registering mixin config: playerAnimator-common.mixins.json
[14May2025 22:21:02.712] [main/DEBUG] [mixin/]: Compatibility level JAVA_16 specified by playerAnimator-common.mixins.json is higher than the maximum level supported by this version of mixin (JAVA_13).
[14May2025 22:21:02.713] [main/DEBUG] [mixin/]: Adding mixin platform agents for container SecureJarResource(loadingbackgrounds)
[14May2025 22:21:02.713] [main/DEBUG] [mixin/]: Instancing new MixinPlatformAgentMinecraftForge for SecureJarResource(loadingbackgrounds)
[14May2025 22:21:02.713] [main/DEBUG] [mixin/]: MixinPlatformAgentMinecraftForge rejected container SecureJarResource(loadingbackgrounds)
[14May2025 22:21:02.713] [main/DEBUG] [mixin/]: Instancing new MixinPlatformAgentDefault for SecureJarResource(loadingbackgrounds)
[14May2025 22:21:02.713] [main/DEBUG] [mixin/]: MixinPlatformAgentDefault accepted container SecureJarResource(loadingbackgrounds)
[14May2025 22:21:02.713] [main/DEBUG] [mixin/]: Processing prepare() for PlatformAgent[MixinPlatformAgentDefault:SecureJarResource(loadingbackgrounds)]
[14May2025 22:21:02.713] [main/DEBUG] [mixin/]: Registering mixin config: loadingbackgrounds.mixins.json
[14May2025 22:21:02.716] [main/DEBUG] [mixin/]: Adding mixin platform agents for container SecureJarResource(connectivity)
[14May2025 22:21:02.716] [main/DEBUG] [mixin/]: Instancing new MixinPlatformAgentMinecraftForge for SecureJarResource(connectivity)
[14May2025 22:21:02.716] [main/DEBUG] [mixin/]: MixinPlatformAgentMinecraftForge rejected container SecureJarResource(connectivity)
[14May2025 22:21:02.717] [main/DEBUG] [mixin/]: Instancing new MixinPlatformAgentDefault for SecureJarResource(connectivity)
[14May2025 22:21:02.717] [main/DEBUG] [mixin/]: MixinPlatformAgentDefault accepted container SecureJarResource(connectivity)
[14May2025 22:21:02.717] [main/DEBUG] [mixin/]: Processing prepare() for PlatformAgent[MixinPlatformAgentDefault:SecureJarResource(connectivity)]
[14May2025 22:21:02.717] [main/DEBUG] [mixin/]: Registering mixin config: connectivity.mixins.json
[14May2025 22:21:02.721] [main/DEBUG] [mixin/]: Adding mixin platform agents for container SecureJarResource(immersive_aircraft)
[14May2025 22:21:02.721] [main/DEBUG] [mixin/]: Instancing new MixinPlatformAgentMinecraftForge for SecureJarResource(immersive_aircraft)
[14May2025 22:21:02.721] [main/DEBUG] [mixin/]: MixinPlatformAgentMinecraftForge rejected container SecureJarResource(immersive_aircraft)
[14May2025 22:21:02.722] [main/DEBUG] [mixin/]: Instancing new MixinPlatformAgentDefault for SecureJarResource(immersive_aircraft)
[14May2025 22:21:02.722] [main/DEBUG] [mixin/]: MixinPlatformAgentDefault accepted container SecureJarResource(immersive_aircraft)
[14May2025 22:21:02.722] [main/DEBUG] [mixin/]: Processing prepare() for PlatformAgent[MixinPlatformAgentDefault:SecureJarResource(immersive_aircraft)]
[14May2025 22:21:02.722] [main/DEBUG] [mixin/]: Registering mixin config: immersive_aircraft.mixins.json
[14May2025 22:21:02.726] [main/DEBUG] [mixin/]: Adding mixin platform agents for container SecureJarResource(gpumemleakfix)
[14May2025 22:21:02.726] [main/DEBUG] [mixin/]: Instancing new MixinPlatformAgentMinecraftForge for SecureJarResource(gpumemleakfix)
[14May2025 22:21:02.726] [main/DEBUG] [mixin/]: MixinPlatformAgentMinecraftForge rejected container SecureJarResource(gpumemleakfix)
[14May2025 22:21:02.727] [main/DEBUG] [mixin/]: Instancing new MixinPlatformAgentDefault for SecureJarResource(gpumemleakfix)
[14May2025 22:21:02.727] [main/DEBUG] [mixin/]: MixinPlatformAgentDefault accepted container SecureJarResource(gpumemleakfix)
[14May2025 22:21:02.727] [main/DEBUG] [mixin/]: Processing prepare() for PlatformAgent[MixinPlatformAgentDefault:SecureJarResource(gpumemleakfix)]
[14May2025 22:21:02.727] [main/DEBUG] [mixin/]: Registering mixin config: gpumemleakfix.mixins.json
[14May2025 22:21:02.736] [main/DEBUG] [mixin/]: Adding mixin platform agents for container SecureJarResource(structureessentials)
[14May2025 22:21:02.736] [main/DEBUG] [mixin/]: Instancing new MixinPlatformAgentMinecraftForge for SecureJarResource(structureessentials)
[14May2025 22:21:02.736] [main/DEBUG] [mixin/]: MixinPlatformAgentMinecraftForge rejected container SecureJarResource(structureessentials)
[14May2025 22:21:02.736] [main/DEBUG] [mixin/]: Instancing new MixinPlatformAgentDefault for SecureJarResource(structureessentials)
[14May2025 22:21:02.736] [main/DEBUG] [mixin/]: MixinPlatformAgentDefault accepted container SecureJarResource(structureessentials)
[14May2025 22:21:02.736] [main/DEBUG] [mixin/]: Processing prepare() for PlatformAgent[MixinPlatformAgentDefault:SecureJarResource(structureessentials)]
[14May2025 22:21:02.737] [main/DEBUG] [mixin/]: Registering mixin config: structureessentials.mixins.json
[14May2025 22:21:02.744] [main/DEBUG] [mixin/]: Adding mixin platform agents for container SecureJarResource(controlling)
[14May2025 22:21:02.744] [main/DEBUG] [mixin/]: Instancing new MixinPlatformAgentMinecraftForge for SecureJarResource(controlling)
[14May2025 22:21:02.744] [main/DEBUG] [mixin/]: MixinPlatformAgentMinecraftForge rejected container SecureJarResource(controlling)
[14May2025 22:21:02.745] [main/DEBUG] [mixin/]: Instancing new MixinPlatformAgentDefault for SecureJarResource(controlling)
[14May2025 22:21:02.745] [main/DEBUG] [mixin/]: MixinPlatformAgentDefault accepted container SecureJarResource(controlling)
[14May2025 22:21:02.745] [main/DEBUG] [mixin/]: Processing prepare() for PlatformAgent[MixinPlatformAgentDefault:SecureJarResource(controlling)]
[14May2025 22:21:02.745] [main/DEBUG] [mixin/]: Registering mixin config: controlling.mixins.json
[14May2025 22:21:02.751] [main/DEBUG] [mixin/]: Registering mixin config: controlling.forge.mixins.json
[14May2025 22:21:02.755] [main/DEBUG] [mixin/]: Adding mixin platform agents for container SecureJarResource(placebo)
[14May2025 22:21:02.755] [main/DEBUG] [mixin/]: Instancing new MixinPlatformAgentMinecraftForge for SecureJarResource(placebo)
[14May2025 22:21:02.756] [main/DEBUG] [mixin/]: MixinPlatformAgentMinecraftForge rejected container SecureJarResource(placebo)
[14May2025 22:21:02.756] [main/DEBUG] [mixin/]: Instancing new MixinPlatformAgentDefault for SecureJarResource(placebo)
[14May2025 22:21:02.756] [main/DEBUG] [mixin/]: MixinPlatformAgentDefault accepted container SecureJarResource(placebo)
[14May2025 22:21:02.756] [main/DEBUG] [mixin/]: Processing prepare() for PlatformAgent[MixinPlatformAgentDefault:SecureJarResource(placebo)]
[14May2025 22:21:02.756] [main/DEBUG] [mixin/]: Registering mixin config: placebo.mixins.json
[14May2025 22:21:02.759] [main/DEBUG] [mixin/]: Adding mixin platform agents for container SecureJarResource(modernfix)
[14May2025 22:21:02.759] [main/DEBUG] [mixin/]: Instancing new MixinPlatformAgentMinecraftForge for SecureJarResource(modernfix)
[14May2025 22:21:02.759] [main/DEBUG] [mixin/]: MixinPlatformAgentMinecraftForge rejected container SecureJarResource(modernfix)
[14May2025 22:21:02.759] [main/DEBUG] [mixin/]: Instancing new MixinPlatformAgentDefault for SecureJarResource(modernfix)
[14May2025 22:21:02.759] [main/DEBUG] [mixin/]: MixinPlatformAgentDefault accepted container SecureJarResource(modernfix)
[14May2025 22:21:02.759] [main/DEBUG] [mixin/]: Processing prepare() for PlatformAgent[MixinPlatformAgentDefault:SecureJarResource(modernfix)]
[14May2025 22:21:02.759] [main/DEBUG] [mixin/]: Registering mixin config: modernfix-common.mixins.json
[14May2025 22:21:02.764] [main/DEBUG] [mixin/]: Registering mixin config: modernfix-forge.mixins.json
[14May2025 22:21:02.769] [main/DEBUG] [mixin/]: Adding mixin platform agents for container SecureJarResource(citadel)
[14May2025 22:21:02.769] [main/DEBUG] [mixin/]: Instancing new MixinPlatformAgentMinecraftForge for SecureJarResource(citadel)
[14May2025 22:21:02.769] [main/DEBUG] [mixin/]: MixinPlatformAgentMinecraftForge rejected container SecureJarResource(citadel)
[14May2025 22:21:02.769] [main/DEBUG] [mixin/]: Instancing new MixinPlatformAgentDefault for SecureJarResource(citadel)
[14May2025 22:21:02.769] [main/DEBUG] [mixin/]: MixinPlatformAgentDefault accepted container SecureJarResource(citadel)
[14May2025 22:21:02.770] [main/DEBUG] [mixin/]: Processing prepare() for PlatformAgent[MixinPlatformAgentDefault:SecureJarResource(citadel)]
[14May2025 22:21:02.770] [main/DEBUG] [mixin/]: Registering mixin config: citadel.mixins.json
[14May2025 22:21:02.773] [main/DEBUG] [mixin/]: Adding mixin platform agents for container SecureJarResource(alexsmobs)
[14May2025 22:21:02.773] [main/DEBUG] [mixin/]: Instancing new MixinPlatformAgentMinecraftForge for SecureJarResource(alexsmobs)
[14May2025 22:21:02.773] [main/DEBUG] [mixin/]: MixinPlatformAgentMinecraftForge rejected container SecureJarResource(alexsmobs)
[14May2025 22:21:02.773] [main/DEBUG] [mixin/]: Instancing new MixinPlatformAgentDefault for SecureJarResource(alexsmobs)
[14May2025 22:21:02.774] [main/DEBUG] [mixin/]: MixinPlatformAgentDefault accepted container SecureJarResource(alexsmobs)
[14May2025 22:21:02.774] [main/DEBUG] [mixin/]: Processing prepare() for PlatformAgent[MixinPlatformAgentDefault:SecureJarResource(alexsmobs)]
[14May2025 22:21:02.774] [main/DEBUG] [mixin/]: Registering mixin config: citadel.mixins.json
[14May2025 22:21:02.774] [main/DEBUG] [mixin/]: Adding mixin platform agents for container SecureJarResource(yungsapi)
[14May2025 22:21:02.775] [main/DEBUG] [mixin/]: Instancing new MixinPlatformAgentMinecraftForge for SecureJarResource(yungsapi)
[14May2025 22:21:02.775] [main/DEBUG] [mixin/]: MixinPlatformAgentMinecraftForge rejected container SecureJarResource(yungsapi)
[14May2025 22:21:02.775] [main/DEBUG] [mixin/]: Instancing new MixinPlatformAgentDefault for SecureJarResource(yungsapi)
[14May2025 22:21:02.775] [main/DEBUG] [mixin/]: MixinPlatformAgentDefault accepted container SecureJarResource(yungsapi)
[14May2025 22:21:02.776] [main/DEBUG] [mixin/]: Processing prepare() for PlatformAgent[MixinPlatformAgentDefault:SecureJarResource(yungsapi)]
[14May2025 22:21:02.776] [main/DEBUG] [mixin/]: Registering mixin config: yungsapi.mixins.json
[14May2025 22:21:02.779] [main/DEBUG] [mixin/]: Registering mixin config: yungsapi_forge.mixins.json
[14May2025 22:21:02.783] [main/DEBUG] [mixin/]: Adding mixin platform agents for container SecureJarResource(mixinextras)
[14May2025 22:21:02.783] [main/DEBUG] [mixin/]: Instancing new MixinPlatformAgentMinecraftForge for SecureJarResource(mixinextras)
[14May2025 22:21:02.783] [main/DEBUG] [mixin/]: MixinPlatformAgentMinecraftForge rejected container SecureJarResource(mixinextras)
[14May2025 22:21:02.784] [main/DEBUG] [mixin/]: Instancing new MixinPlatformAgentDefault for SecureJarResource(mixinextras)
[14May2025 22:21:02.784] [main/DEBUG] [mixin/]: MixinPlatformAgentDefault accepted container SecureJarResource(mixinextras)
[14May2025 22:21:02.784] [main/DEBUG] [mixin/]: Processing prepare() for PlatformAgent[MixinPlatformAgentDefault:SecureJarResource(mixinextras)]
[14May2025 22:21:02.784] [main/DEBUG] [mixin/]: Registering mixin config: mixinextras.init.mixins.json
[14May2025 22:21:02.788] [main/DEBUG] [mixin/]: Adding mixin platform agents for container SecureJarResource(redeco)
[14May2025 22:21:02.788] [main/DEBUG] [mixin/]: Instancing new MixinPlatformAgentMinecraftForge for SecureJarResource(redeco)
[14May2025 22:21:02.788] [main/DEBUG] [mixin/]: MixinPlatformAgentMinecraftForge rejected container SecureJarResource(redeco)
[14May2025 22:21:02.788] [main/DEBUG] [mixin/]: Instancing new MixinPlatformAgentDefault for SecureJarResource(redeco)
[14May2025 22:21:02.789] [main/DEBUG] [mixin/]: MixinPlatformAgentDefault accepted container SecureJarResource(redeco)
[14May2025 22:21:02.789] [main/DEBUG] [mixin/]: Processing prepare() for PlatformAgent[MixinPlatformAgentDefault:SecureJarResource(redeco)]
[14May2025 22:21:02.789] [main/DEBUG] [mixin/]: Adding mixin platform agents for container SecureJarResource(balm)
[14May2025 22:21:02.789] [main/DEBUG] [mixin/]: Instancing new MixinPlatformAgentMinecraftForge for SecureJarResource(balm)
[14May2025 22:21:02.789] [main/DEBUG] [mixin/]: MixinPlatformAgentMinecraftForge rejected container SecureJarResource(balm)
[14May2025 22:21:02.789] [main/DEBUG] [mixin/]: Instancing new MixinPlatformAgentDefault for SecureJarResource(balm)
[14May2025 22:21:02.790] [main/DEBUG] [mixin/]: MixinPlatformAgentDefault accepted container SecureJarResource(balm)
[14May2025 22:21:02.790] [main/DEBUG] [mixin/]: Processing prepare() for PlatformAgent[MixinPlatformAgentDefault:SecureJarResource(balm)]
[14May2025 22:21:02.790] [main/DEBUG] [mixin/]: Registering mixin config: balm.mixins.json
[14May2025 22:21:02.793] [main/DEBUG] [mixin/]: Adding mixin platform agents for container SecureJarResource(snowrealmagic)
[14May2025 22:21:02.793] [main/DEBUG] [mixin/]: Instancing new MixinPlatformAgentMinecraftForge for SecureJarResource(snowrealmagic)
[14May2025 22:21:02.793] [main/DEBUG] [mixin/]: MixinPlatformAgentMinecraftForge rejected container SecureJarResource(snowrealmagic)
[14May2025 22:21:02.793] [main/DEBUG] [mixin/]: Instancing new MixinPlatformAgentDefault for SecureJarResource(snowrealmagic)
[14May2025 22:21:02.793] [main/DEBUG] [mixin/]: MixinPlatformAgentDefault accepted container SecureJarResource(snowrealmagic)
[14May2025 22:21:02.793] [main/DEBUG] [mixin/]: Processing prepare() for PlatformAgent[MixinPlatformAgentDefault:SecureJarResource(snowrealmagic)]
[14May2025 22:21:02.794] [main/DEBUG] [mixin/]: Registering mixin config: snowrealmagic.mixins.json
[14May2025 22:21:02.799] [main/DEBUG] [mixin/]: Compatibility level JAVA_16 specified by snowrealmagic.mixins.json is higher than the maximum level supported by this version of mixin (JAVA_13).
[14May2025 22:21:02.801] [main/DEBUG] [mixin/]: Adding mixin platform agents for container SecureJarResource(carryon)
[14May2025 22:21:02.801] [main/DEBUG] [mixin/]: Instancing new MixinPlatformAgentMinecraftForge for SecureJarResource(carryon)
[14May2025 22:21:02.801] [main/DEBUG] [mixin/]: MixinPlatformAgentMinecraftForge rejected container SecureJarResource(carryon)
[14May2025 22:21:02.801] [main/DEBUG] [mixin/]: Instancing new MixinPlatformAgentDefault for SecureJarResource(carryon)
[14May2025 22:21:02.801] [main/DEBUG] [mixin/]: MixinPlatformAgentDefault accepted container SecureJarResource(carryon)
[14May2025 22:21:02.801] [main/DEBUG] [mixin/]: Processing prepare() for PlatformAgent[MixinPlatformAgentDefault:SecureJarResource(carryon)]
[14May2025 22:21:02.801] [main/DEBUG] [mixin/]: Registering mixin config: carryon.mixins.json
[14May2025 22:21:02.803] [main/DEBUG] [mixin/]: Registering mixin config: carryon.forge.mixins.json
[14May2025 22:21:02.808] [main/DEBUG] [mixin/]: Adding mixin platform agents for container SecureJarResource(melody)
[14May2025 22:21:02.808] [main/DEBUG] [mixin/]: Instancing new MixinPlatformAgentMinecraftForge for SecureJarResource(melody)
[14May2025 22:21:02.808] [main/DEBUG] [mixin/]: MixinPlatformAgentMinecraftForge rejected container SecureJarResource(melody)
[14May2025 22:21:02.809] [main/DEBUG] [mixin/]: Instancing new MixinPlatformAgentDefault for SecureJarResource(melody)
[14May2025 22:21:02.809] [main/DEBUG] [mixin/]: MixinPlatformAgentDefault accepted container SecureJarResource(melody)
[14May2025 22:21:02.809] [main/DEBUG] [mixin/]: Processing prepare() for PlatformAgent[MixinPlatformAgentDefault:SecureJarResource(melody)]
[14May2025 22:21:02.809] [main/DEBUG] [mixin/]: Registering mixin config: melody.mixins.json
[14May2025 22:21:02.813] [main/DEBUG] [mixin/]: Registering mixin config: melody.forge.mixins.json
[14May2025 22:21:02.817] [main/DEBUG] [mixin/]: Adding mixin platform agents for container SecureJarResource(chat_heads)
[14May2025 22:21:02.817] [main/DEBUG] [mixin/]: Instancing new MixinPlatformAgentMinecraftForge for SecureJarResource(chat_heads)
[14May2025 22:21:02.817] [main/DEBUG] [mixin/]: MixinPlatformAgentMinecraftForge rejected container SecureJarResource(chat_heads)
[14May2025 22:21:02.817] [main/DEBUG] [mixin/]: Instancing new MixinPlatformAgentDefault for SecureJarResource(chat_heads)
[14May2025 22:21:02.817] [main/DEBUG] [mixin/]: MixinPlatformAgentDefault accepted container SecureJarResource(chat_heads)
[14May2025 22:21:02.817] [main/DEBUG] [mixin/]: Processing prepare() for PlatformAgent[MixinPlatformAgentDefault:SecureJarResource(chat_heads)]
[14May2025 22:21:02.818] [main/DEBUG] [mixin/]: Registering mixin config: chat_heads.mixins.json
[14May2025 22:21:02.824] [main/DEBUG] [mixin/]: Registering mixin config: chat_heads.forge.mixins.json
[14May2025 22:21:02.829] [main/DEBUG] [mixin/]: Adding mixin platform agents for container SecureJarResource(startinv)
[14May2025 22:21:02.830] [main/DEBUG] [mixin/]: Instancing new MixinPlatformAgentMinecraftForge for SecureJarResource(startinv)
[14May2025 22:21:02.830] [main/DEBUG] [mixin/]: MixinPlatformAgentMinecraftForge rejected container SecureJarResource(startinv)
[14May2025 22:21:02.830] [main/DEBUG] [mixin/]: Instancing new MixinPlatformAgentDefault for SecureJarResource(startinv)
[14May2025 22:21:02.830] [main/DEBUG] [mixin/]: MixinPlatformAgentDefault accepted container SecureJarResource(startinv)
[14May2025 22:21:02.831] [main/DEBUG] [mixin/]: Processing prepare() for PlatformAgent[MixinPlatformAgentDefault:SecureJarResource(startinv)]
[14May2025 22:21:02.831] [main/DEBUG] [mixin/]: Registering mixin config: mixins.startinv.json
[14May2025 22:21:02.835] [main/DEBUG] [mixin/]: Compatibility level JAVA_16 specified by mixins.startinv.json is higher than the maximum level supported by this version of mixin (JAVA_13).
[14May2025 22:21:02.835] [main/DEBUG] [mixin/]: Adding mixin platform agents for container SecureJarResource(cloth_config)
[14May2025 22:21:02.836] [main/DEBUG] [mixin/]: Instancing new MixinPlatformAgentMinecraftForge for SecureJarResource(cloth_config)
[14May2025 22:21:02.836] [main/DEBUG] [mixin/]: MixinPlatformAgentMinecraftForge rejected container SecureJarResource(cloth_config)
[14May2025 22:21:02.836] [main/DEBUG] [mixin/]: Instancing new MixinPlatformAgentDefault for SecureJarResource(cloth_config)
[14May2025 22:21:02.836] [main/DEBUG] [mixin/]: MixinPlatformAgentDefault accepted container SecureJarResource(cloth_config)
[14May2025 22:21:02.837] [main/DEBUG] [mixin/]: Processing prepare() for PlatformAgent[MixinPlatformAgentDefault:SecureJarResource(cloth_config)]
[14May2025 22:21:02.837] [main/DEBUG] [mixin/]: Adding mixin platform agents for container SecureJarResource(sawmill)
[14May2025 22:21:02.837] [main/DEBUG] [mixin/]: Instancing new MixinPlatformAgentMinecraftForge for SecureJarResource(sawmill)
[14May2025 22:21:02.838] [main/DEBUG] [mixin/]: MixinPlatformAgentMinecraftForge rejected container SecureJarResource(sawmill)
[14May2025 22:21:02.838] [main/DEBUG] [mixin/]: Instancing new MixinPlatformAgentDefault for SecureJarResource(sawmill)
[14May2025 22:21:02.838] [main/DEBUG] [mixin/]: MixinPlatformAgentDefault accepted container SecureJarResource(sawmill)
[14May2025 22:21:02.838] [main/DEBUG] [mixin/]: Processing prepare() for PlatformAgent[MixinPlatformAgentDefault:SecureJarResource(sawmill)]
[14May2025 22:21:02.839] [main/DEBUG] [mixin/]: Registering mixin config: sawmill.mixins.json
[14May2025 22:21:02.842] [main/DEBUG] [mixin/]: Registering mixin config: sawmill-common.mixins.json
[14May2025 22:21:02.849] [main/DEBUG] [mixin/]: Adding mixin platform agents for container SecureJarResource(supplementaries)
[14May2025 22:21:02.850] [main/DEBUG] [mixin/]: Instancing new MixinPlatformAgentMinecraftForge for SecureJarResource(supplementaries)
[14May2025 22:21:02.850] [main/DEBUG] [mixin/]: MixinPlatformAgentMinecraftForge rejected container SecureJarResource(supplementaries)
[14May2025 22:21:02.850] [main/DEBUG] [mixin/]: Instancing new MixinPlatformAgentDefault for SecureJarResource(supplementaries)
[14May2025 22:21:02.851] [main/DEBUG] [mixin/]: MixinPlatformAgentDefault accepted container SecureJarResource(supplementaries)
[14May2025 22:21:02.851] [main/DEBUG] [mixin/]: Processing prepare() for PlatformAgent[MixinPlatformAgentDefault:SecureJarResource(supplementaries)]
[14May2025 22:21:02.851] [main/DEBUG] [mixin/]: Registering mixin config: supplementaries-common.mixins.json
[14May2025 22:21:02.855] [main/DEBUG] [mixin/]: Registering mixin config: supplementaries.mixins.json
[14May2025 22:21:02.859] [main/DEBUG] [mixin/]: Adding mixin platform agents for container SecureJarResource(konkrete)
[14May2025 22:21:02.859] [main/DEBUG] [mixin/]: Instancing new MixinPlatformAgentMinecraftForge for SecureJarResource(konkrete)
[14May2025 22:21:02.859] [main/DEBUG] [mixin/]: MixinPlatformAgentMinecraftForge rejected container SecureJarResource(konkrete)
[14May2025 22:21:02.859] [main/DEBUG] [mixin/]: Instancing new MixinPlatformAgentDefault for SecureJarResource(konkrete)
[14May2025 22:21:02.859] [main/DEBUG] [mixin/]: MixinPlatformAgentDefault accepted container SecureJarResource(konkrete)
[14May2025 22:21:02.859] [main/DEBUG] [mixin/]: Processing prepare() for PlatformAgent[MixinPlatformAgentDefault:SecureJarResource(konkrete)]
[14May2025 22:21:02.860] [main/DEBUG] [mixin/]: Registering mixin config: konkrete.mixin.json
[14May2025 22:21:02.867] [main/DEBUG] [mixin/]: Adding mixin platform agents for container SecureJarResource(embeddium)
[14May2025 22:21:02.867] [main/DEBUG] [mixin/]: Instancing new MixinPlatformAgentMinecraftForge for SecureJarResource(embeddium)
[14May2025 22:21:02.867] [main/DEBUG] [mixin/]: MixinPlatformAgentMinecraftForge rejected container SecureJarResource(embeddium)
[14May2025 22:21:02.867] [main/DEBUG] [mixin/]: Instancing new MixinPlatformAgentDefault for SecureJarResource(embeddium)
[14May2025 22:21:02.867] [main/DEBUG] [mixin/]: MixinPlatformAgentDefault accepted container SecureJarResource(embeddium)
[14May2025 22:21:02.867] [main/DEBUG] [mixin/]: Processing prepare() for PlatformAgent[MixinPlatformAgentDefault:SecureJarResource(embeddium)]
[14May2025 22:21:02.867] [main/DEBUG] [mixin/]: Registering mixin config: embeddium.mixins.json
[14May2025 22:21:02.877] [main/DEBUG] [mixin/]: Adding mixin platform agents for container SecureJarResource(embeddiumplus)
[14May2025 22:21:02.877] [main/DEBUG] [mixin/]: Instancing new MixinPlatformAgentMinecraftForge for SecureJarResource(embeddiumplus)
[14May2025 22:21:02.878] [main/DEBUG] [mixin/]: MixinPlatformAgentMinecraftForge rejected container SecureJarResource(embeddiumplus)
[14May2025 22:21:02.878] [main/DEBUG] [mixin/]: Instancing new MixinPlatformAgentDefault for SecureJarResource(embeddiumplus)
[14May2025 22:21:02.879] [main/DEBUG] [mixin/]: MixinPlatformAgentDefault accepted container SecureJarResource(embeddiumplus)
[14May2025 22:21:02.880] [main/DEBUG] [mixin/]: Processing prepare() for PlatformAgent[MixinPlatformAgentDefault:SecureJarResource(embeddiumplus)]
[14May2025 22:21:02.880] [main/DEBUG] [mixin/]: Registering mixin config: embeddiumplus.mixin.json
[14May2025 22:21:02.885] [main/DEBUG] [mixin/]: Adding mixin platform agents for container SecureJarResource(enemyexpansion)
[14May2025 22:21:02.885] [main/DEBUG] [mixin/]: Instancing new MixinPlatformAgentMinecraftForge for SecureJarResource(enemyexpansion)
[14May2025 22:21:02.886] [main/DEBUG] [mixin/]: MixinPlatformAgentMinecraftForge rejected container SecureJarResource(enemyexpansion)
[14May2025 22:21:02.886] [main/DEBUG] [mixin/]: Instancing new MixinPlatformAgentDefault for SecureJarResource(enemyexpansion)
[14May2025 22:21:02.886] [main/DEBUG] [mixin/]: MixinPlatformAgentDefault accepted container SecureJarResource(enemyexpansion)
[14May2025 22:21:02.886] [main/DEBUG] [mixin/]: Processing prepare() for PlatformAgent[MixinPlatformAgentDefault:SecureJarResource(enemyexpansion)]
[14May2025 22:21:02.886] [main/DEBUG] [mixin/]: Adding mixin platform agents for container SecureJarResource(farmersdelight)
[14May2025 22:21:02.887] [main/DEBUG] [mixin/]: Instancing new MixinPlatformAgentMinecraftForge for SecureJarResource(farmersdelight)
[14May2025 22:21:02.887] [main/DEBUG] [mixin/]: MixinPlatformAgentMinecraftForge rejected container SecureJarResource(farmersdelight)
[14May2025 22:21:02.887] [main/DEBUG] [mixin/]: Instancing new MixinPlatformAgentDefault for SecureJarResource(farmersdelight)
[14May2025 22:21:02.888] [main/DEBUG] [mixin/]: MixinPlatformAgentDefault accepted container SecureJarResource(farmersdelight)
[14May2025 22:21:02.888] [main/DEBUG] [mixin/]: Processing prepare() for PlatformAgent[MixinPlatformAgentDefault:SecureJarResource(farmersdelight)]
[14May2025 22:21:02.888] [main/DEBUG] [mixin/]: Registering mixin config: farmersdelight.mixins.json
[14May2025 22:21:02.891] [main/DEBUG] [mixin/]: Adding mixin platform agents for container SecureJarResource(entity_model_features)
[14May2025 22:21:02.891] [main/DEBUG] [mixin/]: Instancing new MixinPlatformAgentMinecraftForge for SecureJarResource(entity_model_features)
[14May2025 22:21:02.891] [main/DEBUG] [mixin/]: MixinPlatformAgentMinecraftForge rejected container SecureJarResource(entity_model_features)
[14May2025 22:21:02.892] [main/DEBUG] [mixin/]: Instancing new MixinPlatformAgentDefault for SecureJarResource(entity_model_features)
[14May2025 22:21:02.892] [main/DEBUG] [mixin/]: MixinPlatformAgentDefault accepted container SecureJarResource(entity_model_features)
[14May2025 22:21:02.892] [main/DEBUG] [mixin/]: Processing prepare() for PlatformAgent[MixinPlatformAgentDefault:SecureJarResource(entity_model_features)]
[14May2025 22:21:02.892] [main/DEBUG] [mixin/]: Registering mixin config: entity_model_features-common.mixins.json
[14May2025 22:21:02.895] [main/DEBUG] [mixin/]: Registering mixin config: entity_model_features.mixins.json
[14May2025 22:21:02.897] [main/ERROR] [mixin/]: Mixin config entity_model_features.mixins.json does not specify "minVersion" property
[14May2025 22:21:02.898] [main/DEBUG] [mixin/]: Registering mixin config: entity_model_features-optional.mixins.json
[14May2025 22:21:02.911] [main/DEBUG] [mixin/]: Adding mixin platform agents for container SecureJarResource(entity_texture_features)
[14May2025 22:21:02.911] [main/DEBUG] [mixin/]: Instancing new MixinPlatformAgentMinecraftForge for SecureJarResource(entity_texture_features)
[14May2025 22:21:02.912] [main/DEBUG] [mixin/]: MixinPlatformAgentMinecraftForge rejected container SecureJarResource(entity_texture_features)
[14May2025 22:21:02.912] [main/DEBUG] [mixin/]: Instancing new MixinPlatformAgentDefault for SecureJarResource(entity_texture_features)
[14May2025 22:21:02.912] [main/DEBUG] [mixin/]: MixinPlatformAgentDefault accepted container SecureJarResource(entity_texture_features)
[14May2025 22:21:02.912] [main/DEBUG] [mixin/]: Processing prepare() for PlatformAgent[MixinPlatformAgentDefault:SecureJarResource(entity_texture_features)]
[14May2025 22:21:02.912] [main/DEBUG] [mixin/]: Registering mixin config: entity_texture_features-forge.mixins.json
[14May2025 22:21:02.915] [main/DEBUG] [mixin/]: Registering mixin config: entity_texture_features-common.mixins.json
[14May2025 22:21:02.920] [main/DEBUG] [mixin/]: Adding mixin platform agents for container SecureJarResource(morevillagers)
[14May2025 22:21:02.920] [main/DEBUG] [mixin/]: Instancing new MixinPlatformAgentMinecraftForge for SecureJarResource(morevillagers)
[14May2025 22:21:02.921] [main/DEBUG] [mixin/]: MixinPlatformAgentMinecraftForge rejected container SecureJarResource(morevillagers)
[14May2025 22:21:02.921] [main/DEBUG] [mixin/]: Instancing new MixinPlatformAgentDefault for SecureJarResource(morevillagers)
[14May2025 22:21:02.921] [main/DEBUG] [mixin/]: MixinPlatformAgentDefault accepted container SecureJarResource(morevillagers)
[14May2025 22:21:02.921] [main/DEBUG] [mixin/]: Processing prepare() for PlatformAgent[MixinPlatformAgentDefault:SecureJarResource(morevillagers)]
[14May2025 22:21:02.921] [main/DEBUG] [mixin/]: Registering mixin config: morevillagers-common.mixins.json
[14May2025 22:21:02.925] [main/DEBUG] [mixin/]: Registering mixin config: morevillagers.mixins.json
[14May2025 22:21:02.930] [main/DEBUG] [mixin/]: Adding mixin platform agents for container SecureJarResource(cataclysmiccombat)
[14May2025 22:21:02.930] [main/DEBUG] [mixin/]: Instancing new MixinPlatformAgentMinecraftForge for SecureJarResource(cataclysmiccombat)
[14May2025 22:21:02.930] [main/DEBUG] [mixin/]: MixinPlatformAgentMinecraftForge rejected container SecureJarResource(cataclysmiccombat)
[14May2025 22:21:02.930] [main/DEBUG] [mixin/]: Instancing new MixinPlatformAgentDefault for SecureJarResource(cataclysmiccombat)
[14May2025 22:21:02.930] [main/DEBUG] [mixin/]: MixinPlatformAgentDefault accepted container SecureJarResource(cataclysmiccombat)
[14May2025 22:21:02.930] [main/DEBUG] [mixin/]: Processing prepare() for PlatformAgent[MixinPlatformAgentDefault:SecureJarResource(cataclysmiccombat)]
[14May2025 22:21:02.930] [main/DEBUG] [mixin/]: Adding mixin platform agents for container SecureJarResource(resourcefulconfig)
[14May2025 22:21:02.931] [main/DEBUG] [mixin/]: Instancing new MixinPlatformAgentMinecraftForge for SecureJarResource(resourcefulconfig)
[14May2025 22:21:02.931] [main/DEBUG] [mixin/]: MixinPlatformAgentMinecraftForge rejected container SecureJarResource(resourcefulconfig)
[14May2025 22:21:02.931] [main/DEBUG] [mixin/]: Instancing new MixinPlatformAgentDefault for SecureJarResource(resourcefulconfig)
[14May2025 22:21:02.931] [main/DEBUG] [mixin/]: MixinPlatformAgentDefault accepted container SecureJarResource(resourcefulconfig)
[14May2025 22:21:02.931] [main/DEBUG] [mixin/]: Processing prepare() for PlatformAgent[MixinPlatformAgentDefault:SecureJarResource(resourcefulconfig)]
[14May2025 22:21:02.931] [main/DEBUG] [mixin/]: Adding mixin platform agents for container SecureJarResource(hangglider)
[14May2025 22:21:02.931] [main/DEBUG] [mixin/]: Instancing new MixinPlatformAgentMinecraftForge for SecureJarResource(hangglider)
[14May2025 22:21:02.931] [main/DEBUG] [mixin/]: MixinPlatformAgentMinecraftForge rejected container SecureJarResource(hangglider)
[14May2025 22:21:02.931] [main/DEBUG] [mixin/]: Instancing new MixinPlatformAgentDefault for SecureJarResource(hangglider)
[14May2025 22:21:02.931] [main/DEBUG] [mixin/]: MixinPlatformAgentDefault accepted container SecureJarResource(hangglider)
[14May2025 22:21:02.931] [main/DEBUG] [mixin/]: Processing prepare() for PlatformAgent[MixinPlatformAgentDefault:SecureJarResource(hangglider)]
[14May2025 22:21:02.931] [main/DEBUG] [mixin/]: Registering mixin config: hangglider.common.mixins.json
[14May2025 22:21:02.934] [main/DEBUG] [mixin/]: Adding mixin platform agents for container SecureJarResource(lionfishapi)
[14May2025 22:21:02.934] [main/DEBUG] [mixin/]: Instancing new MixinPlatformAgentMinecraftForge for SecureJarResource(lionfishapi)
[14May2025 22:21:02.934] [main/DEBUG] [mixin/]: MixinPlatformAgentMinecraftForge rejected container SecureJarResource(lionfishapi)
[14May2025 22:21:02.934] [main/DEBUG] [mixin/]: Instancing new MixinPlatformAgentDefault for SecureJarResource(lionfishapi)
[14May2025 22:21:02.934] [main/DEBUG] [mixin/]: MixinPlatformAgentDefault accepted container SecureJarResource(lionfishapi)
[14May2025 22:21:02.935] [main/DEBUG] [mixin/]: Processing prepare() for PlatformAgent[MixinPlatformAgentDefault:SecureJarResource(lionfishapi)]
[14May2025 22:21:02.935] [main/DEBUG] [mixin/]: Registering mixin config: lionfishapi.mixins.json
[14May2025 22:21:02.941] [main/DEBUG] [mixin/]: Adding mixin platform agents for container SecureJarResource(spark)
[14May2025 22:21:02.941] [main/DEBUG] [mixin/]: Instancing new MixinPlatformAgentMinecraftForge for SecureJarResource(spark)
[14May2025 22:21:02.941] [main/DEBUG] [mixin/]: MixinPlatformAgentMinecraftForge rejected container SecureJarResource(spark)
[14May2025 22:21:02.941] [main/DEBUG] [mixin/]: Instancing new MixinPlatformAgentDefault for SecureJarResource(spark)
[14May2025 22:21:02.942] [main/DEBUG] [mixin/]: MixinPlatformAgentDefault accepted container SecureJarResource(spark)
[14May2025 22:21:02.943] [main/DEBUG] [mixin/]: Processing prepare() for PlatformAgent[MixinPlatformAgentDefault:SecureJarResource(spark)]
[14May2025 22:21:02.947] [main/DEBUG] [mixin/]: Adding mixin platform agents for container SecureJarResource(cataclysm)
[14May2025 22:21:02.947] [main/DEBUG] [mixin/]: Instancing new MixinPlatformAgentMinecraftForge for SecureJarResource(cataclysm)
[14May2025 22:21:02.947] [main/DEBUG] [mixin/]: MixinPlatformAgentMinecraftForge rejected container SecureJarResource(cataclysm)
[14May2025 22:21:02.947] [main/DEBUG] [mixin/]: Instancing new MixinPlatformAgentDefault for SecureJarResource(cataclysm)
[14May2025 22:21:02.947] [main/DEBUG] [mixin/]: MixinPlatformAgentDefault accepted container SecureJarResource(cataclysm)
[14May2025 22:21:02.947] [main/DEBUG] [mixin/]: Processing prepare() for PlatformAgent[MixinPlatformAgentDefault:SecureJarResource(cataclysm)]
[14May2025 22:21:02.947] [main/DEBUG] [mixin/]: Registering mixin config: lionfishapi.mixins.json
[14May2025 22:21:02.947] [main/DEBUG] [mixin/]: Registering mixin config: cataclysm.mixins.json
[14May2025 22:21:02.952] [main/DEBUG] [mixin/]: Adding mixin platform agents for container SecureJarResource(curios)
[14May2025 22:21:02.952] [main/DEBUG] [mixin/]: Instancing new MixinPlatformAgentMinecraftForge for SecureJarResource(curios)
[14May2025 22:21:02.952] [main/DEBUG] [mixin/]: MixinPlatformAgentMinecraftForge rejected container SecureJarResource(curios)
[14May2025 22:21:02.953] [main/DEBUG] [mixin/]: Instancing new MixinPlatformAgentDefault for SecureJarResource(curios)
[14May2025 22:21:02.953] [main/DEBUG] [mixin/]: MixinPlatformAgentDefault accepted container SecureJarResource(curios)
[14May2025 22:21:02.953] [main/DEBUG] [mixin/]: Processing prepare() for PlatformAgent[MixinPlatformAgentDefault:SecureJarResource(curios)]
[14May2025 22:21:02.953] [main/DEBUG] [mixin/]: Registering mixin config: curios.mixins.json
[14May2025 22:21:02.965] [main/DEBUG] [mixin/]: Adding mixin platform agents for container SecureJarResource(despawn_tweaker)
[14May2025 22:21:02.966] [main/DEBUG] [mixin/]: Instancing new MixinPlatformAgentMinecraftForge for SecureJarResource(despawn_tweaker)
[14May2025 22:21:02.966] [main/DEBUG] [mixin/]: MixinPlatformAgentMinecraftForge rejected container SecureJarResource(despawn_tweaker)
[14May2025 22:21:02.967] [main/DEBUG] [mixin/]: Instancing new MixinPlatformAgentDefault for SecureJarResource(despawn_tweaker)
[14May2025 22:21:02.967] [main/DEBUG] [mixin/]: MixinPlatformAgentDefault accepted container SecureJarResource(despawn_tweaker)
[14May2025 22:21:02.967] [main/DEBUG] [mixin/]: Processing prepare() for PlatformAgent[MixinPlatformAgentDefault:SecureJarResource(despawn_tweaker)]
[14May2025 22:21:02.967] [main/DEBUG] [mixin/]: Registering mixin config: despawn_tweaker.mixins.json
[14May2025 22:21:02.969] [main/DEBUG] [mixin/]: Compatibility level JAVA_8 specified by despawn_tweaker.mixins.json is lower than the default level supported by the current mixin service (JAVA_16).
[14May2025 22:21:02.970] [main/DEBUG] [mixin/]: Adding mixin platform agents for container SecureJarResource(cerbons_api)
[14May2025 22:21:02.970] [main/DEBUG] [mixin/]: Instancing new MixinPlatformAgentMinecraftForge for SecureJarResource(cerbons_api)
[14May2025 22:21:02.970] [main/DEBUG] [mixin/]: MixinPlatformAgentMinecraftForge rejected container SecureJarResource(cerbons_api)
[14May2025 22:21:02.970] [main/DEBUG] [mixin/]: Instancing new MixinPlatformAgentDefault for SecureJarResource(cerbons_api)
[14May2025 22:21:02.971] [main/DEBUG] [mixin/]: MixinPlatformAgentDefault accepted container SecureJarResource(cerbons_api)
[14May2025 22:21:02.971] [main/DEBUG] [mixin/]: Processing prepare() for PlatformAgent[MixinPlatformAgentDefault:SecureJarResource(cerbons_api)]
[14May2025 22:21:02.971] [main/DEBUG] [mixin/]: Registering mixin config: mixins.cerbons_api.json
[14May2025 22:21:02.973] [main/DEBUG] [mixin/]: Adding mixin platform agents for container SecureJarResource(searchables)
[14May2025 22:21:02.973] [main/DEBUG] [mixin/]: Instancing new MixinPlatformAgentMinecraftForge for SecureJarResource(searchables)
[14May2025 22:21:02.974] [main/DEBUG] [mixin/]: MixinPlatformAgentMinecraftForge rejected container SecureJarResource(searchables)
[14May2025 22:21:02.974] [main/DEBUG] [mixin/]: Instancing new MixinPlatformAgentDefault for SecureJarResource(searchables)
[14May2025 22:21:02.974] [main/DEBUG] [mixin/]: MixinPlatformAgentDefault accepted container SecureJarResource(searchables)
[14May2025 22:21:02.974] [main/DEBUG] [mixin/]: Processing prepare() for PlatformAgent[MixinPlatformAgentDefault:SecureJarResource(searchables)]
[14May2025 22:21:02.974] [main/DEBUG] [mixin/]: Registering mixin config: searchables.mixins.json
[14May2025 22:21:02.979] [main/DEBUG] [mixin/]: Registering mixin config: searchables.forge.mixins.json
[14May2025 22:21:02.982] [main/DEBUG] [mixin/]: Adding mixin platform agents for container SecureJarResource(noisium)
[14May2025 22:21:02.982] [main/DEBUG] [mixin/]: Instancing new MixinPlatformAgentMinecraftForge for SecureJarResource(noisium)
[14May2025 22:21:02.982] [main/DEBUG] [mixin/]: MixinPlatformAgentMinecraftForge rejected container SecureJarResource(noisium)
[14May2025 22:21:02.982] [main/DEBUG] [mixin/]: Instancing new MixinPlatformAgentDefault for SecureJarResource(noisium)
[14May2025 22:21:02.982] [main/DEBUG] [mixin/]: MixinPlatformAgentDefault accepted container SecureJarResource(noisium)
[14May2025 22:21:02.983] [main/DEBUG] [mixin/]: Processing prepare() for PlatformAgent[MixinPlatformAgentDefault:SecureJarResource(noisium)]
[14May2025 22:21:02.983] [main/DEBUG] [mixin/]: Registering mixin config: noisium-common.mixins.json
[14May2025 22:21:02.985] [main/DEBUG] [mixin/]: Adding mixin platform agents for container SecureJarResource(resourcefullib)
[14May2025 22:21:02.985] [main/DEBUG] [mixin/]: Instancing new MixinPlatformAgentMinecraftForge for SecureJarResource(resourcefullib)
[14May2025 22:21:02.986] [main/DEBUG] [mixin/]: MixinPlatformAgentMinecraftForge rejected container SecureJarResource(resourcefullib)
[14May2025 22:21:02.986] [main/DEBUG] [mixin/]: Instancing new MixinPlatformAgentDefault for SecureJarResource(resourcefullib)
[14May2025 22:21:02.986] [main/DEBUG] [mixin/]: MixinPlatformAgentDefault accepted container SecureJarResource(resourcefullib)
[14May2025 22:21:02.986] [main/DEBUG] [mixin/]: Processing prepare() for PlatformAgent[MixinPlatformAgentDefault:SecureJarResource(resourcefullib)]
[14May2025 22:21:02.987] [main/DEBUG] [mixin/]: Adding mixin platform agents for container SecureJarResource(cfm)
[14May2025 22:21:02.987] [main/DEBUG] [mixin/]: Instancing new MixinPlatformAgentMinecraftForge for SecureJarResource(cfm)
[14May2025 22:21:02.987] [main/DEBUG] [mixin/]: MixinPlatformAgentMinecraftForge rejected container SecureJarResource(cfm)
[14May2025 22:21:02.987] [main/DEBUG] [mixin/]: Instancing new MixinPlatformAgentDefault for SecureJarResource(cfm)
[14May2025 22:21:02.987] [main/DEBUG] [mixin/]: MixinPlatformAgentDefault accepted container SecureJarResource(cfm)
[14May2025 22:21:02.987] [main/DEBUG] [mixin/]: Processing prepare() for PlatformAgent[MixinPlatformAgentDefault:SecureJarResource(cfm)]
[14May2025 22:21:02.988] [main/DEBUG] [mixin/]: Registering mixin config: cfm.mixins.json
[14May2025 22:21:02.990] [main/DEBUG] [mixin/]: Adding mixin platform agents for container SecureJarResource(boatbreakfix)
[14May2025 22:21:02.991] [main/DEBUG] [mixin/]: Instancing new MixinPlatformAgentMinecraftForge for SecureJarResource(boatbreakfix)
[14May2025 22:21:02.991] [main/DEBUG] [mixin/]: MixinPlatformAgentMinecraftForge rejected container SecureJarResource(boatbreakfix)
[14May2025 22:21:02.991] [main/DEBUG] [mixin/]: Instancing new MixinPlatformAgentDefault for SecureJarResource(boatbreakfix)
[14May2025 22:21:02.991] [main/DEBUG] [mixin/]: MixinPlatformAgentDefault accepted container SecureJarResource(boatbreakfix)
[14May2025 22:21:02.991] [main/DEBUG] [mixin/]: Processing prepare() for PlatformAgent[MixinPlatformAgentDefault:SecureJarResource(boatbreakfix)]
[14May2025 22:21:02.992] [main/DEBUG] [mixin/]: Registering mixin config: boatbreakfix.mixins.json
[14May2025 22:21:02.994] [main/DEBUG] [mixin/]: Adding mixin platform agents for container SecureJarResource(architectury)
[14May2025 22:21:02.994] [main/DEBUG] [mixin/]: Instancing new MixinPlatformAgentMinecraftForge for SecureJarResource(architectury)
[14May2025 22:21:02.995] [main/DEBUG] [mixin/]: MixinPlatformAgentMinecraftForge rejected container SecureJarResource(architectury)
[14May2025 22:21:02.995] [main/DEBUG] [mixin/]: Instancing new MixinPlatformAgentDefault for SecureJarResource(architectury)
[14May2025 22:21:02.995] [main/DEBUG] [mixin/]: MixinPlatformAgentDefault accepted container SecureJarResource(architectury)
[14May2025 22:21:02.995] [main/DEBUG] [mixin/]: Processing prepare() for PlatformAgent[MixinPlatformAgentDefault:SecureJarResource(architectury)]
[14May2025 22:21:02.995] [main/DEBUG] [mixin/]: Registering mixin config: architectury.mixins.json
[14May2025 22:21:02.998] [main/DEBUG] [mixin/]: Compatibility level JAVA_16 specified by architectury.mixins.json is higher than the maximum level supported by this version of mixin (JAVA_13).
[14May2025 22:21:02.998] [main/DEBUG] [mixin/]: Registering mixin config: architectury-common.mixins.json
[14May2025 22:21:03.001] [main/DEBUG] [mixin/]: Compatibility level JAVA_16 specified by architectury-common.mixins.json is higher than the maximum level supported by this version of mixin (JAVA_13).
[14May2025 22:21:03.001] [main/DEBUG] [mixin/]: Adding mixin platform agents for container SecureJarResource(enderitemod)
[14May2025 22:21:03.001] [main/DEBUG] [mixin/]: Instancing new MixinPlatformAgentMinecraftForge for SecureJarResource(enderitemod)
[14May2025 22:21:03.002] [main/DEBUG] [mixin/]: MixinPlatformAgentMinecraftForge rejected container SecureJarResource(enderitemod)
[14May2025 22:21:03.002] [main/DEBUG] [mixin/]: Instancing new MixinPlatformAgentDefault for SecureJarResource(enderitemod)
[14May2025 22:21:03.002] [main/DEBUG] [mixin/]: MixinPlatformAgentDefault accepted container SecureJarResource(enderitemod)
[14May2025 22:21:03.002] [main/DEBUG] [mixin/]: Processing prepare() for PlatformAgent[MixinPlatformAgentDefault:SecureJarResource(enderitemod)]
[14May2025 22:21:03.002] [main/DEBUG] [mixin/]: Registering mixin config: enderitemod-common.mixins.json
[14May2025 22:21:03.005] [main/DEBUG] [mixin/]: Registering mixin config: enderitemod.mixins.json
[14May2025 22:21:03.007] [main/DEBUG] [mixin/]: Adding mixin platform agents for container SecureJarResource(aiimprovements)
[14May2025 22:21:03.007] [main/DEBUG] [mixin/]: Instancing new MixinPlatformAgentMinecraftForge for SecureJarResource(aiimprovements)
[14May2025 22:21:03.007] [main/DEBUG] [mixin/]: MixinPlatformAgentMinecraftForge rejected container SecureJarResource(aiimprovements)
[14May2025 22:21:03.008] [main/DEBUG] [mixin/]: Instancing new MixinPlatformAgentDefault for SecureJarResource(aiimprovements)
[14May2025 22:21:03.008] [main/DEBUG] [mixin/]: MixinPlatformAgentDefault accepted container SecureJarResource(aiimprovements)
[14May2025 22:21:03.008] [main/DEBUG] [mixin/]: Processing prepare() for PlatformAgent[MixinPlatformAgentDefault:SecureJarResource(aiimprovements)]
[14May2025 22:21:03.008] [main/DEBUG] [mixin/]: Adding mixin platform agents for container SecureJarResource(cupboard)
[14May2025 22:21:03.008] [main/DEBUG] [mixin/]: Instancing new MixinPlatformAgentMinecraftForge for SecureJarResource(cupboard)
[14May2025 22:21:03.009] [main/DEBUG] [mixin/]: MixinPlatformAgentMinecraftForge rejected container SecureJarResource(cupboard)
[14May2025 22:21:03.009] [main/DEBUG] [mixin/]: Instancing new MixinPlatformAgentDefault for SecureJarResource(cupboard)
[14May2025 22:21:03.009] [main/DEBUG] [mixin/]: MixinPlatformAgentDefault accepted container SecureJarResource(cupboard)
[14May2025 22:21:03.009] [main/DEBUG] [mixin/]: Processing prepare() for PlatformAgent[MixinPlatformAgentDefault:SecureJarResource(cupboard)]
[14May2025 22:21:03.009] [main/DEBUG] [mixin/]: Registering mixin config: cupboard.mixins.json
[14May2025 22:21:03.012] [main/DEBUG] [mixin/]: Adding mixin platform agents for container SecureJarResource(refurbished_furniture)
[14May2025 22:21:03.012] [main/DEBUG] [mixin/]: Instancing new MixinPlatformAgentMinecraftForge for SecureJarResource(refurbished_furniture)
[14May2025 22:21:03.012] [main/DEBUG] [mixin/]: MixinPlatformAgentMinecraftForge rejected container SecureJarResource(refurbished_furniture)
[14May2025 22:21:03.012] [main/DEBUG] [mixin/]: Instancing new MixinPlatformAgentDefault for SecureJarResource(refurbished_furniture)
[14May2025 22:21:03.013] [main/DEBUG] [mixin/]: MixinPlatformAgentDefault accepted container SecureJarResource(refurbished_furniture)
[14May2025 22:21:03.013] [main/DEBUG] [mixin/]: Processing prepare() for PlatformAgent[MixinPlatformAgentDefault:SecureJarResource(refurbished_furniture)]
[14May2025 22:21:03.013] [main/DEBUG] [mixin/]: Registering mixin config: refurbished_furniture.common.mixins.json
[14May2025 22:21:03.015] [main/DEBUG] [mixin/]: Adding mixin platform agents for container SecureJarResource(monolib)
[14May2025 22:21:03.015] [main/DEBUG] [mixin/]: Instancing new MixinPlatformAgentMinecraftForge for SecureJarResource(monolib)
[14May2025 22:21:03.016] [main/DEBUG] [mixin/]: MixinPlatformAgentMinecraftForge rejected container SecureJarResource(monolib)
[14May2025 22:21:03.016] [main/DEBUG] [mixin/]: Instancing new MixinPlatformAgentDefault for SecureJarResource(monolib)
[14May2025 22:21:03.016] [main/DEBUG] [mixin/]: MixinPlatformAgentDefault accepted container SecureJarResource(monolib)
[14May2025 22:21:03.016] [main/DEBUG] [mixin/]: Processing prepare() for PlatformAgent[MixinPlatformAgentDefault:SecureJarResource(monolib)]
[14May2025 22:21:03.016] [main/DEBUG] [mixin/]: Registering mixin config: monolib.mixins.json
[14May2025 22:21:03.019] [main/DEBUG] [mixin/]: Registering mixin config: monolib.forge.mixins.json
[14May2025 22:21:03.021] [main/DEBUG] [mixin/]: Adding mixin platform agents for container SecureJarResource(stackable_stew_and_soup)
[14May2025 22:21:03.021] [main/DEBUG] [mixin/]: Instancing new MixinPlatformAgentMinecraftForge for SecureJarResource(stackable_stew_and_soup)
[14May2025 22:21:03.021] [main/DEBUG] [mixin/]: MixinPlatformAgentMinecraftForge rejected container SecureJarResource(stackable_stew_and_soup)
[14May2025 22:21:03.022] [main/DEBUG] [mixin/]: Instancing new MixinPlatformAgentDefault for SecureJarResource(stackable_stew_and_soup)
[14May2025 22:21:03.022] [main/DEBUG] [mixin/]: MixinPlatformAgentDefault accepted container SecureJarResource(stackable_stew_and_soup)
[14May2025 22:21:03.022] [main/DEBUG] [mixin/]: Processing prepare() for PlatformAgent[MixinPlatformAgentDefault:SecureJarResource(stackable_stew_and_soup)]
[14May2025 22:21:03.022] [main/DEBUG] [mixin/]: Registering mixin config: forge-stackable_stew_and_soup.forge.mixins.json
[14May2025 22:21:03.024] [main/DEBUG] [mixin/]: Adding mixin platform agents for container SecureJarResource(framework)
[14May2025 22:21:03.025] [main/DEBUG] [mixin/]: Instancing new MixinPlatformAgentMinecraftForge for SecureJarResource(framework)
[14May2025 22:21:03.025] [main/DEBUG] [mixin/]: MixinPlatformAgentMinecraftForge rejected container SecureJarResource(framework)
[14May2025 22:21:03.025] [main/DEBUG] [mixin/]: Instancing new MixinPlatformAgentDefault for SecureJarResource(framework)
[14May2025 22:21:03.025] [main/DEBUG] [mixin/]: MixinPlatformAgentDefault accepted container SecureJarResource(framework)
[14May2025 22:21:03.025] [main/DEBUG] [mixin/]: Processing prepare() for PlatformAgent[MixinPlatformAgentDefault:SecureJarResource(framework)]
[14May2025 22:21:03.025] [main/DEBUG] [mixin/]: Adding mixin platform agents for container SecureJarResource(krypton)
[14May2025 22:21:03.025] [main/DEBUG] [mixin/]: Instancing new MixinPlatformAgentMinecraftForge for SecureJarResource(krypton)
[14May2025 22:21:03.025] [main/DEBUG] [mixin/]: MixinPlatformAgentMinecraftForge rejected container SecureJarResource(krypton)
[14May2025 22:21:03.025] [main/DEBUG] [mixin/]: Instancing new MixinPlatformAgentDefault for SecureJarResource(krypton)
[14May2025 22:21:03.025] [main/DEBUG] [mixin/]: MixinPlatformAgentDefault accepted container SecureJarResource(krypton)
[14May2025 22:21:03.025] [main/DEBUG] [mixin/]: Processing prepare() for PlatformAgent[MixinPlatformAgentDefault:SecureJarResource(krypton)]
[14May2025 22:21:03.025] [main/DEBUG] [mixin/]: Registering mixin config: krypton.mixins.json
[14May2025 22:21:03.028] [main/DEBUG] [mixin/]: Compatibility level JAVA_16 specified by krypton.mixins.json is higher than the maximum level supported by this version of mixin (JAVA_13).
[14May2025 22:21:03.029] [main/DEBUG] [mixin/]: Adding mixin platform agents for container SecureJarResource(illageandspillage)
[14May2025 22:21:03.029] [main/DEBUG] [mixin/]: Instancing new MixinPlatformAgentMinecraftForge for SecureJarResource(illageandspillage)
[14May2025 22:21:03.029] [main/DEBUG] [mixin/]: MixinPlatformAgentMinecraftForge rejected container SecureJarResource(illageandspillage)
[14May2025 22:21:03.029] [main/DEBUG] [mixin/]: Instancing new MixinPlatformAgentDefault for SecureJarResource(illageandspillage)
[14May2025 22:21:03.029] [main/DEBUG] [mixin/]: MixinPlatformAgentDefault accepted container SecureJarResource(illageandspillage)
[14May2025 22:21:03.029] [main/DEBUG] [mixin/]: Processing prepare() for PlatformAgent[MixinPlatformAgentDefault:SecureJarResource(illageandspillage)]
[14May2025 22:21:03.029] [main/DEBUG] [mixin/]: Registering mixin config: illageandspillage.mixins.json
[14May2025 22:21:03.031] [main/DEBUG] [mixin/]: Compatibility level JAVA_16 specified by illageandspillage.mixins.json is higher than the maximum level supported by this version of mixin (JAVA_13).
[14May2025 22:21:03.032] [main/DEBUG] [mixin/]: Adding mixin platform agents for container SecureJarResource(fastleafdecay)
[14May2025 22:21:03.032] [main/DEBUG] [mixin/]: Instancing new MixinPlatformAgentMinecraftForge for SecureJarResource(fastleafdecay)
[14May2025 22:21:03.032] [main/DEBUG] [mixin/]: MixinPlatformAgentMinecraftForge rejected container SecureJarResource(fastleafdecay)
[14May2025 22:21:03.032] [main/DEBUG] [mixin/]: Instancing new MixinPlatformAgentDefault for SecureJarResource(fastleafdecay)
[14May2025 22:21:03.032] [main/DEBUG] [mixin/]: MixinPlatformAgentDefault accepted container SecureJarResource(fastleafdecay)
[14May2025 22:21:03.032] [main/DEBUG] [mixin/]: Processing prepare() for PlatformAgent[MixinPlatformAgentDefault:SecureJarResource(fastleafdecay)]
[14May2025 22:21:03.032] [main/DEBUG] [mixin/]: Adding mixin platform agents for container SecureJarResource(gamemenumodoption)
[14May2025 22:21:03.032] [main/DEBUG] [mixin/]: Instancing new MixinPlatformAgentMinecraftForge for SecureJarResource(gamemenumodoption)
[14May2025 22:21:03.032] [main/DEBUG] [mixin/]: MixinPlatformAgentMinecraftForge rejected container SecureJarResource(gamemenumodoption)
[14May2025 22:21:03.032] [main/DEBUG] [mixin/]: Instancing new MixinPlatformAgentDefault for SecureJarResource(gamemenumodoption)
[14May2025 22:21:03.032] [main/DEBUG] [mixin/]: MixinPlatformAgentDefault accepted container SecureJarResource(gamemenumodoption)
[14May2025 22:21:03.032] [main/DEBUG] [mixin/]: Processing prepare() for PlatformAgent[MixinPlatformAgentDefault:SecureJarResource(gamemenumodoption)]
[14May2025 22:21:03.032] [main/DEBUG] [mixin/]: Registering mixin config: gamemenumodoption.mixins.json
[14May2025 22:21:03.035] [main/DEBUG] [mixin/]: Adding mixin platform agents for container SecureJarResource(playerrevive)
[14May2025 22:21:03.035] [main/DEBUG] [mixin/]: Instancing new MixinPlatformAgentMinecraftForge for SecureJarResource(playerrevive)
[14May2025 22:21:03.035] [main/DEBUG] [mixin/]: MixinPlatformAgentMinecraftForge rejected container SecureJarResource(playerrevive)
[14May2025 22:21:03.035] [main/DEBUG] [mixin/]: Instancing new MixinPlatformAgentDefault for SecureJarResource(playerrevive)
[14May2025 22:21:03.035] [main/DEBUG] [mixin/]: MixinPlatformAgentDefault accepted container SecureJarResource(playerrevive)
[14May2025 22:21:03.035] [main/DEBUG] [mixin/]: Processing prepare() for PlatformAgent[MixinPlatformAgentDefault:SecureJarResource(playerrevive)]
[14May2025 22:21:03.035] [main/DEBUG] [mixin/]: Registering mixin config: playerrevive.mixins.json
[14May2025 22:21:03.037] [main/DEBUG] [mixin/]: Adding mixin platform agents for container SecureJarResource(enchantinginfuser)
[14May2025 22:21:03.038] [main/DEBUG] [mixin/]: Instancing new MixinPlatformAgentMinecraftForge for SecureJarResource(enchantinginfuser)
[14May2025 22:21:03.038] [main/DEBUG] [mixin/]: MixinPlatformAgentMinecraftForge rejected container SecureJarResource(enchantinginfuser)
[14May2025 22:21:03.038] [main/DEBUG] [mixin/]: Instancing new MixinPlatformAgentDefault for SecureJarResource(enchantinginfuser)
[14May2025 22:21:03.038] [main/DEBUG] [mixin/]: MixinPlatformAgentDefault accepted container SecureJarResource(enchantinginfuser)
[14May2025 22:21:03.038] [main/DEBUG] [mixin/]: Processing prepare() for PlatformAgent[MixinPlatformAgentDefault:SecureJarResource(enchantinginfuser)]
[14May2025 22:21:03.038] [main/DEBUG] [mixin/]: Adding mixin platform agents for container SecureJarResource(timeondisplay)
[14May2025 22:21:03.038] [main/DEBUG] [mixin/]: Instancing new MixinPlatformAgentMinecraftForge for SecureJarResource(timeondisplay)
[14May2025 22:21:03.038] [main/DEBUG] [mixin/]: MixinPlatformAgentMinecraftForge rejected container SecureJarResource(timeondisplay)
[14May2025 22:21:03.038] [main/DEBUG] [mixin/]: Instancing new MixinPlatformAgentDefault for SecureJarResource(timeondisplay)
[14May2025 22:21:03.038] [main/DEBUG] [mixin/]: MixinPlatformAgentDefault accepted container SecureJarResource(timeondisplay)
[14May2025 22:21:03.038] [main/DEBUG] [mixin/]: Processing prepare() for PlatformAgent[MixinPlatformAgentDefault:SecureJarResource(timeondisplay)]
[14May2025 22:21:03.038] [main/DEBUG] [mixin/]: Registering mixin config: forge-timeondisplay.forge.mixins.json
[14May2025 22:21:03.040] [main/DEBUG] [mixin/]: Adding mixin platform agents for container SecureJarResource(radium)
[14May2025 22:21:03.041] [main/DEBUG] [mixin/]: Instancing new MixinPlatformAgentMinecraftForge for SecureJarResource(radium)
[14May2025 22:21:03.041] [main/DEBUG] [mixin/]: MixinPlatformAgentMinecraftForge rejected container SecureJarResource(radium)
[14May2025 22:21:03.041] [main/DEBUG] [mixin/]: Instancing new MixinPlatformAgentDefault for SecureJarResource(radium)
[14May2025 22:21:03.041] [main/DEBUG] [mixin/]: MixinPlatformAgentDefault accepted container SecureJarResource(radium)
[14May2025 22:21:03.041] [main/DEBUG] [mixin/]: Processing prepare() for PlatformAgent[MixinPlatformAgentDefault:SecureJarResource(radium)]
[14May2025 22:21:03.041] [main/DEBUG] [mixin/]: Registering mixin config: lithium.mixins.json
[14May2025 22:21:03.044] [main/DEBUG] [mixin/]: Compatibility level JAVA_16 specified by lithium.mixins.json is higher than the maximum level supported by this version of mixin (JAVA_13).
[14May2025 22:21:03.044] [main/DEBUG] [mixin/]: Adding mixin platform agents for container SecureJarResource(kiwi)
[14May2025 22:21:03.045] [main/DEBUG] [mixin/]: Instancing new MixinPlatformAgentMinecraftForge for SecureJarResource(kiwi)
[14May2025 22:21:03.045] [main/DEBUG] [mixin/]: MixinPlatformAgentMinecraftForge rejected container SecureJarResource(kiwi)
[14May2025 22:21:03.045] [main/DEBUG] [mixin/]: Instancing new MixinPlatformAgentDefault for SecureJarResource(kiwi)
[14May2025 22:21:03.045] [main/DEBUG] [mixin/]: MixinPlatformAgentDefault accepted container SecureJarResource(kiwi)
[14May2025 22:21:03.045] [main/DEBUG] [mixin/]: Processing prepare() for PlatformAgent[MixinPlatformAgentDefault:SecureJarResource(kiwi)]
[14May2025 22:21:03.045] [main/DEBUG] [mixin/]: Registering mixin config: kiwi.mixins.json
[14May2025 22:21:03.048] [main/DEBUG] [mixin/]: Adding mixin platform agents for container SecureJarResource(bhmenu)
[14May2025 22:21:03.048] [main/DEBUG] [mixin/]: Instancing new MixinPlatformAgentMinecraftForge for SecureJarResource(bhmenu)
[14May2025 22:21:03.048] [main/DEBUG] [mixin/]: MixinPlatformAgentMinecraftForge rejected container SecureJarResource(bhmenu)
[14May2025 22:21:03.048] [main/DEBUG] [mixin/]: Instancing new MixinPlatformAgentDefault for SecureJarResource(bhmenu)
[14May2025 22:21:03.048] [main/DEBUG] [mixin/]: MixinPlatformAgentDefault accepted container SecureJarResource(bhmenu)
[14May2025 22:21:03.048] [main/DEBUG] [mixin/]: Processing prepare() for PlatformAgent[MixinPlatformAgentDefault:SecureJarResource(bhmenu)]
[14May2025 22:21:03.048] [main/DEBUG] [mixin/]: Registering mixin config: bhmenu.mixins.json
[14May2025 22:21:03.050] [main/DEBUG] [mixin/]: Compatibility level JAVA_16 specified by bhmenu.mixins.json is higher than the maximum level supported by this version of mixin (JAVA_13).
[14May2025 22:21:03.051] [main/DEBUG] [mixin/]: Adding mixin platform agents for container SecureJarResource(mowziesmobs)
[14May2025 22:21:03.052] [main/DEBUG] [mixin/]: Instancing new MixinPlatformAgentMinecraftForge for SecureJarResource(mowziesmobs)
[14May2025 22:21:03.052] [main/DEBUG] [mixin/]: MixinPlatformAgentMinecraftForge rejected container SecureJarResource(mowziesmobs)
[14May2025 22:21:03.052] [main/DEBUG] [mixin/]: Instancing new MixinPlatformAgentDefault for SecureJarResource(mowziesmobs)
[14May2025 22:21:03.052] [main/DEBUG] [mixin/]: MixinPlatformAgentDefault accepted container SecureJarResource(mowziesmobs)
[14May2025 22:21:03.052] [main/DEBUG] [mixin/]: Processing prepare() for PlatformAgent[MixinPlatformAgentDefault:SecureJarResource(mowziesmobs)]
[14May2025 22:21:03.053] [main/DEBUG] [mixin/]: Registering mixin config: mowziesmobs.mixins.json
[14May2025 22:21:03.055] [main/DEBUG] [mixin/]: Adding mixin platform agents for container SecureJarResource(geckolib)
[14May2025 22:21:03.055] [main/DEBUG] [mixin/]: Instancing new MixinPlatformAgentMinecraftForge for SecureJarResource(geckolib)
[14May2025 22:21:03.055] [main/DEBUG] [mixin/]: MixinPlatformAgentMinecraftForge rejected container SecureJarResource(geckolib)
[14May2025 22:21:03.055] [main/DEBUG] [mixin/]: Instancing new MixinPlatformAgentDefault for SecureJarResource(geckolib)
[14May2025 22:21:03.055] [main/DEBUG] [mixin/]: MixinPlatformAgentDefault accepted container SecureJarResource(geckolib)
[14May2025 22:21:03.055] [main/DEBUG] [mixin/]: Processing prepare() for PlatformAgent[MixinPlatformAgentDefault:SecureJarResource(geckolib)]
[14May2025 22:21:03.055] [main/DEBUG] [mixin/]: Registering mixin config: geckolib.mixins.json
[14May2025 22:21:03.059] [main/DEBUG] [mixin/]: Adding mixin platform agents for container SecureJarResource(mutantmonsters)
[14May2025 22:21:03.059] [main/DEBUG] [mixin/]: Instancing new MixinPlatformAgentMinecraftForge for SecureJarResource(mutantmonsters)
[14May2025 22:21:03.059] [main/DEBUG] [mixin/]: MixinPlatformAgentMinecraftForge rejected container SecureJarResource(mutantmonsters)
[14May2025 22:21:03.059] [main/DEBUG] [mixin/]: Instancing new MixinPlatformAgentDefault for SecureJarResource(mutantmonsters)
[14May2025 22:21:03.060] [main/DEBUG] [mixin/]: MixinPlatformAgentDefault accepted container SecureJarResource(mutantmonsters)
[14May2025 22:21:03.060] [main/DEBUG] [mixin/]: Processing prepare() for PlatformAgent[MixinPlatformAgentDefault:SecureJarResource(mutantmonsters)]
[14May2025 22:21:03.060] [main/DEBUG] [mixin/]: Registering mixin config: mutantmonsters.common.mixins.json
[14May2025 22:21:03.062] [main/DEBUG] [mixin/]: Adding mixin platform agents for container SecureJarResource(darkestsouls)
[14May2025 22:21:03.062] [main/DEBUG] [mixin/]: Instancing new MixinPlatformAgentMinecraftForge for SecureJarResource(darkestsouls)
[14May2025 22:21:03.063] [main/DEBUG] [mixin/]: MixinPlatformAgentMinecraftForge rejected container SecureJarResource(darkestsouls)
[14May2025 22:21:03.063] [main/DEBUG] [mixin/]: Instancing new MixinPlatformAgentDefault for SecureJarResource(darkestsouls)
[14May2025 22:21:03.063] [main/DEBUG] [mixin/]: MixinPlatformAgentDefault accepted container SecureJarResource(darkestsouls)
[14May2025 22:21:03.063] [main/DEBUG] [mixin/]: Processing prepare() for PlatformAgent[MixinPlatformAgentDefault:SecureJarResource(darkestsouls)]
[14May2025 22:21:03.063] [main/DEBUG] [mixin/]: Adding mixin platform agents for container SecureJarResource(amendments)
[14May2025 22:21:03.063] [main/DEBUG] [mixin/]: Instancing new MixinPlatformAgentMinecraftForge for SecureJarResource(amendments)
[14May2025 22:21:03.063] [main/DEBUG] [mixin/]: MixinPlatformAgentMinecraftForge rejected container SecureJarResource(amendments)
[14May2025 22:21:03.064] [main/DEBUG] [mixin/]: Instancing new MixinPlatformAgentDefault for SecureJarResource(amendments)
[14May2025 22:21:03.064] [main/DEBUG] [mixin/]: MixinPlatformAgentDefault accepted container SecureJarResource(amendments)
[14May2025 22:21:03.064] [main/DEBUG] [mixin/]: Processing prepare() for PlatformAgent[MixinPlatformAgentDefault:SecureJarResource(amendments)]
[14May2025 22:21:03.064] [main/DEBUG] [mixin/]: Registering mixin config: amendments.mixins.json
[14May2025 22:21:03.066] [main/DEBUG] [mixin/]: Registering mixin config: amendments-common.mixins.json
[14May2025 22:21:03.069] [main/DEBUG] [mixin/]: Adding mixin platform agents for container SecureJarResource(elysium_api)
[14May2025 22:21:03.069] [main/DEBUG] [mixin/]: Instancing new MixinPlatformAgentMinecraftForge for SecureJarResource(elysium_api)
[14May2025 22:21:03.069] [main/DEBUG] [mixin/]: MixinPlatformAgentMinecraftForge rejected container SecureJarResource(elysium_api)
[14May2025 22:21:03.070] [main/DEBUG] [mixin/]: Instancing new MixinPlatformAgentDefault for SecureJarResource(elysium_api)
[14May2025 22:21:03.070] [main/DEBUG] [mixin/]: MixinPlatformAgentDefault accepted container SecureJarResource(elysium_api)
[14May2025 22:21:03.070] [main/DEBUG] [mixin/]: Processing prepare() for PlatformAgent[MixinPlatformAgentDefault:SecureJarResource(elysium_api)]
[14May2025 22:21:03.070] [main/DEBUG] [mixin/]: Registering mixin config: mixins.elysium_api.json
[14May2025 22:21:03.074] [main/DEBUG] [mixin/]: Adding mixin platform agents for container SecureJarResource(jei)
[14May2025 22:21:03.074] [main/DEBUG] [mixin/]: Instancing new MixinPlatformAgentMinecraftForge for SecureJarResource(jei)
[14May2025 22:21:03.074] [main/DEBUG] [mixin/]: MixinPlatformAgentMinecraftForge rejected container SecureJarResource(jei)
[14May2025 22:21:03.074] [main/DEBUG] [mixin/]: Instancing new MixinPlatformAgentDefault for SecureJarResource(jei)
[14May2025 22:21:03.075] [main/DEBUG] [mixin/]: MixinPlatformAgentDefault accepted container SecureJarResource(jei)
[14May2025 22:21:03.075] [main/DEBUG] [mixin/]: Processing prepare() for PlatformAgent[MixinPlatformAgentDefault:SecureJarResource(jei)]
[14May2025 22:21:03.075] [main/DEBUG] [mixin/]: Adding mixin platform agents for container SecureJarResource(universalbonemeal)
[14May2025 22:21:03.075] [main/DEBUG] [mixin/]: Instancing new MixinPlatformAgentMinecraftForge for SecureJarResource(universalbonemeal)
[14May2025 22:21:03.075] [main/DEBUG] [mixin/]: MixinPlatformAgentMinecraftForge rejected container SecureJarResource(universalbonemeal)
[14May2025 22:21:03.075] [main/DEBUG] [mixin/]: Instancing new MixinPlatformAgentDefault for SecureJarResource(universalbonemeal)
[14May2025 22:21:03.075] [main/DEBUG] [mixin/]: MixinPlatformAgentDefault accepted container SecureJarResource(universalbonemeal)
[14May2025 22:21:03.075] [main/DEBUG] [mixin/]: Processing prepare() for PlatformAgent[MixinPlatformAgentDefault:SecureJarResource(universalbonemeal)]
[14May2025 22:21:03.075] [main/DEBUG] [mixin/]: Adding mixin platform agents for container SecureJarResource(graveyard)
[14May2025 22:21:03.075] [main/DEBUG] [mixin/]: Instancing new MixinPlatformAgentMinecraftForge for SecureJarResource(graveyard)
[14May2025 22:21:03.076] [main/DEBUG] [mixin/]: MixinPlatformAgentMinecraftForge rejected container SecureJarResource(graveyard)
[14May2025 22:21:03.076] [main/DEBUG] [mixin/]: Instancing new MixinPlatformAgentDefault for SecureJarResource(graveyard)
[14May2025 22:21:03.076] [main/DEBUG] [mixin/]: MixinPlatformAgentDefault accepted container SecureJarResource(graveyard)
[14May2025 22:21:03.076] [main/DEBUG] [mixin/]: Processing prepare() for PlatformAgent[MixinPlatformAgentDefault:SecureJarResource(graveyard)]
[14May2025 22:21:03.076] [main/DEBUG] [mixin/]: Registering mixin config: graveyard-common.mixins.json
[14May2025 22:21:03.079] [main/DEBUG] [mixin/]: Registering mixin config: graveyard-forge.mixins.json
[14May2025 22:21:03.083] [main/DEBUG] [mixin/]: Adding mixin platform agents for container SecureJarResource(attributefix)
[14May2025 22:21:03.083] [main/DEBUG] [mixin/]: Instancing new MixinPlatformAgentMinecraftForge for SecureJarResource(attributefix)
[14May2025 22:21:03.084] [main/DEBUG] [mixin/]: MixinPlatformAgentMinecraftForge rejected container SecureJarResource(attributefix)
[14May2025 22:21:03.084] [main/DEBUG] [mixin/]: Instancing new MixinPlatformAgentDefault for SecureJarResource(attributefix)
[14May2025 22:21:03.084] [main/DEBUG] [mixin/]: MixinPlatformAgentDefault accepted container SecureJarResource(attributefix)
[14May2025 22:21:03.084] [main/DEBUG] [mixin/]: Processing prepare() for PlatformAgent[MixinPlatformAgentDefault:SecureJarResource(attributefix)]
[14May2025 22:21:03.084] [main/DEBUG] [mixin/]: Registering mixin config: attributefix.mixins.json
[14May2025 22:21:03.087] [main/DEBUG] [mixin/]: Adding mixin platform agents for container SecureJarResource(caelus)
[14May2025 22:21:03.087] [main/DEBUG] [mixin/]: Instancing new MixinPlatformAgentMinecraftForge for SecureJarResource(caelus)
[14May2025 22:21:03.087] [main/DEBUG] [mixin/]: MixinPlatformAgentMinecraftForge rejected container SecureJarResource(caelus)
[14May2025 22:21:03.088] [main/DEBUG] [mixin/]: Instancing new MixinPlatformAgentDefault for SecureJarResource(caelus)
[14May2025 22:21:03.088] [main/DEBUG] [mixin/]: MixinPlatformAgentDefault accepted container SecureJarResource(caelus)
[14May2025 22:21:03.088] [main/DEBUG] [mixin/]: Processing prepare() for PlatformAgent[MixinPlatformAgentDefault:SecureJarResource(caelus)]
[14May2025 22:21:03.088] [main/DEBUG] [mixin/]: Registering mixin config: caelus.mixins.json
[14May2025 22:21:03.093] [main/DEBUG] [mixin/]: Adding mixin platform agents for container SecureJarResource(obscure_api)
[14May2025 22:21:03.093] [main/DEBUG] [mixin/]: Instancing new MixinPlatformAgentMinecraftForge for SecureJarResource(obscure_api)
[14May2025 22:21:03.094] [main/DEBUG] [mixin/]: MixinPlatformAgentMinecraftForge rejected container SecureJarResource(obscure_api)
[14May2025 22:21:03.094] [main/DEBUG] [mixin/]: Instancing new MixinPlatformAgentDefault for SecureJarResource(obscure_api)
[14May2025 22:21:03.094] [main/DEBUG] [mixin/]: MixinPlatformAgentDefault accepted container SecureJarResource(obscure_api)
[14May2025 22:21:03.094] [main/DEBUG] [mixin/]: Processing prepare() for PlatformAgent[MixinPlatformAgentDefault:SecureJarResource(obscure_api)]
[14May2025 22:21:03.095] [main/DEBUG] [mixin/]: Registering mixin config: obscure_api.mixins.json
[14May2025 22:21:03.097] [main/DEBUG] [mixin/]: Adding mixin platform agents for container SecureJarResource(waystones)
[14May2025 22:21:03.097] [main/DEBUG] [mixin/]: Instancing new MixinPlatformAgentMinecraftForge for SecureJarResource(waystones)
[14May2025 22:21:03.097] [main/DEBUG] [mixin/]: MixinPlatformAgentMinecraftForge rejected container SecureJarResource(waystones)
[14May2025 22:21:03.097] [main/DEBUG] [mixin/]: Instancing new MixinPlatformAgentDefault for SecureJarResource(waystones)
[14May2025 22:21:03.097] [main/DEBUG] [mixin/]: MixinPlatformAgentDefault accepted container SecureJarResource(waystones)
[14May2025 22:21:03.097] [main/DEBUG] [mixin/]: Processing prepare() for PlatformAgent[MixinPlatformAgentDefault:SecureJarResource(waystones)]
[14May2025 22:21:03.097] [main/DEBUG] [mixin/]: Registering mixin config: waystones.mixins.json
[14May2025 22:21:03.102] [main/DEBUG] [mixin/]: Adding mixin platform agents for container SecureJarResource(fabric_renderer_indigo)
[14May2025 22:21:03.102] [main/DEBUG] [mixin/]: Instancing new MixinPlatformAgentMinecraftForge for SecureJarResource(fabric_renderer_indigo)
[14May2025 22:21:03.102] [main/DEBUG] [mixin/]: MixinPlatformAgentMinecraftForge rejected container SecureJarResource(fabric_renderer_indigo)
[14May2025 22:21:03.103] [main/DEBUG] [mixin/]: Instancing new MixinPlatformAgentDefault for SecureJarResource(fabric_renderer_indigo)
[14May2025 22:21:03.103] [main/DEBUG] [mixin/]: MixinPlatformAgentDefault accepted container SecureJarResource(fabric_renderer_indigo)
[14May2025 22:21:03.103] [main/DEBUG] [mixin/]: Processing prepare() for PlatformAgent[MixinPlatformAgentDefault:SecureJarResource(fabric_renderer_indigo)]
[14May2025 22:21:03.103] [main/DEBUG] [mixin/]: Registering mixin config: fabric-renderer-indigo.mixins.json
[14May2025 22:21:03.105] [main/DEBUG] [mixin/]: Compatibility level JAVA_16 specified by fabric-renderer-indigo.mixins.json is higher than the maximum level supported by this version of mixin (JAVA_13).
[14May2025 22:21:03.105] [main/DEBUG] [mixin/]: Adding mixin platform agents for container SecureJarResource(clumps)
[14May2025 22:21:03.105] [main/DEBUG] [mixin/]: Instancing new MixinPlatformAgentMinecraftForge for SecureJarResource(clumps)
[14May2025 22:21:03.106] [main/DEBUG] [mixin/]: MixinPlatformAgentMinecraftForge rejected container SecureJarResource(clumps)
[14May2025 22:21:03.106] [main/DEBUG] [mixin/]: Instancing new MixinPlatformAgentDefault for SecureJarResource(clumps)
[14May2025 22:21:03.106] [main/DEBUG] [mixin/]: MixinPlatformAgentDefault accepted container SecureJarResource(clumps)
[14May2025 22:21:03.106] [main/DEBUG] [mixin/]: Processing prepare() for PlatformAgent[MixinPlatformAgentDefault:SecureJarResource(clumps)]
[14May2025 22:21:03.106] [main/DEBUG] [mixin/]: Registering mixin config: clumps.mixins.json
[14May2025 22:21:03.108] [main/DEBUG] [mixin/]: Adding mixin platform agents for container SecureJarResource(fastasyncworldsave)
[14May2025 22:21:03.108] [main/DEBUG] [mixin/]: Instancing new MixinPlatformAgentMinecraftForge for SecureJarResource(fastasyncworldsave)
[14May2025 22:21:03.108] [main/DEBUG] [mixin/]: MixinPlatformAgentMinecraftForge rejected container SecureJarResource(fastasyncworldsave)
[14May2025 22:21:03.108] [main/DEBUG] [mixin/]: Instancing new MixinPlatformAgentDefault for SecureJarResource(fastasyncworldsave)
[14May2025 22:21:03.108] [main/DEBUG] [mixin/]: MixinPlatformAgentDefault accepted container SecureJarResource(fastasyncworldsave)
[14May2025 22:21:03.109] [main/DEBUG] [mixin/]: Processing prepare() for PlatformAgent[MixinPlatformAgentDefault:SecureJarResource(fastasyncworldsave)]
[14May2025 22:21:03.109] [main/DEBUG] [mixin/]: Registering mixin config: fastasyncworldsave.mixins.json
[14May2025 22:21:03.111] [main/DEBUG] [mixin/]: Adding mixin platform agents for container SecureJarResource(alternate_current)
[14May2025 22:21:03.111] [main/DEBUG] [mixin/]: Instancing new MixinPlatformAgentMinecraftForge for SecureJarResource(alternate_current)
[14May2025 22:21:03.111] [main/DEBUG] [mixin/]: MixinPlatformAgentMinecraftForge rejected container SecureJarResource(alternate_current)
[14May2025 22:21:03.111] [main/DEBUG] [mixin/]: Instancing new MixinPlatformAgentDefault for SecureJarResource(alternate_current)
[14May2025 22:21:03.111] [main/DEBUG] [mixin/]: MixinPlatformAgentDefault accepted container SecureJarResource(alternate_current)
[14May2025 22:21:03.111] [main/DEBUG] [mixin/]: Processing prepare() for PlatformAgent[MixinPlatformAgentDefault:SecureJarResource(alternate_current)]
[14May2025 22:21:03.112] [main/DEBUG] [mixin/]: Adding mixin platform agents for container SecureJarResource(myserveriscompatible)
[14May2025 22:21:03.112] [main/DEBUG] [mixin/]: Instancing new MixinPlatformAgentMinecraftForge for SecureJarResource(myserveriscompatible)
[14May2025 22:21:03.112] [main/DEBUG] [mixin/]: MixinPlatformAgentMinecraftForge rejected container SecureJarResource(myserveriscompatible)
[14May2025 22:21:03.112] [main/DEBUG] [mixin/]: Instancing new MixinPlatformAgentDefault for SecureJarResource(myserveriscompatible)
[14May2025 22:21:03.112] [main/DEBUG] [mixin/]: MixinPlatformAgentDefault accepted container SecureJarResource(myserveriscompatible)
[14May2025 22:21:03.112] [main/DEBUG] [mixin/]: Processing prepare() for PlatformAgent[MixinPlatformAgentDefault:SecureJarResource(myserveriscompatible)]
[14May2025 22:21:03.112] [main/DEBUG] [mixin/]: Registering mixin config: myserveriscompatible.mixins.json
[14May2025 22:21:03.115] [main/DEBUG] [mixin/]: Adding mixin platform agents for container SecureJarResource(neruina)
[14May2025 22:21:03.115] [main/DEBUG] [mixin/]: Instancing new MixinPlatformAgentMinecraftForge for SecureJarResource(neruina)
[14May2025 22:21:03.115] [main/DEBUG] [mixin/]: MixinPlatformAgentMinecraftForge rejected container SecureJarResource(neruina)
[14May2025 22:21:03.115] [main/DEBUG] [mixin/]: Instancing new MixinPlatformAgentDefault for SecureJarResource(neruina)
[14May2025 22:21:03.115] [main/DEBUG] [mixin/]: MixinPlatformAgentDefault accepted container SecureJarResource(neruina)
[14May2025 22:21:03.116] [main/DEBUG] [mixin/]: Processing prepare() for PlatformAgent[MixinPlatformAgentDefault:SecureJarResource(neruina)]
[14May2025 22:21:03.116] [main/DEBUG] [mixin/]: Registering mixin config: neruina.mixins.json
[14May2025 22:21:03.118] [main/DEBUG] [mixin/]: Adding mixin platform agents for container SecureJarResource(catalogue)
[14May2025 22:21:03.118] [main/DEBUG] [mixin/]: Instancing new MixinPlatformAgentMinecraftForge for SecureJarResource(catalogue)
[14May2025 22:21:03.118] [main/DEBUG] [mixin/]: MixinPlatformAgentMinecraftForge rejected container SecureJarResource(catalogue)
[14May2025 22:21:03.119] [main/DEBUG] [mixin/]: Instancing new MixinPlatformAgentDefault for SecureJarResource(catalogue)
[14May2025 22:21:03.119] [main/DEBUG] [mixin/]: MixinPlatformAgentDefault accepted container SecureJarResource(catalogue)
[14May2025 22:21:03.119] [main/DEBUG] [mixin/]: Processing prepare() for PlatformAgent[MixinPlatformAgentDefault:SecureJarResource(catalogue)]
[14May2025 22:21:03.119] [main/DEBUG] [mixin/]: Adding mixin platform agents for container SecureJarResource(bosses_of_mass_destruction)
[14May2025 22:21:03.119] [main/DEBUG] [mixin/]: Instancing new MixinPlatformAgentMinecraftForge for SecureJarResource(bosses_of_mass_destruction)
[14May2025 22:21:03.120] [main/DEBUG] [mixin/]: MixinPlatformAgentMinecraftForge rejected container SecureJarResource(bosses_of_mass_destruction)
[14May2025 22:21:03.120] [main/DEBUG] [mixin/]: Instancing new MixinPlatformAgentDefault for SecureJarResource(bosses_of_mass_destruction)
[14May2025 22:21:03.120] [main/DEBUG] [mixin/]: MixinPlatformAgentDefault accepted container SecureJarResource(bosses_of_mass_destruction)
[14May2025 22:21:03.120] [main/DEBUG] [mixin/]: Processing prepare() for PlatformAgent[MixinPlatformAgentDefault:SecureJarResource(bosses_of_mass_destruction)]
[14May2025 22:21:03.120] [main/DEBUG] [mixin/]: Registering mixin config: mixins.bosses_of_mass_destruction.json
[14May2025 22:21:03.122] [main/DEBUG] [mixin/]: Adding mixin platform agents for container SecureJarResource(automessage)
[14May2025 22:21:03.123] [main/DEBUG] [mixin/]: Instancing new MixinPlatformAgentMinecraftForge for SecureJarResource(automessage)
[14May2025 22:21:03.123] [main/DEBUG] [mixin/]: MixinPlatformAgentMinecraftForge rejected container SecureJarResource(automessage)
[14May2025 22:21:03.123] [main/DEBUG] [mixin/]: Instancing new MixinPlatformAgentDefault for SecureJarResource(automessage)
[14May2025 22:21:03.123] [main/DEBUG] [mixin/]: MixinPlatformAgentDefault accepted container SecureJarResource(automessage)
[14May2025 22:21:03.123] [main/DEBUG] [mixin/]: Processing prepare() for PlatformAgent[MixinPlatformAgentDefault:SecureJarResource(automessage)]
[14May2025 22:21:03.124] [main/DEBUG] [mixin/]: Registering mixin config: forge-automessage.forge.mixins.json
[14May2025 22:21:03.126] [main/DEBUG] [mixin/]: Adding mixin platform agents for container SecureJarResource(nfm)
[14May2025 22:21:03.126] [main/DEBUG] [mixin/]: Instancing new MixinPlatformAgentMinecraftForge for SecureJarResource(nfm)
[14May2025 22:21:03.127] [main/DEBUG] [mixin/]: MixinPlatformAgentMinecraftForge rejected container SecureJarResource(nfm)
[14May2025 22:21:03.127] [main/DEBUG] [mixin/]: Instancing new MixinPlatformAgentDefault for SecureJarResource(nfm)
[14May2025 22:21:03.127] [main/DEBUG] [mixin/]: MixinPlatformAgentDefault accepted container SecureJarResource(nfm)
[14May2025 22:21:03.127] [main/DEBUG] [mixin/]: Processing prepare() for PlatformAgent[MixinPlatformAgentDefault:SecureJarResource(nfm)]
[14May2025 22:21:03.127] [main/DEBUG] [mixin/]: Adding mixin platform agents for container SecureJarResource(puzzlesaccessapi)
[14May2025 22:21:03.128] [main/DEBUG] [mixin/]: Instancing new MixinPlatformAgentMinecraftForge for SecureJarResource(puzzlesaccessapi)
[14May2025 22:21:03.128] [main/DEBUG] [mixin/]: MixinPlatformAgentMinecraftForge rejected container SecureJarResource(puzzlesaccessapi)
[14May2025 22:21:03.128] [main/DEBUG] [mixin/]: Instancing new MixinPlatformAgentDefault for SecureJarResource(puzzlesaccessapi)
[14May2025 22:21:03.128] [main/DEBUG] [mixin/]: MixinPlatformAgentDefault accepted container SecureJarResource(puzzlesaccessapi)
[14May2025 22:21:03.128] [main/DEBUG] [mixin/]: Processing prepare() for PlatformAgent[MixinPlatformAgentDefault:SecureJarResource(puzzlesaccessapi)]
[14May2025 22:21:03.128] [main/DEBUG] [mixin/]: Registering mixin config: puzzlesaccessapi.common.mixins.json
[14May2025 22:21:03.130] [main/DEBUG] [mixin/]: Registering mixin config: puzzlesaccessapi.forge.mixins.json
[14May2025 22:21:03.132] [main/DEBUG] [mixin/]: Adding mixin platform agents for container SecureJarResource(forge)
[14May2025 22:21:03.133] [main/DEBUG] [mixin/]: Instancing new MixinPlatformAgentMinecraftForge for SecureJarResource(forge)
[14May2025 22:21:03.133] [main/DEBUG] [mixin/]: MixinPlatformAgentMinecraftForge rejected container SecureJarResource(forge)
[14May2025 22:21:03.133] [main/DEBUG] [mixin/]: Instancing new MixinPlatformAgentDefault for SecureJarResource(forge)
[14May2025 22:21:03.133] [main/DEBUG] [mixin/]: MixinPlatformAgentDefault accepted container SecureJarResource(forge)
[14May2025 22:21:03.133] [main/DEBUG] [mixin/]: Processing prepare() for PlatformAgent[MixinPlatformAgentDefault:SecureJarResource(forge)]
[14May2025 22:21:03.136] [main/DEBUG] [mixin/]: Adding mixin platform agents for container SecureJarResource(friendsandfoes)
[14May2025 22:21:03.136] [main/DEBUG] [mixin/]: Instancing new MixinPlatformAgentMinecraftForge for SecureJarResource(friendsandfoes)
[14May2025 22:21:03.136] [main/DEBUG] [mixin/]: MixinPlatformAgentMinecraftForge rejected container SecureJarResource(friendsandfoes)
[14May2025 22:21:03.136] [main/DEBUG] [mixin/]: Instancing new MixinPlatformAgentDefault for SecureJarResource(friendsandfoes)
[14May2025 22:21:03.136] [main/DEBUG] [mixin/]: MixinPlatformAgentDefault accepted container SecureJarResource(friendsandfoes)
[14May2025 22:21:03.138] [main/DEBUG] [mixin/]: Processing prepare() for PlatformAgent[MixinPlatformAgentDefault:SecureJarResource(friendsandfoes)]
[14May2025 22:21:03.138] [main/DEBUG] [mixin/]: Registering mixin config: friendsandfoes-common.mixins.json
[14May2025 22:21:03.141] [main/DEBUG] [mixin/]: Registering mixin config: friendsandfoes-forge.mixins.json
[14May2025 22:21:03.143] [main/DEBUG] [mixin/]: Adding mixin platform agents for container SecureJarResource(dungeons_arise)
[14May2025 22:21:03.143] [main/DEBUG] [mixin/]: Instancing new MixinPlatformAgentMinecraftForge for SecureJarResource(dungeons_arise)
[14May2025 22:21:03.143] [main/DEBUG] [mixin/]: MixinPlatformAgentMinecraftForge rejected container SecureJarResource(dungeons_arise)
[14May2025 22:21:03.143] [main/DEBUG] [mixin/]: Instancing new MixinPlatformAgentDefault for SecureJarResource(dungeons_arise)
[14May2025 22:21:03.143] [main/DEBUG] [mixin/]: MixinPlatformAgentDefault accepted container SecureJarResource(dungeons_arise)
[14May2025 22:21:03.144] [main/DEBUG] [mixin/]: Processing prepare() for PlatformAgent[MixinPlatformAgentDefault:SecureJarResource(dungeons_arise)]
[14May2025 22:21:03.144] [main/DEBUG] [mixin/]: Adding mixin platform agents for container SecureJarResource(craftingtweaks)
[14May2025 22:21:03.144] [main/DEBUG] [mixin/]: Instancing new MixinPlatformAgentMinecraftForge for SecureJarResource(craftingtweaks)
[14May2025 22:21:03.144] [main/DEBUG] [mixin/]: MixinPlatformAgentMinecraftForge rejected container SecureJarResource(craftingtweaks)
[14May2025 22:21:03.144] [main/DEBUG] [mixin/]: Instancing new MixinPlatformAgentDefault for SecureJarResource(craftingtweaks)
[14May2025 22:21:03.145] [main/DEBUG] [mixin/]: MixinPlatformAgentDefault accepted container SecureJarResource(craftingtweaks)
[14May2025 22:21:03.145] [main/DEBUG] [mixin/]: Processing prepare() for PlatformAgent[MixinPlatformAgentDefault:SecureJarResource(craftingtweaks)]
[14May2025 22:21:03.145] [main/DEBUG] [mixin/]: Registering mixin config: craftingtweaks.mixins.json
[14May2025 22:21:03.147] [main/DEBUG] [mixin/]: Adding mixin platform agents for container SecureJarResource(minecraft)
[14May2025 22:21:03.147] [main/DEBUG] [mixin/]: Instancing new MixinPlatformAgentMinecraftForge for SecureJarResource(minecraft)
[14May2025 22:21:03.147] [main/DEBUG] [mixin/]: MixinPlatformAgentMinecraftForge rejected container SecureJarResource(minecraft)
[14May2025 22:21:03.148] [main/DEBUG] [mixin/]: Instancing new MixinPlatformAgentDefault for SecureJarResource(minecraft)
[14May2025 22:21:03.148] [main/DEBUG] [mixin/]: MixinPlatformAgentDefault accepted container SecureJarResource(minecraft)
[14May2025 22:21:03.148] [main/DEBUG] [mixin/]: Processing prepare() for PlatformAgent[MixinPlatformAgentDefault:SecureJarResource(minecraft)]
[14May2025 22:21:03.148] [main/DEBUG] [mixin/]: Adding mixin platform agents for container SecureJarResource(born_in_chaos_v1)
[14May2025 22:21:03.148] [main/DEBUG] [mixin/]: Instancing new MixinPlatformAgentMinecraftForge for SecureJarResource(born_in_chaos_v1)
[14May2025 22:21:03.149] [main/DEBUG] [mixin/]: MixinPlatformAgentMinecraftForge rejected container SecureJarResource(born_in_chaos_v1)
[14May2025 22:21:03.149] [main/DEBUG] [mixin/]: Instancing new MixinPlatformAgentDefault for SecureJarResource(born_in_chaos_v1)
[14May2025 22:21:03.149] [main/DEBUG] [mixin/]: MixinPlatformAgentDefault accepted container SecureJarResource(born_in_chaos_v1)
[14May2025 22:21:03.149] [main/DEBUG] [mixin/]: Processing prepare() for PlatformAgent[MixinPlatformAgentDefault:SecureJarResource(born_in_chaos_v1)]
[14May2025 22:21:03.149] [main/DEBUG] [mixin/]: Adding mixin platform agents for container SecureJarResource(smoothchunk)
[14May2025 22:21:03.149] [main/DEBUG] [mixin/]: Instancing new MixinPlatformAgentMinecraftForge for SecureJarResource(smoothchunk)
[14May2025 22:21:03.150] [main/DEBUG] [mixin/]: MixinPlatformAgentMinecraftForge rejected container SecureJarResource(smoothchunk)
[14May2025 22:21:03.150] [main/DEBUG] [mixin/]: Instancing new MixinPlatformAgentDefault for SecureJarResource(smoothchunk)
[14May2025 22:21:03.150] [main/DEBUG] [mixin/]: MixinPlatformAgentDefault accepted container SecureJarResource(smoothchunk)
[14May2025 22:21:03.150] [main/DEBUG] [mixin/]: Processing prepare() for PlatformAgent[MixinPlatformAgentDefault:SecureJarResource(smoothchunk)]
[14May2025 22:21:03.150] [main/DEBUG] [mixin/]: Registering mixin config: smoothchunk.mixins.json
[14May2025 22:21:03.152] [main/DEBUG] [mixin/]: Adding mixin platform agents for container SecureJarResource(alexscaves)
[14May2025 22:21:03.153] [main/DEBUG] [mixin/]: Instancing new MixinPlatformAgentMinecraftForge for SecureJarResource(alexscaves)
[14May2025 22:21:03.153] [main/DEBUG] [mixin/]: MixinPlatformAgentMinecraftForge rejected container SecureJarResource(alexscaves)
[14May2025 22:21:03.153] [main/DEBUG] [mixin/]: Instancing new MixinPlatformAgentDefault for SecureJarResource(alexscaves)
[14May2025 22:21:03.153] [main/DEBUG] [mixin/]: MixinPlatformAgentDefault accepted container SecureJarResource(alexscaves)
[14May2025 22:21:03.153] [main/DEBUG] [mixin/]: Processing prepare() for PlatformAgent[MixinPlatformAgentDefault:SecureJarResource(alexscaves)]
[14May2025 22:21:03.154] [main/DEBUG] [mixin/]: Registering mixin config: citadel.mixins.json
[14May2025 22:21:03.154] [main/DEBUG] [mixin/]: Registering mixin config: alexscaves.mixins.json
[14May2025 22:21:03.156] [main/DEBUG] [mixin/]: Adding mixin platform agents for container SecureJarResource(voicechat)
[14May2025 22:21:03.156] [main/DEBUG] [mixin/]: Instancing new MixinPlatformAgentMinecraftForge for SecureJarResource(voicechat)
[14May2025 22:21:03.156] [main/DEBUG] [mixin/]: MixinPlatformAgentMinecraftForge rejected container SecureJarResource(voicechat)
[14May2025 22:21:03.157] [main/DEBUG] [mixin/]: Instancing new MixinPlatformAgentDefault for SecureJarResource(voicechat)
[14May2025 22:21:03.157] [main/DEBUG] [mixin/]: MixinPlatformAgentDefault accepted container SecureJarResource(voicechat)
[14May2025 22:21:03.157] [main/DEBUG] [mixin/]: Processing prepare() for PlatformAgent[MixinPlatformAgentDefault:SecureJarResource(voicechat)]
[14May2025 22:21:03.157] [main/DEBUG] [mixin/]: Adding mixin platform agents for container SecureJarResource(moonlight)
[14May2025 22:21:03.157] [main/DEBUG] [mixin/]: Instancing new MixinPlatformAgentMinecraftForge for SecureJarResource(moonlight)
[14May2025 22:21:03.157] [main/DEBUG] [mixin/]: MixinPlatformAgentMinecraftForge rejected container SecureJarResource(moonlight)
[14May2025 22:21:03.157] [main/DEBUG] [mixin/]: Instancing new MixinPlatformAgentDefault for SecureJarResource(moonlight)
[14May2025 22:21:03.157] [main/DEBUG] [mixin/]: MixinPlatformAgentDefault accepted container SecureJarResource(moonlight)
[14May2025 22:21:03.157] [main/DEBUG] [mixin/]: Processing prepare() for PlatformAgent[MixinPlatformAgentDefault:SecureJarResource(moonlight)]
[14May2025 22:21:03.158] [main/DEBUG] [mixin/]: Registering mixin config: moonlight-common.mixins.json
[14May2025 22:21:03.160] [main/DEBUG] [mixin/]: Registering mixin config: moonlight.mixins.json
[14May2025 22:21:03.162] [main/DEBUG] [mixin/]: Adding mixin platform agents for container SecureJarResource(fabric_api_base)
[14May2025 22:21:03.162] [main/DEBUG] [mixin/]: Instancing new MixinPlatformAgentMinecraftForge for SecureJarResource(fabric_api_base)
[14May2025 22:21:03.162] [main/DEBUG] [mixin/]: MixinPlatformAgentMinecraftForge rejected container SecureJarResource(fabric_api_base)
[14May2025 22:21:03.162] [main/DEBUG] [mixin/]: Instancing new MixinPlatformAgentDefault for SecureJarResource(fabric_api_base)
[14May2025 22:21:03.162] [main/DEBUG] [mixin/]: MixinPlatformAgentDefault accepted container SecureJarResource(fabric_api_base)
[14May2025 22:21:03.163] [main/DEBUG] [mixin/]: Processing prepare() for PlatformAgent[MixinPlatformAgentDefault:SecureJarResource(fabric_api_base)]
[14May2025 22:21:03.163] [main/DEBUG] [mixin/]: Registering mixin config: fabric-api-base.init.mixins.json
[14May2025 22:21:03.165] [main/DEBUG] [mixin/]: Adding mixin platform agents for container SecureJarResource(mousetweaks)
[14May2025 22:21:03.165] [main/DEBUG] [mixin/]: Instancing new MixinPlatformAgentMinecraftForge for SecureJarResource(mousetweaks)
[14May2025 22:21:03.165] [main/DEBUG] [mixin/]: MixinPlatformAgentMinecraftForge rejected container SecureJarResource(mousetweaks)
[14May2025 22:21:03.165] [main/DEBUG] [mixin/]: Instancing new MixinPlatformAgentDefault for SecureJarResource(mousetweaks)
[14May2025 22:21:03.165] [main/DEBUG] [mixin/]: MixinPlatformAgentDefault accepted container SecureJarResource(mousetweaks)
[14May2025 22:21:03.165] [main/DEBUG] [mixin/]: Processing prepare() for PlatformAgent[MixinPlatformAgentDefault:SecureJarResource(mousetweaks)]
[14May2025 22:21:03.165] [main/DEBUG] [mixin/]: Registering mixin config: mousetweaks.mixins.json
[14May2025 22:21:03.167] [main/DEBUG] [mixin/]: Adding mixin platform agents for container SecureJarResource(forgeconfigscreens)
[14May2025 22:21:03.167] [main/DEBUG] [mixin/]: Instancing new MixinPlatformAgentMinecraftForge for SecureJarResource(forgeconfigscreens)
[14May2025 22:21:03.167] [main/DEBUG] [mixin/]: MixinPlatformAgentMinecraftForge rejected container SecureJarResource(forgeconfigscreens)
[14May2025 22:21:03.167] [main/DEBUG] [mixin/]: Instancing new MixinPlatformAgentDefault for SecureJarResource(forgeconfigscreens)
[14May2025 22:21:03.167] [main/DEBUG] [mixin/]: MixinPlatformAgentDefault accepted container SecureJarResource(forgeconfigscreens)
[14May2025 22:21:03.167] [main/DEBUG] [mixin/]: Processing prepare() for PlatformAgent[MixinPlatformAgentDefault:SecureJarResource(forgeconfigscreens)]
[14May2025 22:21:03.168] [main/DEBUG] [mixin/]: Adding mixin platform agents for container SecureJarResource(bettercombat)
[14May2025 22:21:03.168] [main/DEBUG] [mixin/]: Instancing new MixinPlatformAgentMinecraftForge for SecureJarResource(bettercombat)
[14May2025 22:21:03.168] [main/DEBUG] [mixin/]: MixinPlatformAgentMinecraftForge rejected container SecureJarResource(bettercombat)
[14May2025 22:21:03.168] [main/DEBUG] [mixin/]: Instancing new MixinPlatformAgentDefault for SecureJarResource(bettercombat)
[14May2025 22:21:03.168] [main/DEBUG] [mixin/]: MixinPlatformAgentDefault accepted container SecureJarResource(bettercombat)
[14May2025 22:21:03.168] [main/DEBUG] [mixin/]: Processing prepare() for PlatformAgent[MixinPlatformAgentDefault:SecureJarResource(bettercombat)]
[14May2025 22:21:03.168] [main/DEBUG] [mixin/]: Registering mixin config: bettercombat.mixins.json
[14May2025 22:21:03.170] [main/DEBUG] [mixin/]: Adding mixin platform agents for container SecureJarResource(necronomicon)
[14May2025 22:21:03.170] [main/DEBUG] [mixin/]: Instancing new MixinPlatformAgentMinecraftForge for SecureJarResource(necronomicon)
[14May2025 22:21:03.170] [main/DEBUG] [mixin/]: MixinPlatformAgentMinecraftForge rejected container SecureJarResource(necronomicon)
[14May2025 22:21:03.170] [main/DEBUG] [mixin/]: Instancing new MixinPlatformAgentDefault for SecureJarResource(necronomicon)
[14May2025 22:21:03.170] [main/DEBUG] [mixin/]: MixinPlatformAgentDefault accepted container SecureJarResource(necronomicon)
[14May2025 22:21:03.170] [main/DEBUG] [mixin/]: Processing prepare() for PlatformAgent[MixinPlatformAgentDefault:SecureJarResource(necronomicon)]
[14May2025 22:21:03.170] [main/DEBUG] [mixin/]: Registering mixin config: necronomicon-common.mixins.json
[14May2025 22:21:03.172] [main/DEBUG] [mixin/]: Adding mixin platform agents for container SecureJarResource(mixinsquared)
[14May2025 22:21:03.172] [main/DEBUG] [mixin/]: Instancing new MixinPlatformAgentMinecraftForge for SecureJarResource(mixinsquared)
[14May2025 22:21:03.172] [main/DEBUG] [mixin/]: MixinPlatformAgentMinecraftForge rejected container SecureJarResource(mixinsquared)
[14May2025 22:21:03.173] [main/DEBUG] [mixin/]: Instancing new MixinPlatformAgentDefault for SecureJarResource(mixinsquared)
[14May2025 22:21:03.173] [main/DEBUG] [mixin/]: MixinPlatformAgentDefault accepted container SecureJarResource(mixinsquared)
[14May2025 22:21:03.173] [main/DEBUG] [mixin/]: Processing prepare() for PlatformAgent[MixinPlatformAgentDefault:SecureJarResource(mixinsquared)]
[14May2025 22:21:03.173] [main/DEBUG] [mixin/]: Registering mixin config: mixinsquared.init.mixins.json
[14May2025 22:21:03.175] [main/DEBUG] [mixin/]: Adding mixin platform agents for container SecureJarResource(nochatreports)
[14May2025 22:21:03.175] [main/DEBUG] [mixin/]: Instancing new MixinPlatformAgentMinecraftForge for SecureJarResource(nochatreports)
[14May2025 22:21:03.175] [main/DEBUG] [mixin/]: MixinPlatformAgentMinecraftForge rejected container SecureJarResource(nochatreports)
[14May2025 22:21:03.175] [main/DEBUG] [mixin/]: Instancing new MixinPlatformAgentDefault for SecureJarResource(nochatreports)
[14May2025 22:21:03.175] [main/DEBUG] [mixin/]: MixinPlatformAgentDefault accepted container SecureJarResource(nochatreports)
[14May2025 22:21:03.175] [main/DEBUG] [mixin/]: Processing prepare() for PlatformAgent[MixinPlatformAgentDefault:SecureJarResource(nochatreports)]
[14May2025 22:21:03.175] [main/DEBUG] [mixin/]: Registering mixin config: mixins/common/nochatreports.mixins.json
[14May2025 22:21:03.178] [main/DEBUG] [mixin/]: Registering mixin config: mixins/forge/nochatreports-forge.mixins.json
[14May2025 22:21:03.182] [main/DEBUG] [mixin/]: Adding mixin platform agents for container SecureJarResource(jade)
[14May2025 22:21:03.182] [main/DEBUG] [mixin/]: Instancing new MixinPlatformAgentMinecraftForge for SecureJarResource(jade)
[14May2025 22:21:03.182] [main/DEBUG] [mixin/]: MixinPlatformAgentMinecraftForge rejected container SecureJarResource(jade)
[14May2025 22:21:03.182] [main/DEBUG] [mixin/]: Instancing new MixinPlatformAgentDefault for SecureJarResource(jade)
[14May2025 22:21:03.182] [main/DEBUG] [mixin/]: MixinPlatformAgentDefault accepted container SecureJarResource(jade)
[14May2025 22:21:03.182] [main/DEBUG] [mixin/]: Processing prepare() for PlatformAgent[MixinPlatformAgentDefault:SecureJarResource(jade)]
[14May2025 22:21:03.182] [main/DEBUG] [mixin/]: Registering mixin config: jade.mixins.json
[14May2025 22:21:03.187] [main/DEBUG] [mixin/]: Compatibility level JAVA_16 specified by jade.mixins.json is higher than the maximum level supported by this version of mixin (JAVA_13).
[14May2025 22:21:03.188] [main/DEBUG] [mixin/]: Adding mixin platform agents for container SecureJarResource(creativecore)
[14May2025 22:21:03.188] [main/DEBUG] [mixin/]: Instancing new MixinPlatformAgentMinecraftForge for SecureJarResource(creativecore)
[14May2025 22:21:03.188] [main/DEBUG] [mixin/]: MixinPlatformAgentMinecraftForge rejected container SecureJarResource(creativecore)
[14May2025 22:21:03.188] [main/DEBUG] [mixin/]: Instancing new MixinPlatformAgentDefault for SecureJarResource(creativecore)
[14May2025 22:21:03.188] [main/DEBUG] [mixin/]: MixinPlatformAgentDefault accepted container SecureJarResource(creativecore)
[14May2025 22:21:03.188] [main/DEBUG] [mixin/]: Processing prepare() for PlatformAgent[MixinPlatformAgentDefault:SecureJarResource(creativecore)]
[14May2025 22:21:03.188] [main/DEBUG] [mixin/]: Registering mixin config: creativecore.mixins.json
[14May2025 22:21:03.190] [main/DEBUG] [mixin/]: Registering mixin config: creativecore.forge.mixins.json
[14May2025 22:21:03.192] [main/DEBUG] [mixin/]: Adding mixin platform agents for container SecureJarResource(watching)
[14May2025 22:21:03.192] [main/DEBUG] [mixin/]: Instancing new MixinPlatformAgentMinecraftForge for SecureJarResource(watching)
[14May2025 22:21:03.192] [main/DEBUG] [mixin/]: MixinPlatformAgentMinecraftForge rejected container SecureJarResource(watching)
[14May2025 22:21:03.192] [main/DEBUG] [mixin/]: Instancing new MixinPlatformAgentDefault for SecureJarResource(watching)
[14May2025 22:21:03.192] [main/DEBUG] [mixin/]: MixinPlatformAgentDefault accepted container SecureJarResource(watching)
[14May2025 22:21:03.192] [main/DEBUG] [mixin/]: Processing prepare() for PlatformAgent[MixinPlatformAgentDefault:SecureJarResource(watching)]
[14May2025 22:21:03.192] [main/DEBUG] [mixin/]: Adding mixin platform agents for container SecureJarResource(alltheleaks)
[14May2025 22:21:03.192] [main/DEBUG] [mixin/]: Instancing new MixinPlatformAgentMinecraftForge for SecureJarResource(alltheleaks)
[14May2025 22:21:03.192] [main/DEBUG] [mixin/]: MixinPlatformAgentMinecraftForge rejected container SecureJarResource(alltheleaks)
[14May2025 22:21:03.193] [main/DEBUG] [mixin/]: Instancing new MixinPlatformAgentDefault for SecureJarResource(alltheleaks)
[14May2025 22:21:03.193] [main/DEBUG] [mixin/]: MixinPlatformAgentDefault accepted container SecureJarResource(alltheleaks)
[14May2025 22:21:03.193] [main/DEBUG] [mixin/]: Processing prepare() for PlatformAgent[MixinPlatformAgentDefault:SecureJarResource(alltheleaks)]
[14May2025 22:21:03.193] [main/DEBUG] [mixin/]: Registering mixin config: alltheleaks.mixins.json
[14May2025 22:21:03.195] [main/DEBUG] [mixin/]: Adding mixin platform agents for container SecureJarResource(spectrelib)
[14May2025 22:21:03.195] [main/DEBUG] [mixin/]: Instancing new MixinPlatformAgentMinecraftForge for SecureJarResource(spectrelib)
[14May2025 22:21:03.195] [main/DEBUG] [mixin/]: MixinPlatformAgentMinecraftForge rejected container SecureJarResource(spectrelib)
[14May2025 22:21:03.196] [main/DEBUG] [mixin/]: Instancing new MixinPlatformAgentDefault for SecureJarResource(spectrelib)
[14May2025 22:21:03.196] [main/DEBUG] [mixin/]: MixinPlatformAgentDefault accepted container SecureJarResource(spectrelib)
[14May2025 22:21:03.196] [main/DEBUG] [mixin/]: Processing prepare() for PlatformAgent[MixinPlatformAgentDefault:SecureJarResource(spectrelib)]
[14May2025 22:21:03.196] [main/DEBUG] [mixin/]: Adding mixin platform agents for container SecureJarResource(nethersdelight)
[14May2025 22:21:03.196] [main/DEBUG] [mixin/]: Instancing new MixinPlatformAgentMinecraftForge for SecureJarResource(nethersdelight)
[14May2025 22:21:03.196] [main/DEBUG] [mixin/]: MixinPlatformAgentMinecraftForge rejected container SecureJarResource(nethersdelight)
[14May2025 22:21:03.196] [main/DEBUG] [mixin/]: Instancing new MixinPlatformAgentDefault for SecureJarResource(nethersdelight)
[14May2025 22:21:03.196] [main/DEBUG] [mixin/]: MixinPlatformAgentDefault accepted container SecureJarResource(nethersdelight)
[14May2025 22:21:03.196] [main/DEBUG] [mixin/]: Processing prepare() for PlatformAgent[MixinPlatformAgentDefault:SecureJarResource(nethersdelight)]
[14May2025 22:21:03.196] [main/DEBUG] [mixin/]: Registering mixin config: nethersdelight.mixins.json
[14May2025 22:21:03.198] [main/DEBUG] [mixin/]: Adding mixin platform agents for container SecureJarResource(ribbits)
[14May2025 22:21:03.198] [main/DEBUG] [mixin/]: Instancing new MixinPlatformAgentMinecraftForge for SecureJarResource(ribbits)
[14May2025 22:21:03.198] [main/DEBUG] [mixin/]: MixinPlatformAgentMinecraftForge rejected container SecureJarResource(ribbits)
[14May2025 22:21:03.199] [main/DEBUG] [mixin/]: Instancing new MixinPlatformAgentDefault for SecureJarResource(ribbits)
[14May2025 22:21:03.199] [main/DEBUG] [mixin/]: MixinPlatformAgentDefault accepted container SecureJarResource(ribbits)
[14May2025 22:21:03.199] [main/DEBUG] [mixin/]: Processing prepare() for PlatformAgent[MixinPlatformAgentDefault:SecureJarResource(ribbits)]
[14May2025 22:21:03.199] [main/DEBUG] [mixin/]: Registering mixin config: ribbits.mixins.json
[14May2025 22:21:03.201] [main/DEBUG] [mixin/]: Registering mixin config: ribbits_forge.mixins.json
[14May2025 22:21:03.203] [main/DEBUG] [mixin/]: Adding mixin platform agents for container SecureJarResource(xaerominimap)
[14May2025 22:21:03.204] [main/DEBUG] [mixin/]: Instancing new MixinPlatformAgentMinecraftForge for SecureJarResource(xaerominimap)
[14May2025 22:21:03.204] [main/DEBUG] [mixin/]: MixinPlatformAgentMinecraftForge rejected container SecureJarResource(xaerominimap)
[14May2025 22:21:03.204] [main/DEBUG] [mixin/]: Instancing new MixinPlatformAgentDefault for SecureJarResource(xaerominimap)
[14May2025 22:21:03.204] [main/DEBUG] [mixin/]: MixinPlatformAgentDefault accepted container SecureJarResource(xaerominimap)
[14May2025 22:21:03.204] [main/DEBUG] [mixin/]: Processing prepare() for PlatformAgent[MixinPlatformAgentDefault:SecureJarResource(xaerominimap)]
[14May2025 22:21:03.204] [main/DEBUG] [mixin/]: Adding mixin platform agents for container SecureJarResource(gravestone)
[14May2025 22:21:03.204] [main/DEBUG] [mixin/]: Instancing new MixinPlatformAgentMinecraftForge for SecureJarResource(gravestone)
[14May2025 22:21:03.205] [main/DEBUG] [mixin/]: MixinPlatformAgentMinecraftForge rejected container SecureJarResource(gravestone)
[14May2025 22:21:03.205] [main/DEBUG] [mixin/]: Instancing new MixinPlatformAgentDefault for SecureJarResource(gravestone)
[14May2025 22:21:03.205] [main/DEBUG] [mixin/]: MixinPlatformAgentDefault accepted container SecureJarResource(gravestone)
[14May2025 22:21:03.205] [main/DEBUG] [mixin/]: Processing prepare() for PlatformAgent[MixinPlatformAgentDefault:SecureJarResource(gravestone)]
[14May2025 22:21:03.205] [main/DEBUG] [mixin/]: Adding mixin platform agents for container SecureJarResource(legendary_monsters)
[14May2025 22:21:03.205] [main/DEBUG] [mixin/]: Instancing new MixinPlatformAgentMinecraftForge for SecureJarResource(legendary_monsters)
[14May2025 22:21:03.206] [main/DEBUG] [mixin/]: MixinPlatformAgentMinecraftForge rejected container SecureJarResource(legendary_monsters)
[14May2025 22:21:03.206] [main/DEBUG] [mixin/]: Instancing new MixinPlatformAgentDefault for SecureJarResource(legendary_monsters)
[14May2025 22:21:03.206] [main/DEBUG] [mixin/]: MixinPlatformAgentDefault accepted container SecureJarResource(legendary_monsters)
[14May2025 22:21:03.206] [main/DEBUG] [mixin/]: Processing prepare() for PlatformAgent[MixinPlatformAgentDefault:SecureJarResource(legendary_monsters)]
[14May2025 22:21:03.206] [main/DEBUG] [mixin/]: Registering mixin config: legendary_monsters.mixins.json
[14May2025 22:21:03.208] [main/DEBUG] [mixin/]: Adding mixin platform agents for container SecureJarResource(irons_spellbooks)
[14May2025 22:21:03.208] [main/DEBUG] [mixin/]: Instancing new MixinPlatformAgentMinecraftForge for SecureJarResource(irons_spellbooks)
[14May2025 22:21:03.209] [main/DEBUG] [mixin/]: MixinPlatformAgentMinecraftForge rejected container SecureJarResource(irons_spellbooks)
[14May2025 22:21:03.209] [main/DEBUG] [mixin/]: Instancing new MixinPlatformAgentDefault for SecureJarResource(irons_spellbooks)
[14May2025 22:21:03.209] [main/DEBUG] [mixin/]: MixinPlatformAgentDefault accepted container SecureJarResource(irons_spellbooks)
[14May2025 22:21:03.209] [main/DEBUG] [mixin/]: Processing prepare() for PlatformAgent[MixinPlatformAgentDefault:SecureJarResource(irons_spellbooks)]
[14May2025 22:21:03.209] [main/DEBUG] [mixin/]: Registering mixin config: mixins.irons_spellbooks.json
[14May2025 22:21:03.211] [main/DEBUG] [mixin/]: Adding mixin platform agents for container SecureJarResource(entityculling)
[14May2025 22:21:03.212] [main/DEBUG] [mixin/]: Instancing new MixinPlatformAgentMinecraftForge for SecureJarResource(entityculling)
[14May2025 22:21:03.212] [main/DEBUG] [mixin/]: MixinPlatformAgentMinecraftForge rejected container SecureJarResource(entityculling)
[14May2025 22:21:03.212] [main/DEBUG] [mixin/]: Instancing new MixinPlatformAgentDefault for SecureJarResource(entityculling)
[14May2025 22:21:03.212] [main/DEBUG] [mixin/]: MixinPlatformAgentDefault accepted container SecureJarResource(entityculling)
[14May2025 22:21:03.212] [main/DEBUG] [mixin/]: Processing prepare() for PlatformAgent[MixinPlatformAgentDefault:SecureJarResource(entityculling)]
[14May2025 22:21:03.213] [main/DEBUG] [mixin/]: Registering mixin config: entityculling.mixins.json
[14May2025 22:21:03.215] [main/DEBUG] [mixin/]: Compatibility level JAVA_16 specified by entityculling.mixins.json is higher than the maximum level supported by this version of mixin (JAVA_13).
[14May2025 22:21:03.215] [main/DEBUG] [mixin/]: Adding mixin platform agents for container SecureJarResource(crittersandcompanions)
[14May2025 22:21:03.215] [main/DEBUG] [mixin/]: Instancing new MixinPlatformAgentMinecraftForge for SecureJarResource(crittersandcompanions)
[14May2025 22:21:03.215] [main/DEBUG] [mixin/]: MixinPlatformAgentMinecraftForge rejected container SecureJarResource(crittersandcompanions)
[14May2025 22:21:03.216] [main/DEBUG] [mixin/]: Instancing new MixinPlatformAgentDefault for SecureJarResource(crittersandcompanions)
[14May2025 22:21:03.216] [main/DEBUG] [mixin/]: MixinPlatformAgentDefault accepted container SecureJarResource(crittersandcompanions)
[14May2025 22:21:03.216] [main/DEBUG] [mixin/]: Processing prepare() for PlatformAgent[MixinPlatformAgentDefault:SecureJarResource(crittersandcompanions)]
[14May2025 22:21:03.216] [main/DEBUG] [mixin/]: Registering mixin config: crittersandcompanions.mixins.json
[14May2025 22:21:03.219] [main/DEBUG] [mixin/]: Adding mixin platform agents for container SecureJarResource(backpacked)
[14May2025 22:21:03.219] [main/DEBUG] [mixin/]: Instancing new MixinPlatformAgentMinecraftForge for SecureJarResource(backpacked)
[14May2025 22:21:03.219] [main/DEBUG] [mixin/]: MixinPlatformAgentMinecraftForge rejected container SecureJarResource(backpacked)
[14May2025 22:21:03.219] [main/DEBUG] [mixin/]: Instancing new MixinPlatformAgentDefault for SecureJarResource(backpacked)
[14May2025 22:21:03.220] [main/DEBUG] [mixin/]: MixinPlatformAgentDefault accepted container SecureJarResource(backpacked)
[14May2025 22:21:03.220] [main/DEBUG] [mixin/]: Processing prepare() for PlatformAgent[MixinPlatformAgentDefault:SecureJarResource(backpacked)]
[14May2025 22:21:03.220] [main/DEBUG] [mixin/]: Registering mixin config: backpacked.forge.mixins.json
[14May2025 22:21:03.227] [main/DEBUG] [mixin/]: Registering mixin config: backpacked.common.mixins.json
[14May2025 22:21:03.229] [main/DEBUG] [mixin/]: Adding mixin platform agents for container SecureJarResource(fancymenu)
[14May2025 22:21:03.229] [main/DEBUG] [mixin/]: Instancing new MixinPlatformAgentMinecraftForge for SecureJarResource(fancymenu)
[14May2025 22:21:03.229] [main/DEBUG] [mixin/]: MixinPlatformAgentMinecraftForge rejected container SecureJarResource(fancymenu)
[14May2025 22:21:03.230] [main/DEBUG] [mixin/]: Instancing new MixinPlatformAgentDefault for SecureJarResource(fancymenu)
[14May2025 22:21:03.230] [main/DEBUG] [mixin/]: MixinPlatformAgentDefault accepted container SecureJarResource(fancymenu)
[14May2025 22:21:03.230] [main/DEBUG] [mixin/]: Processing prepare() for PlatformAgent[MixinPlatformAgentDefault:SecureJarResource(fancymenu)]
[14May2025 22:21:03.230] [main/DEBUG] [mixin/]: Registering mixin config: fancymenu.mixins.json
[14May2025 22:21:03.232] [main/DEBUG] [mixin/]: Registering mixin config: fancymenu.forge.mixins.json
[14May2025 22:21:03.234] [main/DEBUG] [mixin/]: Adding mixin platform agents for container SecureJarResource(immediatelyfast)
[14May2025 22:21:03.235] [main/DEBUG] [mixin/]: Instancing new MixinPlatformAgentMinecraftForge for SecureJarResource(immediatelyfast)
[14May2025 22:21:03.235] [main/DEBUG] [mixin/]: MixinPlatformAgentMinecraftForge rejected container SecureJarResource(immediatelyfast)
[14May2025 22:21:03.235] [main/DEBUG] [mixin/]: Instancing new MixinPlatformAgentDefault for SecureJarResource(immediatelyfast)
[14May2025 22:21:03.235] [main/DEBUG] [mixin/]: MixinPlatformAgentDefault accepted container SecureJarResource(immediatelyfast)
[14May2025 22:21:03.235] [main/DEBUG] [mixin/]: Processing prepare() for PlatformAgent[MixinPlatformAgentDefault:SecureJarResource(immediatelyfast)]
[14May2025 22:21:03.236] [main/DEBUG] [mixin/]: Registering mixin config: immediatelyfast-forge.mixins.json
[14May2025 22:21:03.238] [main/DEBUG] [mixin/]: Registering mixin config: immediatelyfast-common.mixins.json
[14May2025 22:21:03.240] [main/DEBUG] [mixin/]: Adding mixin platform agents for container SecureJarResource(bettertridents)
[14May2025 22:21:03.240] [main/DEBUG] [mixin/]: Instancing new MixinPlatformAgentMinecraftForge for SecureJarResource(bettertridents)
[14May2025 22:21:03.240] [main/DEBUG] [mixin/]: MixinPlatformAgentMinecraftForge rejected container SecureJarResource(bettertridents)
[14May2025 22:21:03.241] [main/DEBUG] [mixin/]: Instancing new MixinPlatformAgentDefault for SecureJarResource(bettertridents)
[14May2025 22:21:03.241] [main/DEBUG] [mixin/]: MixinPlatformAgentDefault accepted container SecureJarResource(bettertridents)
[14May2025 22:21:03.241] [main/DEBUG] [mixin/]: Processing prepare() for PlatformAgent[MixinPlatformAgentDefault:SecureJarResource(bettertridents)]
[14May2025 22:21:03.241] [main/DEBUG] [mixin/]: Registering mixin config: bettertridents.common.mixins.json
[14May2025 22:21:03.245] [main/DEBUG] [mixin/]: Adding mixin platform agents for container SecureJarResource(creeperoverhaul)
[14May2025 22:21:03.245] [main/DEBUG] [mixin/]: Instancing new MixinPlatformAgentMinecraftForge for SecureJarResource(creeperoverhaul)
[14May2025 22:21:03.246] [main/DEBUG] [mixin/]: MixinPlatformAgentMinecraftForge rejected container SecureJarResource(creeperoverhaul)
[14May2025 22:21:03.246] [main/DEBUG] [mixin/]: Instancing new MixinPlatformAgentDefault for SecureJarResource(creeperoverhaul)
[14May2025 22:21:03.246] [main/DEBUG] [mixin/]: MixinPlatformAgentDefault accepted container SecureJarResource(creeperoverhaul)
[14May2025 22:21:03.246] [main/DEBUG] [mixin/]: Processing prepare() for PlatformAgent[MixinPlatformAgentDefault:SecureJarResource(creeperoverhaul)]
[14May2025 22:21:03.246] [main/DEBUG] [mixin/]: Registering mixin config: creeperoverhaul-common.mixins.json
[14May2025 22:21:03.248] [main/DEBUG] [mixin/]: Adding mixin platform agents for container SecureJarResource(automobility)
[14May2025 22:21:03.249] [main/DEBUG] [mixin/]: Instancing new MixinPlatformAgentMinecraftForge for SecureJarResource(automobility)
[14May2025 22:21:03.249] [main/DEBUG] [mixin/]: MixinPlatformAgentMinecraftForge rejected container SecureJarResource(automobility)
[14May2025 22:21:03.249] [main/DEBUG] [mixin/]: Instancing new MixinPlatformAgentDefault for SecureJarResource(automobility)
[14May2025 22:21:03.249] [main/DEBUG] [mixin/]: MixinPlatformAgentDefault accepted container SecureJarResource(automobility)
[14May2025 22:21:03.249] [main/DEBUG] [mixin/]: Processing prepare() for PlatformAgent[MixinPlatformAgentDefault:SecureJarResource(automobility)]
[14May2025 22:21:03.249] [main/DEBUG] [mixin/]: Registering mixin config: automobility.mixins.json
[14May2025 22:21:03.251] [main/DEBUG] [mixin/]: Registering mixin config: automobility_forge.mixins.json
[14May2025 22:21:03.254] [main/DEBUG] [mixin/]: Adding mixin platform agents for container SecureJarResource(ferritecore)
[14May2025 22:21:03.255] [main/DEBUG] [mixin/]: Instancing new MixinPlatformAgentMinecraftForge for SecureJarResource(ferritecore)
[14May2025 22:21:03.255] [main/DEBUG] [mixin/]: MixinPlatformAgentMinecraftForge rejected container SecureJarResource(ferritecore)
[14May2025 22:21:03.256] [main/DEBUG] [mixin/]: Instancing new MixinPlatformAgentDefault for SecureJarResource(ferritecore)
[14May2025 22:21:03.256] [main/DEBUG] [mixin/]: MixinPlatformAgentDefault accepted container SecureJarResource(ferritecore)
[14May2025 22:21:03.257] [main/DEBUG] [mixin/]: Processing prepare() for PlatformAgent[MixinPlatformAgentDefault:SecureJarResource(ferritecore)]
[14May2025 22:21:03.260] [main/DEBUG] [mixin/]: Registering mixin config: ferritecore.predicates.mixin.json
[14May2025 22:21:03.265] [main/DEBUG] [mixin/]: Registering mixin config: ferritecore.fastmap.mixin.json
[14May2025 22:21:03.270] [main/DEBUG] [mixin/]: Registering mixin config: ferritecore.mrl.mixin.json
[14May2025 22:21:03.273] [main/DEBUG] [mixin/]: Registering mixin config: ferritecore.dedupmultipart.mixin.json
[14May2025 22:21:03.275] [main/DEBUG] [mixin/]: Registering mixin config: ferritecore.blockstatecache.mixin.json
[14May2025 22:21:03.278] [main/DEBUG] [mixin/]: Registering mixin config: ferritecore.dedupbakedquad.mixin.json
[14May2025 22:21:03.280] [main/DEBUG] [mixin/]: Registering mixin config: ferritecore.threaddetec.mixin.json
[14May2025 22:21:03.282] [main/DEBUG] [mixin/]: Registering mixin config: ferritecore.modelsides.mixin.json
[14May2025 22:21:03.284] [main/DEBUG] [mixin/]: Adding mixin platform agents for container SecureJarResource(visuality)
[14May2025 22:21:03.284] [main/DEBUG] [mixin/]: Instancing new MixinPlatformAgentMinecraftForge for SecureJarResource(visuality)
[14May2025 22:21:03.285] [main/DEBUG] [mixin/]: MixinPlatformAgentMinecraftForge rejected container SecureJarResource(visuality)
[14May2025 22:21:03.285] [main/DEBUG] [mixin/]: Instancing new MixinPlatformAgentDefault for SecureJarResource(visuality)
[14May2025 22:21:03.285] [main/DEBUG] [mixin/]: MixinPlatformAgentDefault accepted container SecureJarResource(visuality)
[14May2025 22:21:03.285] [main/DEBUG] [mixin/]: Processing prepare() for PlatformAgent[MixinPlatformAgentDefault:SecureJarResource(visuality)]
[14May2025 22:21:03.285] [main/DEBUG] [mixin/]: Registering mixin config: visuality.mixins.json
[14May2025 22:21:03.287] [main/DEBUG] [mixin/]: Adding mixin platform agents for container SecureJarResource(puzzleslib)
[14May2025 22:21:03.287] [main/DEBUG] [mixin/]: Instancing new MixinPlatformAgentMinecraftForge for SecureJarResource(puzzleslib)
[14May2025 22:21:03.287] [main/DEBUG] [mixin/]: MixinPlatformAgentMinecraftForge rejected container SecureJarResource(puzzleslib)
[14May2025 22:21:03.288] [main/DEBUG] [mixin/]: Instancing new MixinPlatformAgentDefault for SecureJarResource(puzzleslib)
[14May2025 22:21:03.288] [main/DEBUG] [mixin/]: MixinPlatformAgentDefault accepted container SecureJarResource(puzzleslib)
[14May2025 22:21:03.288] [main/DEBUG] [mixin/]: Processing prepare() for PlatformAgent[MixinPlatformAgentDefault:SecureJarResource(puzzleslib)]
[14May2025 22:21:03.288] [main/DEBUG] [mixin/]: Registering mixin config: puzzleslib.common.mixins.json
[14May2025 22:21:03.290] [main/DEBUG] [mixin/]: Registering mixin config: puzzleslib.forge.mixins.json
[14May2025 22:21:03.292] [main/DEBUG] [mixin/]: Adding mixin platform agents for container SecureJarResource(charmofundying)
[14May2025 22:21:03.293] [main/DEBUG] [mixin/]: Instancing new MixinPlatformAgentMinecraftForge for SecureJarResource(charmofundying)
[14May2025 22:21:03.293] [main/DEBUG] [mixin/]: MixinPlatformAgentMinecraftForge rejected container SecureJarResource(charmofundying)
[14May2025 22:21:03.293] [main/DEBUG] [mixin/]: Instancing new MixinPlatformAgentDefault for SecureJarResource(charmofundying)
[14May2025 22:21:03.293] [main/DEBUG] [mixin/]: MixinPlatformAgentDefault accepted container SecureJarResource(charmofundying)
[14May2025 22:21:03.293] [main/DEBUG] [mixin/]: Processing prepare() for PlatformAgent[MixinPlatformAgentDefault:SecureJarResource(charmofundying)]
[14May2025 22:21:03.293] [main/DEBUG] [mixin/]: Registering mixin config: charmofundying.mixins.json
[14May2025 22:21:03.295] [main/DEBUG] [mixin/]: Adding mixin platform agents for container SecureJarResource(badoptimizations)
[14May2025 22:21:03.295] [main/DEBUG] [mixin/]: Instancing new MixinPlatformAgentMinecraftForge for SecureJarResource(badoptimizations)
[14May2025 22:21:03.295] [main/DEBUG] [mixin/]: MixinPlatformAgentMinecraftForge rejected container SecureJarResource(badoptimizations)
[14May2025 22:21:03.295] [main/DEBUG] [mixin/]: Instancing new MixinPlatformAgentDefault for SecureJarResource(badoptimizations)
[14May2025 22:21:03.295] [main/DEBUG] [mixin/]: MixinPlatformAgentDefault accepted container SecureJarResource(badoptimizations)
[14May2025 22:21:03.296] [main/DEBUG] [mixin/]: Processing prepare() for PlatformAgent[MixinPlatformAgentDefault:SecureJarResource(badoptimizations)]
[14May2025 22:21:03.296] [main/DEBUG] [mixin/]: Registering mixin config: forge-badoptimizations.mixins.json
[14May2025 22:21:03.298] [main/DEBUG] [mixin/]: Adding mixin platform agents for container SecureJarResource(moa_decor_electronics)
[14May2025 22:21:03.298] [main/DEBUG] [mixin/]: Instancing new MixinPlatformAgentMinecraftForge for SecureJarResource(moa_decor_electronics)
[14May2025 22:21:03.298] [main/DEBUG] [mixin/]: MixinPlatformAgentMinecraftForge rejected container SecureJarResource(moa_decor_electronics)
[14May2025 22:21:03.298] [main/DEBUG] [mixin/]: Instancing new MixinPlatformAgentDefault for SecureJarResource(moa_decor_electronics)
[14May2025 22:21:03.298] [main/DEBUG] [mixin/]: MixinPlatformAgentDefault accepted container SecureJarResource(moa_decor_electronics)
[14May2025 22:21:03.298] [main/DEBUG] [mixin/]: Processing prepare() for PlatformAgent[MixinPlatformAgentDefault:SecureJarResource(moa_decor_electronics)]
[14May2025 22:21:03.299] [main/DEBUG] [mixin/]: Adding mixin platform agents for container SecureJarResource(chunksending)
[14May2025 22:21:03.299] [main/DEBUG] [mixin/]: Instancing new MixinPlatformAgentMinecraftForge for SecureJarResource(chunksending)
[14May2025 22:21:03.299] [main/DEBUG] [mixin/]: MixinPlatformAgentMinecraftForge rejected container SecureJarResource(chunksending)
[14May2025 22:21:03.299] [main/DEBUG] [mixin/]: Instancing new MixinPlatformAgentDefault for SecureJarResource(chunksending)
[14May2025 22:21:03.299] [main/DEBUG] [mixin/]: MixinPlatformAgentDefault accepted container SecureJarResource(chunksending)
[14May2025 22:21:03.299] [main/DEBUG] [mixin/]: Processing prepare() for PlatformAgent[MixinPlatformAgentDefault:SecureJarResource(chunksending)]
[14May2025 22:21:03.299] [main/DEBUG] [mixin/]: Registering mixin config: chunksending.mixins.json
[14May2025 22:21:03.302] [main/DEBUG] [mixin/]: Adding mixin platform agents for container SecureJarResource(loadmyresources)
[14May2025 22:21:03.302] [main/DEBUG] [mixin/]: Instancing new MixinPlatformAgentMinecraftForge for SecureJarResource(loadmyresources)
[14May2025 22:21:03.302] [main/DEBUG] [mixin/]: MixinPlatformAgentMinecraftForge rejected container SecureJarResource(loadmyresources)
[14May2025 22:21:03.302] [main/DEBUG] [mixin/]: Instancing new MixinPlatformAgentDefault for SecureJarResource(loadmyresources)
[14May2025 22:21:03.302] [main/DEBUG] [mixin/]: MixinPlatformAgentDefault accepted container SecureJarResource(loadmyresources)
[14May2025 22:21:03.302] [main/DEBUG] [mixin/]: Processing prepare() for PlatformAgent[MixinPlatformAgentDefault:SecureJarResource(loadmyresources)]
[14May2025 22:21:03.302] [main/DEBUG] [mixin/]: Adding mixin platform agents for container SecureJarResource(deuf)
[14May2025 22:21:03.303] [main/DEBUG] [mixin/]: Instancing new MixinPlatformAgentMinecraftForge for SecureJarResource(deuf)
[14May2025 22:21:03.303] [main/DEBUG] [mixin/]: MixinPlatformAgentMinecraftForge rejected container SecureJarResource(deuf)
[14May2025 22:21:03.303] [main/DEBUG] [mixin/]: Instancing new MixinPlatformAgentDefault for SecureJarResource(deuf)
[14May2025 22:21:03.303] [main/DEBUG] [mixin/]: MixinPlatformAgentDefault accepted container SecureJarResource(deuf)
[14May2025 22:21:03.303] [main/DEBUG] [mixin/]: Processing prepare() for PlatformAgent[MixinPlatformAgentDefault:SecureJarResource(deuf)]
[14May2025 22:21:03.303] [main/DEBUG] [mixin/]: Adding mixin platform agents for container SecureJarResource(aquamirae)
[14May2025 22:21:03.304] [main/DEBUG] [mixin/]: Instancing new MixinPlatformAgentMinecraftForge for SecureJarResource(aquamirae)
[14May2025 22:21:03.304] [main/DEBUG] [mixin/]: MixinPlatformAgentMinecraftForge rejected container SecureJarResource(aquamirae)
[14May2025 22:21:03.304] [main/DEBUG] [mixin/]: Instancing new MixinPlatformAgentDefault for SecureJarResource(aquamirae)
[14May2025 22:21:03.304] [main/DEBUG] [mixin/]: MixinPlatformAgentDefault accepted container SecureJarResource(aquamirae)
[14May2025 22:21:03.304] [main/DEBUG] [mixin/]: Processing prepare() for PlatformAgent[MixinPlatformAgentDefault:SecureJarResource(aquamirae)]
[14May2025 22:21:03.304] [main/DEBUG] [mixin/]: Registering mixin config: aquamirae.mixins.json
[14May2025 22:21:03.307] [main/DEBUG] [mixin/]: Compatibility level JAVA_8 specified by aquamirae.mixins.json is lower than the default level supported by the current mixin service (JAVA_16).
[14May2025 22:21:03.307] [main/DEBUG] [mixin/]: Adding mixin platform agents for container SecureJarResource(defaultoptions)
[14May2025 22:21:03.308] [main/DEBUG] [mixin/]: Instancing new MixinPlatformAgentMinecraftForge for SecureJarResource(defaultoptions)
[14May2025 22:21:03.308] [main/DEBUG] [mixin/]: MixinPlatformAgentMinecraftForge rejected container SecureJarResource(defaultoptions)
[14May2025 22:21:03.308] [main/DEBUG] [mixin/]: Instancing new MixinPlatformAgentDefault for SecureJarResource(defaultoptions)
[14May2025 22:21:03.308] [main/DEBUG] [mixin/]: MixinPlatformAgentDefault accepted container SecureJarResource(defaultoptions)
[14May2025 22:21:03.308] [main/DEBUG] [mixin/]: Processing prepare() for PlatformAgent[MixinPlatformAgentDefault:SecureJarResource(defaultoptions)]
[14May2025 22:21:03.308] [main/DEBUG] [mixin/]: Registering mixin config: defaultoptions.mixins.json
[14May2025 22:21:03.310] [main/DEBUG] [mixin/]: Adding mixin platform agents for container SecureJarResource(mclib)
[14May2025 22:21:03.311] [main/DEBUG] [mixin/]: Instancing new MixinPlatformAgentMinecraftForge for SecureJarResource(mclib)
[14May2025 22:21:03.311] [main/DEBUG] [mixin/]: MixinPlatformAgentMinecraftForge rejected container SecureJarResource(mclib)
[14May2025 22:21:03.311] [main/DEBUG] [mixin/]: Instancing new MixinPlatformAgentDefault for SecureJarResource(mclib)
[14May2025 22:21:03.311] [main/DEBUG] [mixin/]: MixinPlatformAgentDefault accepted container SecureJarResource(mclib)
[14May2025 22:21:03.311] [main/DEBUG] [mixin/]: Processing prepare() for PlatformAgent[MixinPlatformAgentDefault:SecureJarResource(mclib)]
[14May2025 22:21:03.311] [main/DEBUG] [mixin/]: Adding mixin platform agents for container SecureJarResource(com.fasterxml.jackson.annotation)
[14May2025 22:21:03.311] [main/DEBUG] [mixin/]: Instancing new MixinPlatformAgentMinecraftForge for SecureJarResource(com.fasterxml.jackson.annotation)
[14May2025 22:21:03.311] [main/DEBUG] [mixin/]: MixinPlatformAgentMinecraftForge rejected container SecureJarResource(com.fasterxml.jackson.annotation)
[14May2025 22:21:03.312] [main/DEBUG] [mixin/]: Instancing new MixinPlatformAgentDefault for SecureJarResource(com.fasterxml.jackson.annotation)
[14May2025 22:21:03.312] [main/DEBUG] [mixin/]: MixinPlatformAgentDefault accepted container SecureJarResource(com.fasterxml.jackson.annotation)
[14May2025 22:21:03.312] [main/DEBUG] [mixin/]: Processing prepare() for PlatformAgent[MixinPlatformAgentDefault:SecureJarResource(com.fasterxml.jackson.annotation)]
[14May2025 22:21:03.312] [main/DEBUG] [mixin/]: Adding mixin platform agents for container SecureJarResource(org.kohsuke.github.api)
[14May2025 22:21:03.312] [main/DEBUG] [mixin/]: Instancing new MixinPlatformAgentMinecraftForge for SecureJarResource(org.kohsuke.github.api)
[14May2025 22:21:03.312] [main/DEBUG] [mixin/]: MixinPlatformAgentMinecraftForge rejected container SecureJarResource(org.kohsuke.github.api)
[14May2025 22:21:03.312] [main/DEBUG] [mixin/]: Instancing new MixinPlatformAgentDefault for SecureJarResource(org.kohsuke.github.api)
[14May2025 22:21:03.312] [main/DEBUG] [mixin/]: MixinPlatformAgentDefault accepted container SecureJarResource(org.kohsuke.github.api)
[14May2025 22:21:03.312] [main/DEBUG] [mixin/]: Processing prepare() for PlatformAgent[MixinPlatformAgentDefault:SecureJarResource(org.kohsuke.github.api)]
[14May2025 22:21:03.313] [main/DEBUG] [mixin/]: Adding mixin platform agents for container SecureJarResource(com.madgag.gif.fmsware)
[14May2025 22:21:03.313] [main/DEBUG] [mixin/]: Instancing new MixinPlatformAgentMinecraftForge for SecureJarResource(com.madgag.gif.fmsware)
[14May2025 22:21:03.313] [main/DEBUG] [mixin/]: MixinPlatformAgentMinecraftForge rejected container SecureJarResource(com.madgag.gif.fmsware)
[14May2025 22:21:03.313] [main/DEBUG] [mixin/]: Instancing new MixinPlatformAgentDefault for SecureJarResource(com.madgag.gif.fmsware)
[14May2025 22:21:03.313] [main/DEBUG] [mixin/]: MixinPlatformAgentDefault accepted container SecureJarResource(com.madgag.gif.fmsware)
[14May2025 22:21:03.313] [main/DEBUG] [mixin/]: Processing prepare() for PlatformAgent[MixinPlatformAgentDefault:SecureJarResource(com.madgag.gif.fmsware)]
[14May2025 22:21:03.313] [main/DEBUG] [mixin/]: Adding mixin platform agents for container SecureJarResource(yabn)
[14May2025 22:21:03.313] [main/DEBUG] [mixin/]: Instancing new MixinPlatformAgentMinecraftForge for SecureJarResource(yabn)
[14May2025 22:21:03.314] [main/DEBUG] [mixin/]: MixinPlatformAgentMinecraftForge rejected container SecureJarResource(yabn)
[14May2025 22:21:03.314] [main/DEBUG] [mixin/]: Instancing new MixinPlatformAgentDefault for SecureJarResource(yabn)
[14May2025 22:21:03.314] [main/DEBUG] [mixin/]: MixinPlatformAgentDefault accepted container SecureJarResource(yabn)
[14May2025 22:21:03.314] [main/DEBUG] [mixin/]: Processing prepare() for PlatformAgent[MixinPlatformAgentDefault:SecureJarResource(yabn)]
[14May2025 22:21:03.314] [main/DEBUG] [mixin/]: Adding mixin platform agents for container SecureJarResource(Reflect)
[14May2025 22:21:03.314] [main/DEBUG] [mixin/]: Instancing new MixinPlatformAgentMinecraftForge for SecureJarResource(Reflect)
[14May2025 22:21:03.314] [main/DEBUG] [mixin/]: MixinPlatformAgentMinecraftForge rejected container SecureJarResource(Reflect)
[14May2025 22:21:03.314] [main/DEBUG] [mixin/]: Instancing new MixinPlatformAgentDefault for SecureJarResource(Reflect)
[14May2025 22:21:03.314] [main/DEBUG] [mixin/]: MixinPlatformAgentDefault accepted container SecureJarResource(Reflect)
[14May2025 22:21:03.315] [main/DEBUG] [mixin/]: Processing prepare() for PlatformAgent[MixinPlatformAgentDefault:SecureJarResource(Reflect)]
[14May2025 22:21:03.315] [main/DEBUG] [mixin/]: Adding mixin platform agents for container SecureJarResource(com.fasterxml.jackson.core)
[14May2025 22:21:03.315] [main/DEBUG] [mixin/]: Instancing new MixinPlatformAgentMinecraftForge for SecureJarResource(com.fasterxml.jackson.core)
[14May2025 22:21:03.315] [main/DEBUG] [mixin/]: MixinPlatformAgentMinecraftForge rejected container SecureJarResource(com.fasterxml.jackson.core)
[14May2025 22:21:03.315] [main/DEBUG] [mixin/]: Instancing new MixinPlatformAgentDefault for SecureJarResource(com.fasterxml.jackson.core)
[14May2025 22:21:03.315] [main/DEBUG] [mixin/]: MixinPlatformAgentDefault accepted container SecureJarResource(com.fasterxml.jackson.core)
[14May2025 22:21:03.315] [main/DEBUG] [mixin/]: Processing prepare() for PlatformAgent[MixinPlatformAgentDefault:SecureJarResource(com.fasterxml.jackson.core)]
[14May2025 22:21:03.315] [main/DEBUG] [mixin/]: Adding mixin platform agents for container SecureJarResource(japng)
[14May2025 22:21:03.315] [main/DEBUG] [mixin/]: Instancing new MixinPlatformAgentMinecraftForge for SecureJarResource(japng)
[14May2025 22:21:03.316] [main/DEBUG] [mixin/]: MixinPlatformAgentMinecraftForge rejected container SecureJarResource(japng)
[14May2025 22:21:03.316] [main/DEBUG] [mixin/]: Instancing new MixinPlatformAgentDefault for SecureJarResource(japng)
[14May2025 22:21:03.316] [main/DEBUG] [mixin/]: MixinPlatformAgentDefault accepted container SecureJarResource(japng)
[14May2025 22:21:03.316] [main/DEBUG] [mixin/]: Processing prepare() for PlatformAgent[MixinPlatformAgentDefault:SecureJarResource(japng)]
[14May2025 22:21:03.316] [main/DEBUG] [mixin/]: Adding mixin platform agents for container SecureJarResource(NanoLiveConfig)
[14May2025 22:21:03.316] [main/DEBUG] [mixin/]: Instancing new MixinPlatformAgentMinecraftForge for SecureJarResource(NanoLiveConfig)
[14May2025 22:21:03.316] [main/DEBUG] [mixin/]: MixinPlatformAgentMinecraftForge rejected container SecureJarResource(NanoLiveConfig)
[14May2025 22:21:03.316] [main/DEBUG] [mixin/]: Instancing new MixinPlatformAgentDefault for SecureJarResource(NanoLiveConfig)
[14May2025 22:21:03.316] [main/DEBUG] [mixin/]: MixinPlatformAgentDefault accepted container SecureJarResource(NanoLiveConfig)
[14May2025 22:21:03.316] [main/DEBUG] [mixin/]: Processing prepare() for PlatformAgent[MixinPlatformAgentDefault:SecureJarResource(NanoLiveConfig)]
[14May2025 22:21:03.317] [main/DEBUG] [mixin/]: Adding mixin platform agents for container SecureJarResource(bytecodecs)
[14May2025 22:21:03.317] [main/DEBUG] [mixin/]: Instancing new MixinPlatformAgentMinecraftForge for SecureJarResource(bytecodecs)
[14May2025 22:21:03.317] [main/DEBUG] [mixin/]: MixinPlatformAgentMinecraftForge rejected container SecureJarResource(bytecodecs)
[14May2025 22:21:03.317] [main/DEBUG] [mixin/]: Instancing new MixinPlatformAgentDefault for SecureJarResource(bytecodecs)
[14May2025 22:21:03.317] [main/DEBUG] [mixin/]: MixinPlatformAgentDefault accepted container SecureJarResource(bytecodecs)
[14May2025 22:21:03.317] [main/DEBUG] [mixin/]: Processing prepare() for PlatformAgent[MixinPlatformAgentDefault:SecureJarResource(bytecodecs)]
[14May2025 22:21:03.317] [main/DEBUG] [mixin/]: Adding mixin platform agents for container SecureJarResource(MathParser.org.mXparser)
[14May2025 22:21:03.317] [main/DEBUG] [mixin/]: Instancing new MixinPlatformAgentMinecraftForge for SecureJarResource(MathParser.org.mXparser)
[14May2025 22:21:03.317] [main/DEBUG] [mixin/]: MixinPlatformAgentMinecraftForge rejected container SecureJarResource(MathParser.org.mXparser)
[14May2025 22:21:03.318] [main/DEBUG] [mixin/]: Instancing new MixinPlatformAgentDefault for SecureJarResource(MathParser.org.mXparser)
[14May2025 22:21:03.318] [main/DEBUG] [mixin/]: MixinPlatformAgentDefault accepted container SecureJarResource(MathParser.org.mXparser)
[14May2025 22:21:03.318] [main/DEBUG] [mixin/]: Processing prepare() for PlatformAgent[MixinPlatformAgentDefault:SecureJarResource(MathParser.org.mXparser)]
[14May2025 22:21:03.318] [main/DEBUG] [mixin/]: Adding mixin platform agents for container SecureJarResource(MixinSquared)
[14May2025 22:21:03.318] [main/DEBUG] [mixin/]: Instancing new MixinPlatformAgentMinecraftForge for SecureJarResource(MixinSquared)
[14May2025 22:21:03.318] [main/DEBUG] [mixin/]: MixinPlatformAgentMinecraftForge rejected container SecureJarResource(MixinSquared)
[14May2025 22:21:03.318] [main/DEBUG] [mixin/]: Instancing new MixinPlatformAgentDefault for SecureJarResource(MixinSquared)
[14May2025 22:21:03.318] [main/DEBUG] [mixin/]: MixinPlatformAgentDefault accepted container SecureJarResource(MixinSquared)
[14May2025 22:21:03.318] [main/DEBUG] [mixin/]: Processing prepare() for PlatformAgent[MixinPlatformAgentDefault:SecureJarResource(MixinSquared)]
[14May2025 22:21:03.319] [main/DEBUG] [mixin/]: Adding mixin platform agents for container SecureJarResource(com.fasterxml.jackson.databind)
[14May2025 22:21:03.319] [main/DEBUG] [mixin/]: Instancing new MixinPlatformAgentMinecraftForge for SecureJarResource(com.fasterxml.jackson.databind)
[14May2025 22:21:03.319] [main/DEBUG] [mixin/]: MixinPlatformAgentMinecraftForge rejected container SecureJarResource(com.fasterxml.jackson.databind)
[14May2025 22:21:03.319] [main/DEBUG] [mixin/]: Instancing new MixinPlatformAgentDefault for SecureJarResource(com.fasterxml.jackson.databind)
[14May2025 22:21:03.319] [main/DEBUG] [mixin/]: MixinPlatformAgentDefault accepted container SecureJarResource(com.fasterxml.jackson.databind)
[14May2025 22:21:03.319] [main/DEBUG] [mixin/]: Processing prepare() for PlatformAgent[MixinPlatformAgentDefault:SecureJarResource(com.fasterxml.jackson.databind)]
[14May2025 22:21:03.319] [main/DEBUG] [mixin/]: Adding mixin platform agents for container SecureJarResource(org.apache.httpcomponents.httpmime)
[14May2025 22:21:03.319] [main/DEBUG] [mixin/]: Instancing new MixinPlatformAgentMinecraftForge for SecureJarResource(org.apache.httpcomponents.httpmime)
[14May2025 22:21:03.320] [main/DEBUG] [mixin/]: MixinPlatformAgentMinecraftForge rejected container SecureJarResource(org.apache.httpcomponents.httpmime)
[14May2025 22:21:03.320] [main/DEBUG] [mixin/]: Instancing new MixinPlatformAgentDefault for SecureJarResource(org.apache.httpcomponents.httpmime)
[14May2025 22:21:03.320] [main/DEBUG] [mixin/]: MixinPlatformAgentDefault accepted container SecureJarResource(org.apache.httpcomponents.httpmime)
[14May2025 22:21:03.320] [main/DEBUG] [mixin/]: Processing prepare() for PlatformAgent[MixinPlatformAgentDefault:SecureJarResource(org.apache.httpcomponents.httpmime)]
[14May2025 22:21:03.320] [main/DEBUG] [mixin/]: Adding mixin platform agents for container SecureJarResource(MixinExtras)
[14May2025 22:21:03.320] [main/DEBUG] [mixin/]: Instancing new MixinPlatformAgentMinecraftForge for SecureJarResource(MixinExtras)
[14May2025 22:21:03.320] [main/DEBUG] [mixin/]: MixinPlatformAgentMinecraftForge rejected container SecureJarResource(MixinExtras)
[14May2025 22:21:03.320] [main/DEBUG] [mixin/]: Instancing new MixinPlatformAgentDefault for SecureJarResource(MixinExtras)
[14May2025 22:21:03.320] [main/DEBUG] [mixin/]: MixinPlatformAgentDefault accepted container SecureJarResource(MixinExtras)
[14May2025 22:21:03.321] [main/DEBUG] [mixin/]: Processing prepare() for PlatformAgent[MixinPlatformAgentDefault:SecureJarResource(MixinExtras)]
[14May2025 22:21:03.321] [main/DEBUG] [mixin/]: inject() running with 156 agents
[14May2025 22:21:03.321] [main/DEBUG] [mixin/]: Processing inject() for PlatformAgent[MixinPlatformAgentDefault:ModLauncher Root Container(ModLauncher:4f56a0a2)]
[14May2025 22:21:03.321] [main/DEBUG] [mixin/]: Processing inject() for PlatformAgent[MixinPlatformAgentDefault:SecureJarResource(kuma_api)]
[14May2025 22:21:03.321] [main/DEBUG] [mixin/]: Processing inject() for PlatformAgent[MixinPlatformAgentDefault:SecureJarResource(fabric_renderer_api_v1)]
[14May2025 22:21:03.321] [main/DEBUG] [mixin/]: Processing inject() for PlatformAgent[MixinPlatformAgentDefault:SecureJarResource(easyanvils)]
[14May2025 22:21:03.321] [main/DEBUG] [mixin/]: Processing inject() for PlatformAgent[MixinPlatformAgentDefault:SecureJarResource(animation_overhaul)]
[14May2025 22:21:03.322] [main/DEBUG] [mixin/]: Processing inject() for PlatformAgent[MixinPlatformAgentDefault:SecureJarResource(netherportalfix)]
[14May2025 22:21:03.322] [main/DEBUG] [mixin/]: Processing inject() for PlatformAgent[MixinPlatformAgentDefault:SecureJarResource(netherexp)]
[14May2025 22:21:03.322] [main/DEBUG] [mixin/]: Processing inject() for PlatformAgent[MixinPlatformAgentDefault:SecureJarResource(playeranimator)]
[14May2025 22:21:03.322] [main/DEBUG] [mixin/]: Processing inject() for PlatformAgent[MixinPlatformAgentDefault:SecureJarResource(loadingbackgrounds)]
[14May2025 22:21:03.322] [main/DEBUG] [mixin/]: Processing inject() for PlatformAgent[MixinPlatformAgentDefault:SecureJarResource(connectivity)]
[14May2025 22:21:03.322] [main/DEBUG] [mixin/]: Processing inject() for PlatformAgent[MixinPlatformAgentDefault:SecureJarResource(immersive_aircraft)]
[14May2025 22:21:03.322] [main/DEBUG] [mixin/]: Processing inject() for PlatformAgent[MixinPlatformAgentDefault:SecureJarResource(gpumemleakfix)]
[14May2025 22:21:03.322] [main/DEBUG] [mixin/]: Processing inject() for PlatformAgent[MixinPlatformAgentDefault:SecureJarResource(structureessentials)]
[14May2025 22:21:03.322] [main/DEBUG] [mixin/]: Processing inject() for PlatformAgent[MixinPlatformAgentDefault:SecureJarResource(controlling)]
[14May2025 22:21:03.322] [main/DEBUG] [mixin/]: Processing inject() for PlatformAgent[MixinPlatformAgentDefault:SecureJarResource(placebo)]
[14May2025 22:21:03.322] [main/DEBUG] [mixin/]: Processing inject() for PlatformAgent[MixinPlatformAgentDefault:SecureJarResource(modernfix)]
[14May2025 22:21:03.322] [main/DEBUG] [mixin/]: Processing inject() for PlatformAgent[MixinPlatformAgentDefault:SecureJarResource(citadel)]
[14May2025 22:21:03.322] [main/DEBUG] [mixin/]: Processing inject() for PlatformAgent[MixinPlatformAgentDefault:SecureJarResource(alexsmobs)]
[14May2025 22:21:03.322] [main/DEBUG] [mixin/]: Processing inject() for PlatformAgent[MixinPlatformAgentDefault:SecureJarResource(yungsapi)]
[14May2025 22:21:03.322] [main/DEBUG] [mixin/]: Processing inject() for PlatformAgent[MixinPlatformAgentDefault:SecureJarResource(mixinextras)]
[14May2025 22:21:03.322] [main/DEBUG] [mixin/]: Processing inject() for PlatformAgent[MixinPlatformAgentDefault:SecureJarResource(redeco)]
[14May2025 22:21:03.322] [main/DEBUG] [mixin/]: Processing inject() for PlatformAgent[MixinPlatformAgentDefault:SecureJarResource(balm)]
[14May2025 22:21:03.322] [main/DEBUG] [mixin/]: Processing inject() for PlatformAgent[MixinPlatformAgentDefault:SecureJarResource(snowrealmagic)]
[14May2025 22:21:03.322] [main/DEBUG] [mixin/]: Processing inject() for PlatformAgent[MixinPlatformAgentDefault:SecureJarResource(carryon)]
[14May2025 22:21:03.322] [main/DEBUG] [mixin/]: Processing inject() for PlatformAgent[MixinPlatformAgentDefault:SecureJarResource(melody)]
[14May2025 22:21:03.322] [main/DEBUG] [mixin/]: Processing inject() for PlatformAgent[MixinPlatformAgentDefault:SecureJarResource(chat_heads)]
[14May2025 22:21:03.322] [main/DEBUG] [mixin/]: Processing inject() for PlatformAgent[MixinPlatformAgentDefault:SecureJarResource(startinv)]
[14May2025 22:21:03.322] [main/DEBUG] [mixin/]: Processing inject() for PlatformAgent[MixinPlatformAgentDefault:SecureJarResource(cloth_config)]
[14May2025 22:21:03.322] [main/DEBUG] [mixin/]: Processing inject() for PlatformAgent[MixinPlatformAgentDefault:SecureJarResource(sawmill)]
[14May2025 22:21:03.322] [main/DEBUG] [mixin/]: Processing inject() for PlatformAgent[MixinPlatformAgentDefault:SecureJarResource(supplementaries)]
[14May2025 22:21:03.322] [main/DEBUG] [mixin/]: Processing inject() for PlatformAgent[MixinPlatformAgentDefault:SecureJarResource(konkrete)]
[14May2025 22:21:03.322] [main/DEBUG] [mixin/]: Processing inject() for PlatformAgent[MixinPlatformAgentDefault:SecureJarResource(embeddium)]
[14May2025 22:21:03.322] [main/DEBUG] [mixin/]: Processing inject() for PlatformAgent[MixinPlatformAgentDefault:SecureJarResource(embeddiumplus)]
[14May2025 22:21:03.322] [main/DEBUG] [mixin/]: Processing inject() for PlatformAgent[MixinPlatformAgentDefault:SecureJarResource(enemyexpansion)]
[14May2025 22:21:03.322] [main/DEBUG] [mixin/]: Processing inject() for PlatformAgent[MixinPlatformAgentDefault:SecureJarResource(farmersdelight)]
[14May2025 22:21:03.322] [main/DEBUG] [mixin/]: Processing inject() for PlatformAgent[MixinPlatformAgentDefault:SecureJarResource(entity_model_features)]
[14May2025 22:21:03.322] [main/DEBUG] [mixin/]: Processing inject() for PlatformAgent[MixinPlatformAgentDefault:SecureJarResource(entity_texture_features)]
[14May2025 22:21:03.322] [main/DEBUG] [mixin/]: Processing inject() for PlatformAgent[MixinPlatformAgentDefault:SecureJarResource(morevillagers)]
[14May2025 22:21:03.322] [main/DEBUG] [mixin/]: Processing inject() for PlatformAgent[MixinPlatformAgentDefault:SecureJarResource(cataclysmiccombat)]
[14May2025 22:21:03.322] [main/DEBUG] [mixin/]: Processing inject() for PlatformAgent[MixinPlatformAgentDefault:SecureJarResource(resourcefulconfig)]
[14May2025 22:21:03.322] [main/DEBUG] [mixin/]: Processing inject() for PlatformAgent[MixinPlatformAgentDefault:SecureJarResource(hangglider)]
[14May2025 22:21:03.322] [main/DEBUG] [mixin/]: Processing inject() for PlatformAgent[MixinPlatformAgentDefault:SecureJarResource(lionfishapi)]
[14May2025 22:21:03.322] [main/DEBUG] [mixin/]: Processing inject() for PlatformAgent[MixinPlatformAgentDefault:SecureJarResource(spark)]
[14May2025 22:21:03.322] [main/DEBUG] [mixin/]: Processing inject() for PlatformAgent[MixinPlatformAgentDefault:SecureJarResource(cataclysm)]
[14May2025 22:21:03.322] [main/DEBUG] [mixin/]: Processing inject() for PlatformAgent[MixinPlatformAgentDefault:SecureJarResource(curios)]
[14May2025 22:21:03.323] [main/DEBUG] [mixin/]: Processing inject() for PlatformAgent[MixinPlatformAgentDefault:SecureJarResource(despawn_tweaker)]
[14May2025 22:21:03.323] [main/DEBUG] [mixin/]: Processing inject() for PlatformAgent[MixinPlatformAgentDefault:SecureJarResource(cerbons_api)]
[14May2025 22:21:03.323] [main/DEBUG] [mixin/]: Processing inject() for PlatformAgent[MixinPlatformAgentDefault:SecureJarResource(searchables)]
[14May2025 22:21:03.323] [main/DEBUG] [mixin/]: Processing inject() for PlatformAgent[MixinPlatformAgentDefault:SecureJarResource(noisium)]
[14May2025 22:21:03.323] [main/DEBUG] [mixin/]: Processing inject() for PlatformAgent[MixinPlatformAgentDefault:SecureJarResource(resourcefullib)]
[14May2025 22:21:03.323] [main/DEBUG] [mixin/]: Processing inject() for PlatformAgent[MixinPlatformAgentDefault:SecureJarResource(cfm)]
[14May2025 22:21:03.323] [main/DEBUG] [mixin/]: Processing inject() for PlatformAgent[MixinPlatformAgentDefault:SecureJarResource(boatbreakfix)]
[14May2025 22:21:03.323] [main/DEBUG] [mixin/]: Processing inject() for PlatformAgent[MixinPlatformAgentDefault:SecureJarResource(architectury)]
[14May2025 22:21:03.323] [main/DEBUG] [mixin/]: Processing inject() for PlatformAgent[MixinPlatformAgentDefault:SecureJarResource(enderitemod)]
[14May2025 22:21:03.323] [main/DEBUG] [mixin/]: Processing inject() for PlatformAgent[MixinPlatformAgentDefault:SecureJarResource(aiimprovements)]
[14May2025 22:21:03.323] [main/DEBUG] [mixin/]: Processing inject() for PlatformAgent[MixinPlatformAgentDefault:SecureJarResource(cupboard)]
[14May2025 22:21:03.323] [main/DEBUG] [mixin/]: Processing inject() for PlatformAgent[MixinPlatformAgentDefault:SecureJarResource(refurbished_furniture)]
[14May2025 22:21:03.323] [main/DEBUG] [mixin/]: Processing inject() for PlatformAgent[MixinPlatformAgentDefault:SecureJarResource(monolib)]
[14May2025 22:21:03.323] [main/DEBUG] [mixin/]: Processing inject() for PlatformAgent[MixinPlatformAgentDefault:SecureJarResource(stackable_stew_and_soup)]
[14May2025 22:21:03.323] [main/DEBUG] [mixin/]: Processing inject() for PlatformAgent[MixinPlatformAgentDefault:SecureJarResource(framework)]
[14May2025 22:21:03.323] [main/DEBUG] [mixin/]: Processing inject() for PlatformAgent[MixinPlatformAgentDefault:SecureJarResource(krypton)]
[14May2025 22:21:03.323] [main/DEBUG] [mixin/]: Processing inject() for PlatformAgent[MixinPlatformAgentDefault:SecureJarResource(illageandspillage)]
[14May2025 22:21:03.325] [main/DEBUG] [mixin/]: Processing inject() for PlatformAgent[MixinPlatformAgentDefault:SecureJarResource(fastleafdecay)]
[14May2025 22:21:03.325] [main/DEBUG] [mixin/]: Processing inject() for PlatformAgent[MixinPlatformAgentDefault:SecureJarResource(gamemenumodoption)]
[14May2025 22:21:03.326] [main/DEBUG] [mixin/]: Processing inject() for PlatformAgent[MixinPlatformAgentDefault:SecureJarResource(playerrevive)]
[14May2025 22:21:03.326] [main/DEBUG] [mixin/]: Processing inject() for PlatformAgent[MixinPlatformAgentDefault:SecureJarResource(enchantinginfuser)]
[14May2025 22:21:03.326] [main/DEBUG] [mixin/]: Processing inject() for PlatformAgent[MixinPlatformAgentDefault:SecureJarResource(timeondisplay)]
[14May2025 22:21:03.327] [main/DEBUG] [mixin/]: Processing inject() for PlatformAgent[MixinPlatformAgentDefault:SecureJarResource(radium)]
[14May2025 22:21:03.327] [main/DEBUG] [mixin/]: Processing inject() for PlatformAgent[MixinPlatformAgentDefault:SecureJarResource(kiwi)]
[14May2025 22:21:03.328] [main/DEBUG] [mixin/]: Processing inject() for PlatformAgent[MixinPlatformAgentDefault:SecureJarResource(bhmenu)]
[14May2025 22:21:03.328] [main/DEBUG] [mixin/]: Processing inject() for PlatformAgent[MixinPlatformAgentDefault:SecureJarResource(mowziesmobs)]
[14May2025 22:21:03.329] [main/DEBUG] [mixin/]: Processing inject() for PlatformAgent[MixinPlatformAgentDefault:SecureJarResource(geckolib)]
[14May2025 22:21:03.329] [main/DEBUG] [mixin/]: Processing inject() for PlatformAgent[MixinPlatformAgentDefault:SecureJarResource(mutantmonsters)]
[14May2025 22:21:03.329] [main/DEBUG] [mixin/]: Processing inject() for PlatformAgent[MixinPlatformAgentDefault:SecureJarResource(darkestsouls)]
[14May2025 22:21:03.330] [main/DEBUG] [mixin/]: Processing inject() for PlatformAgent[MixinPlatformAgentDefault:SecureJarResource(amendments)]
[14May2025 22:21:03.330] [main/DEBUG] [mixin/]: Processing inject() for PlatformAgent[MixinPlatformAgentDefault:SecureJarResource(elysium_api)]
[14May2025 22:21:03.330] [main/DEBUG] [mixin/]: Processing inject() for PlatformAgent[MixinPlatformAgentDefault:SecureJarResource(jei)]
[14May2025 22:21:03.330] [main/DEBUG] [mixin/]: Processing inject() for PlatformAgent[MixinPlatformAgentDefault:SecureJarResource(universalbonemeal)]
[14May2025 22:21:03.330] [main/DEBUG] [mixin/]: Processing inject() for PlatformAgent[MixinPlatformAgentDefault:SecureJarResource(graveyard)]
[14May2025 22:21:03.331] [main/DEBUG] [mixin/]: Processing inject() for PlatformAgent[MixinPlatformAgentDefault:SecureJarResource(attributefix)]
[14May2025 22:21:03.331] [main/DEBUG] [mixin/]: Processing inject() for PlatformAgent[MixinPlatformAgentDefault:SecureJarResource(caelus)]
[14May2025 22:21:03.332] [main/DEBUG] [mixin/]: Processing inject() for PlatformAgent[MixinPlatformAgentDefault:SecureJarResource(obscure_api)]
[14May2025 22:21:03.332] [main/DEBUG] [mixin/]: Processing inject() for PlatformAgent[MixinPlatformAgentDefault:SecureJarResource(waystones)]
[14May2025 22:21:03.333] [main/DEBUG] [mixin/]: Processing inject() for PlatformAgent[MixinPlatformAgentDefault:SecureJarResource(fabric_renderer_indigo)]
[14May2025 22:21:03.333] [main/DEBUG] [mixin/]: Processing inject() for PlatformAgent[MixinPlatformAgentDefault:SecureJarResource(clumps)]
[14May2025 22:21:03.333] [main/DEBUG] [mixin/]: Processing inject() for PlatformAgent[MixinPlatformAgentDefault:SecureJarResource(fastasyncworldsave)]
[14May2025 22:21:03.333] [main/DEBUG] [mixin/]: Processing inject() for PlatformAgent[MixinPlatformAgentDefault:SecureJarResource(alternate_current)]
[14May2025 22:21:03.334] [main/DEBUG] [mixin/]: Processing inject() for PlatformAgent[MixinPlatformAgentDefault:SecureJarResource(myserveriscompatible)]
[14May2025 22:21:03.334] [main/DEBUG] [mixin/]: Processing inject() for PlatformAgent[MixinPlatformAgentDefault:SecureJarResource(neruina)]
[14May2025 22:21:03.334] [main/DEBUG] [mixin/]: Processing inject() for PlatformAgent[MixinPlatformAgentDefault:SecureJarResource(catalogue)]
[14May2025 22:21:03.334] [main/DEBUG] [mixin/]: Processing inject() for PlatformAgent[MixinPlatformAgentDefault:SecureJarResource(bosses_of_mass_destruction)]
[14May2025 22:21:03.334] [main/DEBUG] [mixin/]: Processing inject() for PlatformAgent[MixinPlatformAgentDefault:SecureJarResource(automessage)]
[14May2025 22:21:03.334] [main/DEBUG] [mixin/]: Processing inject() for PlatformAgent[MixinPlatformAgentDefault:SecureJarResource(nfm)]
[14May2025 22:21:03.334] [main/DEBUG] [mixin/]: Processing inject() for PlatformAgent[MixinPlatformAgentDefault:SecureJarResource(puzzlesaccessapi)]
[14May2025 22:21:03.334] [main/DEBUG] [mixin/]: Processing inject() for PlatformAgent[MixinPlatformAgentDefault:SecureJarResource(forge)]
[14May2025 22:21:03.335] [main/DEBUG] [mixin/]: Processing inject() for PlatformAgent[MixinPlatformAgentDefault:SecureJarResource(friendsandfoes)]
[14May2025 22:21:03.335] [main/DEBUG] [mixin/]: Processing inject() for PlatformAgent[MixinPlatformAgentDefault:SecureJarResource(dungeons_arise)]
[14May2025 22:21:03.335] [main/DEBUG] [mixin/]: Processing inject() for PlatformAgent[MixinPlatformAgentDefault:SecureJarResource(craftingtweaks)]
[14May2025 22:21:03.335] [main/DEBUG] [mixin/]: Processing inject() for PlatformAgent[MixinPlatformAgentDefault:SecureJarResource(minecraft)]
[14May2025 22:21:03.335] [main/DEBUG] [mixin/]: Processing inject() for PlatformAgent[MixinPlatformAgentDefault:SecureJarResource(born_in_chaos_v1)]
[14May2025 22:21:03.335] [main/DEBUG] [mixin/]: Processing inject() for PlatformAgent[MixinPlatformAgentDefault:SecureJarResource(smoothchunk)]
[14May2025 22:21:03.335] [main/DEBUG] [mixin/]: Processing inject() for PlatformAgent[MixinPlatformAgentDefault:SecureJarResource(alexscaves)]
[14May2025 22:21:03.335] [main/DEBUG] [mixin/]: Processing inject() for PlatformAgent[MixinPlatformAgentDefault:SecureJarResource(voicechat)]
[14May2025 22:21:03.335] [main/DEBUG] [mixin/]: Processing inject() for PlatformAgent[MixinPlatformAgentDefault:SecureJarResource(moonlight)]
[14May2025 22:21:03.335] [main/DEBUG] [mixin/]: Processing inject() for PlatformAgent[MixinPlatformAgentDefault:SecureJarResource(fabric_api_base)]
[14May2025 22:21:03.335] [main/DEBUG] [mixin/]: Processing inject() for PlatformAgent[MixinPlatformAgentDefault:SecureJarResource(mousetweaks)]
[14May2025 22:21:03.335] [main/DEBUG] [mixin/]: Processing inject() for PlatformAgent[MixinPlatformAgentDefault:SecureJarResource(forgeconfigscreens)]
[14May2025 22:21:03.335] [main/DEBUG] [mixin/]: Processing inject() for PlatformAgent[MixinPlatformAgentDefault:SecureJarResource(bettercombat)]
[14May2025 22:21:03.335] [main/DEBUG] [mixin/]: Processing inject() for PlatformAgent[MixinPlatformAgentDefault:SecureJarResource(necronomicon)]
[14May2025 22:21:03.335] [main/DEBUG] [mixin/]: Processing inject() for PlatformAgent[MixinPlatformAgentDefault:SecureJarResource(mixinsquared)]
[14May2025 22:21:03.335] [main/DEBUG] [mixin/]: Processing inject() for PlatformAgent[MixinPlatformAgentDefault:SecureJarResource(nochatreports)]
[14May2025 22:21:03.335] [main/DEBUG] [mixin/]: Processing inject() for PlatformAgent[MixinPlatformAgentDefault:SecureJarResource(jade)]
[14May2025 22:21:03.335] [main/DEBUG] [mixin/]: Processing inject() for PlatformAgent[MixinPlatformAgentDefault:SecureJarResource(creativecore)]
[14May2025 22:21:03.335] [main/DEBUG] [mixin/]: Processing inject() for PlatformAgent[MixinPlatformAgentDefault:SecureJarResource(watching)]
[14May2025 22:21:03.335] [main/DEBUG] [mixin/]: Processing inject() for PlatformAgent[MixinPlatformAgentDefault:SecureJarResource(alltheleaks)]
[14May2025 22:21:03.335] [main/DEBUG] [mixin/]: Processing inject() for PlatformAgent[MixinPlatformAgentDefault:SecureJarResource(spectrelib)]
[14May2025 22:21:03.335] [main/DEBUG] [mixin/]: Processing inject() for PlatformAgent[MixinPlatformAgentDefault:SecureJarResource(nethersdelight)]
[14May2025 22:21:03.335] [main/DEBUG] [mixin/]: Processing inject() for PlatformAgent[MixinPlatformAgentDefault:SecureJarResource(ribbits)]
[14May2025 22:21:03.335] [main/DEBUG] [mixin/]: Processing inject() for PlatformAgent[MixinPlatformAgentDefault:SecureJarResource(xaerominimap)]
[14May2025 22:21:03.335] [main/DEBUG] [mixin/]: Processing inject() for PlatformAgent[MixinPlatformAgentDefault:SecureJarResource(gravestone)]
[14May2025 22:21:03.335] [main/DEBUG] [mixin/]: Processing inject() for PlatformAgent[MixinPlatformAgentDefault:SecureJarResource(legendary_monsters)]
[14May2025 22:21:03.335] [main/DEBUG] [mixin/]: Processing inject() for PlatformAgent[MixinPlatformAgentDefault:SecureJarResource(irons_spellbooks)]
[14May2025 22:21:03.335] [main/DEBUG] [mixin/]: Processing inject() for PlatformAgent[MixinPlatformAgentDefault:SecureJarResource(entityculling)]
[14May2025 22:21:03.335] [main/DEBUG] [mixin/]: Processing inject() for PlatformAgent[MixinPlatformAgentDefault:SecureJarResource(crittersandcompanions)]
[14May2025 22:21:03.335] [main/DEBUG] [mixin/]: Processing inject() for PlatformAgent[MixinPlatformAgentDefault:SecureJarResource(backpacked)]
[14May2025 22:21:03.335] [main/DEBUG] [mixin/]: Processing inject() for PlatformAgent[MixinPlatformAgentDefault:SecureJarResource(fancymenu)]
[14May2025 22:21:03.335] [main/DEBUG] [mixin/]: Processing inject() for PlatformAgent[MixinPlatformAgentDefault:SecureJarResource(immediatelyfast)]
[14May2025 22:21:03.336] [main/DEBUG] [mixin/]: Processing inject() for PlatformAgent[MixinPlatformAgentDefault:SecureJarResource(bettertridents)]
[14May2025 22:21:03.336] [main/DEBUG] [mixin/]: Processing inject() for PlatformAgent[MixinPlatformAgentDefault:SecureJarResource(creeperoverhaul)]
[14May2025 22:21:03.336] [main/DEBUG] [mixin/]: Processing inject() for PlatformAgent[MixinPlatformAgentDefault:SecureJarResource(automobility)]
[14May2025 22:21:03.336] [main/DEBUG] [mixin/]: Processing inject() for PlatformAgent[MixinPlatformAgentDefault:SecureJarResource(ferritecore)]
[14May2025 22:21:03.336] [main/DEBUG] [mixin/]: Processing inject() for PlatformAgent[MixinPlatformAgentDefault:SecureJarResource(visuality)]
[14May2025 22:21:03.336] [main/DEBUG] [mixin/]: Processing inject() for PlatformAgent[MixinPlatformAgentDefault:SecureJarResource(puzzleslib)]
[14May2025 22:21:03.336] [main/DEBUG] [mixin/]: Processing inject() for PlatformAgent[MixinPlatformAgentDefault:SecureJarResource(charmofundying)]
[14May2025 22:21:03.336] [main/DEBUG] [mixin/]: Processing inject() for PlatformAgent[MixinPlatformAgentDefault:SecureJarResource(badoptimizations)]
[14May2025 22:21:03.336] [main/DEBUG] [mixin/]: Processing inject() for PlatformAgent[MixinPlatformAgentDefault:SecureJarResource(moa_decor_electronics)]
[14May2025 22:21:03.336] [main/DEBUG] [mixin/]: Processing inject() for PlatformAgent[MixinPlatformAgentDefault:SecureJarResource(chunksending)]
[14May2025 22:21:03.336] [main/DEBUG] [mixin/]: Processing inject() for PlatformAgent[MixinPlatformAgentDefault:SecureJarResource(loadmyresources)]
[14May2025 22:21:03.336] [main/DEBUG] [mixin/]: Processing inject() for PlatformAgent[MixinPlatformAgentDefault:SecureJarResource(deuf)]
[14May2025 22:21:03.336] [main/DEBUG] [mixin/]: Processing inject() for PlatformAgent[MixinPlatformAgentDefault:SecureJarResource(aquamirae)]
[14May2025 22:21:03.336] [main/DEBUG] [mixin/]: Processing inject() for PlatformAgent[MixinPlatformAgentDefault:SecureJarResource(defaultoptions)]
[14May2025 22:21:03.336] [main/DEBUG] [mixin/]: Processing inject() for PlatformAgent[MixinPlatformAgentDefault:SecureJarResource(mclib)]
[14May2025 22:21:03.339] [main/DEBUG] [mixin/]: Processing inject() for PlatformAgent[MixinPlatformAgentDefault:SecureJarResource(com.fasterxml.jackson.annotation)]
[14May2025 22:21:03.339] [main/DEBUG] [mixin/]: Processing inject() for PlatformAgent[MixinPlatformAgentDefault:SecureJarResource(org.kohsuke.github.api)]
[14May2025 22:21:03.339] [main/DEBUG] [mixin/]: Processing inject() for PlatformAgent[MixinPlatformAgentDefault:SecureJarResource(com.madgag.gif.fmsware)]
[14May2025 22:21:03.339] [main/DEBUG] [mixin/]: Processing inject() for PlatformAgent[MixinPlatformAgentDefault:SecureJarResource(yabn)]
[14May2025 22:21:03.339] [main/DEBUG] [mixin/]: Processing inject() for PlatformAgent[MixinPlatformAgentDefault:SecureJarResource(Reflect)]
[14May2025 22:21:03.339] [main/DEBUG] [mixin/]: Processing inject() for PlatformAgent[MixinPlatformAgentDefault:SecureJarResource(com.fasterxml.jackson.core)]
[14May2025 22:21:03.339] [main/DEBUG] [mixin/]: Processing inject() for PlatformAgent[MixinPlatformAgentDefault:SecureJarResource(japng)]
[14May2025 22:21:03.339] [main/DEBUG] [mixin/]: Processing inject() for PlatformAgent[MixinPlatformAgentDefault:SecureJarResource(NanoLiveConfig)]
[14May2025 22:21:03.340] [main/DEBUG] [mixin/]: Processing inject() for PlatformAgent[MixinPlatformAgentDefault:SecureJarResource(bytecodecs)]
[14May2025 22:21:03.340] [main/DEBUG] [mixin/]: Processing inject() for PlatformAgent[MixinPlatformAgentDefault:SecureJarResource(MathParser.org.mXparser)]
[14May2025 22:21:03.340] [main/DEBUG] [mixin/]: Processing inject() for PlatformAgent[MixinPlatformAgentDefault:SecureJarResource(MixinSquared)]
[14May2025 22:21:03.340] [main/DEBUG] [mixin/]: Processing inject() for PlatformAgent[MixinPlatformAgentDefault:SecureJarResource(com.fasterxml.jackson.databind)]
[14May2025 22:21:03.340] [main/DEBUG] [mixin/]: Processing inject() for PlatformAgent[MixinPlatformAgentDefault:SecureJarResource(org.apache.httpcomponents.httpmime)]
[14May2025 22:21:03.340] [main/DEBUG] [mixin/]: Processing inject() for PlatformAgent[MixinPlatformAgentDefault:SecureJarResource(MixinExtras)]
[14May2025 22:21:03.341] [main/INFO] [cpw.mods.modlauncher.LaunchServiceHandler/MODLAUNCHER]: Launching target 'forgeserver' with arguments [nogui]
[14May2025 22:21:03.386] [main/DEBUG] [mixin/]: Error cleaning class output directory: .mixin.out
[14May2025 22:21:03.387] [main/DEBUG] [mixin/]: Preparing mixins for MixinEnvironment[DEFAULT]
[14May2025 22:21:03.388] [main/DEBUG] [mixin/]: Selecting config kuma_api.mixins.json
[14May2025 22:21:03.392] [main/DEBUG] [mixin/]: Selecting config kuma_api.forge.mixins.json
[14May2025 22:21:03.394] [main/DEBUG] [mixin/]: Selecting config fabric-renderer-api-v1.mixins.json
[14May2025 22:21:03.397] [main/DEBUG] [mixin/]: Selecting config fabric-renderer-api-v1.debughud.mixins.json
[14May2025 22:21:03.399] [main/DEBUG] [mixin/]: Selecting config easyanvils.common.mixins.json
[14May2025 22:21:03.414] [main/DEBUG] [mixin/]: Selecting config easyanvils.forge.mixins.json
[14May2025 22:21:03.416] [main/DEBUG] [mixin/]: Selecting config animation_overhaul.mixins.json
[14May2025 22:21:03.420] [main/DEBUG] [mixin/]: Selecting config netherportalfix.mixins.json
[14May2025 22:21:03.427] [main/DEBUG] [mixin/]: Selecting config mixins.netherexp.json
[14May2025 22:21:03.432] [main/DEBUG] [mixin/]: Selecting config playerAnimator-common.mixins.json
[14May2025 22:21:03.437] [main/DEBUG] [mixin/]: Selecting config loadingbackgrounds.mixins.json
[14May2025 22:21:03.440] [main/DEBUG] [mixin/]: Selecting config connectivity.mixins.json
[14May2025 22:21:03.446] [main/DEBUG] [mixin/]: Selecting config immersive_aircraft.mixins.json
[14May2025 22:21:03.448] [main/DEBUG] [mixin/]: Selecting config gpumemleakfix.mixins.json
[14May2025 22:21:03.450] [main/DEBUG] [mixin/]: Selecting config structureessentials.mixins.json
[14May2025 22:21:03.453] [main/DEBUG] [mixin/]: Selecting config controlling.mixins.json
[14May2025 22:21:03.456] [main/DEBUG] [mixin/]: Selecting config controlling.forge.mixins.json
[14May2025 22:21:03.458] [main/DEBUG] [mixin/]: Selecting config placebo.mixins.json
[14May2025 22:21:03.460] [main/DEBUG] [mixin/]: Selecting config modernfix-common.mixins.json
[14May2025 22:21:03.565] [main/INFO] [ModernFix/]: Loaded configuration file for ModernFix 5.20.2+mc1.20.1: 87 options available, 0 override(s) found
[14May2025 22:21:03.566] [main/INFO] [ModernFix/]: Applying Nashorn fix
[14May2025 22:21:03.597] [main/INFO] [ModernFix/]: Applied Forge config corruption patch
[14May2025 22:21:03.609] [main/DEBUG] [mixin/]: Selecting config modernfix-forge.mixins.json
[14May2025 22:21:03.620] [main/DEBUG] [mixin/]: Selecting config citadel.mixins.json
[14May2025 22:21:03.626] [main/DEBUG] [mixin/]: Selecting config yungsapi.mixins.json
[14May2025 22:21:03.632] [main/DEBUG] [mixin/]: Selecting config yungsapi_forge.mixins.json
[14May2025 22:21:03.636] [main/DEBUG] [mixin/]: Selecting config mixinextras.init.mixins.json
[14May2025 22:21:03.685] [main/DEBUG] [MixinExtras|Service/]: com.llamalad7.mixinextras.service.MixinExtrasServiceImpl(version=0.4.1) is taking over from null
[14May2025 22:21:03.738] [main/DEBUG] [mixin/]: Registering new injector for @Inject with org.spongepowered.asm.mixin.injection.struct.CallbackInjectionInfo
[14May2025 22:21:03.739] [main/DEBUG] [mixin/]: Registering new injector for @ModifyArg with org.spongepowered.asm.mixin.injection.struct.ModifyArgInjectionInfo
[14May2025 22:21:03.740] [main/DEBUG] [mixin/]: Registering new injector for @ModifyArgs with org.spongepowered.asm.mixin.injection.struct.ModifyArgsInjectionInfo
[14May2025 22:21:03.741] [main/DEBUG] [mixin/]: Registering new injector for @Redirect with org.spongepowered.asm.mixin.injection.struct.RedirectInjectionInfo
[14May2025 22:21:03.742] [main/DEBUG] [mixin/]: Registering new injector for @ModifyVariable with org.spongepowered.asm.mixin.injection.struct.ModifyVariableInjectionInfo
[14May2025 22:21:03.743] [main/DEBUG] [mixin/]: Registering new injector for @ModifyConstant with org.spongepowered.asm.mixin.injection.struct.ModifyConstantInjectionInfo
[14May2025 22:21:03.753] [main/DEBUG] [mixin/]: Selecting config balm.mixins.json
[14May2025 22:21:03.756] [main/DEBUG] [mixin/]: Selecting config snowrealmagic.mixins.json
[14May2025 22:21:03.760] [main/DEBUG] [mixin/]: Selecting config carryon.mixins.json
[14May2025 22:21:03.763] [main/DEBUG] [mixin/]: Selecting config carryon.forge.mixins.json
[14May2025 22:21:03.766] [main/DEBUG] [mixin/]: Selecting config melody.mixins.json
[14May2025 22:21:03.771] [main/DEBUG] [mixin/]: Selecting config melody.forge.mixins.json
[14May2025 22:21:03.774] [main/DEBUG] [mixin/]: Selecting config chat_heads.mixins.json
[14May2025 22:21:03.779] [main/DEBUG] [mixin/]: Selecting config chat_heads.forge.mixins.json
[14May2025 22:21:03.784] [main/DEBUG] [mixin/]: Selecting config mixins.startinv.json
[14May2025 22:21:03.786] [main/DEBUG] [mixin/]: Selecting config sawmill.mixins.json
[14May2025 22:21:03.790] [main/DEBUG] [mixin/]: Selecting config sawmill-common.mixins.json
[14May2025 22:21:03.795] [main/DEBUG] [mixin/]: Selecting config supplementaries-common.mixins.json
[14May2025 22:21:03.802] [main/DEBUG] [mixin/]: Selecting config supplementaries.mixins.json
[14May2025 22:21:03.807] [main/DEBUG] [mixin/]: Selecting config konkrete.mixin.json
[14May2025 22:21:03.809] [main/DEBUG] [mixin/]: Selecting config embeddium.mixins.json
[14May2025 22:21:03.818] [main/INFO] [Embeddium/]: Loaded configuration file for Embeddium: 185 options available, 0 override(s) found
[14May2025 22:21:03.828] [main/DEBUG] [mixin/]: Selecting config embeddiumplus.mixin.json
[14May2025 22:21:03.834] [main/DEBUG] [mixin/]: Selecting config farmersdelight.mixins.json
[14May2025 22:21:03.840] [main/DEBUG] [mixin/]: Selecting config entity_model_features-common.mixins.json
[14May2025 22:21:03.848] [main/DEBUG] [mixin/]: Selecting config entity_model_features.mixins.json
[14May2025 22:21:03.853] [main/DEBUG] [mixin/]: Selecting config entity_model_features-optional.mixins.json
[14May2025 22:21:03.857] [main/DEBUG] [mixin/]: Selecting config entity_texture_features-forge.mixins.json
[14May2025 22:21:03.861] [main/DEBUG] [mixin/]: Selecting config entity_texture_features-common.mixins.json
[14May2025 22:21:03.866] [main/DEBUG] [mixin/]: Selecting config morevillagers-common.mixins.json
[14May2025 22:21:03.870] [main/DEBUG] [mixin/]: Selecting config morevillagers.mixins.json
[14May2025 22:21:03.875] [main/WARN] [mixin/]: Reference map 'morevillagers-forge-forge-refmap.json' for morevillagers.mixins.json could not be read. If this is a development environment you can ignore this message
[14May2025 22:21:03.876] [main/DEBUG] [mixin/]: Selecting config hangglider.common.mixins.json
[14May2025 22:21:03.883] [main/DEBUG] [mixin/]: Selecting config lionfishapi.mixins.json
[14May2025 22:21:03.887] [main/DEBUG] [mixin/]: Selecting config cataclysm.mixins.json
[14May2025 22:21:03.891] [main/DEBUG] [mixin/]: Selecting config curios.mixins.json
[14May2025 22:21:03.895] [main/DEBUG] [mixin/]: Selecting config despawn_tweaker.mixins.json
[14May2025 22:21:03.900] [main/DEBUG] [mixin/]: Selecting config mixins.cerbons_api.json
[14May2025 22:21:03.903] [main/DEBUG] [mixin/]: Selecting config searchables.mixins.json
[14May2025 22:21:03.907] [main/DEBUG] [mixin/]: Selecting config searchables.forge.mixins.json
[14May2025 22:21:03.911] [main/DEBUG] [mixin/]: Selecting config noisium-common.mixins.json
[14May2025 22:21:03.918] [main/DEBUG] [mixin/]: Selecting config cfm.mixins.json
[14May2025 22:21:03.920] [main/DEBUG] [mixin/]: Selecting config boatbreakfix.mixins.json
[14May2025 22:21:03.924] [main/DEBUG] [mixin/]: Selecting config architectury.mixins.json
[14May2025 22:21:03.931] [main/DEBUG] [mixin/]: Selecting config architectury-common.mixins.json
[14May2025 22:21:03.934] [main/DEBUG] [mixin/]: Selecting config enderitemod-common.mixins.json
[14May2025 22:21:03.939] [main/DEBUG] [mixin/]: Selecting config enderitemod.mixins.json
[14May2025 22:21:03.943] [main/WARN] [mixin/]: Reference map 'enderitemod-forge-refmap.json' for enderitemod.mixins.json could not be read. If this is a development environment you can ignore this message
[14May2025 22:21:03.944] [main/DEBUG] [mixin/]: Selecting config cupboard.mixins.json
[14May2025 22:21:03.948] [main/DEBUG] [mixin/]: Selecting config refurbished_furniture.common.mixins.json
[14May2025 22:21:03.952] [main/DEBUG] [mixin/]: Selecting config monolib.mixins.json
[14May2025 22:21:03.957] [main/DEBUG] [mixin/]: Selecting config monolib.forge.mixins.json
[14May2025 22:21:03.964] [main/DEBUG] [MonoLib/]: Loaded com.cursee.monolib.platform.ForgePlatformHelper@1410d645 for service interface com.cursee.monolib.platform.services.IPlatformHelper
[14May2025 22:21:03.985] [main/DEBUG] [mixin/]: Selecting config forge-stackable_stew_and_soup.forge.mixins.json
[14May2025 22:21:03.990] [main/DEBUG] [Stackable Stew and Soup/]: Loaded forge.com.cursee.stackable_stew_and_soup.platform.ForgePlatformHelper@4a04ca74 for service interface forge.com.cursee.stackable_stew_and_soup.platform.services.IPlatformHelper
[14May2025 22:21:03.999] [main/DEBUG] [mixin/]: Selecting config krypton.mixins.json
[14May2025 22:21:04.002] [main/DEBUG] [mixin/]: Selecting config illageandspillage.mixins.json
[14May2025 22:21:04.005] [main/DEBUG] [mixin/]: Selecting config gamemenumodoption.mixins.json
[14May2025 22:21:04.007] [main/DEBUG] [mixin/]: Selecting config playerrevive.mixins.json
[14May2025 22:21:04.010] [main/DEBUG] [mixin/]: Selecting config forge-timeondisplay.forge.mixins.json
[14May2025 22:21:04.013] [main/DEBUG] [mixin/]: Selecting config lithium.mixins.json
[14May2025 22:21:04.046] [main/INFO] [Radium Config/]: Loaded configuration file for Radium: 125 options available, 1 override(s) found
[14May2025 22:21:04.055] [main/DEBUG] [mixin/]: Selecting config kiwi.mixins.json
[14May2025 22:21:04.065] [main/DEBUG] [mixin/]: Selecting config bhmenu.mixins.json
[14May2025 22:21:04.070] [main/DEBUG] [mixin/]: Selecting config mowziesmobs.mixins.json
[14May2025 22:21:04.074] [main/DEBUG] [mixin/]: Selecting config geckolib.mixins.json
[14May2025 22:21:04.077] [main/DEBUG] [mixin/]: Selecting config mutantmonsters.common.mixins.json
[14May2025 22:21:04.082] [main/DEBUG] [mixin/]: Selecting config amendments.mixins.json
[14May2025 22:21:04.086] [main/DEBUG] [mixin/]: Selecting config amendments-common.mixins.json
[14May2025 22:21:04.091] [main/DEBUG] [mixin/]: Selecting config mixins.elysium_api.json
[14May2025 22:21:04.094] [main/DEBUG] [mixin/]: Selecting config graveyard-common.mixins.json
[14May2025 22:21:04.099] [main/DEBUG] [mixin/]: Selecting config graveyard-forge.mixins.json
[14May2025 22:21:04.106] [main/WARN] [mixin/]: Reference map 'graveyard-FORGE-forge-refmap.json' for graveyard-forge.mixins.json could not be read. If this is a development environment you can ignore this message
[14May2025 22:21:04.107] [main/DEBUG] [mixin/]: Selecting config attributefix.mixins.json
[14May2025 22:21:04.113] [main/DEBUG] [mixin/]: Selecting config caelus.mixins.json
[14May2025 22:21:04.118] [main/DEBUG] [mixin/]: Selecting config obscure_api.mixins.json
[14May2025 22:21:04.122] [main/DEBUG] [mixin/]: Selecting config waystones.mixins.json
[14May2025 22:21:04.125] [main/DEBUG] [mixin/]: Selecting config fabric-renderer-indigo.mixins.json
[14May2025 22:21:04.130] [main/DEBUG] [mixin/]: Selecting config clumps.mixins.json
[14May2025 22:21:04.134] [main/DEBUG] [mixin/]: Selecting config fastasyncworldsave.mixins.json
[14May2025 22:21:04.137] [main/DEBUG] [mixin/]: Selecting config myserveriscompatible.mixins.json
[14May2025 22:21:04.141] [main/DEBUG] [mixin/]: Selecting config neruina.mixins.json
[14May2025 22:21:04.146] [main/DEBUG] [mixin/]: Selecting config mixins.bosses_of_mass_destruction.json
[14May2025 22:21:04.155] [main/DEBUG] [mixin/]: Selecting config forge-automessage.forge.mixins.json
[14May2025 22:21:04.158] [main/DEBUG] [mixin/]: Selecting config puzzlesaccessapi.common.mixins.json
[14May2025 22:21:04.163] [main/WARN] [mixin/]: Reference map 'puzzlesaccessapi.common.refmap.json' for puzzlesaccessapi.common.mixins.json could not be read. If this is a development environment you can ignore this message
[14May2025 22:21:04.164] [main/DEBUG] [mixin/]: Selecting config puzzlesaccessapi.forge.mixins.json
[14May2025 22:21:04.168] [main/DEBUG] [mixin/]: Selecting config friendsandfoes-common.mixins.json
[14May2025 22:21:04.175] [main/DEBUG] [mixin/]: Selecting config friendsandfoes-forge.mixins.json
[14May2025 22:21:04.183] [main/DEBUG] [mixin/]: Selecting config craftingtweaks.mixins.json
[14May2025 22:21:04.186] [main/DEBUG] [mixin/]: Selecting config smoothchunk.mixins.json
[14May2025 22:21:04.189] [main/DEBUG] [mixin/]: Selecting config alexscaves.mixins.json
[14May2025 22:21:04.193] [main/DEBUG] [mixin/]: Selecting config moonlight-common.mixins.json
[14May2025 22:21:04.198] [main/DEBUG] [mixin/]: Selecting config moonlight.mixins.json
[14May2025 22:21:04.201] [main/DEBUG] [mixin/]: Selecting config fabric-api-base.init.mixins.json
[14May2025 22:21:04.211] [main/DEBUG] [mixin/]: Selecting config mousetweaks.mixins.json
[14May2025 22:21:04.213] [main/DEBUG] [mixin/]: Selecting config bettercombat.mixins.json
[14May2025 22:21:04.218] [main/DEBUG] [mixin/]: Selecting config necronomicon-common.mixins.json
[14May2025 22:21:04.221] [main/DEBUG] [mixin/]: Selecting config mixinsquared.init.mixins.json
[14May2025 22:21:04.232] [main/DEBUG] [mixin/]: Registering new target selector for @mixinsquared:handler with com.bawnorton.mixinsquared.selector.DynamicSelectorHandler
[14May2025 22:21:04.248] [main/DEBUG] [mixin/]: Selecting config mixins/common/nochatreports.mixins.json
[14May2025 22:21:04.252] [main/DEBUG] [mixin/]: Selecting config mixins/forge/nochatreports-forge.mixins.json
[14May2025 22:21:04.255] [main/DEBUG] [mixin/]: Selecting config jade.mixins.json
[14May2025 22:21:04.258] [main/DEBUG] [mixin/]: Selecting config creativecore.mixins.json
[14May2025 22:21:04.262] [main/DEBUG] [mixin/]: Selecting config creativecore.forge.mixins.json
[14May2025 22:21:04.269] [main/DEBUG] [mixin/]: Selecting config alltheleaks.mixins.json
[14May2025 22:21:04.271] [main/DEBUG] [mixinsquared/]: Registered canceller dev.uncandango.alltheleaks.mixinsq.ATLMixinCanceller
[14May2025 22:21:04.274] [main/DEBUG] [mixin/]: Selecting config nethersdelight.mixins.json
[14May2025 22:21:04.278] [main/DEBUG] [mixin/]: Selecting config ribbits.mixins.json
[14May2025 22:21:04.281] [main/DEBUG] [mixin/]: Selecting config ribbits_forge.mixins.json
[14May2025 22:21:04.284] [main/DEBUG] [mixin/]: Selecting config legendary_monsters.mixins.json
[14May2025 22:21:04.287] [main/DEBUG] [mixin/]: Selecting config mixins.irons_spellbooks.json
[14May2025 22:21:04.290] [main/DEBUG] [mixin/]: Selecting config entityculling.mixins.json
[14May2025 22:21:04.292] [main/DEBUG] [mixin/]: Selecting config crittersandcompanions.mixins.json
[14May2025 22:21:04.295] [main/DEBUG] [mixin/]: Selecting config backpacked.forge.mixins.json
[14May2025 22:21:04.298] [main/DEBUG] [mixin/]: Selecting config backpacked.common.mixins.json
[14May2025 22:21:04.301] [main/DEBUG] [mixin/]: Selecting config fancymenu.mixins.json
[14May2025 22:21:04.306] [main/DEBUG] [mixin/]: Selecting config fancymenu.forge.mixins.json
[14May2025 22:21:04.309] [main/DEBUG] [mixin/]: Selecting config immediatelyfast-forge.mixins.json
[14May2025 22:21:04.327] [main/DEBUG] [mixin/]: Selecting config immediatelyfast-common.mixins.json
[14May2025 22:21:04.331] [main/DEBUG] [mixin/]: Selecting config bettertridents.common.mixins.json
[14May2025 22:21:04.358] [main/DEBUG] [mixin/]: Selecting config creeperoverhaul-common.mixins.json
[14May2025 22:21:04.362] [main/DEBUG] [mixin/]: Selecting config automobility.mixins.json
[14May2025 22:21:04.364] [main/DEBUG] [mixin/]: Selecting config automobility_forge.mixins.json
[14May2025 22:21:04.368] [main/DEBUG] [mixin/]: Selecting config ferritecore.predicates.mixin.json
[14May2025 22:21:04.392] [main/DEBUG] [mixin/]: Selecting config ferritecore.fastmap.mixin.json
[14May2025 22:21:04.401] [main/DEBUG] [mixin/]: Selecting config ferritecore.mrl.mixin.json
[14May2025 22:21:04.408] [main/DEBUG] [mixin/]: Selecting config ferritecore.dedupmultipart.mixin.json
[14May2025 22:21:04.419] [main/DEBUG] [mixin/]: Selecting config ferritecore.blockstatecache.mixin.json
[14May2025 22:21:04.426] [main/DEBUG] [mixin/]: Selecting config ferritecore.dedupbakedquad.mixin.json
[14May2025 22:21:04.433] [main/DEBUG] [mixin/]: Selecting config ferritecore.threaddetec.mixin.json
[14May2025 22:21:04.437] [main/DEBUG] [mixin/]: Selecting config ferritecore.modelsides.mixin.json
[14May2025 22:21:04.441] [main/DEBUG] [mixin/]: Selecting config visuality.mixins.json
[14May2025 22:21:04.443] [main/DEBUG] [mixin/]: Selecting config puzzleslib.common.mixins.json
[14May2025 22:21:04.460] [main/INFO] [Puzzles Lib/]: Loading 140 mods:
	- aiimprovements 0.5.2
	- alexscaves 2.0.2
	- alexsmobs 1.22.9
	- alltheleaks 0.1.0-beta+1.20.1-forge
		\-- mixinsquared 0.2.0
	- alternate_current 1.7.0
	- amendments 1.20-1.2.19
	- animation_overhaul 1.3.1
	- aquamirae 6.API15
	- architectury 9.2.14
	- attributefix 21.0.4
	- automessage 2.2.0
	- automobility 0.4.2+1.20.1-forge
	- backpacked 3.0.0-beta.9
	- badoptimizations 2.2.1
	- balm 7.3.11
		\-- kuma_api 20.1.9-SNAPSHOT
	- bettercombat 1.8.6+1.20.1
	- bettertridents 8.0.1
	- bhmenu 2.4.2
	- boatbreakfix 1.0.2
	- born_in_chaos_v1 1.6.3
	- bosses_of_mass_destruction 1.1.1
	- caelus 3.2.0+1.20.1
	- carryon 2.1.2.7
		\-- mixinextras 0.2.0-beta.6
	- cataclysm 2.47
	- cataclysmiccombat 1.4
	- catalogue 1.8.0
	- cerbons_api 1.0.0
	- cfm 7.0.0-pre36
	- charmofundying 6.5.0+1.20.1
		\-- spectrelib 0.13.15+1.20.1
	- chat_heads 0.13.11
	- chunksending 1.20.1-2.8
	- citadel 2.6.1
	- cloth_config 11.1.136
	- clumps 12.0.0.4
	- connectivity 1.20.1-6.5
	- controlling 12.0.2
	- craftingtweaks 18.2.5
	- creativecore 2.12.31
	- creeperoverhaul 3.0.2
		\-- resourcefullib 2.1.20
	- crittersandcompanions 2.2.2
	- cupboard 1.20.1-2.7
	- curios 5.11.1+1.20.1
	- darkestsouls 1.2.2.5
	- defaultoptions 18.0.1
	- despawn_tweaker 1.20.1-1.0.0
	- deuf 1.20.1-1.3
	- dungeons_arise 2.1.58-1.20.x
	- easyanvils 8.0.2
	- elysium_api 1.0.2
	- embeddium 0.3.31+mc1.20.1
		\-- rubidium 0.7.1
	- embeddiumplus 1.2.13
	- enchantinginfuser 8.0.3
	- enderitemod 1.5.1
	- enemyexpansion 2.3.1
	- entity_model_features 2.4.1
	- entity_texture_features 6.2.9
	- entityculling 1.7.2
	- fancymenu 3.3.2
	- farmersdelight 1.20.1-1.2.7
	- fastasyncworldsave 1.20.1-2.3
	- fastleafdecay 32
	- ferritecore 6.0.1
	- forge 47.3.7
	- forgeconfigscreens 8.0.2
	- framework 0.7.12
	- friendsandfoes 3.0.9
	- gamemenumodoption 2.2.1
	- geckolib 4.7.1.2
	- gpumemleakfix 1.20.1-1.8
	- gravestone 1.20.1-1.0.24
	- graveyard 3.1
	- hangglider 8.0.1
	- illageandspillage 1.2.8
	- immediatelyfast 1.3.4+1.20.4
	- immersive_aircraft 1.2.2+1.20.1
	- irons_spellbooks 1.20.1-3.4.0.7
	- jade 11.12.3+forge
	- jei 15.12.2.51
	- kiwi 11.8.29+forge
	- konkrete 1.8.0
	- krypton 0.2.3
	- legendary_monsters 1.20.1
	- lionfishapi 2.4-Fix
	- loadingbackgrounds 1.5.0
	- loadmyresources 1.0.4
	- melody 1.0.2
	- minecraft 1.20.1
	- moa_decor_electronics 1.20.1.
	- modernfix 5.20.2+mc1.20.1
	- monolib 2.0.0
	- moonlight 1.20-2.13.79
	- morevillagers 5.0.0
	- mousetweaks 2.25.1
	- mowziesmobs 1.6.4
	- mutantmonsters 8.0.7
	- myserveriscompatible 1.0
	- necronomicon 1.6.0
	- neruina 2.1.2
	- netherexp 2.2.1
	- netherportalfix 13.0.1
	- nethersdelight 1.20.1-4.0
	- nfm 2024.12.20
	- nochatreports 1.20.1-v2.2.2
	- noisium 2.3.0+mc1.20-1.20.1
	- obscure_api 15
	- placebo 8.6.2
	- playeranimator 1.0.2-rc1+1.20
	- playerrevive 2.0.31
	- puzzleslib 8.1.32
		\-- puzzlesaccessapi 20.1.1
	- radium 0.12.4+git.26c9d8e
	- redeco 1.14.1
	- refurbished_furniture 1.0.12
	- resourcefulconfig 2.1.2
	- ribbits 1.20.1-Forge-3.0.4
	- sawmill 1.20-1.4.6
	- searchables 1.0.3
	- smoothchunk 1.20.1-4.0
	- snowrealmagic 10.6.1
		|-- fabric_api_base 0.4.31+ef105b4977
		|-- fabric_renderer_api_v1 3.2.1+1d29b44577
		\-- fabric_renderer_indigo 1.5.2+b5b2da4177
	- spark 1.10.53
	- stackable_stew_and_soup 2.0.1
	- startinv 1.0.0
	- structureessentials 1.20.1-4.2
	- supplementaries 1.20-3.1.24
	- timeondisplay 2.0.0
	- universalbonemeal 8.0.1
	- visuality 2.0.2
	- voicechat 1.20.1-2.5.26
	- watching 1.9.2
	- waystones 14.1.8
	- xaerominimap 25.0.0
	- yungsapi 1.20-Forge-4.0.6
[14May2025 22:21:04.468] [main/DEBUG] [mixin/]: Selecting config puzzleslib.forge.mixins.json
[14May2025 22:21:04.472] [main/DEBUG] [mixin/]: Selecting config charmofundying.mixins.json
[14May2025 22:21:04.474] [main/DEBUG] [mixin/]: Selecting config forge-badoptimizations.mixins.json
[14May2025 22:21:04.477] [main/DEBUG] [mixin/]: Selecting config chunksending.mixins.json
[14May2025 22:21:04.479] [main/DEBUG] [mixin/]: Selecting config aquamirae.mixins.json
[14May2025 22:21:04.482] [main/WARN] [mixin/]: Reference map 'Aquamirae.refmap.json' for aquamirae.mixins.json could not be read. If this is a development environment you can ignore this message
[14May2025 22:21:04.482] [main/DEBUG] [mixin/]: Selecting config defaultoptions.mixins.json
[14May2025 22:21:04.485] [main/DEBUG] [mixin/]: Preparing kuma_api.mixins.json (1)
[14May2025 22:21:04.485] [main/DEBUG] [mixin/]: Preparing kuma_api.forge.mixins.json (0)
[14May2025 22:21:04.485] [main/DEBUG] [mixin/]: Preparing fabric-renderer-api-v1.mixins.json (5)
[14May2025 22:21:04.485] [main/DEBUG] [mixin/]: Preparing fabric-renderer-api-v1.debughud.mixins.json (1)
[14May2025 22:21:04.486] [main/DEBUG] [mixin/]: Preparing easyanvils.common.mixins.json (5)
[14May2025 22:21:04.530] [main/DEBUG] [mixin/]: Preparing easyanvils.forge.mixins.json (0)
[14May2025 22:21:04.531] [main/DEBUG] [mixin/]: Preparing animation_overhaul.mixins.json (3)
[14May2025 22:21:04.531] [main/DEBUG] [mixin/]: Preparing netherportalfix.mixins.json (4)
[14May2025 22:21:04.543] [main/DEBUG] [net.minecraftforge.coremod.transformer.CoreModBaseTransformer/COREMOD]: Transforming net/minecraft/server/level/ServerPlayer
[14May2025 22:21:04.714] [main/DEBUG] [net.minecraftforge.coremod.transformer.CoreModBaseTransformer/COREMOD]: Transforming m_36170_ with desc (Lnet/minecraft/world/entity/player/PlayerModelPart;)Z
[14May2025 22:21:04.875] [main/DEBUG] [mixin/]: Preparing mixins.netherexp.json (41)
[14May2025 22:21:04.995] [main/DEBUG] [net.minecraftforge.coremod.transformer.CoreModBaseTransformer/COREMOD]: Transforming m_36170_ with desc (Lnet/minecraft/world/entity/player/PlayerModelPart;)Z
[14May2025 22:21:05.037] [main/DEBUG] [net.minecraftforge.coremod.transformer.CoreModBaseTransformer/COREMOD]: Transforming net/minecraft/world/entity/monster/Strider
[14May2025 22:21:05.291] [main/DEBUG] [net.minecraftforge.coremod.transformer.CoreModBaseTransformer/COREMOD]: Transforming net/minecraft/world/item/BucketItem
[14May2025 22:21:05.310] [main/DEBUG] [net.minecraftforge.coremod.transformer.CoreModBaseTransformer/COREMOD]: Transforming net/minecraft/world/item/ItemStack
[14May2025 22:21:05.328] [main/DEBUG] [net.minecraftforge.coremod.transformer.CoreModBaseTransformer/COREMOD]: Transforming getEnchantmentLevel with desc (Lnet/minecraft/world/item/enchantment/Enchantment;)I
[14May2025 22:21:05.340] [main/INFO] [net.minecraftforge.coremod.CoreMod.placebo/COREMODLOG]: Patching IForgeItemStack#getEnchantmentLevel
[14May2025 22:21:05.354] [main/DEBUG] [net.minecraftforge.coremod.transformer.CoreModBaseTransformer/COREMOD]: Transforming getAllEnchantments with desc ()Ljava/util/Map;
[14May2025 22:21:05.362] [main/INFO] [net.minecraftforge.coremod.CoreMod.placebo/COREMODLOG]: Patching IForgeItemStack#getEnchantmentLevel
[14May2025 22:21:05.386] [main/DEBUG] [mixin/]: Preparing playerAnimator-common.mixins.json (14)
[14May2025 22:21:05.387] [main/DEBUG] [mixin/]: Preparing loadingbackgrounds.mixins.json (6)
[14May2025 22:21:05.387] [main/DEBUG] [mixin/]: Preparing connectivity.mixins.json (27)
[14May2025 22:21:05.408] [main/DEBUG] [net.minecraftforge.coremod.transformer.CoreModBaseTransformer/COREMOD]: Transforming net/minecraft/world/level/chunk/LevelChunk
[14May2025 22:21:05.462] [main/DEBUG] [mixin/]: Preparing immersive_aircraft.mixins.json (15)
[14May2025 22:21:05.465] [main/DEBUG] [mixin/]: Preparing gpumemleakfix.mixins.json (1)
[14May2025 22:21:05.465] [main/DEBUG] [mixin/]: Preparing structureessentials.mixins.json (15)
[14May2025 22:21:05.478] [main/INFO] [com.cupboard.Cupboard/]: Loaded config for: structureessentials.json
[14May2025 22:21:05.514] [main/DEBUG] [net.minecraftforge.coremod.transformer.CoreModBaseTransformer/COREMOD]: Transforming net/minecraft/world/level/levelgen/structure/Structure
[14May2025 22:21:05.521] [main/DEBUG] [mixin/]: Preparing controlling.mixins.json (5)
[14May2025 22:21:05.521] [main/DEBUG] [mixin/]: Preparing controlling.forge.mixins.json (0)
[14May2025 22:21:05.521] [main/DEBUG] [mixin/]: Preparing placebo.mixins.json (6)
[14May2025 22:21:05.532] [main/DEBUG] [mixin/]: Preparing modernfix-common.mixins.json (101)
[14May2025 22:21:05.549] [main/DEBUG] [ModernFix/]: No rules matched mixin 'perf.compact_mojang_registries.MappedRegistryMixin', treating as foreign and disabling!
[14May2025 22:21:05.582] [main/DEBUG] [net.minecraftforge.coremod.transformer.CoreModBaseTransformer/COREMOD]: Transforming net/minecraft/world/level/biome/Biome
[14May2025 22:21:05.661] [main/DEBUG] [net.minecraftforge.coremod.transformer.CoreModBaseTransformer/COREMOD]: Transforming net/minecraft/server/MinecraftServer
[14May2025 22:21:05.696] [main/DEBUG] [mixin/]: Preparing modernfix-forge.mixins.json (47)
[14May2025 22:21:05.743] [main/DEBUG] [mixin/]: Preparing citadel.mixins.json (15)
[14May2025 22:21:05.757] [main/DEBUG] [mixin/]: Preparing yungsapi.mixins.json (11)
[14May2025 22:21:05.761] [main/DEBUG] [yungsapi/]: Loaded com.yungnickyoung.minecraft.yungsapi.services.ForgePlatformHelper@77998ea7 for service interface com.yungnickyoung.minecraft.yungsapi.services.IPlatformHelper
[14May2025 22:21:05.765] [main/DEBUG] [yungsapi/]: Loaded com.yungnickyoung.minecraft.yungsapi.services.ForgeAutoRegisterHelper@229cb4d8 for service interface com.yungnickyoung.minecraft.yungsapi.services.IAutoRegisterHelper
[14May2025 22:21:05.766] [main/DEBUG] [yungsapi/]: Loaded com.yungnickyoung.minecraft.yungsapi.services.ForgeBlockEntityTypeHelper@7d3bcd3 for service interface com.yungnickyoung.minecraft.yungsapi.services.IBlockEntityTypeHelper
[14May2025 22:21:05.766] [main/DEBUG] [yungsapi/]: Loaded com.yungnickyoung.minecraft.yungsapi.services.ForgeParticleTypeHelper@112530c3 for service interface com.yungnickyoung.minecraft.yungsapi.services.IParticleTypeHelper
[14May2025 22:21:05.778] [main/DEBUG] [mixin/]: Preparing yungsapi_forge.mixins.json (1)
[14May2025 22:21:05.778] [main/DEBUG] [mixin/]: Preparing mixinextras.init.mixins.json (0)
[14May2025 22:21:05.779] [main/DEBUG] [mixin/]: Preparing balm.mixins.json (17)
[14May2025 22:21:05.786] [main/DEBUG] [net.minecraftforge.coremod.transformer.CoreModBaseTransformer/COREMOD]: Transforming m_11229_ with desc (Lnet/minecraft/server/level/ServerPlayer;Lnet/minecraft/server/level/ServerLevel;)V
[14May2025 22:21:05.805] [main/DEBUG] [mixin/]: Preparing snowrealmagic.mixins.json (22)
[14May2025 22:21:05.828] [main/WARN] [mixin/]: Error loading class: sereneseasons/season/RandomUpdateHandler (java.lang.ClassNotFoundException: sereneseasons.season.RandomUpdateHandler)
[14May2025 22:21:05.829] [main/WARN] [mixin/]: @Mixin target sereneseasons.season.RandomUpdateHandler was not found snowrealmagic.mixins.json:sereneseasons.RandomUpdateHandlerMixin
[14May2025 22:21:05.829] [main/DEBUG] [mixin/]: Preparing carryon.mixins.json (5)
[14May2025 22:21:05.834] [main/DEBUG] [mixin/]: Preparing carryon.forge.mixins.json (0)
[14May2025 22:21:05.834] [main/DEBUG] [mixin/]: Preparing melody.mixins.json (3)
[14May2025 22:21:05.834] [main/DEBUG] [mixin/]: Preparing melody.forge.mixins.json (0)
[14May2025 22:21:05.834] [main/DEBUG] [mixin/]: Preparing chat_heads.mixins.json (14)
[14May2025 22:21:05.834] [main/DEBUG] [mixin/]: Preparing chat_heads.forge.mixins.json (3)
[14May2025 22:21:05.834] [main/DEBUG] [mixin/]: Preparing mixins.startinv.json (1)
[14May2025 22:21:05.835] [main/DEBUG] [mixin/]: Preparing sawmill.mixins.json (1)
[14May2025 22:21:05.835] [main/DEBUG] [mixin/]: Preparing sawmill-common.mixins.json (3)
[14May2025 22:21:05.838] [main/DEBUG] [mixin/]: Preparing supplementaries-common.mixins.json (78)
[14May2025 22:21:05.959] [main/DEBUG] [mixin/]: Preparing supplementaries.mixins.json (28)
[14May2025 22:21:05.983] [main/DEBUG] [mixin/]: @Mixin target net/minecraft/network/protocol/game/ClientboundLevelChunkPacketData$BlockEntityInfo is public in supplementaries.mixins.json:ChunkHolderMixin and should be specified in value
[14May2025 22:21:06.003] [main/DEBUG] [mixin/]: @Mixin target net/minecraft/world/entity/npc/VillagerTrades$TreasureMapForEmeralds is public in supplementaries.mixins.json:TreasureMapForEmeraldsMixin and should be specified in value
[14May2025 22:21:06.033] [main/DEBUG] [mixin/]: Preparing konkrete.mixin.json (5)
[14May2025 22:21:06.034] [main/DEBUG] [mixin/]: Preparing embeddium.mixins.json (0)
[14May2025 22:21:06.034] [main/DEBUG] [mixin/]: Preparing embeddiumplus.mixin.json (29)
[14May2025 22:21:06.034] [main/DEBUG] [mixin/]: Preparing farmersdelight.mixins.json (9)
[14May2025 22:21:06.043] [main/DEBUG] [mixin/]: Preparing entity_model_features-common.mixins.json (44)
[14May2025 22:21:06.043] [main/DEBUG] [mixin/]: Preparing entity_model_features.mixins.json (0)
[14May2025 22:21:06.043] [main/DEBUG] [mixin/]: Preparing entity_texture_features-forge.mixins.json (1)
[14May2025 22:21:06.043] [main/DEBUG] [mixin/]: Preparing entity_texture_features-common.mixins.json (45)
[14May2025 22:21:06.043] [main/DEBUG] [mixin/]: Preparing morevillagers-common.mixins.json (2)
[14May2025 22:21:06.045] [main/DEBUG] [mixin/]: Preparing morevillagers.mixins.json (0)
[14May2025 22:21:06.045] [main/DEBUG] [mixin/]: Preparing hangglider.common.mixins.json (4)
[14May2025 22:21:06.046] [main/DEBUG] [mixin/]: Preparing lionfishapi.mixins.json (2)
[14May2025 22:21:06.047] [main/DEBUG] [mixin/]: Preparing cataclysm.mixins.json (21)
[14May2025 22:21:06.093] [main/DEBUG] [net.minecraftforge.coremod.transformer.CoreModBaseTransformer/COREMOD]: Transforming net/minecraft/world/level/levelgen/structure/templatesystem/StructureTemplate
[14May2025 22:21:06.351] [main/DEBUG] [mixin/]: Preparing curios.mixins.json (13)
[14May2025 22:21:06.357] [main/DEBUG] [mixin/]: Preparing despawn_tweaker.mixins.json (1)
[14May2025 22:21:06.358] [main/DEBUG] [mixin/]: Preparing mixins.cerbons_api.json (8)
[14May2025 22:21:06.363] [main/DEBUG] [mixin/]: Preparing searchables.mixins.json (1)
[14May2025 22:21:06.363] [main/DEBUG] [mixin/]: Preparing searchables.forge.mixins.json (0)
[14May2025 22:21:06.363] [main/DEBUG] [mixin/]: Preparing noisium-common.mixins.json (5)
[14May2025 22:21:06.367] [main/DEBUG] [mixin/]: Preparing cfm.mixins.json (2)
[14May2025 22:21:06.368] [main/DEBUG] [mixin/]: Preparing boatbreakfix.mixins.json (1)
[14May2025 22:21:06.371] [main/DEBUG] [mixin/]: Preparing architectury.mixins.json (9)
[14May2025 22:21:06.373] [main/DEBUG] [mixin/]: Preparing architectury-common.mixins.json (10)
[14May2025 22:21:06.376] [main/DEBUG] [net.minecraftforge.coremod.transformer.CoreModBaseTransformer/COREMOD]: Transforming net/minecraft/world/entity/EntityType
[14May2025 22:21:06.488] [main/DEBUG] [net.minecraftforge.coremod.transformer.CoreModBaseTransformer/COREMOD]: Transforming net/minecraft/world/level/block/LiquidBlock
[14May2025 22:21:06.493] [main/DEBUG] [mixin/]: Preparing enderitemod-common.mixins.json (20)
[14May2025 22:21:06.497] [main/DEBUG] [mixin/]: Preparing enderitemod.mixins.json (0)
[14May2025 22:21:06.497] [main/DEBUG] [mixin/]: Preparing cupboard.mixins.json (5)
[14May2025 22:21:06.499] [main/DEBUG] [mixin/]: Preparing refurbished_furniture.common.mixins.json (12)
[14May2025 22:21:06.501] [main/DEBUG] [mixin/]: Preparing monolib.mixins.json (1)
[14May2025 22:21:06.501] [main/DEBUG] [mixin/]: Preparing monolib.forge.mixins.json (2)
[14May2025 22:21:06.502] [main/DEBUG] [mixin/]: Preparing forge-stackable_stew_and_soup.forge.mixins.json (4)
[14May2025 22:21:06.512] [main/DEBUG] [mixin/]: Preparing krypton.mixins.json (18)
[14May2025 22:21:06.520] [main/DEBUG] [mixin/]: Preparing illageandspillage.mixins.json (3)
[14May2025 22:21:06.523] [main/DEBUG] [net.minecraftforge.coremod.transformer.CoreModBaseTransformer/COREMOD]: Transforming net/minecraft/world/entity/raid/Raid
[14May2025 22:21:06.654] [main/DEBUG] [mixin/]: Preparing gamemenumodoption.mixins.json (2)
[14May2025 22:21:06.654] [main/DEBUG] [mixin/]: Preparing playerrevive.mixins.json (5)
[14May2025 22:21:06.655] [main/DEBUG] [mixin/]: Preparing forge-timeondisplay.forge.mixins.json (1)
[14May2025 22:21:06.655] [main/DEBUG] [mixin/]: Preparing lithium.mixins.json (220)
[14May2025 22:21:06.668] [main/WARN] [Radium Config/]: Force-disabling mixin 'alloc.blockstate.StateMixin' as option 'mixin.alloc.blockstate' (added by mods [ferritecore]) disables it and children
[14May2025 22:21:06.796] [main/DEBUG] [mixin/]: Preparing kiwi.mixins.json (42)
[14May2025 22:21:06.814] [main/DEBUG] [net.minecraftforge.coremod.transformer.CoreModBaseTransformer/COREMOD]: Transforming net/minecraft/world/entity/npc/Villager
[14May2025 22:21:06.966] [main/DEBUG] [mixin/]: Preparing bhmenu.mixins.json (2)
[14May2025 22:21:06.966] [main/DEBUG] [mixin/]: Preparing mowziesmobs.mixins.json (1)
[14May2025 22:21:06.969] [main/DEBUG] [mixin/]: Preparing geckolib.mixins.json (1)
[14May2025 22:21:06.969] [main/DEBUG] [mixin/]: Preparing mutantmonsters.common.mixins.json (2)
[14May2025 22:21:06.972] [main/DEBUG] [mixin/]: Preparing amendments.mixins.json (3)
[14May2025 22:21:06.975] [main/DEBUG] [mixin/]: Preparing amendments-common.mixins.json (34)
[14May2025 22:21:07.007] [main/DEBUG] [mixin/]: @Mixin target net/minecraft/world/level/block/WallHangingSignBlock is public in amendments-common.mixins.json:CeilingHangingSignBlockMixin and should be specified in value
[14May2025 22:21:07.009] [main/DEBUG] [mixin/]: @Mixin target net/minecraft/world/level/block/CeilingHangingSignBlock is public in amendments-common.mixins.json:CeilingHangingSignBlockMixin and should be specified in value
[14May2025 22:21:07.012] [main/DEBUG] [net.minecraftforge.coremod.transformer.CoreModBaseTransformer/COREMOD]: Transforming net/minecraft/world/level/block/FlowerPotBlock
[14May2025 22:21:07.047] [main/DEBUG] [mixin/]: @Mixin target net/minecraft/world/level/block/SkullBlock is public in amendments-common.mixins.json:SkullBlockMixin and should be specified in value
[14May2025 22:21:07.049] [main/DEBUG] [mixin/]: @Mixin target net/minecraft/world/level/block/WallSkullBlock is public in amendments-common.mixins.json:SkullBlockMixin and should be specified in value
[14May2025 22:21:07.053] [main/DEBUG] [mixin/]: Preparing mixins.elysium_api.json (5)
[14May2025 22:21:07.059] [main/DEBUG] [mixin/]: Preparing graveyard-common.mixins.json (11)
[14May2025 22:21:07.069] [main/DEBUG] [mixin/]: Preparing graveyard-forge.mixins.json (0)
[14May2025 22:21:07.069] [main/DEBUG] [mixin/]: Preparing attributefix.mixins.json (1)
[14May2025 22:21:07.070] [main/DEBUG] [mixin/]: Preparing caelus.mixins.json (4)
[14May2025 22:21:07.071] [main/DEBUG] [mixin/]: Preparing obscure_api.mixins.json (6)
[14May2025 22:21:07.075] [main/DEBUG] [mixin/]: Preparing waystones.mixins.json (3)
[14May2025 22:21:07.076] [main/DEBUG] [mixin/]: @Mixin target net/minecraft/world/level/levelgen/structure/pools/JigsawPlacement$Placer is public in waystones.mixins.json:JigsawPlacementPlacerMixin and should be specified in value
[14May2025 22:21:07.076] [main/DEBUG] [mixin/]: Preparing fabric-renderer-indigo.mixins.json (5)
[14May2025 22:21:07.077] [main/DEBUG] [mixin/]: Preparing clumps.mixins.json (2)
[14May2025 22:21:07.082] [main/DEBUG] [mixin/]: Preparing fastasyncworldsave.mixins.json (2)
[14May2025 22:21:07.086] [main/DEBUG] [net.minecraftforge.coremod.transformer.CoreModBaseTransformer/COREMOD]: Transforming m_78311_ with desc ()V
[14May2025 22:21:07.103] [main/DEBUG] [mixin/]: Preparing myserveriscompatible.mixins.json (1)
[14May2025 22:21:07.103] [main/DEBUG] [mixin/]: Preparing neruina.mixins.json (22)
[14May2025 22:21:07.110] [main/DEBUG] [NeruinaMixinPlugin/]: com.bawnorton.neruina.mixin.catchers.WorldMixin is being applied because [noseenotick, itshallnottick, does_potato_tick] are not loaded
[14May2025 22:21:07.112] [main/DEBUG] [NeruinaMixinPlugin/]: com.bawnorton.neruina.mixin.catchers.fabric.PlayerInventoryMixin is not being applied because we are using FORGE
[14May2025 22:21:07.113] [main/DEBUG] [NeruinaMixinPlugin/]: com.bawnorton.neruina.mixin.catchers.forge.PlayerInventory47219Mixin is not being applied because we are using FORGE 47.3.7
[14May2025 22:21:07.114] [main/DEBUG] [NeruinaMixinPlugin/]: com.bawnorton.neruina.mixin.catchers.forge.PlayerInventory47220Mixin is being applied because we are using FORGE 47.3.7
[14May2025 22:21:07.115] [main/DEBUG] [NeruinaMixinPlugin/]: com.bawnorton.neruina.mixin.catchers.neoforge.PlayerInventoryMixin is not being applied because we are using FORGE
[14May2025 22:21:07.115] [main/DEBUG] [NeruinaMixinPlugin/]: com.bawnorton.neruina.mixin.compat.doespotatotick.DPTUtilsMixin is not being applied because [does_potato_tick] are not loaded
[14May2025 22:21:07.116] [main/DEBUG] [NeruinaMixinPlugin/]: com.bawnorton.neruina.mixin.compat.doespotatotick.WorldMixin is not being applied because [does_potato_tick] are not loaded
[14May2025 22:21:07.117] [main/DEBUG] [NeruinaMixinPlugin/]: com.bawnorton.neruina.mixin.compat.itshallnottick.WorldMixin is not being applied because [itshallnottick] are not loaded
[14May2025 22:21:07.118] [main/DEBUG] [NeruinaMixinPlugin/]: com.bawnorton.neruina.mixin.compat.noseenotick.WorldMixin is not being applied because [noseenotick] are not loaded
[14May2025 22:21:07.122] [main/DEBUG] [mixin/]: Preparing mixins.bosses_of_mass_destruction.json (6)
[14May2025 22:21:07.126] [main/DEBUG] [net.minecraftforge.coremod.transformer.CoreModBaseTransformer/COREMOD]: Transforming net/minecraft/world/level/NaturalSpawner
[14May2025 22:21:07.264] [main/DEBUG] [mixin/]: Preparing forge-automessage.forge.mixins.json (1)
[14May2025 22:21:07.264] [main/DEBUG] [mixin/]: Preparing puzzlesaccessapi.common.mixins.json (0)
[14May2025 22:21:07.264] [main/DEBUG] [mixin/]: Preparing puzzlesaccessapi.forge.mixins.json (0)
[14May2025 22:21:07.264] [main/DEBUG] [mixin/]: Preparing friendsandfoes-common.mixins.json (47)
[14May2025 22:21:07.307] [main/DEBUG] [net.minecraftforge.coremod.transformer.CoreModBaseTransformer/COREMOD]: Transforming net/minecraft/world/level/levelgen/PatrolSpawner
[14May2025 22:21:07.338] [main/DEBUG] [mixin/]: Preparing friendsandfoes-forge.mixins.json (1)
[14May2025 22:21:07.338] [main/DEBUG] [mixin/]: Preparing craftingtweaks.mixins.json (0)
[14May2025 22:21:07.338] [main/DEBUG] [mixin/]: Preparing smoothchunk.mixins.json (5)
[14May2025 22:21:07.340] [main/DEBUG] [mixin/]: Preparing alexscaves.mixins.json (52)
[14May2025 22:21:07.379] [main/DEBUG] [net.minecraftforge.coremod.transformer.CoreModBaseTransformer/COREMOD]: Transforming net/minecraft/world/level/levelgen/structure/structures/SwampHutPiece
[14May2025 22:21:07.406] [main/DEBUG] [mixin/]: Preparing moonlight-common.mixins.json (35)
[14May2025 22:21:07.447] [main/DEBUG] [mixin/]: Preparing moonlight.mixins.json (11)
[14May2025 22:21:07.455] [main/DEBUG] [mixin/]: Preparing fabric-api-base.init.mixins.json (0)
[14May2025 22:21:07.455] [main/DEBUG] [mixin/]: Preparing mousetweaks.mixins.json (1)
[14May2025 22:21:07.455] [main/DEBUG] [mixin/]: Preparing bettercombat.mixins.json (17)
[14May2025 22:21:07.460] [main/DEBUG] [mixin/]: Preparing necronomicon-common.mixins.json (2)
[14May2025 22:21:07.461] [main/DEBUG] [mixin/]: Preparing mixinsquared.init.mixins.json (0)
[14May2025 22:21:07.461] [main/DEBUG] [mixin/]: Preparing mixins/common/nochatreports.mixins.json (28)
[14May2025 22:21:07.471] [main/DEBUG] [mixin/]: Preparing mixins/forge/nochatreports-forge.mixins.json (4)
[14May2025 22:21:07.471] [main/DEBUG] [mixin/]: Preparing jade.mixins.json (3)
[14May2025 22:21:07.471] [main/DEBUG] [mixin/]: Preparing creativecore.mixins.json (8)
[14May2025 22:21:07.478] [main/DEBUG] [mixin/]: Preparing creativecore.forge.mixins.json (3)
[14May2025 22:21:07.480] [main/DEBUG] [mixin/]: Preparing alltheleaks.mixins.json (79)
[14May2025 22:21:07.490] [main/INFO] [dev.uncandango.alltheleaks.AllTheLeaks/]: Skipping issue ItemStackCreationStatistics from mod jei as it's dev only!
[14May2025 22:21:07.490] [main/INFO] [dev.uncandango.alltheleaks.AllTheLeaks/]: Class dev.uncandango.alltheleaks.leaks.common.mods.travelersbackpack.UntrackedIssue001 will NOT be loaded as mod travelersbackpack is not present
[14May2025 22:21:07.491] [main/INFO] [dev.uncandango.alltheleaks.AllTheLeaks/]: Class dev.uncandango.alltheleaks.leaks.common.mods.toolbelt.UntrackedIssue001 will NOT be loaded as mod toolbelt is not present
[14May2025 22:21:07.491] [main/INFO] [dev.uncandango.alltheleaks.AllTheLeaks/]: Class dev.uncandango.alltheleaks.leaks.common.mods.tfcthermaldeposits.UntrackedIssue001 will NOT be loaded as mod tfcthermaldeposits is not present
[14May2025 22:21:07.492] [main/INFO] [dev.uncandango.alltheleaks.AllTheLeaks/]: Class dev.uncandango.alltheleaks.leaks.common.mods.smallships.UntrackedIssue001 will NOT be loaded as mod smallships is not present
[14May2025 22:21:07.492] [main/INFO] [dev.uncandango.alltheleaks.AllTheLeaks/]: Class dev.uncandango.alltheleaks.leaks.common.mods.railcraft.UntrackedIssue001 will NOT be loaded as mod railcraft is not present
[14May2025 22:21:07.493] [main/INFO] [dev.uncandango.alltheleaks.AllTheLeaks/]: Class dev.uncandango.alltheleaks.leaks.common.mods.pneumaticcraft.UntrackedIssue001 will NOT be loaded as mod pneumaticcraft is not present
[14May2025 22:21:07.493] [main/INFO] [dev.uncandango.alltheleaks.AllTheLeaks/]: Class dev.uncandango.alltheleaks.leaks.common.mods.occultism.UntrackedIssue001 will NOT be loaded as mod occultism is not present
[14May2025 22:21:07.494] [main/INFO] [dev.uncandango.alltheleaks.AllTheLeaks/]: Class dev.uncandango.alltheleaks.leaks.common.mods.minecraft.UntrackedIssue002 will be loaded as it matches versions: 1.20.1 in 1.20.1
[14May2025 22:21:07.494] [main/INFO] [dev.uncandango.alltheleaks.AllTheLeaks/]: Mixins added to allowed list: [main.EntityTickListMixin]
[14May2025 22:21:07.495] [main/INFO] [dev.uncandango.alltheleaks.AllTheLeaks/]: Class dev.uncandango.alltheleaks.leaks.common.mods.minecraft.UntrackedIssue001 will be loaded as it matches versions: 1.20.1 in 1.20.1
[14May2025 22:21:07.495] [main/INFO] [dev.uncandango.alltheleaks.AllTheLeaks/]: Class dev.uncandango.alltheleaks.leaks.common.mods.irons_spellbooks.UntrackedIssue001 will be loaded as it matches versions: 1.20.1-3.4.0.7 in [1.20.1-3.4.0,)
[14May2025 22:21:07.499] [main/INFO] [dev.uncandango.alltheleaks.AllTheLeaks/]: Mixins added to allowed list: [main.ServerPlayerEventsMixin]
[14May2025 22:21:07.500] [main/INFO] [dev.uncandango.alltheleaks.AllTheLeaks/]: Class dev.uncandango.alltheleaks.leaks.common.mods.forge.UntrackedIssue003 will be loaded as it matches versions: 47.3.7 in [47.2,)
[14May2025 22:21:07.501] [main/INFO] [dev.uncandango.alltheleaks.AllTheLeaks/]: Class dev.uncandango.alltheleaks.leaks.common.mods.forge.UntrackedIssue002 will be loaded as it matches versions: 47.3.7 in [47.2,)
[14May2025 22:21:07.504] [main/INFO] [dev.uncandango.alltheleaks.AllTheLeaks/]: Mixins added to allowed list: [accessor.FakePlayerNetHandlerAccessor, accessor.ConnectionAccessor]
[14May2025 22:21:07.504] [main/INFO] [dev.uncandango.alltheleaks.AllTheLeaks/]: Class dev.uncandango.alltheleaks.leaks.common.mods.forge.UntrackedIssue001 will be loaded as it matches versions: 47.3.7 in [47.2,)
[14May2025 22:21:07.505] [main/INFO] [dev.uncandango.alltheleaks.AllTheLeaks/]: Mixins added to allowed list: [main.ServerPlayerMixin, main.PlayerListMixin]
[14May2025 22:21:07.505] [main/INFO] [dev.uncandango.alltheleaks.AllTheLeaks/]: Class dev.uncandango.alltheleaks.leaks.common.mods.forbidden_arcanus.UntrackedIssue001 will NOT be loaded as mod forbidden_arcanus is not present
[14May2025 22:21:07.506] [main/INFO] [dev.uncandango.alltheleaks.AllTheLeaks/]: Class dev.uncandango.alltheleaks.leaks.common.mods.curios.UntrackedIssue001 will be loaded as it matches versions: 5.11.1+1.20.1 in [5.9.1,)
[14May2025 22:21:07.506] [main/INFO] [dev.uncandango.alltheleaks.AllTheLeaks/]: Mixins added to allowed list: [main.CuriosEventHandlerMixin]
[14May2025 22:21:07.506] [main/INFO] [dev.uncandango.alltheleaks.AllTheLeaks/]: Class dev.uncandango.alltheleaks.leaks.common.mods.createaddition.UntrackedIssue001 will NOT be loaded as mod createaddition is not present
[14May2025 22:21:07.507] [main/INFO] [dev.uncandango.alltheleaks.AllTheLeaks/]: Class dev.uncandango.alltheleaks.leaks.common.mods.create.UntrackedIssue001 will NOT be loaded as mod create is not present
[14May2025 22:21:07.507] [main/INFO] [dev.uncandango.alltheleaks.AllTheLeaks/]: Class dev.uncandango.alltheleaks.leaks.common.mods.citadel.UntrackedIssue001 will be loaded as it matches versions: 2.6.1 in [2.5.4,)
[14May2025 22:21:07.507] [main/INFO] [dev.uncandango.alltheleaks.AllTheLeaks/]: Class dev.uncandango.alltheleaks.leaks.common.mods.betterf3.UntrackedIssue001 will NOT be loaded as mod betterf3 is not present
[14May2025 22:21:07.509] [main/INFO] [dev.uncandango.alltheleaks.AllTheLeaks/]: Class dev.uncandango.alltheleaks.leaks.common.mods.badpackets.UntrackedIssue001 will NOT be loaded as mod badpackets is not present
[14May2025 22:21:07.512] [main/INFO] [dev.uncandango.alltheleaks.AllTheLeaks/]: Class dev.uncandango.alltheleaks.leaks.common.mods.ars_nouveau.UntrackedIssue002 will NOT be loaded as mod ars_nouveau is not present
[14May2025 22:21:07.514] [main/INFO] [dev.uncandango.alltheleaks.AllTheLeaks/]: Class dev.uncandango.alltheleaks.leaks.common.mods.ars_nouveau.UntrackedIssue001 will NOT be loaded as mod ars_nouveau is not present
[14May2025 22:21:07.516] [main/INFO] [dev.uncandango.alltheleaks.AllTheLeaks/]: Class dev.uncandango.alltheleaks.leaks.common.mods.architectury.UntrackedIssue001 will be loaded as it matches versions: 9.2.14 in [9.0.8,)
[14May2025 22:21:07.518] [main/INFO] [dev.uncandango.alltheleaks.AllTheLeaks/]: Class dev.uncandango.alltheleaks.leaks.common.mods.aether.UntrackedIssue001 will NOT be loaded as mod aether is not present
[14May2025 22:21:07.519] [main/INFO] [dev.uncandango.alltheleaks.AllTheLeaks/]: Class dev.uncandango.alltheleaks.leaks.common.mods.ae2wtlib.UntrackedIssue001 will NOT be loaded as mod ae2wtlib is not present
[14May2025 22:21:07.520] [main/INFO] [dev.uncandango.alltheleaks.AllTheLeaks/]: Skipping issue [untracked] from mod twilightforest as it is client side only!
[14May2025 22:21:07.520] [main/INFO] [dev.uncandango.alltheleaks.AllTheLeaks/]: Skipping issue [untracked] from mod travelersbackpack as it is client side only!
[14May2025 22:21:07.520] [main/INFO] [dev.uncandango.alltheleaks.AllTheLeaks/]: Skipping issue [untracked] from mod tombstone as it is client side only!
[14May2025 22:21:07.521] [main/INFO] [dev.uncandango.alltheleaks.AllTheLeaks/]: Skipping issue [untracked] from mod pneumaticcraft as it is client side only!
[14May2025 22:21:07.521] [main/INFO] [dev.uncandango.alltheleaks.AllTheLeaks/]: Skipping issue [untracked] from mod nuclearcraft as it is client side only!
[14May2025 22:21:07.521] [main/INFO] [dev.uncandango.alltheleaks.AllTheLeaks/]: Skipping issue [untracked] from mod mousetweaks as it is client side only!
[14May2025 22:21:07.521] [main/INFO] [dev.uncandango.alltheleaks.AllTheLeaks/]: Skipping issue [untracked] from mod minecraft as it is client side only!
[14May2025 22:21:07.522] [main/INFO] [dev.uncandango.alltheleaks.AllTheLeaks/]: Skipping issue [untracked] from mod minecraft as mod modernfix is present!
[14May2025 22:21:07.522] [main/INFO] [dev.uncandango.alltheleaks.AllTheLeaks/]: Skipping issue [untracked] from mod minecolonies as it is client side only!
[14May2025 22:21:07.522] [main/INFO] [dev.uncandango.alltheleaks.AllTheLeaks/]: Skipping issue [untracked] from mod ldlib as it is client side only!
[14May2025 22:21:07.522] [main/INFO] [dev.uncandango.alltheleaks.AllTheLeaks/]: Skipping issue [untracked] from mod journeymap as it is client side only!
[14May2025 22:21:07.522] [main/INFO] [dev.uncandango.alltheleaks.AllTheLeaks/]: Skipping issue [untracked] from mod jeresources as it is client side only!
[14May2025 22:21:07.522] [main/INFO] [dev.uncandango.alltheleaks.AllTheLeaks/]: Skipping issue [untracked] from mod jei as it is client side only!
[14May2025 22:21:07.523] [main/INFO] [dev.uncandango.alltheleaks.AllTheLeaks/]: Skipping issue [untracked] from mod jei as it is client side only!
[14May2025 22:21:07.523] [main/INFO] [dev.uncandango.alltheleaks.AllTheLeaks/]: Skipping issue [untracked] from mod irons_spellbooks as it is client side only!
[14May2025 22:21:07.523] [main/INFO] [dev.uncandango.alltheleaks.AllTheLeaks/]: Skipping issue [untracked] from mod iceberg as it is client side only!
[14May2025 22:21:07.523] [main/INFO] [dev.uncandango.alltheleaks.AllTheLeaks/]: Skipping issue [untracked] from mod iceberg as it is client side only!
[14May2025 22:21:07.523] [main/INFO] [dev.uncandango.alltheleaks.AllTheLeaks/]: Skipping issue [untracked] from mod iceberg as it is client side only!
[14May2025 22:21:07.524] [main/INFO] [dev.uncandango.alltheleaks.AllTheLeaks/]: Skipping issue [untracked] from mod geckolib as it is client side only!
[14May2025 22:21:07.524] [main/INFO] [dev.uncandango.alltheleaks.AllTheLeaks/]: Skipping issue [untracked] from mod ftblibrary as it is client side only!
[14May2025 22:21:07.524] [main/INFO] [dev.uncandango.alltheleaks.AllTheLeaks/]: Skipping issue [untracked] from mod flywheel as it is client side only!
[14May2025 22:21:07.524] [main/INFO] [dev.uncandango.alltheleaks.AllTheLeaks/]: Skipping issue [untracked] from mod findme as it is client side only!
[14May2025 22:21:07.525] [main/INFO] [dev.uncandango.alltheleaks.AllTheLeaks/]: Skipping issue [untracked] from mod emi_loot as it is client side only!
[14May2025 22:21:07.525] [main/INFO] [dev.uncandango.alltheleaks.AllTheLeaks/]: Skipping issue [untracked] from mod emi as it is client side only!
[14May2025 22:21:07.525] [main/INFO] [dev.uncandango.alltheleaks.AllTheLeaks/]: Skipping issue [untracked] from mod easy_villagers as it is client side only!
[14May2025 22:21:07.525] [main/INFO] [dev.uncandango.alltheleaks.AllTheLeaks/]: Skipping issue [untracked] from mod difficultylock as it is client side only!
[14May2025 22:21:07.525] [main/INFO] [dev.uncandango.alltheleaks.AllTheLeaks/]: Skipping issue [untracked] from mod cyclopscore as it is client side only!
[14May2025 22:21:07.526] [main/INFO] [dev.uncandango.alltheleaks.AllTheLeaks/]: Skipping issue [untracked] from mod corpse as it is client side only!
[14May2025 22:21:07.526] [main/INFO] [dev.uncandango.alltheleaks.AllTheLeaks/]: Skipping issue [untracked] from mod blue_skies as it is client side only!
[14May2025 22:21:07.526] [main/INFO] [dev.uncandango.alltheleaks.AllTheLeaks/]: Skipping issue [untracked] from mod badpackets as it is client side only!
[14May2025 22:21:07.526] [main/INFO] [dev.uncandango.alltheleaks.AllTheLeaks/]: Skipping issue [untracked] from mod ae2wtlib as it is client side only!
[14May2025 22:21:07.526] [main/INFO] [dev.uncandango.alltheleaks.AllTheLeaks/]: Skipping issue [untracked] from mod ae2wtlib as it is client side only!
[14May2025 22:21:07.526] [main/INFO] [dev.uncandango.alltheleaks.AllTheLeaks/]: Class dev.uncandango.alltheleaks.fix.common.mods.modernfix.CancelRLMixin will be loaded as it matches versions: 5.20.2+mc1.20.1 in [5.0.0,)
[14May2025 22:21:07.527] [main/INFO] [dev.uncandango.alltheleaks.AllTheLeaks/]: Mixins added to cancel list: [org.embeddedt.modernfix.common.mixin.perf.deduplicate_location.MixinResourceLocation]
[14May2025 22:21:07.531] [main/INFO] [dev.uncandango.alltheleaks.AllTheLeaks/]: Skipping feature ResourceLocation Deduplication from mod minecraft as it's feature flag is not activated!
[14May2025 22:21:07.533] [main/INFO] [dev.uncandango.alltheleaks.AllTheLeaks/]: Skipping feature Ingredient Deduplication from mod minecraft as it's feature flag is not activated!
[14May2025 22:21:07.534] [main/INFO] [dev.uncandango.alltheleaks.AllTheLeaks/]: Skipping feature Prevent Search Ignored Items from mod jei as it's feature flag is not activated!
[14May2025 22:21:07.549] [main/DEBUG] [mixin/]: Preparing nethersdelight.mixins.json (4)
[14May2025 22:21:07.553] [main/DEBUG] [mixin/]: Preparing ribbits.mixins.json (12)
[14May2025 22:21:07.556] [main/DEBUG] [mixin/]: Preparing ribbits_forge.mixins.json (1)
[14May2025 22:21:07.557] [main/DEBUG] [mixin/]: Preparing legendary_monsters.mixins.json (3)
[14May2025 22:21:07.558] [main/DEBUG] [mixin/]: Preparing mixins.irons_spellbooks.json (20)
[14May2025 22:21:07.566] [main/DEBUG] [mixin/]: Preparing entityculling.mixins.json (6)
[14May2025 22:21:07.566] [main/DEBUG] [mixin/]: Preparing crittersandcompanions.mixins.json (13)
[14May2025 22:21:07.577] [main/DEBUG] [net.minecraftforge.coremod.transformer.CoreModBaseTransformer/COREMOD]: Transforming net/minecraft/world/entity/monster/Spider
[14May2025 22:21:07.609] [main/DEBUG] [mixin/]: Preparing backpacked.forge.mixins.json (1)
[14May2025 22:21:07.609] [main/DEBUG] [mixin/]: Preparing backpacked.common.mixins.json (11)
[14May2025 22:21:07.615] [main/DEBUG] [mixin/]: Preparing fancymenu.mixins.json (54)
[14May2025 22:21:07.615] [main/DEBUG] [mixin/]: Preparing fancymenu.forge.mixins.json (3)
[14May2025 22:21:07.615] [main/DEBUG] [mixin/]: Preparing immediatelyfast-forge.mixins.json (5)
[14May2025 22:21:07.615] [main/DEBUG] [mixin/]: Preparing immediatelyfast-common.mixins.json (33)
[14May2025 22:21:07.615] [main/DEBUG] [mixin/]: Preparing bettertridents.common.mixins.json (8)
[14May2025 22:21:07.619] [main/DEBUG] [mixin/]: Preparing creeperoverhaul-common.mixins.json (1)
[14May2025 22:21:07.619] [main/DEBUG] [mixin/]: Preparing automobility.mixins.json (10)
[14May2025 22:21:07.622] [main/DEBUG] [mixin/]: Preparing automobility_forge.mixins.json (9)
[14May2025 22:21:07.622] [main/DEBUG] [mixin/]: Preparing ferritecore.predicates.mixin.json (3)
[14May2025 22:21:07.622] [main/DEBUG] [mixin/]: Preparing ferritecore.fastmap.mixin.json (1)
[14May2025 22:21:07.624] [main/DEBUG] [mixin/]: Preparing ferritecore.mrl.mixin.json (2)
[14May2025 22:21:07.625] [main/DEBUG] [mixin/]: Preparing ferritecore.dedupmultipart.mixin.json (2)
[14May2025 22:21:07.625] [main/DEBUG] [mixin/]: Preparing ferritecore.blockstatecache.mixin.json (8)
[14May2025 22:21:07.628] [main/DEBUG] [mixin/]: @Mixin target net/minecraft/world/level/block/state/BlockBehaviour$BlockStateBase$Cache is public in ferritecore.blockstatecache.mixin.json:BlockStateCacheMixin and should be specified in value
[14May2025 22:21:07.630] [main/DEBUG] [mixin/]: Preparing ferritecore.dedupbakedquad.mixin.json (2)
[14May2025 22:21:07.630] [main/DEBUG] [mixin/]: Preparing ferritecore.threaddetec.mixin.json (1)
[14May2025 22:21:07.630] [main/DEBUG] [mixin/]: Preparing ferritecore.modelsides.mixin.json (1)
[14May2025 22:21:07.630] [main/DEBUG] [mixin/]: Preparing visuality.mixins.json (4)
[14May2025 22:21:07.630] [main/DEBUG] [mixin/]: Preparing puzzleslib.common.mixins.json (7)
[14May2025 22:21:07.632] [main/DEBUG] [mixin/]: Preparing puzzleslib.forge.mixins.json (13)
[14May2025 22:21:07.638] [main/DEBUG] [mixin/]: Preparing charmofundying.mixins.json (1)
[14May2025 22:21:07.638] [main/DEBUG] [mixin/]: Preparing forge-badoptimizations.mixins.json (24)
[14May2025 22:21:07.638] [main/DEBUG] [mixin/]: Preparing chunksending.mixins.json (2)
[14May2025 22:21:07.639] [main/DEBUG] [mixin/]: Preparing aquamirae.mixins.json (0)
[14May2025 22:21:07.640] [main/DEBUG] [mixin/]: Preparing defaultoptions.mixins.json (3)
[14May2025 22:21:07.640] [main/DEBUG] [mixin/]: Preparing entity_model_features-optional.mixins.json (1)
[14May2025 22:21:07.774] [main/DEBUG] [mixin/]: Inner class net/mehvahdjukaar/supplementaries/mixins/forge/self/SelfFlammableFluidBlockMixin$1 in net/mehvahdjukaar/supplementaries/mixins/forge/self/SelfFlammableFluidBlockMixin on net/mehvahdjukaar/supplementaries/common/fluids/FlammableLiquidBlock gets unique name net/mehvahdjukaar/supplementaries/common/fluids/FlammableLiquidBlock$Anonymous$f23daa167abc4802aa83e4ed284313c2
[14May2025 22:21:07.825] [main/DEBUG] [mixin/]: Inner class me/jellysquid/mods/lithium/mixin/ai/poi/SerializingRegionBasedStorageMixin$1 in me/jellysquid/mods/lithium/mixin/ai/poi/SerializingRegionBasedStorageMixin on net/minecraft/world/level/chunk/storage/SectionStorage gets unique name net/minecraft/world/level/chunk/storage/SectionStorage$Anonymous$fd33a601d37c4c20b7da029bbc78ef7d
[14May2025 22:21:07.837] [main/DEBUG] [mixin/]: Inner class me/jellysquid/mods/lithium/mixin/chunk/palette/PalettedContainerMixin$2 in me/jellysquid/mods/lithium/mixin/chunk/palette/PalettedContainerMixin on net/minecraft/world/level/chunk/PalettedContainer$Strategy gets unique name net/minecraft/world/level/chunk/PalettedContainer$Strategy$Anonymous$100cb52e7b7049e3a9cfe9c677057767
[14May2025 22:21:07.839] [main/DEBUG] [mixin/]: Inner class me/jellysquid/mods/lithium/mixin/chunk/palette/PalettedContainerMixin$1 in me/jellysquid/mods/lithium/mixin/chunk/palette/PalettedContainerMixin on net/minecraft/world/level/chunk/PalettedContainer$Strategy gets unique name net/minecraft/world/level/chunk/PalettedContainer$Strategy$Anonymous$e8c62e8c453e4d8ea4c12206c3aaf8d8
[14May2025 22:21:07.890] [main/DEBUG] [mixin/]: Inner class com/faboslav/friendsandfoes/common/mixin/LightningRodBlockMixin$1 in com/faboslav/friendsandfoes/common/mixin/LightningRodBlockMixin on net/minecraft/world/level/block/LightningRodBlock gets unique name net/minecraft/world/level/block/LightningRodBlock$Anonymous$60f16ce87c4e40df9554ce0daacd5899
[14May2025 22:21:07.916] [main/DEBUG] [net.minecraftforge.coremod.transformer.CoreModBaseTransformer/COREMOD]: Transforming net/minecraft/world/entity/monster/Zombie
[14May2025 22:21:08.016] [main/DEBUG] [mixin/]: Prepared 854 mixins in 4.627 sec (5.4ms avg) (0ms load, 0ms transform, 0ms plugin)
[14May2025 22:21:08.027] [main/DEBUG] [net.minecraftforge.coremod.transformer.CoreModBaseTransformer/COREMOD]: Transforming net/minecraft/server/MinecraftServer
[14May2025 22:21:08.065] [main/INFO] [MixinExtras|Service/]: Initializing MixinExtras via com.llamalad7.mixinextras.service.MixinExtrasServiceImpl(version=0.4.1).
[14May2025 22:21:08.066] [main/DEBUG] [mixin/]: Registering new injector for @SugarWrapper with com.llamalad7.mixinextras.sugar.impl.SugarWrapperInjectionInfo
[14May2025 22:21:08.067] [main/DEBUG] [mixin/]: Registering new injector for @FactoryRedirectWrapper with com.llamalad7.mixinextras.wrapper.factory.FactoryRedirectWrapperInjectionInfo
[14May2025 22:21:08.072] [main/DEBUG] [mixin/]: Mixing perf.dedicated_reload_executor.MinecraftServerMixin from modernfix-common.mixins.json into net.minecraft.server.MinecraftServer
[14May2025 22:21:08.080] [main/DEBUG] [mixin/]: Mixing core.MinecraftServerMixin from modernfix-common.mixins.json into net.minecraft.server.MinecraftServer
[14May2025 22:21:08.082] [main/DEBUG] [mixin/]: Mixing MinecraftServerMixin from citadel.mixins.json into net.minecraft.server.MinecraftServer
[14May2025 22:21:08.090] [main/DEBUG] [mixin/]: Mixing MinecraftServerMixin from balm.mixins.json into net.minecraft.server.MinecraftServer
[14May2025 22:21:08.091] [main/DEBUG] [mixin/]: Renaming synthetic method lambda$reloadResources$0(Ljava/lang/Void;)V to mdb7ac4f$lambda$reloadResources$0$0 in balm.mixins.json:MinecraftServerMixin
[14May2025 22:21:08.104] [main/DEBUG] [mixin/]: Mixing MinecraftServerMixin from neruina.mixins.json into net.minecraft.server.MinecraftServer
[14May2025 22:21:08.225] [main/DEBUG] [mixin/]: Mixing perf.fix_loop_spin_waiting.BlockableEventLoopMixin from modernfix-common.mixins.json into net.minecraft.util.thread.BlockableEventLoop
[14May2025 22:21:08.236] [main/INFO] [mixin/]: Mixing server.MixinDedicatedServer from mixins/common/nochatreports.mixins.json into net.minecraft.server.dedicated.DedicatedServer
[14May2025 22:21:08.256] [main/DEBUG] [mixin/]: Mixing shared.debugaid.ResourceLeakDetectorDisableConditionalMixin from krypton.mixins.json into net.minecraft.SharedConstants
[14May2025 22:21:08.257] [main/DEBUG] [mixin/]: krypton.mixins.json:shared.debugaid.ResourceLeakDetectorDisableConditionalMixin: Class version 61 required is higher than the class version supported by the current version of Mixin (JAVA_16 supports class version 60)
[14May2025 22:21:08.277] [main/DEBUG] [io.netty.util.internal.logging.InternalLoggerFactory/]: Using SLF4J as the default logging framework
[14May2025 22:21:08.280] [main/DEBUG] [io.netty.util.ResourceLeakDetector/]: -Dio.netty.leakDetection.level: simple
[14May2025 22:21:08.280] [main/DEBUG] [io.netty.util.ResourceLeakDetector/]: -Dio.netty.leakDetection.targetRecords: 4
[14May2025 22:21:08.403] [main/DEBUG] [mixin/]: Mixing perf.tag_id_caching.TagOrElementLocationMixin from modernfix-forge.mixins.json into net.minecraft.util.ExtraCodecs$TagOrElementLocation
[14May2025 22:21:08.445] [main/DEBUG] [mixin/]: Mixing ResourceLocationExceptionMixin from connectivity.mixins.json into net.minecraft.ResourceLocationException
[14May2025 22:21:08.538] [main/DEBUG] [oshi.util.FileUtil/]: No oshi.properties file found from ClassLoader cpw.mods.modlauncher.TransformingClassLoader@10618775
[14May2025 22:21:08.538] [main/DEBUG] [oshi.util.FileUtil/]: No oshi.properties file found from ClassLoader jdk.internal.loader.ClassLoaders$AppClassLoader@76ed5528
[14May2025 22:21:08.595] [main/DEBUG] [oshi.util.FileUtil/]: Reading file /proc/self/auxv
[14May2025 22:21:08.596] [main/DEBUG] [oshi.util.FileUtil/]: Reading file /proc/self/auxv
[14May2025 22:21:08.602] [main/DEBUG] [oshi.util.FileUtil/]: Reading file /proc/stat
[14May2025 22:21:08.609] [main/DEBUG] [oshi.util.FileUtil/]: Reading file /sys/devices/system/cpu/cpu0/topology/core_id
[14May2025 22:21:08.609] [main/DEBUG] [oshi.util.FileUtil/]: Reading file /sys/devices/system/cpu/cpu0/topology/core_id
[14May2025 22:21:08.609] [main/DEBUG] [oshi.util.FileUtil/]: Reading file /sys/devices/system/cpu/cpu0/topology/physical_package_id
[14May2025 22:21:08.609] [main/DEBUG] [oshi.util.FileUtil/]: Reading file /sys/devices/system/cpu/cpu0/topology/physical_package_id
[14May2025 22:21:08.609] [main/DEBUG] [oshi.util.FileUtil/]: Reading file /sys/devices/system/cpu/cpu0/cpu_capacity
[14May2025 22:21:08.611] [main/DEBUG] [oshi.util.FileUtil/]: Reading file /sys/devices/system/cpu/cpu1/topology/core_id
[14May2025 22:21:08.611] [main/DEBUG] [oshi.util.FileUtil/]: Reading file /sys/devices/system/cpu/cpu1/topology/core_id
[14May2025 22:21:08.611] [main/DEBUG] [oshi.util.FileUtil/]: Reading file /sys/devices/system/cpu/cpu1/topology/physical_package_id
[14May2025 22:21:08.612] [main/DEBUG] [oshi.util.FileUtil/]: Reading file /sys/devices/system/cpu/cpu1/topology/physical_package_id
[14May2025 22:21:08.612] [main/DEBUG] [oshi.util.FileUtil/]: Reading file /sys/devices/system/cpu/cpu1/cpu_capacity
[14May2025 22:21:08.612] [main/DEBUG] [oshi.util.FileUtil/]: Reading file /sys/devices/system/cpu/cpu2/topology/core_id
[14May2025 22:21:08.612] [main/DEBUG] [oshi.util.FileUtil/]: Reading file /sys/devices/system/cpu/cpu2/topology/core_id
[14May2025 22:21:08.613] [main/DEBUG] [oshi.util.FileUtil/]: Reading file /sys/devices/system/cpu/cpu2/topology/physical_package_id
[14May2025 22:21:08.613] [main/DEBUG] [oshi.util.FileUtil/]: Reading file /sys/devices/system/cpu/cpu2/topology/physical_package_id
[14May2025 22:21:08.613] [main/DEBUG] [oshi.util.FileUtil/]: Reading file /sys/devices/system/cpu/cpu2/cpu_capacity
[14May2025 22:21:08.614] [main/DEBUG] [oshi.util.FileUtil/]: Reading file /sys/devices/system/cpu/cpu3/topology/core_id
[14May2025 22:21:08.614] [main/DEBUG] [oshi.util.FileUtil/]: Reading file /sys/devices/system/cpu/cpu3/topology/core_id
[14May2025 22:21:08.614] [main/DEBUG] [oshi.util.FileUtil/]: Reading file /sys/devices/system/cpu/cpu3/topology/physical_package_id
[14May2025 22:21:08.614] [main/DEBUG] [oshi.util.FileUtil/]: Reading file /sys/devices/system/cpu/cpu3/topology/physical_package_id
[14May2025 22:21:08.614] [main/DEBUG] [oshi.util.FileUtil/]: Reading file /sys/devices/system/cpu/cpu3/cpu_capacity
[14May2025 22:21:08.616] [main/DEBUG] [oshi.util.FileUtil/]: Reading file /proc/cpuinfo
[14May2025 22:21:08.627] [main/DEBUG] [oshi.util.FileUtil/]: Reading file /proc/self/auxv
[14May2025 22:21:08.631] [main/DEBUG] [oshi.util.FileUtil/]: No oshi.architecture.properties file found from ClassLoader cpw.mods.modlauncher.TransformingClassLoader@10618775
[14May2025 22:21:08.632] [main/DEBUG] [oshi.util.FileUtil/]: No oshi.architecture.properties file found from ClassLoader jdk.internal.loader.ClassLoaders$AppClassLoader@76ed5528
[14May2025 22:21:08.649] [main/DEBUG] [oshi.util.FileUtil/]: Reading file /proc/meminfo
[14May2025 22:21:08.650] [main/DEBUG] [oshi.util.FileUtil/]: Reading file /proc/meminfo
[14May2025 22:21:08.655] [main/DEBUG] [mixin/]: Mixing perf.thread_priorities.UtilMixin from modernfix-common.mixins.json into net.minecraft.Util
[14May2025 22:21:08.655] [main/DEBUG] [mixin/]: Renaming synthetic method lambda$adjustPriorityOfThreadFactory$0(Ljava/util/concurrent/ForkJoinPool$ForkJoinWorkerThreadFactory;Ljava/util/concurrent/ForkJoinPool;)Ljava/util/concurrent/ForkJoinWorkerThread; to mdb7ac4f$lambda$adjustPriorityOfThreadFactory$0$0 in modernfix-common.mixins.json:perf.thread_priorities.UtilMixin
[14May2025 22:21:08.682] [main/DEBUG] [mixin/]: Mixing math.sine_lut.MixinMathHelper from lithium.mixins.json into net.minecraft.util.Mth
[14May2025 22:21:08.682] [main/DEBUG] [mixin/]: lithium.mixins.json:math.sine_lut.MixinMathHelper: Class version 61 required is higher than the class version supported by the current version of Mixin (JAVA_16 supports class version 60)
[14May2025 22:21:08.717] [main/DEBUG] [mixin/]: Mixing feature.measure_time.BootstrapMixin from modernfix-common.mixins.json into net.minecraft.server.Bootstrap
[14May2025 22:21:08.720] [main/DEBUG] [mixin/]: Mixing core.BootstrapMixin from modernfix-forge.mixins.json into net.minecraft.server.Bootstrap
[14May2025 22:21:08.735] [main/INFO] [net.minecraft.server.Bootstrap/]: ModernFix reached bootstrap stage (15.43 s after launch)
[14May2025 22:21:08.744] [main/DEBUG] [mixin/]: Mixing perf.mojang_registry_size.MappedRegistryMixin from modernfix-common.mixins.json into net.minecraft.core.MappedRegistry
[14May2025 22:21:08.753] [main/DEBUG] [mixin/]: Mixing MappedRegistryMixin from structureessentials.mixins.json into net.minecraft.core.MappedRegistry
[14May2025 22:21:08.769] [main/DEBUG] [mixin/]: Mixing perf.mojang_registry_size.ResourceKeyMixin from modernfix-common.mixins.json into net.minecraft.resources.ResourceKey
[14May2025 22:21:08.769] [main/DEBUG] [mixin/]: Renaming synthetic method lambda$createEfficient$0(Lnet/minecraft/resources/ResourceLocation;)Ljava/util/Map; to mdb7ac4f$lambda$createEfficient$0$0 in modernfix-common.mixins.json:perf.mojang_registry_size.ResourceKeyMixin
[14May2025 22:21:08.803] [main/DEBUG] [mixin/]: Mixing inject.MixinGameEvent from architectury-common.mixins.json into net.minecraft.world.level.gameevent.GameEvent
[14May2025 22:21:08.813] [main/DEBUG] [mixin/]: Mixing perf.reduce_blockstate_cache_rebuilds.GameDataMixin from modernfix-forge.mixins.json into net.minecraftforge.registries.GameData
[14May2025 22:21:08.815] [main/DEBUG] [mixin/]: Mixing GameDataMixin from kiwi.mixins.json into net.minecraftforge.registries.GameData
[14May2025 22:21:08.833] [main/DEBUG] [mixin/]: Mixing perf.fast_registry_validation.ForgeRegistryMixin from modernfix-forge.mixins.json into net.minecraftforge.registries.ForgeRegistry
[14May2025 22:21:08.838] [main/DEBUG] [mixin/]: Mixing perf.forge_registry_alloc.ForgeRegistryMixin from modernfix-forge.mixins.json into net.minecraftforge.registries.ForgeRegistry
[14May2025 22:21:08.848] [main/DEBUG] [mixin/]: Mixing accessor.ForgeRegistryForgeAccessor from puzzleslib.forge.mixins.json into net.minecraftforge.registries.ForgeRegistry
[14May2025 22:21:08.860] [main/WARN] [mixin/]: @Final field delegatesByName:Ljava/util/Map; in modernfix-forge.mixins.json:perf.forge_registry_alloc.ForgeRegistryMixin should be final
[14May2025 22:21:08.861] [main/WARN] [mixin/]: @Final field delegatesByValue:Ljava/util/Map; in modernfix-forge.mixins.json:perf.forge_registry_alloc.ForgeRegistryMixin should be final
[14May2025 22:21:08.885] [main/DEBUG] [mixin/]: Mixing perf.reduce_blockstate_cache_rebuilds.BlockCallbacksMixin from modernfix-forge.mixins.json into net.minecraftforge.registries.GameData$BlockCallbacks
[14May2025 22:21:08.895] [main/DEBUG] [mixin/]: Mixing perf.forge_registry_alloc.DelegateHolderMixin from modernfix-forge.mixins.json into net.minecraft.world.level.block.Block
[14May2025 22:21:08.896] [main/DEBUG] [mixin/]: Mixing BlockMixin from snowrealmagic.mixins.json into net.minecraft.world.level.block.Block
[14May2025 22:21:08.896] [main/DEBUG] [mixin/]: snowrealmagic.mixins.json:BlockMixin: Class version 61 required is higher than the class version supported by the current version of Mixin (JAVA_16 supports class version 60)
[14May2025 22:21:08.899] [main/DEBUG] [mixin/]: Mixing inject.MixinBlock from architectury-common.mixins.json into net.minecraft.world.level.block.Block
[14May2025 22:21:08.899] [main/DEBUG] [mixin/]: Mixing ai.pathing.MixinBlock from lithium.mixins.json into net.minecraft.world.level.block.Block
[14May2025 22:21:08.899] [main/DEBUG] [mixin/]: lithium.mixins.json:ai.pathing.MixinBlock: Class version 61 required is higher than the class version supported by the current version of Mixin (JAVA_16 supports class version 60)
[14May2025 22:21:08.901] [main/DEBUG] [mixin/]: Mixing shapes.blockstate_cache.BlockMixin from lithium.mixins.json into net.minecraft.world.level.block.Block
[14May2025 22:21:08.902] [main/DEBUG] [mixin/]: lithium.mixins.json:shapes.blockstate_cache.BlockMixin: Class version 61 required is higher than the class version supported by the current version of Mixin (JAVA_16 supports class version 60)
[14May2025 22:21:08.902] [main/DEBUG] [mixin/]: Renaming synthetic method lambda$static$0(Lnet/minecraft/world/phys/shapes/VoxelShape;)Z to mdb7ac4f$lambda$static$0$0 in lithium.mixins.json:shapes.blockstate_cache.BlockMixin
[14May2025 22:21:08.904] [main/DEBUG] [mixin/]: Mixing common.BlockMixin from backpacked.forge.mixins.json into net.minecraft.world.level.block.Block
[14May2025 22:21:08.907] [main/DEBUG] [mixin/]: Mixing accessor.BlockAccessor from puzzleslib.common.mixins.json into net.minecraft.world.level.block.Block
[14May2025 22:21:08.907] [main/DEBUG] [mixin/]: Mixing LightningRodBlockBlockMixin from friendsandfoes-common.mixins.json into net.minecraft.world.level.block.Block
[14May2025 22:21:08.907] [main/DEBUG] [mixin/]: Mixing BlockMixin from mixins.elysium_api.json into net.minecraft.world.level.block.Block
[14May2025 22:21:08.908] [main/DEBUG] [mixin/]: Renaming synthetic method lambda$elysium$soundTransformer$0(Lnet/minecraft/world/level/block/state/BlockState;Lnet/jadenxgamer/elysium_api/impl/sound_transformer/SoundTransformer;)Z to mdb7ac4f$lambda$elysium$soundTransformer$0$1 in mixins.elysium_api.json:BlockMixin
[14May2025 22:21:08.943] [main/DEBUG] [mixin/]: Mixing BlockAccess from snowrealmagic.mixins.json into net.minecraft.world.level.block.state.BlockBehaviour
[14May2025 22:21:08.943] [main/DEBUG] [mixin/]: snowrealmagic.mixins.json:BlockAccess: Class version 61 required is higher than the class version supported by the current version of Mixin (JAVA_16 supports class version 60)
[14May2025 22:21:08.944] [main/DEBUG] [mixin/]: Mixing BlockBehaviourMixin from snowrealmagic.mixins.json into net.minecraft.world.level.block.state.BlockBehaviour
[14May2025 22:21:08.944] [main/DEBUG] [mixin/]: snowrealmagic.mixins.json:BlockBehaviourMixin: Class version 61 required is higher than the class version supported by the current version of Mixin (JAVA_16 supports class version 60)
[14May2025 22:21:08.947] [main/DEBUG] [mixin/]: Mixing LightningRodAbstractBlockMixin from friendsandfoes-common.mixins.json into net.minecraft.world.level.block.state.BlockBehaviour
[14May2025 22:21:08.958] [main/DEBUG] [mixin/]: Mixing math.fast_blockpos.BlockPosMixin from lithium.mixins.json into net.minecraft.core.BlockPos
[14May2025 22:21:08.960] [main/DEBUG] [mixin/]: lithium.mixins.json:math.fast_blockpos.BlockPosMixin: Class version 61 required is higher than the class version supported by the current version of Mixin (JAVA_16 supports class version 60)
[14May2025 22:21:08.989] [main/DEBUG] [mixin/]: Mixing bugfix.chunk_deadlock.BlockStateBaseMixin from modernfix-common.mixins.json into net.minecraft.world.level.block.state.BlockBehaviour$BlockStateBase
[14May2025 22:21:08.991] [main/DEBUG] [mixin/]: Mixing perf.reduce_blockstate_cache_rebuilds.BlockStateBaseMixin from modernfix-common.mixins.json into net.minecraft.world.level.block.state.BlockBehaviour$BlockStateBase
[14May2025 22:21:09.000] [main/DEBUG] [mixin/]: Mixing BlockStateMixin from snowrealmagic.mixins.json into net.minecraft.world.level.block.state.BlockBehaviour$BlockStateBase
[14May2025 22:21:09.000] [main/DEBUG] [mixin/]: snowrealmagic.mixins.json:BlockStateMixin: Class version 61 required is higher than the class version supported by the current version of Mixin (JAVA_16 supports class version 60)
[14May2025 22:21:09.002] [main/DEBUG] [mixin/]: Mixing ai.pathing.AbstractBlockStateMixin from lithium.mixins.json into net.minecraft.world.level.block.state.BlockBehaviour$BlockStateBase
[14May2025 22:21:09.002] [main/DEBUG] [mixin/]: lithium.mixins.json:ai.pathing.AbstractBlockStateMixin: Class version 61 required is higher than the class version supported by the current version of Mixin (JAVA_16 supports class version 60)
[14May2025 22:21:09.013] [main/DEBUG] [mixin/]: Mixing util.block_tracking.AbstractBlockStateMixin from lithium.mixins.json into net.minecraft.world.level.block.state.BlockBehaviour$BlockStateBase
[14May2025 22:21:09.013] [main/DEBUG] [mixin/]: lithium.mixins.json:util.block_tracking.AbstractBlockStateMixin: Class version 61 required is higher than the class version supported by the current version of Mixin (JAVA_16 supports class version 60)
[14May2025 22:21:09.017] [main/DEBUG] [mixin/]: Mixing BlockStateBaseMixin from ferritecore.blockstatecache.mixin.json into net.minecraft.world.level.block.state.BlockBehaviour$BlockStateBase
[14May2025 22:21:09.053] [main/INFO] [ModernFix/]: Injecting BlockStateBase cache population hook into getNeighborPathNodeType from me.jellysquid.mods.lithium.mixin.ai.pathing.AbstractBlockStateMixin
[14May2025 22:21:09.053] [main/INFO] [ModernFix/]: Injecting BlockStateBase cache population hook into getPathNodeType from me.jellysquid.mods.lithium.mixin.ai.pathing.AbstractBlockStateMixin
[14May2025 22:21:09.053] [main/INFO] [ModernFix/]: Injecting BlockStateBase cache population hook into getAllFlags from me.jellysquid.mods.lithium.mixin.util.block_tracking.AbstractBlockStateMixin
[14May2025 22:21:09.061] [main/DEBUG] [mixin/]: Mixing FastMapStateHolderMixin from ferritecore.fastmap.mixin.json into net.minecraft.world.level.block.state.StateHolder
[14May2025 22:21:09.075] [main/DEBUG] [mixin/]: Mixing perf.model_optimizations.PropertyMixin from modernfix-common.mixins.json into net.minecraft.world.level.block.state.properties.Property
[14May2025 22:21:09.099] [main/DEBUG] [mixin/]: Mixing EntityLoadMixin from cupboard.mixins.json into net.minecraft.world.entity.Entity
[14May2025 22:21:09.106] [main/DEBUG] [mixin/]: Mixing entity.collisions.fluid.EntityMixin from lithium.mixins.json into net.minecraft.world.entity.Entity
[14May2025 22:21:09.106] [main/DEBUG] [mixin/]: lithium.mixins.json:entity.collisions.fluid.EntityMixin: Class version 61 required is higher than the class version supported by the current version of Mixin (JAVA_16 supports class version 60)
[14May2025 22:21:09.128] [main/DEBUG] [mixin/]: Mixing EntityAccessor from netherportalfix.mixins.json into net.minecraft.world.entity.Entity
[14May2025 22:21:09.128] [main/DEBUG] [mixin/]: Mixing bugfix.chunk_deadlock.EntityMixin from modernfix-common.mixins.json into net.minecraft.world.entity.Entity
[14May2025 22:21:09.131] [main/DEBUG] [mixin/]: Mixing EntityMixin from balm.mixins.json into net.minecraft.world.entity.Entity
[14May2025 22:21:09.134] [main/DEBUG] [mixin/]: Mixing EntityMixin from carryon.mixins.json into net.minecraft.world.entity.Entity
[14May2025 22:21:09.151] [main/DEBUG] [mixin/]: Mixing EntityMixin from supplementaries-common.mixins.json into net.minecraft.world.entity.Entity
[14May2025 22:21:09.154] [main/DEBUG] [mixin/]: Mixing EntityMixin from lionfishapi.mixins.json into net.minecraft.world.entity.Entity
[14May2025 22:21:09.170] [main/DEBUG] [mixin/]: Mixing AccessorEntity from curios.mixins.json into net.minecraft.world.entity.Entity
[14May2025 22:21:09.170] [main/DEBUG] [mixin/]: Mixing multipart_entities.EntityMixin from mixins.cerbons_api.json into net.minecraft.world.entity.Entity
[14May2025 22:21:09.172] [main/DEBUG] [mixin/]: Mixing EntityAccessor from refurbished_furniture.common.mixins.json into net.minecraft.world.entity.Entity
[14May2025 22:21:09.173] [main/DEBUG] [mixin/]: Mixing EntityMixin from refurbished_furniture.common.mixins.json into net.minecraft.world.entity.Entity
[14May2025 22:21:09.176] [main/DEBUG] [mixin/]: Mixing alloc.deep_passengers.EntityMixin from lithium.mixins.json into net.minecraft.world.entity.Entity
[14May2025 22:21:09.176] [main/DEBUG] [mixin/]: lithium.mixins.json:alloc.deep_passengers.EntityMixin: Class version 61 required is higher than the class version supported by the current version of Mixin (JAVA_16 supports class version 60)
[14May2025 22:21:09.192] [main/DEBUG] [mixin/]: Mixing collections.fluid_submersion.EntityMixin from lithium.mixins.json into net.minecraft.world.entity.Entity
[14May2025 22:21:09.193] [main/DEBUG] [mixin/]: lithium.mixins.json:collections.fluid_submersion.EntityMixin: Class version 61 required is higher than the class version supported by the current version of Mixin (JAVA_16 supports class version 60)
[14May2025 22:21:09.197] [main/DEBUG] [mixin/]: Mixing entity.collisions.movement.EntityMixin from lithium.mixins.json into net.minecraft.world.entity.Entity
[14May2025 22:21:09.197] [main/DEBUG] [mixin/]: lithium.mixins.json:entity.collisions.movement.EntityMixin: Class version 61 required is higher than the class version supported by the current version of Mixin (JAVA_16 supports class version 60)
[14May2025 22:21:09.214] [main/DEBUG] [mixin/]: Mixing entity.collisions.unpushable_cramming.EntityMixin from lithium.mixins.json into net.minecraft.world.entity.Entity
[14May2025 22:21:09.214] [main/DEBUG] [mixin/]: lithium.mixins.json:entity.collisions.unpushable_cramming.EntityMixin: Class version 61 required is higher than the class version supported by the current version of Mixin (JAVA_16 supports class version 60)
[14May2025 22:21:09.216] [main/DEBUG] [mixin/]: Mixing errorable.EntityMixin from neruina.mixins.json into net.minecraft.world.entity.Entity
[14May2025 22:21:09.231] [main/DEBUG] [mixin/]: Mixing EntityMixin from alexscaves.mixins.json into net.minecraft.world.entity.Entity
[14May2025 22:21:09.285] [main/DEBUG] [mixin/]: Mixing EntityMixin from mixins.irons_spellbooks.json into net.minecraft.world.entity.Entity
[14May2025 22:21:09.294] [main/DEBUG] [mixin/]: Mixing EntityAccessor from crittersandcompanions.mixins.json into net.minecraft.world.entity.Entity
[14May2025 22:21:09.294] [main/DEBUG] [mixin/]: Mixing common.EntityMixin from backpacked.common.mixins.json into net.minecraft.world.entity.Entity
[14May2025 22:21:09.295] [main/DEBUG] [mixin/]: Mixing EntityMixin from automobility.mixins.json into net.minecraft.world.entity.Entity
[14May2025 22:21:09.480] [main/DEBUG] [mixin/]: Mixing LivingEntityAccessor from netherportalfix.mixins.json into net.minecraft.world.entity.LivingEntity
[14May2025 22:21:09.480] [main/DEBUG] [mixin/]: Mixing entity.LivingEntityMixin from mixins.netherexp.json into net.minecraft.world.entity.LivingEntity
[14May2025 22:21:09.491] [main/DEBUG] [mixin/]: Mixing perf.forge_cap_retrieval.LivingEntityMixin from modernfix-forge.mixins.json into net.minecraft.world.entity.LivingEntity
[14May2025 22:21:09.492] [main/DEBUG] [mixin/]: Mixing LivingEntityMixin from citadel.mixins.json into net.minecraft.world.entity.LivingEntity
[14May2025 22:21:09.493] [main/DEBUG] [mixin/]: Mixing LivingEntityAccessor from supplementaries-common.mixins.json into net.minecraft.world.entity.LivingEntity
[14May2025 22:21:09.493] [main/DEBUG] [mixin/]: Mixing LivingEntityMixin from supplementaries-common.mixins.json into net.minecraft.world.entity.LivingEntity
[14May2025 22:21:09.500] [main/DEBUG] [net.minecraftforge.coremod.transformer.CoreModBaseTransformer/COREMOD]: Transforming net/minecraft/world/effect/MobEffectInstance
[14May2025 22:21:09.509] [main/DEBUG] [mixin/]: Mixing LivingEntityMixin from supplementaries.mixins.json into net.minecraft.world.entity.LivingEntity
[14May2025 22:21:09.510] [main/DEBUG] [mixin/]: Mixing LivingEntityMixin from cataclysm.mixins.json into net.minecraft.world.entity.LivingEntity
[14May2025 22:21:09.512] [main/DEBUG] [mixin/]: Mixing MixinLivingEntity from curios.mixins.json into net.minecraft.world.entity.LivingEntity
[14May2025 22:21:09.513] [main/DEBUG] [mixin/]: Mixing MobEntityMixin from enderitemod-common.mixins.json into net.minecraft.world.entity.LivingEntity
[14May2025 22:21:09.515] [main/DEBUG] [mixin/]: Mixing LivingEntityMixin from refurbished_furniture.common.mixins.json into net.minecraft.world.entity.LivingEntity
[14May2025 22:21:09.516] [main/DEBUG] [mixin/]: Mixing LivingEntityMixin from illageandspillage.mixins.json into net.minecraft.world.entity.LivingEntity
[14May2025 22:21:09.516] [main/DEBUG] [mixin/]: illageandspillage.mixins.json:LivingEntityMixin: Class version 61 required is higher than the class version supported by the current version of Mixin (JAVA_16 supports class version 60)
[14May2025 22:21:09.530] [main/DEBUG] [mixin/]: Mixing alloc.enum_values.living_entity.LivingEntityMixin from lithium.mixins.json into net.minecraft.world.entity.LivingEntity
[14May2025 22:21:09.531] [main/DEBUG] [mixin/]: lithium.mixins.json:alloc.enum_values.living_entity.LivingEntityMixin: Class version 61 required is higher than the class version supported by the current version of Mixin (JAVA_16 supports class version 60)
[14May2025 22:21:09.531] [main/DEBUG] [mixin/]: Mixing entity.collisions.unpushable_cramming.LivingEntityMixin from lithium.mixins.json into net.minecraft.world.entity.LivingEntity
[14May2025 22:21:09.531] [main/DEBUG] [mixin/]: lithium.mixins.json:entity.collisions.unpushable_cramming.LivingEntityMixin: Class version 61 required is higher than the class version supported by the current version of Mixin (JAVA_16 supports class version 60)
[14May2025 22:21:09.535] [main/DEBUG] [mixin/]: Mixing entity.fast_elytra_check.LivingEntityMixin from lithium.mixins.json into net.minecraft.world.entity.LivingEntity
[14May2025 22:21:09.535] [main/DEBUG] [mixin/]: lithium.mixins.json:entity.fast_elytra_check.LivingEntityMixin: Class version 61 required is higher than the class version supported by the current version of Mixin (JAVA_16 supports class version 60)
[14May2025 22:21:09.535] [main/DEBUG] [mixin/]: Mixing entity.fast_hand_swing.LivingEntityMixin from lithium.mixins.json into net.minecraft.world.entity.LivingEntity
[14May2025 22:21:09.536] [main/DEBUG] [mixin/]: lithium.mixins.json:entity.fast_hand_swing.LivingEntityMixin: Class version 61 required is higher than the class version supported by the current version of Mixin (JAVA_16 supports class version 60)
[14May2025 22:21:09.536] [main/DEBUG] [mixin/]: Mixing entity.fast_powder_snow_check.LivingEntityMixin from lithium.mixins.json into net.minecraft.world.entity.LivingEntity
[14May2025 22:21:09.536] [main/DEBUG] [mixin/]: lithium.mixins.json:entity.fast_powder_snow_check.LivingEntityMixin: Class version 61 required is higher than the class version supported by the current version of Mixin (JAVA_16 supports class version 60)
[14May2025 22:21:09.537] [main/DEBUG] [mixin/]: Mixing entity.skip_equipment_change_check.LivingEntityMixin from lithium.mixins.json into net.minecraft.world.entity.LivingEntity
[14May2025 22:21:09.537] [main/DEBUG] [mixin/]: lithium.mixins.json:entity.skip_equipment_change_check.LivingEntityMixin: Class version 61 required is higher than the class version supported by the current version of Mixin (JAVA_16 supports class version 60)
[14May2025 22:21:09.537] [main/DEBUG] [mixin/]: Renaming synthetic method lambda$static$0(Lnet/minecraft/world/item/ItemStack;)Z to mdb7ac4f$lambda$static$0$0 in lithium.mixins.json:entity.skip_equipment_change_check.LivingEntityMixin
[14May2025 22:21:09.539] [main/DEBUG] [mixin/]: Mixing MixinLivingEntity from caelus.mixins.json into net.minecraft.world.entity.LivingEntity
[14May2025 22:21:09.539] [main/DEBUG] [mixin/]: Mixing LivingEntityMixin from mixins.bosses_of_mass_destruction.json into net.minecraft.world.entity.LivingEntity
[14May2025 22:21:09.540] [main/DEBUG] [mixin/]: Mixing BlazeLivingEntityMixin from friendsandfoes-common.mixins.json into net.minecraft.world.entity.LivingEntity
[14May2025 22:21:09.541] [main/DEBUG] [mixin/]: Mixing LivingEntityMixin from friendsandfoes-common.mixins.json into net.minecraft.world.entity.LivingEntity
[14May2025 22:21:09.543] [main/DEBUG] [mixin/]: Mixing LivingEntityMixin from alexscaves.mixins.json into net.minecraft.world.entity.LivingEntity
[14May2025 22:21:09.549] [main/DEBUG] [mixin/]: Mixing LivingEntityAccessor from bettercombat.mixins.json into net.minecraft.world.entity.LivingEntity
[14May2025 22:21:09.549] [main/DEBUG] [mixin/]: Mixing LivingEntityMixin from bettercombat.mixins.json into net.minecraft.world.entity.LivingEntity
[14May2025 22:21:09.550] [main/DEBUG] [mixin/]: Renaming synthetic method lambda$getAttributeValue_Inject$0(Lnet/minecraft/world/entity/player/Player;Lnet/minecraft/world/entity/ai/attributes/Attribute;Lorg/spongepowered/asm/mixin/injection/callback/CallbackInfoReturnable;)V to mdb7ac4f$lambda$getAttributeValue_Inject$0$1 in bettercombat.mixins.json:LivingEntityMixin
[14May2025 22:21:09.552] [main/DEBUG] [mixin/]: Mixing LivingEntityMixin from legendary_monsters.mixins.json into net.minecraft.world.entity.LivingEntity
[14May2025 22:21:09.553] [main/DEBUG] [mixin/]: Mixing LivingEntityMixin from mixins.irons_spellbooks.json into net.minecraft.world.entity.LivingEntity
[14May2025 22:21:09.554] [main/DEBUG] [mixin/]: Renaming synthetic method lambda$static$1(Lnet/minecraft/world/entity/ai/attributes/Attribute;)Z to mdb7ac4f$lambda$static$1$2 in mixins.irons_spellbooks.json:LivingEntityMixin
[14May2025 22:21:09.554] [main/DEBUG] [mixin/]: Renaming synthetic method lambda$static$0(Lnet/minecraft/world/entity/ai/attributes/Attribute;)Z to mdb7ac4f$lambda$static$0$3 in mixins.irons_spellbooks.json:LivingEntityMixin
[14May2025 22:21:09.557] [main/DEBUG] [net.minecraftforge.coremod.transformer.CoreModBaseTransformer/COREMOD]: Transforming getEnchantmentLevel with desc (Lnet/minecraft/world/item/enchantment/Enchantment;)I
[14May2025 22:21:09.558] [main/INFO] [net.minecraftforge.coremod.CoreMod.placebo/COREMODLOG]: Patching IForgeItemStack#getEnchantmentLevel
[14May2025 22:21:09.558] [main/DEBUG] [net.minecraftforge.coremod.transformer.CoreModBaseTransformer/COREMOD]: Transforming getAllEnchantments with desc ()Ljava/util/Map;
[14May2025 22:21:09.558] [main/INFO] [net.minecraftforge.coremod.CoreMod.placebo/COREMODLOG]: Patching IForgeItemStack#getEnchantmentLevel
[14May2025 22:21:09.568] [main/DEBUG] [mixin/]: Mixing LivingEntityMixin from crittersandcompanions.mixins.json into net.minecraft.world.entity.LivingEntity
[14May2025 22:21:09.569] [main/DEBUG] [mixin/]: Renaming synthetic method lambda$onTick$0(Lnet/minecraft/world/entity/LivingEntity;)Z to mdb7ac4f$lambda$onTick$0$4 in crittersandcompanions.mixins.json:LivingEntityMixin
[14May2025 22:21:09.587] [main/DEBUG] [mixin/]: Mixing LivingEntityMixin from bettertridents.common.mixins.json into net.minecraft.world.entity.LivingEntity
[14May2025 22:21:09.588] [main/DEBUG] [mixin/]: Mixing MixinLivingEntity from charmofundying.mixins.json into net.minecraft.world.entity.LivingEntity
[14May2025 22:21:09.589] [main/DEBUG] [mixin/]: Mixing LivingEntityMixin from obscure_api.mixins.json into net.minecraft.world.entity.LivingEntity
[14May2025 22:21:09.654] [main/WARN] [mixin/]: @Inject(@At("INVOKE")) Shift.BY=1 on crittersandcompanions.mixins.json:LivingEntityMixin::handler$cdm000$onDie exceeds the maximum allowed value: 0. Increase the value of maxShiftBy to suppress this warning.
[14May2025 22:21:09.728] [main/DEBUG] [mixin/]: Mixing perf.model_optimizations.BooleanPropertyMixin from modernfix-common.mixins.json into net.minecraft.world.level.block.state.properties.BooleanProperty
[14May2025 22:21:09.739] [main/DEBUG] [mixin/]: Mixing LevelMixin from citadel.mixins.json into net.minecraft.world.level.Level
[14May2025 22:21:09.741] [main/DEBUG] [mixin/]: Mixing LevelMixin from refurbished_furniture.common.mixins.json into net.minecraft.world.level.Level
[14May2025 22:21:09.742] [main/DEBUG] [mixin/]: Mixing alloc.chunk_random.WorldMixin from lithium.mixins.json into net.minecraft.world.level.Level
[14May2025 22:21:09.743] [main/DEBUG] [mixin/]: lithium.mixins.json:alloc.chunk_random.WorldMixin: Class version 61 required is higher than the class version supported by the current version of Mixin (JAVA_16 supports class version 60)
[14May2025 22:21:09.743] [main/DEBUG] [mixin/]: Mixing entity.collisions.intersection.WorldMixin from lithium.mixins.json into net.minecraft.world.level.Level
[14May2025 22:21:09.744] [main/DEBUG] [mixin/]: lithium.mixins.json:entity.collisions.intersection.WorldMixin: Class version 61 required is higher than the class version supported by the current version of Mixin (JAVA_16 supports class version 60)
[14May2025 22:21:09.746] [main/DEBUG] [mixin/]: Mixing util.block_entity_retrieval.WorldMixin from lithium.mixins.json into net.minecraft.world.level.Level
[14May2025 22:21:09.746] [main/DEBUG] [mixin/]: lithium.mixins.json:util.block_entity_retrieval.WorldMixin: Class version 61 required is higher than the class version supported by the current version of Mixin (JAVA_16 supports class version 60)
[14May2025 22:21:09.748] [main/DEBUG] [mixin/]: Mixing util.block_tracking.block_listening.WorldMixin from lithium.mixins.json into net.minecraft.world.level.Level
[14May2025 22:21:09.748] [main/DEBUG] [mixin/]: lithium.mixins.json:util.block_tracking.block_listening.WorldMixin: Class version 61 required is higher than the class version supported by the current version of Mixin (JAVA_16 supports class version 60)
[14May2025 22:21:09.749] [main/DEBUG] [mixin/]: Mixing world.chunk_access.WorldMixin from lithium.mixins.json into net.minecraft.world.level.Level
[14May2025 22:21:09.749] [main/DEBUG] [mixin/]: lithium.mixins.json:world.chunk_access.WorldMixin: Class version 61 required is higher than the class version supported by the current version of Mixin (JAVA_16 supports class version 60)
[14May2025 22:21:09.751] [main/DEBUG] [mixin/]: Mixing world.inline_block_access.WorldMixin from lithium.mixins.json into net.minecraft.world.level.Level
[14May2025 22:21:09.751] [main/DEBUG] [mixin/]: lithium.mixins.json:world.inline_block_access.WorldMixin: Class version 61 required is higher than the class version supported by the current version of Mixin (JAVA_16 supports class version 60)
[14May2025 22:21:09.752] [main/DEBUG] [mixin/]: Mixing world.inline_height.WorldMixin from lithium.mixins.json into net.minecraft.world.level.Level
[14May2025 22:21:09.752] [main/DEBUG] [mixin/]: lithium.mixins.json:world.inline_height.WorldMixin: Class version 61 required is higher than the class version supported by the current version of Mixin (JAVA_16 supports class version 60)
[14May2025 22:21:09.754] [main/DEBUG] [mixin/]: Mixing catchers.WorldMixin from neruina.mixins.json into net.minecraft.world.level.Level
[14May2025 22:21:09.772] [main/DEBUG] [mixin/]: Mixing util.chunk_access.WorldViewMixin from lithium.mixins.json into net.minecraft.world.level.LevelReader
[14May2025 22:21:09.772] [main/DEBUG] [mixin/]: lithium.mixins.json:util.chunk_access.WorldViewMixin: Class version 61 required is higher than the class version supported by the current version of Mixin (JAVA_16 supports class version 60)
[14May2025 22:21:09.782] [main/DEBUG] [mixin/]: Mixing ServerAddEntityMixin from cupboard.mixins.json into net.minecraft.server.level.ServerLevel
[14May2025 22:21:09.786] [main/DEBUG] [mixin/]: Mixing bugfix.chunk_deadlock.ServerLevelMixin from modernfix-common.mixins.json into net.minecraft.server.level.ServerLevel
[14May2025 22:21:09.787] [main/DEBUG] [mixin/]: Mixing perf.cache_strongholds.ServerLevelMixin from modernfix-common.mixins.json into net.minecraft.server.level.ServerLevel
[14May2025 22:21:09.789] [main/DEBUG] [mixin/]: Mixing perf.faster_structure_location.ServerLevelMixin from modernfix-common.mixins.json into net.minecraft.server.level.ServerLevel
[14May2025 22:21:09.790] [main/DEBUG] [mixin/]: Mixing ServerLevelMixin from citadel.mixins.json into net.minecraft.server.level.ServerLevel
[14May2025 22:21:09.791] [main/DEBUG] [mixin/]: Mixing ServerLevelMixin from snowrealmagic.mixins.json into net.minecraft.server.level.ServerLevel
[14May2025 22:21:09.791] [main/DEBUG] [mixin/]: snowrealmagic.mixins.json:ServerLevelMixin: Class version 61 required is higher than the class version supported by the current version of Mixin (JAVA_16 supports class version 60)
[14May2025 22:21:09.791] [main/DEBUG] [mixin/]: Renaming synthetic method lambda$srm_cancelVanillaWeather$0(Lnet/minecraft/server/level/ServerLevel;Lnet/minecraft/world/level/chunk/LevelChunk;)V to mdb7ac4f$lambda$srm_cancelVanillaWeather$0$0 in snowrealmagic.mixins.json:ServerLevelMixin
[14May2025 22:21:09.792] [main/DEBUG] [mixin/]: Mixing ServerLevelMixin from supplementaries-common.mixins.json into net.minecraft.server.level.ServerLevel
[14May2025 22:21:09.793] [main/DEBUG] [mixin/]: Discarding sythetic bridge method synthetic in m_6325_ because existing method in supplementaries-common.mixins.json:ServerLevelMixin is compatible
[14May2025 22:21:09.794] [main/DEBUG] [mixin/]: Renaming synthetic method lambda$unluckyLightning$0(Lnet/minecraft/world/entity/LivingEntity;)Z to mdb7ac4f$lambda$unluckyLightning$0$1 in supplementaries-common.mixins.json:ServerLevelMixin
[14May2025 22:21:09.795] [main/DEBUG] [mixin/]: Mixing ServerLevelMixin from refurbished_furniture.common.mixins.json into net.minecraft.server.level.ServerLevel
[14May2025 22:21:09.795] [main/DEBUG] [mixin/]: Mixing server.fastchunkentityaccess.ServerWorldMixin from krypton.mixins.json into net.minecraft.server.level.ServerLevel
[14May2025 22:21:09.796] [main/DEBUG] [mixin/]: krypton.mixins.json:server.fastchunkentityaccess.ServerWorldMixin: Class version 61 required is higher than the class version supported by the current version of Mixin (JAVA_16 supports class version 60)
[14May2025 22:21:09.796] [main/DEBUG] [mixin/]: Mixing alloc.chunk_random.ServerWorldMixin from lithium.mixins.json into net.minecraft.server.level.ServerLevel
[14May2025 22:21:09.796] [main/DEBUG] [mixin/]: lithium.mixins.json:alloc.chunk_random.ServerWorldMixin: Class version 61 required is higher than the class version supported by the current version of Mixin (JAVA_16 supports class version 60)
[14May2025 22:21:09.797] [main/DEBUG] [mixin/]: Mixing chunk.entity_class_groups.ServerWorldAccessor from lithium.mixins.json into net.minecraft.server.level.ServerLevel
[14May2025 22:21:09.797] [main/DEBUG] [mixin/]: lithium.mixins.json:chunk.entity_class_groups.ServerWorldAccessor: Class version 61 required is higher than the class version supported by the current version of Mixin (JAVA_16 supports class version 60)
[14May2025 22:21:09.797] [main/DEBUG] [mixin/]: Mixing entity.inactive_navigations.ServerWorldMixin from lithium.mixins.json into net.minecraft.server.level.ServerLevel
[14May2025 22:21:09.797] [main/DEBUG] [mixin/]: lithium.mixins.json:entity.inactive_navigations.ServerWorldMixin: Class version 61 required is higher than the class version supported by the current version of Mixin (JAVA_16 supports class version 60)
[14May2025 22:21:09.800] [main/DEBUG] [mixin/]: Mixing profiler.ServerWorldMixin from lithium.mixins.json into net.minecraft.server.level.ServerLevel
[14May2025 22:21:09.800] [main/DEBUG] [mixin/]: lithium.mixins.json:profiler.ServerWorldMixin: Class version 61 required is higher than the class version supported by the current version of Mixin (JAVA_16 supports class version 60)
[14May2025 22:21:09.800] [main/DEBUG] [mixin/]: Mixing util.entity_movement_tracking.ServerWorldAccessor from lithium.mixins.json into net.minecraft.server.level.ServerLevel
[14May2025 22:21:09.800] [main/DEBUG] [mixin/]: lithium.mixins.json:util.entity_movement_tracking.ServerWorldAccessor: Class version 61 required is higher than the class version supported by the current version of Mixin (JAVA_16 supports class version 60)
[14May2025 22:21:09.800] [main/DEBUG] [mixin/]: Mixing catchers.ServerWorldMixin from neruina.mixins.json into net.minecraft.server.level.ServerLevel
[14May2025 22:21:09.801] [main/DEBUG] [mixin/]: Mixing ExplosionMixin from mixins.bosses_of_mass_destruction.json into net.minecraft.server.level.ServerLevel
[14May2025 22:21:09.802] [main/DEBUG] [mixin/]: Mixing ServerWorldAccessor from friendsandfoes-common.mixins.json into net.minecraft.server.level.ServerLevel
[14May2025 22:21:09.802] [main/DEBUG] [mixin/]: Mixing ServerWorldMixin from friendsandfoes-common.mixins.json into net.minecraft.server.level.ServerLevel
[14May2025 22:21:09.802] [main/DEBUG] [mixin/]: Discarding sythetic bridge method synthetic in m_6325_ because existing method in friendsandfoes-common.mixins.json:ServerWorldMixin is compatible
[14May2025 22:21:09.802] [main/DEBUG] [mixin/]: Renaming synthetic method lambda$friendsandfoes_getLightningRodPos$2(Lnet/minecraft/core/BlockPos;)Lnet/minecraft/core/BlockPos; to mdb7ac4f$lambda$friendsandfoes_getLightningRodPos$2$2 in friendsandfoes-common.mixins.json:ServerWorldMixin
[14May2025 22:21:09.803] [main/DEBUG] [mixin/]: Renaming synthetic method lambda$friendsandfoes_getLightningRodPos$1(Lnet/minecraft/core/BlockPos;)Z to mdb7ac4f$lambda$friendsandfoes_getLightningRodPos$1$3 in friendsandfoes-common.mixins.json:ServerWorldMixin
[14May2025 22:21:09.803] [main/DEBUG] [mixin/]: Renaming synthetic method lambda$friendsandfoes_getLightningRodPos$0(Lnet/minecraft/core/Holder;)Z to mdb7ac4f$lambda$friendsandfoes_getLightningRodPos$0$4 in friendsandfoes-common.mixins.json:ServerWorldMixin
[14May2025 22:21:09.807] [main/DEBUG] [mixin/]: Mixing ServerLevelMixin from moonlight-common.mixins.json into net.minecraft.server.level.ServerLevel
[14May2025 22:21:09.807] [main/DEBUG] [mixin/]: Discarding sythetic bridge method synthetic in m_6325_ because existing method in moonlight-common.mixins.json:ServerLevelMixin is compatible
[14May2025 22:21:09.838] [main/DEBUG] [mixin/]: Unexpected: Registered method getEntityManager()Lnet/minecraft/world/level/entity/PersistentEntitySectionManager; in net.minecraft.server.level.ServerLevel was not merged
[14May2025 22:21:09.855] [main/DEBUG] [mixin/]: Mixing ItemMixin from cataclysm.mixins.json into net.minecraft.world.entity.item.ItemEntity
[14May2025 22:21:09.856] [main/DEBUG] [mixin/]: Mixing EnderiteDropMixin from enderitemod-common.mixins.json into net.minecraft.world.entity.item.ItemEntity
[14May2025 22:21:09.856] [main/DEBUG] [mixin/]: Mixing EnderiteDropDamageMixin from enderitemod-common.mixins.json into net.minecraft.world.entity.item.ItemEntity
[14May2025 22:21:09.857] [main/DEBUG] [mixin/]: Mixing common.ItemEntityMixin from backpacked.common.mixins.json into net.minecraft.world.entity.item.ItemEntity
[14May2025 22:21:09.858] [main/DEBUG] [mixin/]: Mixing accessor.ItemEntityAccessor from bettertridents.common.mixins.json into net.minecraft.world.entity.item.ItemEntity
[14May2025 22:21:09.867] [main/DEBUG] [net.minecraftforge.coremod.transformer.CoreModBaseTransformer/COREMOD]: Transforming m_36170_ with desc (Lnet/minecraft/world/entity/player/PlayerModelPart;)Z
[14May2025 22:21:09.869] [main/DEBUG] [mixin/]: Mixing entity.PlayerMixin from mixins.netherexp.json into net.minecraft.world.entity.player.Player
[14May2025 22:21:09.872] [main/DEBUG] [mixin/]: Mixing PlayerMixin from carryon.mixins.json into net.minecraft.world.entity.player.Player
[14May2025 22:21:09.873] [main/DEBUG] [mixin/]: Mixing PlayerMixin from supplementaries-common.mixins.json into net.minecraft.world.entity.player.Player
[14May2025 22:21:09.873] [main/DEBUG] [mixin/]: Mixing PlayerProjectileMixin from supplementaries.mixins.json into net.minecraft.world.entity.player.Player
[14May2025 22:21:09.874] [main/DEBUG] [mixin/]: Mixing PlayerMixin from hangglider.common.mixins.json into net.minecraft.world.entity.player.Player
[14May2025 22:21:09.875] [main/DEBUG] [mixin/]: Mixing EnderiteRespawnAnchorMixin from enderitemod-common.mixins.json into net.minecraft.world.entity.player.Player
[14May2025 22:21:09.877] [main/DEBUG] [mixin/]: Mixing EnderiteShieldPlayerEntityMixin from enderitemod-common.mixins.json into net.minecraft.world.entity.player.Player
[14May2025 22:21:09.877] [main/DEBUG] [mixin/]: Renaming synthetic method lambda$damageIt$0(Lnet/minecraft/world/InteractionHand;Lnet/minecraft/world/entity/LivingEntity;)V to mdb7ac4f$lambda$damageIt$0$0 in enderitemod-common.mixins.json:EnderiteShieldPlayerEntityMixin
[14May2025 22:21:09.888] [main/DEBUG] [mixin/]: Mixing PlayerMixin from playerrevive.mixins.json into net.minecraft.world.entity.player.Player
[14May2025 22:21:09.890] [main/DEBUG] [mixin/]: Mixing PlayerEntityMixin from friendsandfoes-common.mixins.json into net.minecraft.world.entity.player.Player
[14May2025 22:21:09.898] [main/DEBUG] [mixin/]: Mixing PlayerMixin from alexscaves.mixins.json into net.minecraft.world.entity.player.Player
[14May2025 22:21:09.900] [main/DEBUG] [mixin/]: Mixing PlayerEntityAccessor from bettercombat.mixins.json into net.minecraft.world.entity.player.Player
[14May2025 22:21:09.900] [main/DEBUG] [mixin/]: Mixing PlayerEntityMixin from bettercombat.mixins.json into net.minecraft.world.entity.player.Player
[14May2025 22:21:09.905] [main/DEBUG] [mixin/]: Mixing PlayerMixin from mixins.irons_spellbooks.json into net.minecraft.world.entity.player.Player
[14May2025 22:21:09.905] [main/DEBUG] [mixin/]: Mixing PlayerMixin from crittersandcompanions.mixins.json into net.minecraft.world.entity.player.Player
[14May2025 22:21:09.906] [main/DEBUG] [mixin/]: Mixing common.PlayerMixin from backpacked.common.mixins.json into net.minecraft.world.entity.player.Player
[14May2025 22:21:09.911] [main/DEBUG] [mixin/]: Mixing PlayerMixin from bettertridents.common.mixins.json into net.minecraft.world.entity.player.Player
[14May2025 22:21:09.911] [main/DEBUG] [mixin/]: Mixing PlayerEntityMixin from immersive_aircraft.mixins.json into net.minecraft.world.entity.player.Player
[14May2025 22:21:09.992] [main/DEBUG] [mixin/]: Mixing perf.fast_forge_dummies.NamespacedHolderHelperMixin from modernfix-forge.mixins.json into net.minecraftforge.registries.NamespacedWrapper
[14May2025 22:21:09.998] [main/DEBUG] [mixin/]: Mixing inject.MixinFluid from architectury-common.mixins.json into net.minecraft.world.level.material.Fluid
[14May2025 22:21:10.001] [main/DEBUG] [mixin/]: Mixing item.ItemMixin from mixins.netherexp.json into net.minecraft.world.item.Item
[14May2025 22:21:10.001] [main/DEBUG] [mixin/]: Mixing perf.forge_registry_alloc.DelegateHolderMixin from modernfix-forge.mixins.json into net.minecraft.world.item.Item
[14May2025 22:21:10.001] [main/DEBUG] [mixin/]: Mixing inject.MixinItem from architectury-common.mixins.json into net.minecraft.world.item.Item
[14May2025 22:21:10.002] [main/DEBUG] [mixin/]: Mixing ItemMixin from moonlight-common.mixins.json into net.minecraft.world.item.Item
[14May2025 22:21:10.004] [main/DEBUG] [mixin/]: Mixing ItemMixin from mixins.irons_spellbooks.json into net.minecraft.world.item.Item
[14May2025 22:21:10.013] [main/DEBUG] [net.minecraftforge.coremod.transformer.CoreModBaseTransformer/COREMOD]: Transforming net/minecraft/world/entity/EntityType
[14May2025 22:21:10.064] [main/DEBUG] [mixin/]: Mixing inject.MixinEntityType from architectury-common.mixins.json into net.minecraft.world.entity.EntityType
[14May2025 22:21:10.112] [main/DEBUG] [mixin/]: Mixing ai.poi.PointOfInterestTypesMixin from lithium.mixins.json into net.minecraftforge.registries.GameData$PointOfInterestTypeCallbacks
[14May2025 22:21:10.112] [main/DEBUG] [mixin/]: lithium.mixins.json:ai.poi.PointOfInterestTypesMixin: Class version 61 required is higher than the class version supported by the current version of Mixin (JAVA_16 supports class version 60)
[14May2025 22:21:10.122] [main/DEBUG] [mixin/]: Mixing MobEffectMixin from mixins.irons_spellbooks.json into net.minecraft.world.effect.MobEffect
[14May2025 22:21:10.126] [main/DEBUG] [mixin/]: Mixing item.EnchantmentMixin from mixins.netherexp.json into net.minecraft.world.item.enchantment.Enchantment
[14May2025 22:21:10.126] [main/DEBUG] [mixin/]: Mixing EnchantmentMixin from bettercombat.mixins.json into net.minecraft.world.item.enchantment.Enchantment
[14May2025 22:21:10.132] [main/DEBUG] [mixin/]: Mixing entity.BlockEntityTypeMixin from mixins.netherexp.json into net.minecraft.world.level.block.entity.BlockEntityType
[14May2025 22:21:10.133] [main/DEBUG] [mixin/]: Mixing perf.dynamic_dfu.BlockEntityTypeMixin from modernfix-common.mixins.json into net.minecraft.world.level.block.entity.BlockEntityType
[14May2025 22:21:10.138] [main/DEBUG] [mixin/]: Mixing ChunkStatusMixin from alexscaves.mixins.json into net.minecraft.world.level.chunk.ChunkStatus
[14May2025 22:21:10.152] [main/DEBUG] [mixin/]: Mixing PoiTypesInvoker from morevillagers-common.mixins.json into net.minecraft.world.entity.ai.village.poi.PoiTypes
[14May2025 22:21:10.153] [main/DEBUG] [mixin/]: Renaming @Accessor method getTypeByState()Ljava/util/Map; to getTypeByState_$md$b7ac4f$0 in morevillagers-common.mixins.json:PoiTypesInvoker
[14May2025 22:21:10.153] [main/DEBUG] [mixin/]: Renaming @Invoker method invokeGetBlockStates(Lnet/minecraft/world/level/block/Block;)Ljava/util/Set; to invokeGetBlockStates_$md$b7ac4f$1 in morevillagers-common.mixins.json:PoiTypesInvoker
[14May2025 22:21:10.153] [main/DEBUG] [mixin/]: Renaming @Invoker method invokeRegisterBlockStates(Lnet/minecraft/core/Holder;Ljava/util/Set;)V to invokeRegisterBlockStates_$md$b7ac4f$2 in morevillagers-common.mixins.json:PoiTypesInvoker
[14May2025 22:21:10.153] [main/DEBUG] [mixin/]: Mixing PointOfInterestTypesMixin from friendsandfoes-common.mixins.json into net.minecraft.world.entity.ai.village.poi.PoiTypes
[14May2025 22:21:10.168] [main/DEBUG] [mixin/]: Mixing KeepRichSoilGiantTreeMixin from farmersdelight.mixins.json into net.minecraft.world.level.levelgen.feature.Feature
[14May2025 22:21:10.168] [main/DEBUG] [mixin/]: Renaming synthetic method lambda$keepRichSoil$0(Lnet/minecraft/world/level/block/state/BlockState;)Z to mdb7ac4f$lambda$keepRichSoil$0$0 in farmersdelight.mixins.json:KeepRichSoilGiantTreeMixin
[14May2025 22:21:10.177] [main/DEBUG] [mixin/]: Mixing TrunkPlacerTypeInvoker from graveyard-common.mixins.json into net.minecraft.world.level.levelgen.feature.trunkplacers.TrunkPlacerType
[14May2025 22:21:10.177] [main/DEBUG] [mixin/]: Renaming @Invoker method callRegister(Ljava/lang/String;Lcom/mojang/serialization/Codec;)Lnet/minecraft/world/level/levelgen/feature/trunkplacers/TrunkPlacerType; to callRegister_$md$b7ac4f$0 in graveyard-common.mixins.json:TrunkPlacerTypeInvoker
[14May2025 22:21:10.190] [main/DEBUG] [mixin/]: Mixing entity.DecoratedPotPatternsMixin from mixins.netherexp.json into net.minecraft.world.level.block.entity.DecoratedPotPatterns
[14May2025 22:21:10.201] [main/DEBUG] [mixin/]: Mixing UnnededMixin from sawmill-common.mixins.json into net.minecraft.world.item.CreativeModeTab
[14May2025 22:21:10.205] [main/DEBUG] [mixin/]: Mixing FireBlockMixin from supplementaries-common.mixins.json into net.minecraft.world.level.block.FireBlock
[14May2025 22:21:10.206] [main/DEBUG] [mixin/]: Mixing FireBlockAccessor from supplementaries.mixins.json into net.minecraft.world.level.block.FireBlock
[14May2025 22:21:10.206] [main/DEBUG] [mixin/]: Mixing FireBlockAccess from kiwi.mixins.json into net.minecraft.world.level.block.FireBlock
[14May2025 22:21:10.207] [main/DEBUG] [mixin/]: Mixing FireBlockAccessor from friendsandfoes-forge.mixins.json into net.minecraft.world.level.block.FireBlock
[14May2025 22:21:10.207] [main/DEBUG] [mixin/]: Mixing FireBlockMixin from moonlight.mixins.json into net.minecraft.world.level.block.FireBlock
[14May2025 22:21:10.208] [main/DEBUG] [mixin/]: Mixing accessor.FireBlockForgeAccessor from puzzleslib.forge.mixins.json into net.minecraft.world.level.block.FireBlock
[14May2025 22:21:10.232] [main/DEBUG] [mixin/]: Mixing math.fast_blockpos.DirectionMixin from lithium.mixins.json into net.minecraft.core.Direction
[14May2025 22:21:10.233] [main/DEBUG] [mixin/]: lithium.mixins.json:math.fast_blockpos.DirectionMixin: Class version 61 required is higher than the class version supported by the current version of Mixin (JAVA_16 supports class version 60)
[14May2025 22:21:10.234] [main/DEBUG] [mixin/]: Mixing math.fast_util.DirectionMixin from lithium.mixins.json into net.minecraft.core.Direction
[14May2025 22:21:10.236] [main/DEBUG] [mixin/]: lithium.mixins.json:math.fast_util.DirectionMixin: Class version 61 required is higher than the class version supported by the current version of Mixin (JAVA_16 supports class version 60)
[14May2025 22:21:10.257] [main/DEBUG] [mixin/]: Mixing multipart_entities.VoxelShapeMixin from mixins.cerbons_api.json into net.minecraft.world.phys.shapes.VoxelShape
[14May2025 22:21:10.258] [main/DEBUG] [mixin/]: Mixing block.moving_block_shapes.VoxelShapeMixin from lithium.mixins.json into net.minecraft.world.phys.shapes.VoxelShape
[14May2025 22:21:10.259] [main/DEBUG] [mixin/]: lithium.mixins.json:block.moving_block_shapes.VoxelShapeMixin: Class version 61 required is higher than the class version supported by the current version of Mixin (JAVA_16 supports class version 60)
[14May2025 22:21:10.260] [main/DEBUG] [mixin/]: Mixing shapes.specialized_shapes.VoxelShapeMixin from lithium.mixins.json into net.minecraft.world.phys.shapes.VoxelShape
[14May2025 22:21:10.260] [main/DEBUG] [mixin/]: lithium.mixins.json:shapes.specialized_shapes.VoxelShapeMixin: Class version 61 required is higher than the class version supported by the current version of Mixin (JAVA_16 supports class version 60)
[14May2025 22:21:10.265] [main/DEBUG] [mixin/]: Mixing VoxelShapeAccessor from creativecore.mixins.json into net.minecraft.world.phys.shapes.VoxelShape
[14May2025 22:21:10.265] [main/DEBUG] [mixin/]: Mixing VoxelShapeAccess from ferritecore.blockstatecache.mixin.json into net.minecraft.world.phys.shapes.VoxelShape
[14May2025 22:21:10.273] [main/DEBUG] [mixin/]: Unexpected: Registered method setShape(Lnet/minecraft/world/phys/shapes/DiscreteVoxelShape;)V in net.minecraft.world.phys.shapes.VoxelShape was not merged
[14May2025 22:21:10.278] [main/DEBUG] [mixin/]: Mixing multipart_entities.ShapesMixin from mixins.cerbons_api.json into net.minecraft.world.phys.shapes.Shapes
[14May2025 22:21:10.279] [main/DEBUG] [mixin/]: Mixing shapes.optimized_matching.VoxelShapesMixin from lithium.mixins.json into net.minecraft.world.phys.shapes.Shapes
[14May2025 22:21:10.279] [main/DEBUG] [mixin/]: lithium.mixins.json:shapes.optimized_matching.VoxelShapesMixin: Class version 61 required is higher than the class version supported by the current version of Mixin (JAVA_16 supports class version 60)
[14May2025 22:21:10.280] [main/DEBUG] [mixin/]: Mixing shapes.shape_merging.VoxelShapesMixin from lithium.mixins.json into net.minecraft.world.phys.shapes.Shapes
[14May2025 22:21:10.280] [main/DEBUG] [mixin/]: lithium.mixins.json:shapes.shape_merging.VoxelShapesMixin: Class version 61 required is higher than the class version supported by the current version of Mixin (JAVA_16 supports class version 60)
[14May2025 22:21:10.281] [main/DEBUG] [mixin/]: Mixing shapes.specialized_shapes.VoxelShapesMixin from lithium.mixins.json into net.minecraft.world.phys.shapes.Shapes
[14May2025 22:21:10.281] [main/DEBUG] [mixin/]: lithium.mixins.json:shapes.specialized_shapes.VoxelShapesMixin: Class version 61 required is higher than the class version supported by the current version of Mixin (JAVA_16 supports class version 60)
[14May2025 22:21:10.284] [main/DEBUG] [mixin/]: Mixing ShapesMixin from creativecore.mixins.json into net.minecraft.world.phys.shapes.Shapes
[14May2025 22:21:10.314] [main/DEBUG] [mixin/]: Mixing DiscreteVSAccess from ferritecore.blockstatecache.mixin.json into net.minecraft.world.phys.shapes.DiscreteVoxelShape
[14May2025 22:21:10.316] [main/DEBUG] [mixin/]: Mixing BitSetDVSAccess from ferritecore.blockstatecache.mixin.json into net.minecraft.world.phys.shapes.BitSetDiscreteVoxelShape
[14May2025 22:21:10.319] [main/DEBUG] [mixin/]: Mixing multipart_entities.InvokerArrayVoxelShape from mixins.cerbons_api.json into net.minecraft.world.phys.shapes.ArrayVoxelShape
[14May2025 22:21:10.319] [main/DEBUG] [mixin/]: Renaming @Invoker method init(Lnet/minecraft/world/phys/shapes/DiscreteVoxelShape;Lit/unimi/dsi/fastutil/doubles/DoubleList;Lit/unimi/dsi/fastutil/doubles/DoubleList;Lit/unimi/dsi/fastutil/doubles/DoubleList;)Lnet/minecraft/world/phys/shapes/ArrayVoxelShape; to init_$md$b7ac4f$0 in mixins.cerbons_api.json:multipart_entities.InvokerArrayVoxelShape
[14May2025 22:21:10.319] [main/DEBUG] [mixin/]: Mixing ArrayVSAccess from ferritecore.blockstatecache.mixin.json into net.minecraft.world.phys.shapes.ArrayVoxelShape
[14May2025 22:21:10.323] [main/DEBUG] [mixin/]: Mixing shapes.precompute_shape_arrays.SimpleVoxelShapeMixin from lithium.mixins.json into net.minecraft.world.phys.shapes.CubeVoxelShape
[14May2025 22:21:10.323] [main/DEBUG] [mixin/]: lithium.mixins.json:shapes.precompute_shape_arrays.SimpleVoxelShapeMixin: Class version 61 required is higher than the class version supported by the current version of Mixin (JAVA_16 supports class version 60)
[14May2025 22:21:10.328] [main/DEBUG] [mixin/]: Mixing SliceShapeAccess from ferritecore.blockstatecache.mixin.json into net.minecraft.world.phys.shapes.SliceShape
[14May2025 22:21:10.332] [main/DEBUG] [mixin/]: Mixing shapes.precompute_shape_arrays.FractionalDoubleListMixin from lithium.mixins.json into net.minecraft.world.phys.shapes.CubePointRange
[14May2025 22:21:10.332] [main/DEBUG] [mixin/]: lithium.mixins.json:shapes.precompute_shape_arrays.FractionalDoubleListMixin: Class version 61 required is higher than the class version supported by the current version of Mixin (JAVA_16 supports class version 60)
[14May2025 22:21:10.445] [main/DEBUG] [mixin/]: Mixing block.BlocksMixin from mixins.netherexp.json into net.minecraft.world.level.block.Blocks
[14May2025 22:21:10.447] [main/DEBUG] [mixin/]: Mixing BlocksMixin from amendments-common.mixins.json into net.minecraft.world.level.block.Blocks
[14May2025 22:21:10.450] [main/DEBUG] [mixin/]: Mixing perf.reduce_blockstate_cache_rebuilds.BlocksMixin from modernfix-common.mixins.json into net.minecraft.world.level.block.Blocks
[14May2025 22:21:10.450] [main/DEBUG] [mixin/]: Renaming synthetic method lambda$getEmptyConsumer$0(Ljava/lang/Object;)V to mdb7ac4f$lambda$getEmptyConsumer$0$0 in modernfix-common.mixins.json:perf.reduce_blockstate_cache_rebuilds.BlocksMixin
[14May2025 22:21:10.522] [main/DEBUG] [mixin/]: Mixing SpreadableSnowyDirtBlockMixin from snowrealmagic.mixins.json into net.minecraft.world.level.block.SpreadingSnowyDirtBlock
[14May2025 22:21:10.522] [main/DEBUG] [mixin/]: snowrealmagic.mixins.json:SpreadableSnowyDirtBlockMixin: Class version 61 required is higher than the class version supported by the current version of Mixin (JAVA_16 supports class version 60)
[14May2025 22:21:10.528] [main/DEBUG] [mixin/]: Mixing SnowyDirtBlockMixin from snowrealmagic.mixins.json into net.minecraft.world.level.block.SnowyDirtBlock
[14May2025 22:21:10.528] [main/DEBUG] [mixin/]: snowrealmagic.mixins.json:SnowyDirtBlockMixin: Class version 61 required is higher than the class version supported by the current version of Mixin (JAVA_16 supports class version 60)
[14May2025 22:21:10.531] [main/DEBUG] [mixin/]: Mixing PlantBlockMixin from graveyard-common.mixins.json into net.minecraft.world.level.block.BushBlock
[14May2025 22:21:10.534] [main/DEBUG] [mixin/]: Mixing AbstractMegaTreeGrowerMixin from snowrealmagic.mixins.json into net.minecraft.world.level.block.grower.AbstractMegaTreeGrower
[14May2025 22:21:10.534] [main/DEBUG] [mixin/]: snowrealmagic.mixins.json:AbstractMegaTreeGrowerMixin: Class version 61 required is higher than the class version supported by the current version of Mixin (JAVA_16 supports class version 60)
[14May2025 22:21:10.544] [main/DEBUG] [net.minecraftforge.coremod.transformer.CoreModBaseTransformer/COREMOD]: Transforming net/minecraft/world/level/block/LiquidBlock
[14May2025 22:21:10.544] [main/DEBUG] [mixin/]: Mixing inject.MixinLiquidBlock from architectury-common.mixins.json into net.minecraft.world.level.block.LiquidBlock
[14May2025 22:21:10.557] [main/DEBUG] [mixin/]: Mixing CuttingBoardDispenserMixin from farmersdelight.mixins.json into net.minecraft.world.level.block.DispenserBlock
[14May2025 22:21:10.559] [main/DEBUG] [mixin/]: Mixing accessor.DispenserBlockAccessor from moonlight-common.mixins.json into net.minecraft.world.level.block.DispenserBlock
[14May2025 22:21:10.559] [main/DEBUG] [mixin/]: Renaming @Accessor method getDispenserRegistry()Ljava/util/Map; to getDispenserRegistry_$md$b7ac4f$0 in moonlight-common.mixins.json:accessor.DispenserBlockAccessor
[14May2025 22:21:10.568] [main/DEBUG] [mixin/]: Mixing alloc.enum_values.piston_block.PistonBlockMixin from lithium.mixins.json into net.minecraft.world.level.block.piston.PistonBaseBlock
[14May2025 22:21:10.568] [main/DEBUG] [mixin/]: lithium.mixins.json:alloc.enum_values.piston_block.PistonBlockMixin: Class version 61 required is higher than the class version supported by the current version of Mixin (JAVA_16 supports class version 60)
[14May2025 22:21:10.575] [main/DEBUG] [mixin/]: Mixing DoublePlantBlockMixin from snowrealmagic.mixins.json into net.minecraft.world.level.block.DoublePlantBlock
[14May2025 22:21:10.575] [main/DEBUG] [mixin/]: snowrealmagic.mixins.json:DoublePlantBlockMixin: Class version 61 required is higher than the class version supported by the current version of Mixin (JAVA_16 supports class version 60)
[14May2025 22:21:10.588] [main/DEBUG] [mixin/]: Mixing block.SoulFireBlockMixin from mixins.netherexp.json into net.minecraft.world.level.block.SoulFireBlock
[14May2025 22:21:10.591] [main/DEBUG] [net.minecraftforge.coremod.transformer.CoreModBaseTransformer/COREMOD]: Transforming net/minecraft/world/level/block/StairBlock
[14May2025 22:21:10.598] [main/DEBUG] [mixin/]: Mixing alloc.enum_values.redstone_wire.RedstoneWireBlockMixin from lithium.mixins.json into net.minecraft.world.level.block.RedStoneWireBlock
[14May2025 22:21:10.598] [main/DEBUG] [mixin/]: lithium.mixins.json:alloc.enum_values.redstone_wire.RedstoneWireBlockMixin: Class version 61 required is higher than the class version supported by the current version of Mixin (JAVA_16 supports class version 60)
[14May2025 22:21:10.599] [main/DEBUG] [mixin/]: Mixing block.redstone_wire.RedstoneWireBlockMixin from lithium.mixins.json into net.minecraft.world.level.block.RedStoneWireBlock
[14May2025 22:21:10.599] [main/DEBUG] [mixin/]: lithium.mixins.json:block.redstone_wire.RedstoneWireBlockMixin: Class version 61 required is higher than the class version supported by the current version of Mixin (JAVA_16 supports class version 60)
[14May2025 22:21:10.611] [main/DEBUG] [mixin/]: Mixing CropBlockMixin from balm.mixins.json into net.minecraft.world.level.block.CropBlock
[14May2025 22:21:10.620] [main/DEBUG] [mixin/]: Mixing accessor.DoorBlockAccessor from ribbits.mixins.json into net.minecraft.world.level.block.DoorBlock
[14May2025 22:21:10.621] [main/DEBUG] [mixin/]: Renaming @Invoker method createDoorBlock(Lnet/minecraft/world/level/block/state/BlockBehaviour$Properties;Lnet/minecraft/world/level/block/state/properties/BlockSetType;)Lnet/minecraft/world/level/block/DoorBlock; to createDoorBlock_$md$b7ac4f$0 in ribbits.mixins.json:accessor.DoorBlockAccessor
[14May2025 22:21:10.626] [main/DEBUG] [mixin/]: Mixing CeilingHangingSignBlockMixin from amendments-common.mixins.json into net.minecraft.world.level.block.CeilingHangingSignBlock
[14May2025 22:21:10.627] [main/DEBUG] [mixin/]: Renaming synthetic method lambda$amendments$swingSign$0(Lnet/minecraft/world/level/block/entity/BlockEntityTicker;Lnet/minecraft/world/level/Level;Lnet/minecraft/core/BlockPos;Lnet/minecraft/world/level/block/state/BlockState;Lnet/minecraft/world/level/block/entity/BlockEntity;)V to mdb7ac4f$lambda$amendments$swingSign$0$0 in amendments-common.mixins.json:CeilingHangingSignBlockMixin
[14May2025 22:21:10.647] [main/DEBUG] [mixin/]: Mixing CeilingHangingSignBlockMixin from amendments-common.mixins.json into net.minecraft.world.level.block.WallHangingSignBlock
[14May2025 22:21:10.649] [main/DEBUG] [mixin/]: Mixing WallHangingSignBlockMixin from amendments-common.mixins.json into net.minecraft.world.level.block.WallHangingSignBlock
[14May2025 22:21:10.665] [main/DEBUG] [mixin/]: Mixing SnowLayerBlockMixin from snowrealmagic.mixins.json into net.minecraft.world.level.block.SnowLayerBlock
[14May2025 22:21:10.666] [main/DEBUG] [mixin/]: snowrealmagic.mixins.json:SnowLayerBlockMixin: Class version 61 required is higher than the class version supported by the current version of Mixin (JAVA_16 supports class version 60)
[14May2025 22:21:10.691] [main/DEBUG] [mixin/]: Mixing IceBlockMixin from snowrealmagic.mixins.json into net.minecraft.world.level.block.IceBlock
[14May2025 22:21:10.692] [main/DEBUG] [mixin/]: snowrealmagic.mixins.json:IceBlockMixin: Class version 61 required is higher than the class version supported by the current version of Mixin (JAVA_16 supports class version 60)
[14May2025 22:21:10.693] [main/DEBUG] [mixin/]: Mixing IceBlockAccess from snowrealmagic.mixins.json into net.minecraft.world.level.block.IceBlock
[14May2025 22:21:10.693] [main/DEBUG] [mixin/]: snowrealmagic.mixins.json:IceBlockAccess: Class version 61 required is higher than the class version supported by the current version of Mixin (JAVA_16 supports class version 60)
[14May2025 22:21:10.693] [main/DEBUG] [mixin/]: Mixing IceBlockMixin from mixins.bosses_of_mass_destruction.json into net.minecraft.world.level.block.IceBlock
[14May2025 22:21:10.702] [main/DEBUG] [mixin/]: Mixing JukeboxBlockMixin from amendments-common.mixins.json into net.minecraft.world.level.block.JukeboxBlock
[14May2025 22:21:10.704] [main/DEBUG] [mixin/]: Mixing FenceBlockMixin from amendments-common.mixins.json into net.minecraft.world.level.block.FenceBlock
[14May2025 22:21:10.712] [main/DEBUG] [mixin/]: Mixing CarvedPumpkinBlockMixin from friendsandfoes-common.mixins.json into net.minecraft.world.level.block.CarvedPumpkinBlock
[14May2025 22:21:10.713] [main/DEBUG] [mixin/]: Renaming synthetic method lambda$static$1(Lnet/minecraft/world/level/block/state/BlockState;)Z to mdb7ac4f$lambda$static$1$0 in friendsandfoes-common.mixins.json:CarvedPumpkinBlockMixin
[14May2025 22:21:10.713] [main/DEBUG] [mixin/]: Renaming synthetic method lambda$static$0(Lnet/minecraft/world/level/block/state/BlockState;)Z to mdb7ac4f$lambda$static$0$1 in friendsandfoes-common.mixins.json:CarvedPumpkinBlockMixin
[14May2025 22:21:10.734] [main/DEBUG] [mixin/]: Mixing IronBarsBlockMixin from supplementaries-common.mixins.json into net.minecraft.world.level.block.IronBarsBlock
[14May2025 22:21:10.741] [main/DEBUG] [mixin/]: Mixing block.StemBlockMixin from mixins.netherexp.json into net.minecraft.world.level.block.StemBlock
[14May2025 22:21:10.742] [main/DEBUG] [mixin/]: Mixing StemBlockMixin from balm.mixins.json into net.minecraft.world.level.block.StemBlock
[14May2025 22:21:10.745] [main/DEBUG] [mixin/]: Mixing VineMixin from amendments-common.mixins.json into net.minecraft.world.level.block.VineBlock
[14May2025 22:21:10.750] [main/DEBUG] [mixin/]: Mixing FenceGateBlockAccess from snowrealmagic.mixins.json into net.minecraft.world.level.block.FenceGateBlock
[14May2025 22:21:10.750] [main/DEBUG] [mixin/]: snowrealmagic.mixins.json:FenceGateBlockAccess: Class version 61 required is higher than the class version supported by the current version of Mixin (JAVA_16 supports class version 60)
[14May2025 22:21:10.752] [main/DEBUG] [mixin/]: Mixing WaterLilyMixin from amendments-common.mixins.json into net.minecraft.world.level.block.WaterlilyBlock
[14May2025 22:21:10.759] [main/DEBUG] [mixin/]: Mixing NetherWartBlockMixin from nethersdelight.mixins.json into net.minecraft.world.level.block.NetherWartBlock
[14May2025 22:21:10.763] [main/DEBUG] [mixin/]: Mixing CauldronBlockMixin from amendments-common.mixins.json into net.minecraft.world.level.block.CauldronBlock
[14May2025 22:21:10.766] [main/DEBUG] [mixin/]: Mixing AbstractCauldronBlockMixin from amendments-common.mixins.json into net.minecraft.world.level.block.AbstractCauldronBlock
[14May2025 22:21:10.772] [main/DEBUG] [mixin/]: Mixing LavaCauldronMixin from amendments-common.mixins.json into net.minecraft.world.level.block.LavaCauldronBlock
[14May2025 22:21:10.783] [main/DEBUG] [mixin/]: Mixing perf.deduplicate_wall_shapes.WallBlockMixin from modernfix-common.mixins.json into net.minecraft.world.level.block.WallBlock
[14May2025 22:21:10.790] [main/DEBUG] [net.minecraftforge.coremod.transformer.CoreModBaseTransformer/COREMOD]: Transforming net/minecraft/world/level/block/FlowerPotBlock
[14May2025 22:21:10.791] [main/DEBUG] [mixin/]: Mixing FlowerPotBlockMixin from amendments-common.mixins.json into net.minecraft.world.level.block.FlowerPotBlock
[14May2025 22:21:10.794] [main/DEBUG] [mixin/]: Mixing SkullBlockMixin from amendments-common.mixins.json into net.minecraft.world.level.block.SkullBlock
[14May2025 22:21:10.800] [main/DEBUG] [mixin/]: Mixing AbstractSkullBlockMixin from amendments-common.mixins.json into net.minecraft.world.level.block.AbstractSkullBlock
[14May2025 22:21:10.802] [main/DEBUG] [mixin/]: Mixing SkullBlockMixin from amendments-common.mixins.json into net.minecraft.world.level.block.WallSkullBlock
[14May2025 22:21:10.812] [main/DEBUG] [mixin/]: Mixing AnvilBlockMixin from easyanvils.common.mixins.json into net.minecraft.world.level.block.AnvilBlock
[14May2025 22:21:10.814] [main/DEBUG] [mixin/]: Mixing AnvilBlockMixin from placebo.mixins.json into net.minecraft.world.level.block.AnvilBlock
[14May2025 22:21:10.821] [main/DEBUG] [mixin/]: Mixing ComparatorBlockMixin from supplementaries-common.mixins.json into net.minecraft.world.level.block.ComparatorBlock
[14May2025 22:21:10.822] [main/DEBUG] [mixin/]: Mixing util.inventory_comparator_tracking.ComparatorBlockMixin from lithium.mixins.json into net.minecraft.world.level.block.ComparatorBlock
[14May2025 22:21:10.822] [main/DEBUG] [mixin/]: lithium.mixins.json:util.inventory_comparator_tracking.ComparatorBlockMixin: Class version 61 required is higher than the class version supported by the current version of Mixin (JAVA_16 supports class version 60)
[14May2025 22:21:10.837] [main/DEBUG] [mixin/]: Mixing block.TorchflowerCropBlockMixin from mixins.netherexp.json into net.minecraft.world.level.block.TorchflowerCropBlock
[14May2025 22:21:10.843] [main/DEBUG] [mixin/]: Mixing ObserverBlockMixin from supplementaries-common.mixins.json into net.minecraft.world.level.block.ObserverBlock
[14May2025 22:21:10.867] [main/DEBUG] [mixin/]: Mixing LecternBlockMixin from amendments-common.mixins.json into net.minecraft.world.level.block.LecternBlock
[14May2025 22:21:10.873] [main/DEBUG] [mixin/]: Mixing BellMixin from amendments-common.mixins.json into net.minecraft.world.level.block.BellBlock
[14May2025 22:21:10.879] [main/DEBUG] [mixin/]: Mixing LanternBlockPlacementMixin from amendments-common.mixins.json into net.minecraft.world.level.block.LanternBlock
[14May2025 22:21:10.882] [main/DEBUG] [mixin/]: Mixing CampfireBlockMixin from supplementaries-common.mixins.json into net.minecraft.world.level.block.CampfireBlock
[14May2025 22:21:10.882] [main/DEBUG] [mixin/]: Mixing CampfireBaleMixin from farmersdelight.mixins.json into net.minecraft.world.level.block.CampfireBlock
[14May2025 22:21:10.887] [main/DEBUG] [mixin/]: Mixing FungusBlockMixin from nethersdelight.mixins.json into net.minecraft.world.level.block.FungusBlock
[14May2025 22:21:10.889] [main/DEBUG] [mixin/]: Mixing block.RootsBlockMixin from mixins.netherexp.json into net.minecraft.world.level.block.RootsBlock
[14May2025 22:21:10.890] [main/DEBUG] [mixin/]: Mixing RootsBlockMixin from nethersdelight.mixins.json into net.minecraft.world.level.block.RootsBlock
[14May2025 22:21:10.892] [main/DEBUG] [mixin/]: Mixing NetherSproutsBlockMixin from nethersdelight.mixins.json into net.minecraft.world.level.block.NetherSproutsBlock
[14May2025 22:21:10.893] [main/DEBUG] [mixin/]: Mixing block.WeepingVinesMixin from mixins.netherexp.json into net.minecraft.world.level.block.WeepingVinesBlock
[14May2025 22:21:10.894] [main/DEBUG] [mixin/]: Renaming synthetic method lambda$use$0(Lnet/minecraft/world/InteractionHand;Lnet/minecraft/world/entity/player/Player;)V to mdb7ac4f$lambda$use$0$0 in mixins.netherexp.json:block.WeepingVinesMixin
[14May2025 22:21:10.902] [main/DEBUG] [mixin/]: Mixing block.TwistingVinesMixin from mixins.netherexp.json into net.minecraft.world.level.block.TwistingVinesBlock
[14May2025 22:21:10.902] [main/DEBUG] [mixin/]: Renaming synthetic method lambda$use$0(Lnet/minecraft/world/InteractionHand;Lnet/minecraft/world/entity/player/Player;)V to mdb7ac4f$lambda$use$0$0 in mixins.netherexp.json:block.TwistingVinesMixin
[14May2025 22:21:10.924] [main/DEBUG] [mixin/]: Mixing MixinPowderSnowBlock from curios.mixins.json into net.minecraft.world.level.block.PowderSnowBlock
[14May2025 22:21:10.933] [main/DEBUG] [mixin/]: Mixing LightningRodBlockMixin from friendsandfoes-common.mixins.json into net.minecraft.world.level.block.LightningRodBlock
[14May2025 22:21:10.941] [main/DEBUG] [mixin/]: Mixing LightningRodBlockOxidizableMixin from friendsandfoes-common.mixins.json into net.minecraft.world.level.block.LightningRodBlock
[14May2025 22:21:10.942] [main/DEBUG] [mixin/]: Renaming synthetic method lambda$getDegradationResult$0(Lnet/minecraft/world/level/block/state/BlockState;Lnet/minecraft/world/level/block/Block;)Lnet/minecraft/world/level/block/state/BlockState; to mdb7ac4f$lambda$getDegradationResult$0$0 in friendsandfoes-common.mixins.json:LightningRodBlockOxidizableMixin
[14May2025 22:21:10.942] [main/DEBUG] [mixin/]: Mixing LightningRodBlockDegradableMixin from friendsandfoes-common.mixins.json into net.minecraft.world.level.block.LightningRodBlock
[14May2025 22:21:10.966] [main/DEBUG] [mixin/]: Mixing BlockBehaviourMixin from mowziesmobs.mixins.json into net.minecraft.world.level.block.state.BlockBehaviour$Properties
[14May2025 22:21:10.982] [main/DEBUG] [mixin/]: Mixing perf.state_definition_construct.StateDefinitionMixin from modernfix-common.mixins.json into net.minecraft.world.level.block.state.StateDefinition
[14May2025 22:21:10.998] [main/DEBUG] [mixin/]: Mixing FlowingFluidMixin from alexscaves.mixins.json into net.minecraft.world.level.material.FlowingFluid
[14May2025 22:21:11.004] [main/DEBUG] [mixin/]: Mixing block.flatten_states.FluidStateMixin from lithium.mixins.json into net.minecraft.world.level.material.FluidState
[14May2025 22:21:11.004] [main/DEBUG] [mixin/]: lithium.mixins.json:block.flatten_states.FluidStateMixin: Class version 61 required is higher than the class version supported by the current version of Mixin (JAVA_16 supports class version 60)
[14May2025 22:21:11.038] [main/DEBUG] [mixin/]: Mixing entity.MobMixin from mixins.netherexp.json into net.minecraft.world.entity.Mob
[14May2025 22:21:11.039] [main/DEBUG] [mixin/]: Mixing MobMixin from despawn_tweaker.mixins.json into net.minecraft.world.entity.Mob
[14May2025 22:21:11.045] [main/DEBUG] [mixin/]: Mixing entity.inactive_navigations.MobEntityMixin from lithium.mixins.json into net.minecraft.world.entity.Mob
[14May2025 22:21:11.045] [main/DEBUG] [mixin/]: lithium.mixins.json:entity.inactive_navigations.MobEntityMixin: Class version 61 required is higher than the class version supported by the current version of Mixin (JAVA_16 supports class version 60)
[14May2025 22:21:11.047] [main/DEBUG] [mixin/]: Mixing entity.skip_equipment_change_check.MobEntityMixin from lithium.mixins.json into net.minecraft.world.entity.Mob
[14May2025 22:21:11.047] [main/DEBUG] [mixin/]: lithium.mixins.json:entity.skip_equipment_change_check.MobEntityMixin: Class version 61 required is higher than the class version supported by the current version of Mixin (JAVA_16 supports class version 60)
[14May2025 22:21:11.048] [main/DEBUG] [mixin/]: Mixing MobMixin from alexscaves.mixins.json into net.minecraft.world.entity.Mob
[14May2025 22:21:11.049] [main/DEBUG] [mixin/]: Mixing EntityMixin from moonlight-common.mixins.json into net.minecraft.world.entity.Mob
[14May2025 22:21:11.050] [main/DEBUG] [mixin/]: Mixing MobMixinForge from ribbits_forge.mixins.json into net.minecraft.world.entity.Mob
[14May2025 22:21:11.055] [main/DEBUG] [mixin/]: Mixing common.MobMixin from backpacked.common.mixins.json into net.minecraft.world.entity.Mob
[14May2025 22:21:11.057] [main/DEBUG] [mixin/]: Mixing MobMixin from bettertridents.common.mixins.json into net.minecraft.world.entity.Mob
[14May2025 22:21:11.085] [main/DEBUG] [mixin/]: Mixing BlockEntityMixin from refurbished_furniture.common.mixins.json into net.minecraft.world.level.block.entity.BlockEntity
[14May2025 22:21:11.085] [main/DEBUG] [mixin/]: Mixing util.inventory_change_listening.BlockEntityMixin from lithium.mixins.json into net.minecraft.world.level.block.entity.BlockEntity
[14May2025 22:21:11.086] [main/DEBUG] [mixin/]: lithium.mixins.json:util.inventory_change_listening.BlockEntityMixin: Class version 61 required is higher than the class version supported by the current version of Mixin (JAVA_16 supports class version 60)
[14May2025 22:21:11.087] [main/DEBUG] [mixin/]: Mixing util.inventory_comparator_tracking.BlockEntityMixin from lithium.mixins.json into net.minecraft.world.level.block.entity.BlockEntity
[14May2025 22:21:11.087] [main/DEBUG] [mixin/]: lithium.mixins.json:util.inventory_comparator_tracking.BlockEntityMixin: Class version 61 required is higher than the class version supported by the current version of Mixin (JAVA_16 supports class version 60)
[14May2025 22:21:11.089] [main/DEBUG] [mixin/]: Mixing errorable.BlockEntityMixin from neruina.mixins.json into net.minecraft.world.level.block.entity.BlockEntity
[14May2025 22:21:11.126] [main/DEBUG] [net.minecraftforge.coremod.transformer.CoreModBaseTransformer/COREMOD]: Transforming net/minecraft/world/item/ItemStack
[14May2025 22:21:11.130] [main/DEBUG] [mixin/]: Mixing item.ItemStackMixin from mixins.netherexp.json into net.minecraft.world.item.ItemStack
[14May2025 22:21:11.132] [main/DEBUG] [mixin/]: Mixing ItemStackMixin from placebo.mixins.json into net.minecraft.world.item.ItemStack
[14May2025 22:21:11.133] [main/DEBUG] [mixin/]: Renaming synthetic method lambda$getOrCreate$0(Ljava/util/function/Function;Ljava/util/function/ToIntFunction;Lnet/minecraft/resources/ResourceLocation;)Ldev/shadowsoffire/placebo/util/CachedObject; to mdb7ac4f$lambda$getOrCreate$0$0 in placebo.mixins.json:ItemStackMixin
[14May2025 22:21:11.135] [main/DEBUG] [mixin/]: Mixing errorable.ItemStackMixin from neruina.mixins.json into net.minecraft.world.item.ItemStack
[14May2025 22:21:11.139] [main/DEBUG] [mixin/]: Mixing ItemStackMixin from bettercombat.mixins.json into net.minecraft.world.item.ItemStack
[14May2025 22:21:11.139] [main/DEBUG] [mixin/]: Mixing item.AnimatedItemNameMixin from necronomicon-common.mixins.json into net.minecraft.world.item.ItemStack
[14May2025 22:21:11.141] [main/DEBUG] [mixin/]: Mixing ItemStackMixin from mixins.irons_spellbooks.json into net.minecraft.world.item.ItemStack
[14May2025 22:21:11.159] [main/DEBUG] [net.minecraftforge.coremod.transformer.CoreModBaseTransformer/COREMOD]: Transforming getEnchantmentLevel with desc (Lnet/minecraft/world/item/enchantment/Enchantment;)I
[14May2025 22:21:11.159] [main/INFO] [net.minecraftforge.coremod.CoreMod.placebo/COREMODLOG]: Patching IForgeItemStack#getEnchantmentLevel
[14May2025 22:21:11.161] [main/DEBUG] [net.minecraftforge.coremod.transformer.CoreModBaseTransformer/COREMOD]: Transforming getAllEnchantments with desc ()Ljava/util/Map;
[14May2025 22:21:11.161] [main/INFO] [net.minecraftforge.coremod.CoreMod.placebo/COREMODLOG]: Patching IForgeItemStack#getEnchantmentLevel
[14May2025 22:21:11.169] [main/DEBUG] [mixin/]: Mixing ExplosionMixin from supplementaries-common.mixins.json into net.minecraft.world.level.Explosion
[14May2025 22:21:11.170] [main/DEBUG] [mixin/]: Mixing world.explosions.ExplosionMixin from lithium.mixins.json into net.minecraft.world.level.Explosion
[14May2025 22:21:11.171] [main/DEBUG] [mixin/]: lithium.mixins.json:world.explosions.ExplosionMixin: Class version 61 required is higher than the class version supported by the current version of Mixin (JAVA_16 supports class version 60)
[14May2025 22:21:11.205] [main/DEBUG] [mixin/]: Mixing FixBlockPlaceContextMixin from moonlight-common.mixins.json into net.minecraft.world.item.context.BlockPlaceContext
[14May2025 22:21:11.247] [main/INFO] [net.minecraft.server.Bootstrap/]: Vanilla bootstrap took 2507 milliseconds
[14May2025 22:21:11.273] [main/DEBUG] [io.netty.util.internal.PlatformDependent0/]: -Dio.netty.noUnsafe: false
[14May2025 22:21:11.273] [main/DEBUG] [io.netty.util.internal.PlatformDependent0/]: Java version: 17
[14May2025 22:21:11.274] [main/DEBUG] [io.netty.util.internal.PlatformDependent0/]: sun.misc.Unsafe.theUnsafe: available
[14May2025 22:21:11.275] [main/DEBUG] [io.netty.util.internal.PlatformDependent0/]: sun.misc.Unsafe.copyMemory: available
[14May2025 22:21:11.275] [main/DEBUG] [io.netty.util.internal.PlatformDependent0/]: sun.misc.Unsafe.storeFence: available
[14May2025 22:21:11.275] [main/DEBUG] [io.netty.util.internal.PlatformDependent0/]: java.nio.Buffer.address: available
[14May2025 22:21:11.276] [main/DEBUG] [io.netty.util.internal.PlatformDependent0/]: direct buffer constructor: unavailable
java.lang.UnsupportedOperationException: Reflective setAccessible(true) disabled
	at io.netty.util.internal.ReflectionUtil.trySetAccessible(ReflectionUtil.java:31) ~[netty-common-4.1.82.Final.jar%2382!/:4.1.82.Final]
	at io.netty.util.internal.PlatformDependent0$5.run(PlatformDependent0.java:288) ~[netty-common-4.1.82.Final.jar%2382!/:4.1.82.Final]
	at java.security.AccessController.doPrivileged(AccessController.java:318) ~[?:?]
	at io.netty.util.internal.PlatformDependent0.<clinit>(PlatformDependent0.java:282) ~[netty-common-4.1.82.Final.jar%2382!/:4.1.82.Final]
	at io.netty.util.internal.PlatformDependent.isAndroid(PlatformDependent.java:333) ~[netty-common-4.1.82.Final.jar%2382!/:4.1.82.Final]
	at io.netty.util.internal.PlatformDependent.<clinit>(PlatformDependent.java:88) ~[netty-common-4.1.82.Final.jar%2382!/:4.1.82.Final]
	at io.netty.util.ConstantPool.<init>(ConstantPool.java:34) ~[netty-common-4.1.82.Final.jar%2382!/:4.1.82.Final]
	at io.netty.util.AttributeKey$1.<init>(AttributeKey.java:27) ~[netty-common-4.1.82.Final.jar%2382!/:4.1.82.Final]
	at io.netty.util.AttributeKey.<clinit>(AttributeKey.java:27) ~[netty-common-4.1.82.Final.jar%2382!/:4.1.82.Final]
	at net.minecraftforge.network.NetworkConstants.<clinit>(NetworkConstants.java:34) ~[forge-1.20.1-47.3.7-universal.jar%23368!/:?]
	at net.minecraft.server.Bootstrap.handler$zha000$doClassloadHack(Bootstrap.java:1034) ~[server-1.20.1-20230612.114412-srg.jar%23363!/:?]
	at net.minecraft.server.Bootstrap.m_135870_(Bootstrap.java:64) ~[server-1.20.1-20230612.114412-srg.jar%23363!/:?]
	at net.minecraftforge.registries.ForgeRegistries.init(ForgeRegistries.java:212) ~[forge-1.20.1-47.3.7-universal.jar%23368!/:?]
	at net.minecraftforge.registries.ForgeRegistries.<clinit>(ForgeRegistries.java:65) ~[forge-1.20.1-47.3.7-universal.jar%23368!/:?]
	at net.minecraft.world.level.block.LiquidBlock.<init>(LiquidBlock.java:53) ~[server-1.20.1-20230612.114412-srg.jar%23363!/:?]
	at net.minecraft.world.level.block.Blocks.<clinit>(Blocks.java:77) ~[server-1.20.1-20230612.114412-srg.jar%23363!/:?]
	at net.minecraft.world.level.block.FireBlock.m_53484_(FireBlock.java:301) ~[server-1.20.1-20230612.114412-srg.jar%23363!/:?]
	at net.minecraft.server.Bootstrap.m_135870_(Bootstrap.java:46) ~[server-1.20.1-20230612.114412-srg.jar%23363!/:?]
	at net.minecraft.server.Main.main(Main.java:121) ~[server-1.20.1-20230612.114412-srg.jar%23363!/:?]
	at jdk.internal.reflect.NativeMethodAccessorImpl.invoke0(Native Method) ~[?:?]
	at jdk.internal.reflect.NativeMethodAccessorImpl.invoke(NativeMethodAccessorImpl.java:77) ~[?:?]
	at jdk.internal.reflect.DelegatingMethodAccessorImpl.invoke(DelegatingMethodAccessorImpl.java:43) ~[?:?]
	at java.lang.reflect.Method.invoke(Method.java:569) ~[?:?]
	at net.minecraftforge.fml.loading.targets.CommonLaunchHandler.runTarget(CommonLaunchHandler.java:111) ~[fmlloader-1.20.1-47.3.7.jar%2369!/:?]
	at net.minecraftforge.fml.loading.targets.CommonLaunchHandler.serverService(CommonLaunchHandler.java:103) ~[fmlloader-1.20.1-47.3.7.jar%2369!/:?]
	at net.minecraftforge.fml.loading.targets.CommonServerLaunchHandler.lambda$makeService$0(CommonServerLaunchHandler.java:27) ~[fmlloader-1.20.1-47.3.7.jar%2369!/:?]
	at cpw.mods.modlauncher.LaunchServiceHandlerDecorator.launch(LaunchServiceHandlerDecorator.java:30) ~[modlauncher-10.0.9.jar%2355!/:?]
	at cpw.mods.modlauncher.LaunchServiceHandler.launch(LaunchServiceHandler.java:53) ~[modlauncher-10.0.9.jar%2355!/:?]
	at cpw.mods.modlauncher.LaunchServiceHandler.launch(LaunchServiceHandler.java:71) ~[modlauncher-10.0.9.jar%2355!/:?]
	at cpw.mods.modlauncher.Launcher.run(Launcher.java:108) ~[modlauncher-10.0.9.jar%2355!/:?]
	at cpw.mods.modlauncher.Launcher.main(Launcher.java:78) ~[modlauncher-10.0.9.jar%2355!/:?]
	at cpw.mods.modlauncher.BootstrapLaunchConsumer.accept(BootstrapLaunchConsumer.java:26) ~[modlauncher-10.0.9.jar%2355!/:?]
	at cpw.mods.modlauncher.BootstrapLaunchConsumer.accept(BootstrapLaunchConsumer.java:23) ~[modlauncher-10.0.9.jar%2355!/:?]
	at cpw.mods.bootstraplauncher.BootstrapLauncher.main(BootstrapLauncher.java:141) ~[bootstraplauncher-1.1.2.jar:?]
[14May2025 22:21:11.278] [main/DEBUG] [io.netty.util.internal.PlatformDependent0/]: java.nio.Bits.unaligned: available, true
[14May2025 22:21:11.280] [main/DEBUG] [io.netty.util.internal.PlatformDependent0/]: jdk.internal.misc.Unsafe.allocateUninitializedArray(int): unavailable
java.lang.IllegalAccessException: class io.netty.util.internal.PlatformDependent0$7 (in module io.netty.common) cannot access class jdk.internal.misc.Unsafe (in module java.base) because module java.base does not export jdk.internal.misc to module io.netty.common
	at jdk.internal.reflect.Reflection.newIllegalAccessException(Reflection.java:392) ~[?:?]
	at java.lang.reflect.AccessibleObject.checkAccess(AccessibleObject.java:674) ~[?:?]
	at java.lang.reflect.Method.invoke(Method.java:561) ~[?:?]
	at io.netty.util.internal.PlatformDependent0$7.run(PlatformDependent0.java:410) ~[netty-common-4.1.82.Final.jar%2382!/:4.1.82.Final]
	at java.security.AccessController.doPrivileged(AccessController.java:318) ~[?:?]
	at io.netty.util.internal.PlatformDependent0.<clinit>(PlatformDependent0.java:401) ~[netty-common-4.1.82.Final.jar%2382!/:4.1.82.Final]
	at io.netty.util.internal.PlatformDependent.isAndroid(PlatformDependent.java:333) ~[netty-common-4.1.82.Final.jar%2382!/:4.1.82.Final]
	at io.netty.util.internal.PlatformDependent.<clinit>(PlatformDependent.java:88) ~[netty-common-4.1.82.Final.jar%2382!/:4.1.82.Final]
	at io.netty.util.ConstantPool.<init>(ConstantPool.java:34) ~[netty-common-4.1.82.Final.jar%2382!/:4.1.82.Final]
	at io.netty.util.AttributeKey$1.<init>(AttributeKey.java:27) ~[netty-common-4.1.82.Final.jar%2382!/:4.1.82.Final]
	at io.netty.util.AttributeKey.<clinit>(AttributeKey.java:27) ~[netty-common-4.1.82.Final.jar%2382!/:4.1.82.Final]
	at net.minecraftforge.network.NetworkConstants.<clinit>(NetworkConstants.java:34) ~[forge-1.20.1-47.3.7-universal.jar%23368!/:?]
	at net.minecraft.server.Bootstrap.handler$zha000$doClassloadHack(Bootstrap.java:1034) ~[server-1.20.1-20230612.114412-srg.jar%23363!/:?]
	at net.minecraft.server.Bootstrap.m_135870_(Bootstrap.java:64) ~[server-1.20.1-20230612.114412-srg.jar%23363!/:?]
	at net.minecraftforge.registries.ForgeRegistries.init(ForgeRegistries.java:212) ~[forge-1.20.1-47.3.7-universal.jar%23368!/:?]
	at net.minecraftforge.registries.ForgeRegistries.<clinit>(ForgeRegistries.java:65) ~[forge-1.20.1-47.3.7-universal.jar%23368!/:?]
	at net.minecraft.world.level.block.LiquidBlock.<init>(LiquidBlock.java:53) ~[server-1.20.1-20230612.114412-srg.jar%23363!/:?]
	at net.minecraft.world.level.block.Blocks.<clinit>(Blocks.java:77) ~[server-1.20.1-20230612.114412-srg.jar%23363!/:?]
	at net.minecraft.world.level.block.FireBlock.m_53484_(FireBlock.java:301) ~[server-1.20.1-20230612.114412-srg.jar%23363!/:?]
	at net.minecraft.server.Bootstrap.m_135870_(Bootstrap.java:46) ~[server-1.20.1-20230612.114412-srg.jar%23363!/:?]
	at net.minecraft.server.Main.main(Main.java:121) ~[server-1.20.1-20230612.114412-srg.jar%23363!/:?]
	at jdk.internal.reflect.NativeMethodAccessorImpl.invoke0(Native Method) ~[?:?]
	at jdk.internal.reflect.NativeMethodAccessorImpl.invoke(NativeMethodAccessorImpl.java:77) ~[?:?]
	at jdk.internal.reflect.DelegatingMethodAccessorImpl.invoke(DelegatingMethodAccessorImpl.java:43) ~[?:?]
	at java.lang.reflect.Method.invoke(Method.java:569) ~[?:?]
	at net.minecraftforge.fml.loading.targets.CommonLaunchHandler.runTarget(CommonLaunchHandler.java:111) ~[fmlloader-1.20.1-47.3.7.jar%2369!/:?]
	at net.minecraftforge.fml.loading.targets.CommonLaunchHandler.serverService(CommonLaunchHandler.java:103) ~[fmlloader-1.20.1-47.3.7.jar%2369!/:?]
	at net.minecraftforge.fml.loading.targets.CommonServerLaunchHandler.lambda$makeService$0(CommonServerLaunchHandler.java:27) ~[fmlloader-1.20.1-47.3.7.jar%2369!/:?]
	at cpw.mods.modlauncher.LaunchServiceHandlerDecorator.launch(LaunchServiceHandlerDecorator.java:30) ~[modlauncher-10.0.9.jar%2355!/:?]
	at cpw.mods.modlauncher.LaunchServiceHandler.launch(LaunchServiceHandler.java:53) ~[modlauncher-10.0.9.jar%2355!/:?]
	at cpw.mods.modlauncher.LaunchServiceHandler.launch(LaunchServiceHandler.java:71) ~[modlauncher-10.0.9.jar%2355!/:?]
	at cpw.mods.modlauncher.Launcher.run(Launcher.java:108) ~[modlauncher-10.0.9.jar%2355!/:?]
	at cpw.mods.modlauncher.Launcher.main(Launcher.java:78) ~[modlauncher-10.0.9.jar%2355!/:?]
	at cpw.mods.modlauncher.BootstrapLaunchConsumer.accept(BootstrapLaunchConsumer.java:26) ~[modlauncher-10.0.9.jar%2355!/:?]
	at cpw.mods.modlauncher.BootstrapLaunchConsumer.accept(BootstrapLaunchConsumer.java:23) ~[modlauncher-10.0.9.jar%2355!/:?]
	at cpw.mods.bootstraplauncher.BootstrapLauncher.main(BootstrapLauncher.java:141) ~[bootstraplauncher-1.1.2.jar:?]
[14May2025 22:21:11.281] [main/DEBUG] [io.netty.util.internal.PlatformDependent0/]: java.nio.DirectByteBuffer.<init>(long, int): unavailable
[14May2025 22:21:11.281] [main/DEBUG] [io.netty.util.internal.PlatformDependent/]: sun.misc.Unsafe: available
[14May2025 22:21:11.282] [main/DEBUG] [io.netty.util.internal.PlatformDependent/]: maxDirectMemory: 15032385536 bytes (maybe)
[14May2025 22:21:11.283] [main/DEBUG] [io.netty.util.internal.PlatformDependent/]: -Dio.netty.tmpdir: /tmp (java.io.tmpdir)
[14May2025 22:21:11.283] [main/DEBUG] [io.netty.util.internal.PlatformDependent/]: -Dio.netty.bitMode: 64 (sun.arch.data.model)
[14May2025 22:21:11.283] [main/DEBUG] [io.netty.util.internal.PlatformDependent/]: -Dio.netty.maxDirectMemory: -1 bytes
[14May2025 22:21:11.284] [main/DEBUG] [io.netty.util.internal.PlatformDependent/]: -Dio.netty.uninitializedArrayAllocationThreshold: -1
[14May2025 22:21:11.284] [main/DEBUG] [io.netty.util.internal.CleanerJava9/]: java.nio.ByteBuffer.cleaner(): available
[14May2025 22:21:11.285] [main/DEBUG] [io.netty.util.internal.PlatformDependent/]: -Dio.netty.noPreferDirect: false
[14May2025 22:21:11.289] [main/DEBUG] [mixin/]: Mixing SimpleChannelMixin from connectivity.mixins.json into net.minecraftforge.network.simple.SimpleChannel
[14May2025 22:21:11.350] [main/DEBUG] [mixin/]: Mixing networkstats.CCustomPayloadPacketNameMixin from connectivity.mixins.json into net.minecraft.network.protocol.game.ServerboundCustomPayloadPacket
[14May2025 22:21:11.354] [main/DEBUG] [mixin/]: Mixing FriendlyByteBufMixin from supplementaries.mixins.json into net.minecraft.network.FriendlyByteBuf
[14May2025 22:21:11.355] [main/DEBUG] [mixin/]: Mixing shared.network.microopt.PacketByteBufMixin from krypton.mixins.json into net.minecraft.network.FriendlyByteBuf
[14May2025 22:21:11.355] [main/DEBUG] [mixin/]: krypton.mixins.json:shared.network.microopt.PacketByteBufMixin: Class version 61 required is higher than the class version supported by the current version of Mixin (JAVA_16 supports class version 60)
[14May2025 22:21:11.360] [main/INFO] [mixin/]: Mixing common.MixinFriendlyByteBuf from mixins/common/nochatreports.mixins.json into net.minecraft.network.FriendlyByteBuf
[14May2025 22:21:11.361] [main/INFO] [mixin/]: Renaming synthetic method lambda$onWriteJsonWithCodec$1(Ljava/lang/Object;Ljava/lang/String;)Lio/netty/handler/codec/EncoderException; to mdb7ac4f$lambda$onWriteJsonWithCodec$1$0 in mixins/common/nochatreports.mixins.json:common.MixinFriendlyByteBuf
[14May2025 22:21:11.362] [main/INFO] [mixin/]: Renaming synthetic method lambda$onReadJsonWithCodec$0(Ljava/lang/String;)Lio/netty/handler/codec/DecoderException; to mdb7ac4f$lambda$onReadJsonWithCodec$0$1 in mixins/common/nochatreports.mixins.json:common.MixinFriendlyByteBuf
[14May2025 22:21:11.400] [main/DEBUG] [mixin/]: Mixing ClientBoundCustomPayloadPacketLMixin from connectivity.mixins.json into net.minecraft.network.protocol.game.ClientboundCustomPayloadPacket
[14May2025 22:21:11.400] [main/DEBUG] [mixin/]: Mixing networkstats.SCustomPayloadPlayPacketNameMixin from connectivity.mixins.json into net.minecraft.network.protocol.game.ClientboundCustomPayloadPacket
[14May2025 22:21:11.401] [main/DEBUG] [mixin/]: Mixing shared.bugfix.CustomPayloadS2CPacketFixMemoryLeakMixin from krypton.mixins.json into net.minecraft.network.protocol.game.ClientboundCustomPayloadPacket
[14May2025 22:21:11.401] [main/DEBUG] [mixin/]: krypton.mixins.json:shared.bugfix.CustomPayloadS2CPacketFixMemoryLeakMixin: Class version 61 required is higher than the class version supported by the current version of Mixin (JAVA_16 supports class version 60)
[14May2025 22:21:11.408] [main/DEBUG] [mixin/]: Mixing networkstats.CCustomPayloadLoginPacketNameMixin from connectivity.mixins.json into net.minecraft.network.protocol.login.ServerboundCustomQueryPacket
[14May2025 22:21:11.412] [main/DEBUG] [mixin/]: Mixing networkstats.SCustomPayloadLoginPacketNameMixin from connectivity.mixins.json into net.minecraft.network.protocol.login.ClientboundCustomQueryPacket
[14May2025 22:21:11.465] [main/DEBUG] [mixin/]: Mixing FallingBlockEntityMixin from supplementaries-common.mixins.json into net.minecraft.world.entity.item.FallingBlockEntity
[14May2025 22:21:11.465] [main/DEBUG] [mixin/]: Mixing MixinFallingBlockEntity from architectury.mixins.json into net.minecraft.world.entity.item.FallingBlockEntity
[14May2025 22:21:11.466] [main/DEBUG] [mixin/]: Mixing FallingBlockEntityMixin from alexscaves.mixins.json into net.minecraft.world.entity.item.FallingBlockEntity
[14May2025 22:21:11.507] [main/DEBUG] [mixin/]: Mixing util.inventory_change_listening.StackListReplacementTracking$InventoryChangeTrackingDispenserBlockEntity from lithium.mixins.json into net.minecraft.world.level.block.entity.DispenserBlockEntity
[14May2025 22:21:11.507] [main/DEBUG] [mixin/]: lithium.mixins.json:util.inventory_change_listening.StackListReplacementTracking$InventoryChangeTrackingDispenserBlockEntity: Class version 61 required is higher than the class version supported by the current version of Mixin (JAVA_16 supports class version 60)
[14May2025 22:21:11.507] [main/DEBUG] [mixin/]: Mixing accessor.DispenserBlockEntityAccessor from moonlight-common.mixins.json into net.minecraft.world.level.block.entity.DispenserBlockEntity
[14May2025 22:21:11.511] [main/DEBUG] [mixin/]: Mixing util.inventory_change_listening.LockableContainerBlockEntityMixin from lithium.mixins.json into net.minecraft.world.level.block.entity.BaseContainerBlockEntity
[14May2025 22:21:11.511] [main/DEBUG] [mixin/]: lithium.mixins.json:util.inventory_change_listening.LockableContainerBlockEntityMixin: Class version 61 required is higher than the class version supported by the current version of Mixin (JAVA_16 supports class version 60)
[14May2025 22:21:11.511] [main/DEBUG] [mixin/]: Renaming synthetic method lambda$emitFirstComparatorAdded$0(Lme/jellysquid/mods/lithium/common/block/entity/inventory_change_tracking/InventoryChangeListener;)Z to mdb7ac4f$lambda$emitFirstComparatorAdded$0$0 in lithium.mixins.json:util.inventory_change_listening.LockableContainerBlockEntityMixin
[14May2025 22:21:11.513] [main/DEBUG] [mixin/]: Mixing util.inventory_change_listening.StackListReplacementTracking$StackListReplacementTrackingLockableContainerBlockEntity from lithium.mixins.json into net.minecraft.world.level.block.entity.BaseContainerBlockEntity
[14May2025 22:21:11.513] [main/DEBUG] [mixin/]: lithium.mixins.json:util.inventory_change_listening.StackListReplacementTracking$StackListReplacementTrackingLockableContainerBlockEntity: Class version 61 required is higher than the class version supported by the current version of Mixin (JAVA_16 supports class version 60)
[14May2025 22:21:11.556] [main/DEBUG] [mixin/]: Mixing math.fast_util.AxisCycleDirectionMixin$ForwardMixin from lithium.mixins.json into net.minecraft.core.AxisCycle$2
[14May2025 22:21:11.556] [main/DEBUG] [mixin/]: lithium.mixins.json:math.fast_util.AxisCycleDirectionMixin$ForwardMixin: Class version 61 required is higher than the class version supported by the current version of Mixin (JAVA_16 supports class version 60)
[14May2025 22:21:11.559] [main/DEBUG] [mixin/]: Mixing math.fast_util.AxisCycleDirectionMixin$BackwardMixin from lithium.mixins.json into net.minecraft.core.AxisCycle$3
[14May2025 22:21:11.560] [main/DEBUG] [mixin/]: lithium.mixins.json:math.fast_util.AxisCycleDirectionMixin$BackwardMixin: Class version 61 required is higher than the class version supported by the current version of Mixin (JAVA_16 supports class version 60)
[14May2025 22:21:11.578] [main/DEBUG] [mixin/]: Mixing entity.collisions.unpushable_cramming.AbstractMinecartEntityMixin from lithium.mixins.json into net.minecraft.world.entity.vehicle.AbstractMinecart
[14May2025 22:21:11.579] [main/DEBUG] [mixin/]: lithium.mixins.json:entity.collisions.unpushable_cramming.AbstractMinecartEntityMixin: Class version 61 required is higher than the class version supported by the current version of Mixin (JAVA_16 supports class version 60)
[14May2025 22:21:11.579] [main/DEBUG] [mixin/]: Mixing entity.replace_entitytype_predicates.AbstractMinecartEntityMixin from lithium.mixins.json into net.minecraft.world.entity.vehicle.AbstractMinecart
[14May2025 22:21:11.579] [main/DEBUG] [mixin/]: lithium.mixins.json:entity.replace_entitytype_predicates.AbstractMinecartEntityMixin: Class version 61 required is higher than the class version supported by the current version of Mixin (JAVA_16 supports class version 60)
[14May2025 22:21:11.580] [main/DEBUG] [mixin/]: Renaming synthetic method lambda$getOtherAbstractMinecarts$0(Lnet/minecraft/world/entity/Entity;Lnet/minecraft/world/entity/vehicle/AbstractMinecart;)Z to mdb7ac4f$lambda$getOtherAbstractMinecarts$0$0 in lithium.mixins.json:entity.replace_entitytype_predicates.AbstractMinecartEntityMixin
[14May2025 22:21:11.580] [main/DEBUG] [mixin/]: Mixing AbstractMinecartMixin from alexscaves.mixins.json into net.minecraft.world.entity.vehicle.AbstractMinecart
[14May2025 22:21:11.634] [main/DEBUG] [mixin/]: Mixing multipart_entities.AABBMixin from mixins.cerbons_api.json into net.minecraft.world.phys.AABB
[14May2025 22:21:11.635] [main/DEBUG] [mixin/]: Mixing math.fast_util.BoxMixin from lithium.mixins.json into net.minecraft.world.phys.AABB
[14May2025 22:21:11.635] [main/DEBUG] [mixin/]: lithium.mixins.json:math.fast_util.BoxMixin: Class version 61 required is higher than the class version supported by the current version of Mixin (JAVA_16 supports class version 60)
[14May2025 22:21:11.636] [main/DEBUG] [mixin/]: Mixing AABBMixin from automobility.mixins.json into net.minecraft.world.phys.AABB
[14May2025 22:21:11.676] [main/DEBUG] [mixin/]: Mixing block.moving_block_shapes.PistonBlockEntityMixin from lithium.mixins.json into net.minecraft.world.level.block.piston.PistonMovingBlockEntity
[14May2025 22:21:11.676] [main/DEBUG] [mixin/]: lithium.mixins.json:block.moving_block_shapes.PistonBlockEntityMixin: Class version 61 required is higher than the class version supported by the current version of Mixin (JAVA_16 supports class version 60)
[14May2025 22:21:11.679] [main/DEBUG] [mixin/]: Mixing PistonBlockEntityMixin from moonlight-common.mixins.json into net.minecraft.world.level.block.piston.PistonMovingBlockEntity
[14May2025 22:21:11.699] [main/DEBUG] [net.minecraftforge.coremod.transformer.CoreModBaseTransformer/COREMOD]: Transforming net/minecraft/server/level/ServerPlayer
[14May2025 22:21:11.701] [main/DEBUG] [mixin/]: Mixing ServerPlayerMixin from netherportalfix.mixins.json into net.minecraft.server.level.ServerPlayer
[14May2025 22:21:11.705] [main/DEBUG] [mixin/]: Mixing ForgeServerPlayerMixin from netherportalfix.mixins.json into net.minecraft.server.level.ServerPlayer
[14May2025 22:21:11.706] [main/DEBUG] [mixin/]: Mixing ServerPlayerEntityMixin from immersive_aircraft.mixins.json into net.minecraft.server.level.ServerPlayer
[14May2025 22:21:11.706] [main/DEBUG] [mixin/]: Mixing ServerPlayerEntityTickMixin from yungsapi.mixins.json into net.minecraft.server.level.ServerPlayer
[14May2025 22:21:11.707] [main/DEBUG] [mixin/]: Mixing ServerPlayerMix from mixins.startinv.json into net.minecraft.server.level.ServerPlayer
[14May2025 22:21:11.707] [main/DEBUG] [mixin/]: mixins.startinv.json:ServerPlayerMix: Class version 61 required is higher than the class version supported by the current version of Mixin (JAVA_16 supports class version 60)
[14May2025 22:21:11.708] [main/DEBUG] [mixin/]: Mixing shared.player.ServerPlayerEntityMixin from krypton.mixins.json into net.minecraft.server.level.ServerPlayer
[14May2025 22:21:11.708] [main/DEBUG] [mixin/]: krypton.mixins.json:shared.player.ServerPlayerEntityMixin: Class version 61 required is higher than the class version supported by the current version of Mixin (JAVA_16 supports class version 60)
[14May2025 22:21:11.710] [main/DEBUG] [mixin/]: Mixing ServerPlayerMixin from playerrevive.mixins.json into net.minecraft.server.level.ServerPlayer
[14May2025 22:21:11.710] [main/DEBUG] [mixin/]: Mixing ServerPlayerMixin from moonlight-common.mixins.json into net.minecraft.server.level.ServerPlayer
[14May2025 22:21:11.710] [main/DEBUG] [mixin/]: Mixing main.ServerPlayerMixin from alltheleaks.mixins.json into net.minecraft.server.level.ServerPlayer
[14May2025 22:21:11.711] [main/DEBUG] [mixin/]: Mixing common.ServerPlayerMixin from backpacked.common.mixins.json into net.minecraft.server.level.ServerPlayer
[14May2025 22:21:11.712] [main/DEBUG] [mixin/]: Mixing ServerPlayerChunkSending from chunksending.mixins.json into net.minecraft.server.level.ServerPlayer
[14May2025 22:21:11.712] [main/DEBUG] [mixin/]: Renaming synthetic method lambda$chunksending$update$0(Ljava/util/Map$Entry;)D to mdb7ac4f$lambda$chunksending$update$0$0 in chunksending.mixins.json:ServerPlayerChunkSending
[14May2025 22:21:11.733] [main/DEBUG] [mixin/]: Mixing AttributesMixin from mixins.irons_spellbooks.json into net.minecraft.world.entity.ai.attributes.Attributes
[14May2025 22:21:11.734] [main/DEBUG] [mixin/]: Mixing AccessorRangedAttribute from attributefix.mixins.json into net.minecraft.world.entity.ai.attributes.RangedAttribute
[14May2025 22:21:11.744] [main/DEBUG] [mixin/]: Mixing KeepRichSoilTreeMixin from farmersdelight.mixins.json into net.minecraft.world.level.levelgen.feature.trunkplacers.TrunkPlacer
[14May2025 22:21:11.744] [main/DEBUG] [mixin/]: Renaming synthetic method lambda$cancelSetDirtIfRichSoil$0(Lnet/minecraft/world/level/block/state/BlockState;)Z to mdb7ac4f$lambda$cancelSetDirtIfRichSoil$0$0 in farmersdelight.mixins.json:KeepRichSoilTreeMixin
[14May2025 22:21:11.760] [main/DEBUG] [mixin/]: Mixing entity.ProjectileMixin from mixins.netherexp.json into net.minecraft.world.entity.projectile.Projectile
[14May2025 22:21:11.760] [main/DEBUG] [mixin/]: Renaming synthetic method lambda$netherexp$entityCollisionCheck$0(Lnet/minecraft/world/entity/LivingEntity;)V to mdb7ac4f$lambda$netherexp$entityCollisionCheck$0$0 in mixins.netherexp.json:entity.ProjectileMixin
[14May2025 22:21:11.762] [main/DEBUG] [mixin/]: Mixing multipart_entities.ProjectileMixin from mixins.cerbons_api.json into net.minecraft.world.entity.projectile.Projectile
[14May2025 22:21:11.813] [main/DEBUG] [mixin/]: Mixing util.inventory_change_listening.ChestBlockEntityMixin from lithium.mixins.json into net.minecraft.world.level.block.entity.ChestBlockEntity
[14May2025 22:21:11.813] [main/DEBUG] [mixin/]: lithium.mixins.json:util.inventory_change_listening.ChestBlockEntityMixin: Class version 61 required is higher than the class version supported by the current version of Mixin (JAVA_16 supports class version 60)
[14May2025 22:21:11.814] [main/DEBUG] [mixin/]: Mixing util.inventory_change_listening.StackListReplacementTracking$InventoryChangeTrackingChestBlockEntity from lithium.mixins.json into net.minecraft.world.level.block.entity.ChestBlockEntity
[14May2025 22:21:11.814] [main/DEBUG] [mixin/]: lithium.mixins.json:util.inventory_change_listening.StackListReplacementTracking$InventoryChangeTrackingChestBlockEntity: Class version 61 required is higher than the class version supported by the current version of Mixin (JAVA_16 supports class version 60)
[14May2025 22:21:11.842] [main/DEBUG] [mixin/]: Mixing AbstractContainerMenuInvoker from placebo.mixins.json into net.minecraft.world.inventory.AbstractContainerMenu
[14May2025 22:21:11.842] [main/DEBUG] [mixin/]: Mixing AbstractContainerMenuMixin from automobility.mixins.json into net.minecraft.world.inventory.AbstractContainerMenu
[14May2025 22:21:11.842] [main/DEBUG] [mixin/]: Renaming synthetic method lambda$automobility$spoofAutomobileAttachmentScreens$0(Lnet/minecraft/world/entity/player/Player;Lnet/minecraft/world/level/Level;Lnet/minecraft/core/BlockPos;)Ljava/lang/Boolean; to mdb7ac4f$lambda$automobility$spoofAutomobileAttachmentScreens$0$0 in automobility.mixins.json:AbstractContainerMenuMixin
[14May2025 22:21:11.843] [main/DEBUG] [mixin/]: Mixing accessor.AbstractContainerMenuAccessor from puzzleslib.common.mixins.json into net.minecraft.world.inventory.AbstractContainerMenu
[14May2025 22:21:11.850] [main/DEBUG] [mixin/]: Mixing InventoryMixin from carryon.mixins.json into net.minecraft.world.entity.player.Inventory
[14May2025 22:21:11.851] [main/DEBUG] [mixin/]: Mixing MixinInventory from curios.mixins.json into net.minecraft.world.entity.player.Inventory
[14May2025 22:21:11.851] [main/DEBUG] [mixin/]: Mixing catchers.PlayerInventoryMixin from neruina.mixins.json into net.minecraft.world.entity.player.Inventory
[14May2025 22:21:11.851] [main/DEBUG] [mixin/]: Renaming synthetic method lambda$removeErroredStatusOnInvInit$0(Lnet/minecraft/world/item/ItemStack;)V to mdb7ac4f$lambda$removeErroredStatusOnInvInit$0$0 in neruina.mixins.json:catchers.PlayerInventoryMixin
[14May2025 22:21:11.852] [main/DEBUG] [mixin/]: Mixing catchers.forge.PlayerInventory47220Mixin from neruina.mixins.json into net.minecraft.world.entity.player.Inventory
[14May2025 22:21:11.852] [main/DEBUG] [mixin/]: Mixing InventoryMixin from moonlight-common.mixins.json into net.minecraft.world.entity.player.Inventory
[14May2025 22:21:11.853] [main/DEBUG] [mixin/]: Mixing common.PlayerInventoryMixin from backpacked.common.mixins.json into net.minecraft.world.entity.player.Inventory
[14May2025 22:21:11.863] [main/DEBUG] [mixin/]: Mixing util.inventory_change_listening.StackListReplacementTracking$InventoryChangeTrackingAbstractFurnaceBlockEntity from lithium.mixins.json into net.minecraft.world.level.block.entity.AbstractFurnaceBlockEntity
[14May2025 22:21:11.863] [main/DEBUG] [mixin/]: lithium.mixins.json:util.inventory_change_listening.StackListReplacementTracking$InventoryChangeTrackingAbstractFurnaceBlockEntity: Class version 61 required is higher than the class version supported by the current version of Mixin (JAVA_16 supports class version 60)
[14May2025 22:21:11.868] [main/DEBUG] [mixin/]: Mixing SignBlockEntityMixin from amendments-common.mixins.json into net.minecraft.world.level.block.entity.SignBlockEntity
[14May2025 22:21:11.893] [main/DEBUG] [mixin/]: Mixing HangingSignBlockEntityMixin from amendments-common.mixins.json into net.minecraft.world.level.block.entity.HangingSignBlockEntity
[14May2025 22:21:11.909] [main/DEBUG] [mixin/]: Mixing entity.AbstractArrowMixin from mixins.netherexp.json into net.minecraft.world.entity.projectile.AbstractArrow
[14May2025 22:21:11.910] [main/DEBUG] [mixin/]: Mixing AbstractArrowMixin from supplementaries-common.mixins.json into net.minecraft.world.entity.projectile.AbstractArrow
[14May2025 22:21:11.911] [main/DEBUG] [mixin/]: Mixing AbstractArrowMixin from alexscaves.mixins.json into net.minecraft.world.entity.projectile.AbstractArrow
[14May2025 22:21:11.923] [main/DEBUG] [mixin/]: Mixing JukeboxBlockEntityMixin from amendments-common.mixins.json into net.minecraft.world.level.block.entity.JukeboxBlockEntity
[14May2025 22:21:11.945] [main/DEBUG] [mixin/]: Mixing NeutralMobsMixin from crittersandcompanions.mixins.json into net.minecraft.world.entity.animal.IronGolem
[14May2025 22:21:11.945] [main/DEBUG] [mixin/]: Renaming synthetic method lambda$onRegisterGoals$0(Lnet/minecraft/world/entity/LivingEntity;)Z to mdb7ac4f$lambda$onRegisterGoals$0$0 in crittersandcompanions.mixins.json:NeutralMobsMixin
[14May2025 22:21:11.947] [main/DEBUG] [mixin/]: Mixing IronGolemMixin from creeperoverhaul-common.mixins.json into net.minecraft.world.entity.animal.IronGolem
[14May2025 22:21:11.967] [main/DEBUG] [mixin/]: Mixing IllusionerHostileEntityMixin from friendsandfoes-common.mixins.json into net.minecraft.world.entity.monster.Monster
[14May2025 22:21:11.967] [main/DEBUG] [mixin/]: Mixing MonsterMixin from alexscaves.mixins.json into net.minecraft.world.entity.monster.Monster
[14May2025 22:21:12.009] [main/DEBUG] [mixin/]: Mixing brewing.BrewingStandBlockEntityMixin from mixins.netherexp.json into net.minecraft.world.level.block.entity.BrewingStandBlockEntity
[14May2025 22:21:12.009] [main/DEBUG] [mixin/]: Mixing util.inventory_change_listening.StackListReplacementTracking$InventoryChangeTrackingBrewingStandBlockEntity from lithium.mixins.json into net.minecraft.world.level.block.entity.BrewingStandBlockEntity
[14May2025 22:21:12.009] [main/DEBUG] [mixin/]: lithium.mixins.json:util.inventory_change_listening.StackListReplacementTracking$InventoryChangeTrackingBrewingStandBlockEntity: Class version 61 required is higher than the class version supported by the current version of Mixin (JAVA_16 supports class version 60)
[14May2025 22:21:12.009] [main/DEBUG] [mixin/]: Mixing BrewingStandMixin from amendments-common.mixins.json into net.minecraft.world.level.block.entity.BrewingStandBlockEntity
[14May2025 22:21:12.027] [main/DEBUG] [mixin/]: Mixing PlayerEnderChestContainerMixin from automobility.mixins.json into net.minecraft.world.inventory.PlayerEnderChestContainer
[14May2025 22:21:12.030] [main/DEBUG] [mixin/]: Mixing accessor.SimpleContainerAccessor from puzzleslib.common.mixins.json into net.minecraft.world.SimpleContainer
[14May2025 22:21:12.073] [main/DEBUG] [mixin/]: Mixing SkullBlockEntityMixin from amendments-common.mixins.json into net.minecraft.world.level.block.entity.SkullBlockEntity
[14May2025 22:21:12.083] [main/DEBUG] [mixin/]: Mixing accessor.AnvilMenuAccessor from easyanvils.common.mixins.json into net.minecraft.world.inventory.AnvilMenu
[14May2025 22:21:12.086] [main/DEBUG] [mixin/]: Mixing accessor.ItemCombinerMenuAccessor from easyanvils.common.mixins.json into net.minecraft.world.inventory.ItemCombinerMenu
[14May2025 22:21:12.086] [main/DEBUG] [mixin/]: Mixing ItemCombinerMenuMixin from automobility.mixins.json into net.minecraft.world.inventory.ItemCombinerMenu
[14May2025 22:21:12.086] [main/DEBUG] [mixin/]: Renaming synthetic method lambda$automobility$allowSmithingMenuAutomobileSpoof$0(Lnet/minecraft/world/entity/player/Player;Lnet/minecraft/world/level/Level;Lnet/minecraft/core/BlockPos;)Ljava/lang/Boolean; to mdb7ac4f$lambda$automobility$allowSmithingMenuAutomobileSpoof$0$0 in automobility.mixins.json:ItemCombinerMenuMixin
[14May2025 22:21:12.094] [main/DEBUG] [mixin/]: Mixing entity.replace_entitytype_predicates.ItemFrameEntityMixin from lithium.mixins.json into net.minecraft.world.entity.decoration.ItemFrame
[14May2025 22:21:12.095] [main/DEBUG] [mixin/]: lithium.mixins.json:entity.replace_entitytype_predicates.ItemFrameEntityMixin: Class version 61 required is higher than the class version supported by the current version of Mixin (JAVA_16 supports class version 60)
[14May2025 22:21:12.095] [main/DEBUG] [mixin/]: Renaming synthetic method lambda$getAbstractDecorationEntities$0(Lnet/minecraft/world/entity/Entity;Lnet/minecraft/world/entity/decoration/HangingEntity;)Z to mdb7ac4f$lambda$getAbstractDecorationEntities$0$0 in lithium.mixins.json:entity.replace_entitytype_predicates.ItemFrameEntityMixin
[14May2025 22:21:12.098] [main/DEBUG] [mixin/]: Mixing entity.replace_entitytype_predicates.AbstractDecorationEntityMixin from lithium.mixins.json into net.minecraft.world.entity.decoration.HangingEntity
[14May2025 22:21:12.098] [main/DEBUG] [mixin/]: lithium.mixins.json:entity.replace_entitytype_predicates.AbstractDecorationEntityMixin: Class version 61 required is higher than the class version supported by the current version of Mixin (JAVA_16 supports class version 60)
[14May2025 22:21:12.098] [main/DEBUG] [mixin/]: Renaming synthetic method lambda$getAbstractDecorationEntities$0(Lnet/minecraft/world/entity/Entity;Lnet/minecraft/world/entity/decoration/HangingEntity;)Z to mdb7ac4f$lambda$getAbstractDecorationEntities$0$0 in lithium.mixins.json:entity.replace_entitytype_predicates.AbstractDecorationEntityMixin
[14May2025 22:21:12.107] [main/DEBUG] [mixin/]: Mixing entity.hopper_minecart.HopperBlockEntityMixin from lithium.mixins.json into net.minecraft.world.level.block.entity.HopperBlockEntity
[14May2025 22:21:12.107] [main/DEBUG] [mixin/]: lithium.mixins.json:entity.hopper_minecart.HopperBlockEntityMixin: Class version 61 required is higher than the class version supported by the current version of Mixin (JAVA_16 supports class version 60)
[14May2025 22:21:12.109] [main/DEBUG] [mixin/]: Mixing util.inventory_change_listening.StackListReplacementTracking$InventoryChangeTrackingHopperBlockEntity from lithium.mixins.json into net.minecraft.world.level.block.entity.HopperBlockEntity
[14May2025 22:21:12.109] [main/DEBUG] [mixin/]: lithium.mixins.json:util.inventory_change_listening.StackListReplacementTracking$InventoryChangeTrackingHopperBlockEntity: Class version 61 required is higher than the class version supported by the current version of Mixin (JAVA_16 supports class version 60)
[14May2025 22:21:12.186] [main/DEBUG] [mixin/]: Mixing ShulkerBoxBlockEntityMixin from supplementaries-common.mixins.json into net.minecraft.world.level.block.entity.ShulkerBoxBlockEntity
[14May2025 22:21:12.187] [main/DEBUG] [mixin/]: Mixing util.inventory_change_listening.StackListReplacementTracking$InventoryChangeTrackingShulkerBoxBlockEntity from lithium.mixins.json into net.minecraft.world.level.block.entity.ShulkerBoxBlockEntity
[14May2025 22:21:12.187] [main/DEBUG] [mixin/]: lithium.mixins.json:util.inventory_change_listening.StackListReplacementTracking$InventoryChangeTrackingShulkerBoxBlockEntity: Class version 61 required is higher than the class version supported by the current version of Mixin (JAVA_16 supports class version 60)
[14May2025 22:21:12.196] [main/DEBUG] [mixin/]: Mixing ZombieHorseAnimalEntityMixin from friendsandfoes-common.mixins.json into net.minecraft.world.entity.animal.Animal
[14May2025 22:21:12.262] [main/DEBUG] [mixin/]: Mixing LoomMenuMixin from supplementaries-common.mixins.json into net.minecraft.world.inventory.LoomMenu
[14May2025 22:21:12.267] [main/DEBUG] [mixin/]: Mixing util.inventory_change_listening.StackListReplacementTracking$InventoryChangeTrackingBarrelBlockEntity from lithium.mixins.json into net.minecraft.world.level.block.entity.BarrelBlockEntity
[14May2025 22:21:12.267] [main/DEBUG] [mixin/]: lithium.mixins.json:util.inventory_change_listening.StackListReplacementTracking$InventoryChangeTrackingBarrelBlockEntity: Class version 61 required is higher than the class version supported by the current version of Mixin (JAVA_16 supports class version 60)
[14May2025 22:21:12.271] [main/DEBUG] [mixin/]: Mixing CartographyTableMixin from supplementaries-common.mixins.json into net.minecraft.world.inventory.CartographyTableMenu
[14May2025 22:21:12.276] [main/DEBUG] [mixin/]: Mixing GrindstoneMenuMixin from supplementaries-common.mixins.json into net.minecraft.world.inventory.GrindstoneMenu
[14May2025 22:21:12.282] [main/DEBUG] [mixin/]: Mixing LecternBlockEntityMixin from amendments-common.mixins.json into net.minecraft.world.level.block.entity.LecternBlockEntity
[14May2025 22:21:12.284] [main/DEBUG] [mixin/]: Mixing LecternBlockEntityUpdateMixin from amendments-common.mixins.json into net.minecraft.world.level.block.entity.LecternBlockEntity
[14May2025 22:21:12.290] [main/DEBUG] [mixin/]: Mixing SmithingMenuMixin from citadel.mixins.json into net.minecraft.world.inventory.SmithingMenu
[14May2025 22:21:12.290] [main/DEBUG] [mixin/]: Mixing SmithingEnderiteSwordMixin from enderitemod-common.mixins.json into net.minecraft.world.inventory.SmithingMenu
[14May2025 22:21:12.292] [main/DEBUG] [mixin/]: Mixing SmithingEnderiteSwordOutputMixin from enderitemod-common.mixins.json into net.minecraft.world.inventory.SmithingMenu
[14May2025 22:21:12.292] [main/DEBUG] [mixin/]: Mixing SmithingEnderiteSwordTakeMixin from enderitemod-common.mixins.json into net.minecraft.world.inventory.SmithingMenu
[14May2025 22:21:12.301] [main/DEBUG] [mixin/]: Mixing BellTileEntityMixin from amendments-common.mixins.json into net.minecraft.world.level.block.entity.BellBlockEntity
[14May2025 22:21:12.310] [main/DEBUG] [mixin/]: Mixing CampfireBlockEntityMixin from amendments-common.mixins.json into net.minecraft.world.level.block.entity.CampfireBlockEntity
[14May2025 22:21:12.319] [main/DEBUG] [mixin/]: Mixing ChunkGeneratorMixin from structureessentials.mixins.json into net.minecraft.world.level.chunk.ChunkGenerator
[14May2025 22:21:12.320] [main/DEBUG] [mixin/]: Mixing StructureSearchSpeedupMixin from structureessentials.mixins.json into net.minecraft.world.level.chunk.ChunkGenerator
[14May2025 22:21:12.322] [main/DEBUG] [mixin/]: Mixing StructureSearchTimeoutMixin from structureessentials.mixins.json into net.minecraft.world.level.chunk.ChunkGenerator
[14May2025 22:21:12.324] [main/DEBUG] [mixin/]: Mixing ChunkGeneratorMixin from citadel.mixins.json into net.minecraft.world.level.chunk.ChunkGenerator
[14May2025 22:21:12.348] [main/DEBUG] [mixin/]: Mixing BlockInfoMixin from structureessentials.mixins.json into net.minecraft.world.level.levelgen.structure.templatesystem.StructureTemplate$StructureBlockInfo
[14May2025 22:21:12.411] [main/DEBUG] [mixin/]: Mixing MixinLightningBolt from architectury-common.mixins.json into net.minecraft.world.entity.LightningBolt
[14May2025 22:21:12.412] [main/DEBUG] [mixin/]: Mixing LightningEntityMixin from friendsandfoes-common.mixins.json into net.minecraft.world.entity.LightningBolt
[14May2025 22:21:12.412] [main/DEBUG] [mixin/]: Renaming synthetic method lambda$friendsandfoes$cleanOxidationAround$0(Lnet/minecraft/world/level/Level;Lnet/minecraft/core/BlockPos;Lnet/minecraft/world/level/block/state/BlockState;)V to mdb7ac4f$lambda$friendsandfoes$cleanOxidationAround$0$0 in friendsandfoes-common.mixins.json:LightningEntityMixin
[14May2025 22:21:12.413] [main/DEBUG] [mixin/]: Mixing LightningEntityMixin from moonlight-common.mixins.json into net.minecraft.world.entity.LightningBolt
[14May2025 22:21:12.422] [main/DEBUG] [mixin/]: Generating mapped inner class net/minecraft/world/level/block/LightningRodBlock$Anonymous$60f16ce87c4e40df9554ce0daacd5899 (originally com/faboslav/friendsandfoes/common/mixin/LightningRodBlockMixin$1)
[14May2025 22:21:12.462] [main/DEBUG] [net.minecraftforge.coremod.transformer.CoreModBaseTransformer/COREMOD]: Transforming net/minecraft/world/entity/animal/frog/Tadpole
[14May2025 22:21:12.484] [main/DEBUG] [mixin/]: Mixing ForgeItemsMixin from forge-stackable_stew_and_soup.forge.mixins.json into net.minecraft.world.item.Items
[14May2025 22:21:12.505] [main/DEBUG] [mixin/]: Mixing item.BlockItemMixin from mixins.netherexp.json into net.minecraft.world.item.BlockItem
[14May2025 22:21:12.505] [main/DEBUG] [mixin/]: Mixing BlockItemMixin from snowrealmagic.mixins.json into net.minecraft.world.item.BlockItem
[14May2025 22:21:12.505] [main/DEBUG] [mixin/]: snowrealmagic.mixins.json:BlockItemMixin: Class version 61 required is higher than the class version supported by the current version of Mixin (JAVA_16 supports class version 60)
[14May2025 22:21:12.507] [main/DEBUG] [mixin/]: Mixing BlockItemMixin from moonlight-common.mixins.json into net.minecraft.world.item.BlockItem
[14May2025 22:21:12.507] [main/DEBUG] [mixin/]: Mixing accessor.BlockItemAccessor from puzzleslib.common.mixins.json into net.minecraft.world.item.BlockItem
[14May2025 22:21:12.526] [main/DEBUG] [mixin/]: Mixing item.BowItemMixin from mixins.netherexp.json into net.minecraft.world.item.BowItem
[14May2025 22:21:12.528] [main/DEBUG] [mixin/]: Mixing BowMixin from supplementaries-common.mixins.json into net.minecraft.world.item.BowItem
[14May2025 22:21:12.528] [main/DEBUG] [mixin/]: Renaming synthetic method lambda$getAllSupportedProjectiles$0(Ljava/util/function/Predicate;Lnet/minecraft/world/item/ItemStack;)Z to mdb7ac4f$lambda$getAllSupportedProjectiles$0$0 in supplementaries-common.mixins.json:BowMixin
[14May2025 22:21:12.532] [main/DEBUG] [mixin/]: Mixing ProjectileWeaponItemMixin from supplementaries-common.mixins.json into net.minecraft.world.item.ProjectileWeaponItem
[14May2025 22:21:12.535] [main/DEBUG] [mixin/]: Mixing RangedWeaponItemMixin from bettercombat.mixins.json into net.minecraft.world.item.ProjectileWeaponItem
[14May2025 22:21:12.549] [main/DEBUG] [mixin/]: Mixing ShovelItemAccess from kiwi.mixins.json into net.minecraft.world.item.ShovelItem
[14May2025 22:21:12.550] [main/DEBUG] [mixin/]: Renaming @Accessor method getFLATTENABLES()Ljava/util/Map; to getFLATTENABLES_$md$b7ac4f$0 in kiwi.mixins.json:ShovelItemAccess
[14May2025 22:21:12.552] [main/DEBUG] [mixin/]: Renaming @Accessor method setFLATTENABLES(Ljava/util/Map;)V to setFLATTENABLES_$md$b7ac4f$1 in kiwi.mixins.json:ShovelItemAccess
[14May2025 22:21:12.552] [main/DEBUG] [mixin/]: Mixing ShovelItemAccess from automobility.mixins.json into net.minecraft.world.item.ShovelItem
[14May2025 22:21:12.553] [main/DEBUG] [mixin/]: Renaming @Accessor method getFlattenables()Ljava/util/Map; to getFlattenables_$md$b7ac4f$2 in automobility.mixins.json:ShovelItemAccess
[14May2025 22:21:12.558] [main/DEBUG] [mixin/]: Mixing AxeItemAccess from kiwi.mixins.json into net.minecraft.world.item.AxeItem
[14May2025 22:21:12.559] [main/DEBUG] [mixin/]: Renaming @Accessor method getSTRIPPABLES()Ljava/util/Map; to getSTRIPPABLES_$md$b7ac4f$0 in kiwi.mixins.json:AxeItemAccess
[14May2025 22:21:12.559] [main/DEBUG] [mixin/]: Renaming @Accessor method setSTRIPPABLES(Ljava/util/Map;)V to setSTRIPPABLES_$md$b7ac4f$1 in kiwi.mixins.json:AxeItemAccess
[14May2025 22:21:12.563] [main/DEBUG] [mixin/]: Mixing HoeItemAccess from kiwi.mixins.json into net.minecraft.world.item.HoeItem
[14May2025 22:21:12.566] [main/DEBUG] [mixin/]: Renaming @Accessor method getTILLABLES()Ljava/util/Map; to getTILLABLES_$md$b7ac4f$0 in kiwi.mixins.json:HoeItemAccess
[14May2025 22:21:12.569] [main/DEBUG] [mixin/]: Mixing SoupItemMixin from farmersdelight.mixins.json into net.minecraft.world.item.BowlFoodItem
[14May2025 22:21:12.571] [main/DEBUG] [mixin/]: Mixing ForgeBowlFoodItemMixin from forge-stackable_stew_and_soup.forge.mixins.json into net.minecraft.world.item.BowlFoodItem
[14May2025 22:21:12.576] [main/DEBUG] [mixin/]: Mixing PaintingItemMixin from supplementaries-common.mixins.json into net.minecraft.world.item.HangingEntityItem
[14May2025 22:21:12.580] [main/DEBUG] [net.minecraftforge.coremod.transformer.CoreModBaseTransformer/COREMOD]: Transforming net/minecraft/world/item/BucketItem
[14May2025 22:21:12.583] [main/DEBUG] [mixin/]: Mixing item.BucketItemMixin from mixins.netherexp.json into net.minecraft.world.item.BucketItem
[14May2025 22:21:12.583] [main/DEBUG] [mixin/]: Mixing inject.MixinBucketItem from architectury-common.mixins.json into net.minecraft.world.item.BucketItem
[14May2025 22:21:12.588] [main/DEBUG] [mixin/]: Mixing MobBucketItemAccessor from supplementaries.mixins.json into net.minecraft.world.item.MobBucketItem
[14May2025 22:21:12.591] [main/DEBUG] [mixin/]: Mixing BundleItemAccessor from friendsandfoes-common.mixins.json into net.minecraft.world.item.BundleItem
[14May2025 22:21:12.591] [main/DEBUG] [mixin/]: Renaming @Invoker method callAddToBundle(Lnet/minecraft/world/item/ItemStack;Lnet/minecraft/world/item/ItemStack;)I to callAddToBundle_$md$b7ac4f$0 in friendsandfoes-common.mixins.json:BundleItemAccessor
[14May2025 22:21:12.594] [main/DEBUG] [mixin/]: Mixing InkSackMixin from supplementaries-common.mixins.json into net.minecraft.world.item.InkSacItem
[14May2025 22:21:12.598] [main/DEBUG] [mixin/]: Mixing MapItemMixin from supplementaries-common.mixins.json into net.minecraft.world.item.MapItem
[14May2025 22:21:12.600] [main/DEBUG] [mixin/]: Renaming synthetic method lambda$updateCustomColor$3(Lorg/joml/Vector2i;)D to mdb7ac4f$lambda$updateCustomColor$3$0 in supplementaries-common.mixins.json:MapItemMixin
[14May2025 22:21:12.600] [main/DEBUG] [mixin/]: Renaming synthetic method lambda$updateCustomColor$2(Lorg/joml/Vector2i;)D to mdb7ac4f$lambda$updateCustomColor$2$1 in supplementaries-common.mixins.json:MapItemMixin
[14May2025 22:21:12.600] [main/DEBUG] [mixin/]: Renaming synthetic method lambda$removeXrayAndAddAccurateColor$1(Lnet/minecraft/core/BlockPos;Lorg/joml/Vector2i;)Lcom/mojang/datafixers/util/Pair; to mdb7ac4f$lambda$removeXrayAndAddAccurateColor$1$2 in supplementaries-common.mixins.json:MapItemMixin
[14May2025 22:21:12.601] [main/DEBUG] [mixin/]: Renaming synthetic method lambda$removeXrayAndAddAccurateColor$0(Lorg/joml/Vector2i;)Ljava/util/List; to mdb7ac4f$lambda$removeXrayAndAddAccurateColor$0$3 in supplementaries-common.mixins.json:MapItemMixin
[14May2025 22:21:12.609] [main/DEBUG] [mixin/]: Mixing MapItemMixin from moonlight-common.mixins.json into net.minecraft.world.item.MapItem
[14May2025 22:21:12.610] [main/DEBUG] [mixin/]: Renaming synthetic method lambda$update$1(Lnet/minecraft/world/level/saveddata/maps/MapItemSavedData;Lnet/minecraft/world/entity/Entity;Ljava/util/concurrent/atomic/AtomicBoolean;Lnet/minecraft/resources/ResourceLocation;Lnet/mehvahdjukaar/moonlight/api/map/CustomMapData;)V to mdb7ac4f$lambda$update$1$4 in moonlight-common.mixins.json:MapItemMixin
[14May2025 22:21:12.610] [main/DEBUG] [mixin/]: Renaming synthetic method lambda$appendHoverText$0(Lnet/minecraft/world/level/saveddata/maps/MapItemSavedData;Lnet/minecraft/world/item/ItemStack;Ljava/util/List;Lnet/minecraft/resources/ResourceLocation;Lnet/mehvahdjukaar/moonlight/api/map/CustomMapData;)V to mdb7ac4f$lambda$appendHoverText$0$5 in moonlight-common.mixins.json:MapItemMixin
[14May2025 22:21:12.629] [main/DEBUG] [mixin/]: Mixing MixinShearsItem from curios.mixins.json into net.minecraft.world.item.ShearsItem
[14May2025 22:21:12.630] [main/DEBUG] [mixin/]: Mixing ShearItemMixin from moonlight-common.mixins.json into net.minecraft.world.item.ShearsItem
[14May2025 22:21:12.634] [main/DEBUG] [mixin/]: Mixing PotionTooltipMixin from amendments-common.mixins.json into net.minecraft.world.item.PotionItem
[14May2025 22:21:12.638] [main/DEBUG] [mixin/]: Mixing EnderEyeUseMixin from mixins.bosses_of_mass_destruction.json into net.minecraft.world.item.EnderEyeItem
[14May2025 22:21:12.640] [main/DEBUG] [mixin/]: Mixing SpawnEggItemAccessor from friendsandfoes-common.mixins.json into net.minecraft.world.item.SpawnEggItem
[14May2025 22:21:12.641] [main/DEBUG] [mixin/]: Renaming @Accessor method variantsandventures$getSpawnEggs()Ljava/util/Map; to variantsandventures$getSpawnEggs_$md$b7ac4f$0 in friendsandfoes-common.mixins.json:SpawnEggItemAccessor
[14May2025 22:21:12.656] [main/DEBUG] [mixin/]: Mixing TridentItemMixin from mixins.irons_spellbooks.json into net.minecraft.world.item.TridentItem
[14May2025 22:21:12.657] [main/DEBUG] [mixin/]: Mixing TridentItemMixin from bettertridents.common.mixins.json into net.minecraft.world.item.TridentItem
[14May2025 22:21:12.658] [main/DEBUG] [mixin/]: Renaming synthetic method lambda$releaseUsing$storeThrownTrident$0(Lnet/minecraft/world/entity/LivingEntity;Lfuzs/bettertridents/capability/TridentSlotCapability;)V to mdb7ac4f$lambda$releaseUsing$storeThrownTrident$0$0 in bettertridents.common.mixins.json:TridentItemMixin
[14May2025 22:21:12.674] [main/DEBUG] [mixin/]: Mixing item.CrossbowItemMixin from mixins.netherexp.json into net.minecraft.world.item.CrossbowItem
[14May2025 22:21:12.675] [main/DEBUG] [mixin/]: Renaming synthetic method lambda$netherexp$crossbowProjectiles$0(Lnet/minecraft/world/item/ItemStack;)Z to mdb7ac4f$lambda$netherexp$crossbowProjectiles$0$0 in mixins.netherexp.json:item.CrossbowItemMixin
[14May2025 22:21:12.679] [main/DEBUG] [mixin/]: Mixing CrossbowItemRopeMixin from supplementaries-common.mixins.json into net.minecraft.world.item.CrossbowItem
[14May2025 22:21:12.692] [main/DEBUG] [mixin/]: Mixing ForgeSuspiciousStewItemMixin from forge-stackable_stew_and_soup.forge.mixins.json into net.minecraft.world.item.SuspiciousStewItem
[14May2025 22:21:12.707] [main/DEBUG] [mixin/]: Mixing BannerPatternItemMixin from supplementaries-common.mixins.json into net.minecraft.world.item.BannerPatternItem
[14May2025 22:21:12.714] [main/DEBUG] [mixin/]: Mixing BrushItemMixin from supplementaries-common.mixins.json into net.minecraft.world.item.BrushItem
[14May2025 22:21:12.734] [main/DEBUG] [mixin/]: Mixing inject.MixinItemProperties from architectury-common.mixins.json into net.minecraft.world.item.Item$Properties
[14May2025 22:21:12.776] [main/DEBUG] [mixin/]: Mixing perf.ticking_chunk_alloc.ChunkAccessMixin from modernfix-common.mixins.json into net.minecraft.world.level.chunk.ChunkAccess
[14May2025 22:21:12.777] [main/DEBUG] [mixin/]: Mixing ChunkAccessMixin from smoothchunk.mixins.json into net.minecraft.world.level.chunk.ChunkAccess
[14May2025 22:21:12.781] [main/DEBUG] [net.minecraftforge.coremod.transformer.CoreModBaseTransformer/COREMOD]: Transforming net/minecraft/world/level/chunk/LevelChunk
[14May2025 22:21:12.782] [main/DEBUG] [mixin/]: Mixing world.inline_block_access.WorldChunkMixin from lithium.mixins.json into net.minecraft.world.level.chunk.LevelChunk
[14May2025 22:21:12.782] [main/DEBUG] [mixin/]: lithium.mixins.json:world.inline_block_access.WorldChunkMixin: Class version 61 required is higher than the class version supported by the current version of Mixin (JAVA_16 supports class version 60)
[14May2025 22:21:12.783] [main/DEBUG] [mixin/]: Mixing ChunkSectionReadSkipMixin from connectivity.mixins.json into net.minecraft.world.level.chunk.LevelChunk
[14May2025 22:21:12.783] [main/DEBUG] [mixin/]: Mixing LevelChunkMixin from snowrealmagic.mixins.json into net.minecraft.world.level.chunk.LevelChunk
[14May2025 22:21:12.783] [main/DEBUG] [mixin/]: snowrealmagic.mixins.json:LevelChunkMixin: Class version 61 required is higher than the class version supported by the current version of Mixin (JAVA_16 supports class version 60)
[14May2025 22:21:12.784] [main/DEBUG] [mixin/]: Mixing LevelChunkMixin from refurbished_furniture.common.mixins.json into net.minecraft.world.level.chunk.LevelChunk
[14May2025 22:21:12.784] [main/DEBUG] [mixin/]: Mixing collections.block_entity_tickers.WorldChunkMixin from lithium.mixins.json into net.minecraft.world.level.chunk.LevelChunk
[14May2025 22:21:12.784] [main/DEBUG] [mixin/]: lithium.mixins.json:collections.block_entity_tickers.WorldChunkMixin: Class version 61 required is higher than the class version supported by the current version of Mixin (JAVA_16 supports class version 60)
[14May2025 22:21:12.784] [main/DEBUG] [mixin/]: Mixing world.combined_heightmap_update.WorldChunkMixin from lithium.mixins.json into net.minecraft.world.level.chunk.LevelChunk
[14May2025 22:21:12.784] [main/DEBUG] [mixin/]: lithium.mixins.json:world.combined_heightmap_update.WorldChunkMixin: Class version 61 required is higher than the class version supported by the current version of Mixin (JAVA_16 supports class version 60)
[14May2025 22:21:12.785] [main/DEBUG] [mixin/]: Mixing world.inline_height.WorldChunkMixin from lithium.mixins.json into net.minecraft.world.level.chunk.LevelChunk
[14May2025 22:21:12.785] [main/DEBUG] [mixin/]: lithium.mixins.json:world.inline_height.WorldChunkMixin: Class version 61 required is higher than the class version supported by the current version of Mixin (JAVA_16 supports class version 60)
[14May2025 22:21:12.786] [main/DEBUG] [mixin/]: Mixing accessor.WorldChunkAccessor from neruina.mixins.json into net.minecraft.world.level.chunk.LevelChunk
[14May2025 22:21:12.786] [main/DEBUG] [mixin/]: Mixing catchers.WorldChunkMixin from neruina.mixins.json into net.minecraft.world.level.chunk.LevelChunk
[14May2025 22:21:12.787] [main/DEBUG] [mixin/]: Mixing LevelChunkMixin from moonlight-common.mixins.json into net.minecraft.world.level.chunk.LevelChunk
[14May2025 22:21:12.793] [main/WARN] [mixin/]: @Inject(@At("INVOKE_ASSIGN")) Shift.BY=2 on refurbished_furniture.common.mixins.json:LevelChunkMixin::handler$baj000$refurbishedFurniture$AfterRemoveBlockEntity exceeds the maximum allowed value: 0. Increase the value of maxShiftBy to suppress this warning.
[14May2025 22:21:12.806] [main/DEBUG] [mixin/]: Mixing entity.inactive_navigations.EntityNavigationMixin from lithium.mixins.json into net.minecraft.world.entity.ai.navigation.PathNavigation
[14May2025 22:21:12.807] [main/DEBUG] [mixin/]: lithium.mixins.json:entity.inactive_navigations.EntityNavigationMixin: Class version 61 required is higher than the class version supported by the current version of Mixin (JAVA_16 supports class version 60)
[14May2025 22:21:12.818] [main/DEBUG] [mixin/]: Mixing perf.dynamic_dfu.EntityTypeBuilderMixin from modernfix-common.mixins.json into net.minecraft.world.entity.EntityType$Builder
[14May2025 22:21:12.826] [main/DEBUG] [mixin/]: Mixing entity.replace_entitytype_predicates.ArmorStandEntityMixin from lithium.mixins.json into net.minecraft.world.entity.decoration.ArmorStand
[14May2025 22:21:12.827] [main/DEBUG] [mixin/]: lithium.mixins.json:entity.replace_entitytype_predicates.ArmorStandEntityMixin: Class version 61 required is higher than the class version supported by the current version of Mixin (JAVA_16 supports class version 60)
[14May2025 22:21:12.827] [main/DEBUG] [mixin/]: Renaming synthetic method lambda$getMinecartsDirectly$0(Lnet/minecraft/world/entity/Entity;Lnet/minecraft/world/entity/Entity;)Z to mdb7ac4f$lambda$getMinecartsDirectly$0$0 in lithium.mixins.json:entity.replace_entitytype_predicates.ArmorStandEntityMixin
[14May2025 22:21:12.827] [main/DEBUG] [mixin/]: Mixing entity.skip_equipment_change_check.ArmorStandEntityMixin from lithium.mixins.json into net.minecraft.world.entity.decoration.ArmorStand
[14May2025 22:21:12.827] [main/DEBUG] [mixin/]: lithium.mixins.json:entity.skip_equipment_change_check.ArmorStandEntityMixin: Class version 61 required is higher than the class version supported by the current version of Mixin (JAVA_16 supports class version 60)
[14May2025 22:21:12.840] [main/DEBUG] [mixin/]: Mixing ExperienceOrbAccess from clumps.mixins.json into net.minecraft.world.entity.ExperienceOrb
[14May2025 22:21:12.840] [main/DEBUG] [mixin/]: Mixing accessor.ExperienceOrbAccessor from bettertridents.common.mixins.json into net.minecraft.world.entity.ExperienceOrb
[14May2025 22:21:12.840] [main/DEBUG] [mixin/]: Mixing MixinExperienceOrb from clumps.mixins.json into net.minecraft.world.entity.ExperienceOrb
[14May2025 22:21:12.841] [main/DEBUG] [mixin/]: Renaming synthetic method lambda$clumps$resolve$7(Ljava/util/Map$Entry;)Ljava/lang/Integer; to mdb7ac4f$lambda$clumps$resolve$7$0 in clumps.mixins.json:MixinExperienceOrb
[14May2025 22:21:12.842] [main/DEBUG] [mixin/]: Renaming synthetic method lambda$addAdditionalSaveData$6(Lnet/minecraft/nbt/CompoundTag;Ljava/lang/Integer;Ljava/lang/Integer;)V to mdb7ac4f$lambda$addAdditionalSaveData$6$1 in clumps.mixins.json:MixinExperienceOrb
[14May2025 22:21:12.842] [main/DEBUG] [mixin/]: Renaming synthetic method lambda$tryMergeToExisting$5(Ljava/util/Map;)Ljava/util/stream/Stream; to mdb7ac4f$lambda$tryMergeToExisting$5$2 in clumps.mixins.json:MixinExperienceOrb
[14May2025 22:21:12.842] [main/DEBUG] [mixin/]: Renaming synthetic method lambda$tryMergeToExisting$4(IILnet/minecraft/world/entity/ExperienceOrb;)Z to mdb7ac4f$lambda$tryMergeToExisting$4$3 in clumps.mixins.json:MixinExperienceOrb
[14May2025 22:21:12.842] [main/DEBUG] [mixin/]: Renaming synthetic method lambda$merge$3(Ljava/util/Map;)Ljava/util/stream/Stream; to mdb7ac4f$lambda$merge$3$4 in clumps.mixins.json:MixinExperienceOrb
[14May2025 22:21:12.842] [main/DEBUG] [mixin/]: Renaming synthetic method lambda$clumps$repairPlayerItems$2(ILnet/minecraft/world/entity/player/Player;Lnet/minecraft/world/item/ItemStack;)Ljava/lang/Integer; to mdb7ac4f$lambda$clumps$repairPlayerItems$2$5 in clumps.mixins.json:MixinExperienceOrb
[14May2025 22:21:12.842] [main/DEBUG] [mixin/]: Renaming synthetic method lambda$clumps$repairPlayerItems$1(Lnet/minecraft/world/item/ItemStack;Ljava/lang/Integer;)Ljava/lang/Float; to mdb7ac4f$lambda$clumps$repairPlayerItems$1$6 in clumps.mixins.json:MixinExperienceOrb
[14May2025 22:21:12.843] [main/DEBUG] [mixin/]: Renaming synthetic method lambda$playerTouch$0(Lnet/minecraft/world/entity/player/Player;Ljava/util/concurrent/atomic/AtomicInteger;Ljava/lang/Integer;Ljava/lang/Integer;)V to mdb7ac4f$lambda$playerTouch$0$7 in clumps.mixins.json:MixinExperienceOrb
[14May2025 22:21:12.864] [main/DEBUG] [mixin/]: Mixing perf.ticking_chunk_alloc.BatMixin from modernfix-common.mixins.json into net.minecraft.world.entity.ambient.Bat
[14May2025 22:21:12.871] [main/DEBUG] [mixin/]: Mixing BeeEntityAccessor from friendsandfoes-common.mixins.json into net.minecraft.world.entity.animal.Bee
[14May2025 22:21:12.871] [main/DEBUG] [mixin/]: Mixing BeeEntityMixin from friendsandfoes-common.mixins.json into net.minecraft.world.entity.animal.Bee
[14May2025 22:21:12.872] [main/DEBUG] [mixin/]: Mixing NeutralMobsMixin from crittersandcompanions.mixins.json into net.minecraft.world.entity.animal.Bee
[14May2025 22:21:12.880] [main/DEBUG] [mixin/]: Mixing TemptGoalMixin from friendsandfoes-common.mixins.json into net.minecraft.world.entity.ai.goal.TemptGoal
[14May2025 22:21:12.881] [main/DEBUG] [mixin/]: Renaming synthetic method lambda$friendsandfoes_canStartWithReturn$0(Lcom/faboslav/friendsandfoes/common/entity/TuffGolemEntity;)Z to mdb7ac4f$lambda$friendsandfoes_canStartWithReturn$0$0 in friendsandfoes-common.mixins.json:TemptGoalMixin
[14May2025 22:21:12.890] [main/DEBUG] [mixin/]: Mixing BeeEntityMoveToHiveGoalMixin from friendsandfoes-common.mixins.json into net.minecraft.world.entity.animal.Bee$BeeGoToHiveGoal
[14May2025 22:21:12.891] [main/DEBUG] [mixin/]: Mixing BeeEntityMoveToFlowerGoalMixin from friendsandfoes-common.mixins.json into net.minecraft.world.entity.animal.Bee$BeeGoToKnownFlowerGoal
[14May2025 22:21:12.893] [main/DEBUG] [mixin/]: Mixing BeeGoalMixin from moonlight-common.mixins.json into net.minecraft.world.entity.animal.Bee$BeeGrowCropGoal
[14May2025 22:21:12.896] [main/DEBUG] [mixin/]: Mixing HurtByTargetGoalMixin from illageandspillage.mixins.json into net.minecraft.world.entity.ai.goal.target.HurtByTargetGoal
[14May2025 22:21:12.897] [main/DEBUG] [mixin/]: illageandspillage.mixins.json:HurtByTargetGoalMixin: Class version 61 required is higher than the class version supported by the current version of Mixin (JAVA_16 supports class version 60)
[14May2025 22:21:12.901] [main/DEBUG] [mixin/]: Mixing entity.NearestAttackableTargetGoalMixin from mixins.netherexp.json into net.minecraft.world.entity.ai.goal.target.NearestAttackableTargetGoal
[14May2025 22:21:12.901] [main/DEBUG] [mixin/]: Mixing NearestAttackableTargetGoalMixin from crittersandcompanions.mixins.json into net.minecraft.world.entity.ai.goal.target.NearestAttackableTargetGoal
[14May2025 22:21:12.901] [main/DEBUG] [mixin/]: Renaming synthetic method lambda$onInit$0(Lnet/minecraft/world/entity/Mob;Lnet/minecraft/world/entity/LivingEntity;)Z to mdb7ac4f$lambda$onInit$0$0 in crittersandcompanions.mixins.json:NearestAttackableTargetGoalMixin
[14May2025 22:21:12.907] [main/DEBUG] [mixin/]: Mixing BlazeEntityMixin from friendsandfoes-common.mixins.json into net.minecraft.world.entity.monster.Blaze
[14May2025 22:21:12.920] [main/DEBUG] [mixin/]: Mixing BoatMixin from boatbreakfix.mixins.json into net.minecraft.world.entity.vehicle.Boat
[14May2025 22:21:12.920] [main/DEBUG] [mixin/]: Mixing entity.collisions.unpushable_cramming.BoatEntityMixin from lithium.mixins.json into net.minecraft.world.entity.vehicle.Boat
[14May2025 22:21:12.920] [main/DEBUG] [mixin/]: lithium.mixins.json:entity.collisions.unpushable_cramming.BoatEntityMixin: Class version 61 required is higher than the class version supported by the current version of Mixin (JAVA_16 supports class version 60)
[14May2025 22:21:12.928] [main/DEBUG] [mixin/]: Mixing AbstractHorseMixin from supplementaries-common.mixins.json into net.minecraft.world.entity.animal.horse.AbstractHorse
[14May2025 22:21:12.931] [main/DEBUG] [mixin/]: Mixing ZombieHorseAbstractHorseEntityMixin from friendsandfoes-common.mixins.json into net.minecraft.world.entity.animal.horse.AbstractHorse
[14May2025 22:21:12.945] [main/DEBUG] [mixin/]: Mixing CatMixin from crittersandcompanions.mixins.json into net.minecraft.world.entity.animal.Cat
[14May2025 22:21:12.956] [main/DEBUG] [mixin/]: Mixing CatSitOnBlockGoalMixin from supplementaries-common.mixins.json into net.minecraft.world.entity.ai.goal.CatSitOnBlockGoal
[14May2025 22:21:12.961] [main/DEBUG] [net.minecraftforge.coremod.transformer.CoreModBaseTransformer/COREMOD]: Transforming net/minecraft/world/entity/monster/Spider
[14May2025 22:21:12.972] [main/DEBUG] [mixin/]: Mixing NeutralMobsMixin from crittersandcompanions.mixins.json into net.minecraft.world.entity.monster.Spider
[14May2025 22:21:12.976] [main/DEBUG] [mixin/]: Mixing SkeletonMixin from supplementaries-common.mixins.json into net.minecraft.world.entity.monster.Skeleton
[14May2025 22:21:12.982] [main/DEBUG] [mixin/]: Mixing AbstractSkeletonMixin from supplementaries-common.mixins.json into net.minecraft.world.entity.monster.AbstractSkeleton
[14May2025 22:21:12.997] [main/DEBUG] [mixin/]: Mixing ChickenEntityMixin from friendsandfoes-common.mixins.json into net.minecraft.world.entity.animal.Chicken
[14May2025 22:21:12.998] [main/DEBUG] [mixin/]: Renaming synthetic method lambda$friendsandfoes_addFleeGoal$0(Ljava/lang/Object;)Z to mdb7ac4f$lambda$friendsandfoes_addFleeGoal$0$0 in friendsandfoes-common.mixins.json:ChickenEntityMixin
[14May2025 22:21:13.008] [main/DEBUG] [mixin/]: Mixing CreeperMixin from supplementaries-common.mixins.json into net.minecraft.world.entity.monster.Creeper
[14May2025 22:21:13.010] [main/DEBUG] [mixin/]: Mixing CreeperEntityMixin from graveyard-common.mixins.json into net.minecraft.world.entity.monster.Creeper
[14May2025 22:21:13.010] [main/DEBUG] [mixin/]: Mixing CreeperMixin from mixins.irons_spellbooks.json into net.minecraft.world.entity.monster.Creeper
[14May2025 22:21:13.036] [main/DEBUG] [mixin/]: Mixing entity.AbstractHurtingProjectileMixin from mixins.netherexp.json into net.minecraft.world.entity.projectile.AbstractHurtingProjectile
[14May2025 22:21:13.043] [main/DEBUG] [mixin/]: Mixing entity.inactive_navigations.DrownedEntityMixin from lithium.mixins.json into net.minecraft.world.entity.monster.Drowned
[14May2025 22:21:13.043] [main/DEBUG] [mixin/]: lithium.mixins.json:entity.inactive_navigations.DrownedEntityMixin: Class version 61 required is higher than the class version supported by the current version of Mixin (JAVA_16 supports class version 60)
[14May2025 22:21:13.044] [main/DEBUG] [mixin/]: Mixing DrownedMixin from crittersandcompanions.mixins.json into net.minecraft.world.entity.monster.Drowned
[14May2025 22:21:13.049] [main/DEBUG] [net.minecraftforge.coremod.transformer.CoreModBaseTransformer/COREMOD]: Transforming net/minecraft/world/entity/monster/Zombie
[14May2025 22:21:13.102] [main/DEBUG] [net.minecraftforge.coremod.transformer.CoreModBaseTransformer/COREMOD]: Transforming net/minecraft/world/entity/monster/ZombieVillager
[14May2025 22:21:13.130] [main/DEBUG] [mixin/]: Mixing ThrownTridentMixin from bettertridents.common.mixins.json into net.minecraft.world.entity.projectile.ThrownTrident
[14May2025 22:21:13.131] [main/DEBUG] [mixin/]: Renaming synthetic method lambda$tryPickup$inject$head$1(Lnet/minecraft/world/entity/player/Player;Lfuzs/bettertridents/capability/TridentSlotCapability;)Ljava/lang/Boolean; to mdb7ac4f$lambda$tryPickup$inject$head$1$0 in bettertridents.common.mixins.json:ThrownTridentMixin
[14May2025 22:21:13.131] [main/DEBUG] [mixin/]: Renaming synthetic method lambda$tryPickup$inject$head$0(Lnet/minecraft/world/entity/player/Player;Lfuzs/bettertridents/capability/TridentSlotCapability;)Ljava/lang/Boolean; to mdb7ac4f$lambda$tryPickup$inject$head$0$1 in bettertridents.common.mixins.json:ThrownTridentMixin
[14May2025 22:21:13.133] [main/DEBUG] [mixin/]: Mixing accessor.ThrownTridentAccessor from bettertridents.common.mixins.json into net.minecraft.world.entity.projectile.ThrownTrident
[14May2025 22:21:13.133] [main/DEBUG] [mixin/]: Renaming @Accessor method getLoyaltyId()Lnet/minecraft/network/syncher/EntityDataAccessor; to getLoyaltyId_$md$b7ac4f$2 in bettertridents.common.mixins.json:accessor.ThrownTridentAccessor
[14May2025 22:21:13.137] [main/DEBUG] [mixin/]: Mixing entity.inactive_navigations.DrownedEntityLeaveWaterGoalMixin from lithium.mixins.json into net.minecraft.world.entity.monster.Drowned$DrownedGoToBeachGoal
[14May2025 22:21:13.137] [main/DEBUG] [mixin/]: lithium.mixins.json:entity.inactive_navigations.DrownedEntityLeaveWaterGoalMixin: Class version 61 required is higher than the class version supported by the current version of Mixin (JAVA_16 supports class version 60)
[14May2025 22:21:13.154] [main/DEBUG] [mixin/]: Mixing EndermanMixin from supplementaries-common.mixins.json into net.minecraft.world.entity.monster.EnderMan
[14May2025 22:21:13.154] [main/DEBUG] [mixin/]: Mixing EndermanStopStaringMixin from enderitemod-common.mixins.json into net.minecraft.world.entity.monster.EnderMan
[14May2025 22:21:13.155] [main/DEBUG] [mixin/]: Mixing NeutralMobsMixin from crittersandcompanions.mixins.json into net.minecraft.world.entity.monster.EnderMan
[14May2025 22:21:13.163] [main/DEBUG] [mixin/]: Mixing EvokerMixin from supplementaries-common.mixins.json into net.minecraft.world.entity.monster.Evoker
[14May2025 22:21:13.165] [main/DEBUG] [mixin/]: Mixing IllusionerSpellcastingIllagerEntityMixin from friendsandfoes-common.mixins.json into net.minecraft.world.entity.monster.SpellcasterIllager
[14May2025 22:21:13.167] [main/DEBUG] [mixin/]: Mixing ai.raid.RaiderEntityMixin from lithium.mixins.json into net.minecraft.world.entity.raid.Raider
[14May2025 22:21:13.167] [main/DEBUG] [mixin/]: lithium.mixins.json:ai.raid.RaiderEntityMixin: Class version 61 required is higher than the class version supported by the current version of Mixin (JAVA_16 supports class version 60)
[14May2025 22:21:13.167] [main/DEBUG] [mixin/]: Renaming synthetic method lambda$static$0(Lnet/minecraft/world/entity/item/ItemEntity;)Z to mdb7ac4f$lambda$static$0$0 in lithium.mixins.json:ai.raid.RaiderEntityMixin
[14May2025 22:21:13.168] [main/DEBUG] [mixin/]: Mixing IllusionerRaiderEntityMixin from friendsandfoes-common.mixins.json into net.minecraft.world.entity.raid.Raider
[14May2025 22:21:13.173] [main/DEBUG] [mixin/]: Mixing ai.raid.PickupBannerAsLeaderGoalMixin from lithium.mixins.json into net.minecraft.world.entity.raid.Raider$ObtainRaidLeaderBannerGoal
[14May2025 22:21:13.174] [main/DEBUG] [mixin/]: lithium.mixins.json:ai.raid.PickupBannerAsLeaderGoalMixin: Class version 61 required is higher than the class version supported by the current version of Mixin (JAVA_16 supports class version 60)
[14May2025 22:21:13.175] [main/DEBUG] [mixin/]: Mixing ai.poi.tasks.RaiderEntityAttackHomeGoalMixin from lithium.mixins.json into net.minecraft.world.entity.raid.Raider$RaiderMoveThroughVillageGoal
[14May2025 22:21:13.175] [main/DEBUG] [mixin/]: lithium.mixins.json:ai.poi.tasks.RaiderEntityAttackHomeGoalMixin: Class version 61 required is higher than the class version supported by the current version of Mixin (JAVA_16 supports class version 60)
[14May2025 22:21:13.179] [main/DEBUG] [net.minecraftforge.coremod.transformer.CoreModBaseTransformer/COREMOD]: Transforming net/minecraft/world/entity/monster/Evoker$EvokerSummonSpellGoal
[14May2025 22:21:13.202] [main/DEBUG] [mixin/]: Mixing FrogMixin from alexscaves.mixins.json into net.minecraft.world.entity.animal.frog.Frog
[14May2025 22:21:13.226] [main/DEBUG] [mixin/]: Mixing IllusionerEntityMixin from friendsandfoes-common.mixins.json into net.minecraft.world.entity.monster.Illusioner
[14May2025 22:21:13.242] [main/DEBUG] [mixin/]: Mixing BlindTargetGoalFactory from friendsandfoes-common.mixins.json into net.minecraft.world.entity.monster.Illusioner$IllusionerBlindnessSpellGoal
[14May2025 22:21:13.242] [main/DEBUG] [mixin/]: Renaming @Invoker method newBlindTargetGoal(Lnet/minecraft/world/entity/monster/Illusioner;)Lnet/minecraft/world/entity/monster/Illusioner$IllusionerBlindnessSpellGoal; to newBlindTargetGoal_$md$b7ac4f$0 in friendsandfoes-common.mixins.json:BlindTargetGoalFactory
[14May2025 22:21:13.247] [main/DEBUG] [mixin/]: Mixing entity.replace_entitytype_predicates.IronGolemWanderAroundGoalMixin from lithium.mixins.json into net.minecraft.world.entity.ai.goal.GolemRandomStrollInVillageGoal
[14May2025 22:21:13.247] [main/DEBUG] [mixin/]: lithium.mixins.json:entity.replace_entitytype_predicates.IronGolemWanderAroundGoalMixin: Class version 61 required is higher than the class version supported by the current version of Mixin (JAVA_16 supports class version 60)
[14May2025 22:21:13.254] [main/DEBUG] [mixin/]: Mixing NeutralMobsMixin from crittersandcompanions.mixins.json into net.minecraft.world.entity.animal.horse.Llama
[14May2025 22:21:13.258] [main/DEBUG] [mixin/]: Mixing entity.replace_entitytype_predicates.FormCaravanGoalMixin from lithium.mixins.json into net.minecraft.world.entity.ai.goal.LlamaFollowCaravanGoal
[14May2025 22:21:13.258] [main/DEBUG] [mixin/]: lithium.mixins.json:entity.replace_entitytype_predicates.FormCaravanGoalMixin: Class version 61 required is higher than the class version supported by the current version of Mixin (JAVA_16 supports class version 60)
[14May2025 22:21:13.258] [main/DEBUG] [mixin/]: Renaming synthetic method lambda$getLlamasForCaravan$0(Lnet/minecraft/world/entity/Entity;Lnet/minecraft/world/entity/animal/horse/Llama;)Z to mdb7ac4f$lambda$getLlamasForCaravan$0$0 in lithium.mixins.json:entity.replace_entitytype_predicates.FormCaravanGoalMixin
[14May2025 22:21:13.262] [main/DEBUG] [mixin/]: Mixing SlimeMixin from supplementaries-common.mixins.json into net.minecraft.world.entity.monster.Slime
[14May2025 22:21:13.271] [main/DEBUG] [mixin/]: Mixing OcelotMixin from crittersandcompanions.mixins.json into net.minecraft.world.entity.animal.Ocelot
[14May2025 22:21:13.290] [main/DEBUG] [mixin/]: Mixing ZombifiedPiglinMixin from crittersandcompanions.mixins.json into net.minecraft.world.entity.monster.ZombifiedPiglin
[14May2025 22:21:13.290] [main/DEBUG] [mixin/]: Renaming synthetic method lambda$onAddBehaviourGoals$0(Lnet/minecraft/world/entity/LivingEntity;)Z to mdb7ac4f$lambda$onAddBehaviourGoals$0$0 in crittersandcompanions.mixins.json:ZombifiedPiglinMixin
[14May2025 22:21:13.300] [main/DEBUG] [mixin/]: Mixing NeutralMobsMixin from crittersandcompanions.mixins.json into net.minecraft.world.entity.animal.PolarBear
[14May2025 22:21:13.305] [main/DEBUG] [mixin/]: Mixing ThrownPotionMixin from moonlight-common.mixins.json into net.minecraft.world.entity.projectile.ThrownPotion
[14May2025 22:21:13.311] [main/DEBUG] [mixin/]: Mixing RabbitsEatCabbageMixin from farmersdelight.mixins.json into net.minecraft.world.entity.animal.Rabbit
[14May2025 22:21:13.312] [main/DEBUG] [mixin/]: Mixing RabbitEntityMixin from friendsandfoes-common.mixins.json into net.minecraft.world.entity.animal.Rabbit
[14May2025 22:21:13.312] [main/DEBUG] [mixin/]: Renaming synthetic method lambda$friendsandfoes_addFleeGoal$0(Ljava/lang/Object;)Z to mdb7ac4f$lambda$friendsandfoes_addFleeGoal$0$0 in friendsandfoes-common.mixins.json:RabbitEntityMixin
[14May2025 22:21:13.317] [main/DEBUG] [mixin/]: Mixing accessor.RavagerAccessor from mutantmonsters.common.mixins.json into net.minecraft.world.entity.monster.Ravager
[14May2025 22:21:13.322] [main/DEBUG] [mixin/]: Mixing EnderiteShearsSheepMixin from enderitemod-common.mixins.json into net.minecraft.world.entity.animal.Sheep
[14May2025 22:21:13.322] [main/DEBUG] [mixin/]: Renaming synthetic method lambda$onShear$0(Lnet/minecraft/world/InteractionHand;Lnet/minecraft/world/entity/LivingEntity;)V to mdb7ac4f$lambda$onShear$0$0 in enderitemod-common.mixins.json:EnderiteShearsSheepMixin
[14May2025 22:21:13.332] [main/DEBUG] [mixin/]: Mixing SkellyHorseMixin from supplementaries-common.mixins.json into net.minecraft.world.entity.animal.horse.SkeletonHorse
[14May2025 22:21:13.333] [main/DEBUG] [mixin/]: Renaming synthetic method lambda$tick$0(Ljava/lang/Integer;)V to mdb7ac4f$lambda$tick$0$0 in supplementaries-common.mixins.json:SkellyHorseMixin
[14May2025 22:21:13.341] [main/DEBUG] [net.minecraftforge.coremod.transformer.CoreModBaseTransformer/COREMOD]: Transforming net/minecraft/world/entity/animal/horse/SkeletonTrapGoal
[14May2025 22:21:13.356] [main/DEBUG] [mixin/]: Mixing SnowballEntityMixin from friendsandfoes-common.mixins.json into net.minecraft.world.entity.projectile.Snowball
[14May2025 22:21:13.361] [main/DEBUG] [mixin/]: Mixing entity.StrayMixin from mixins.netherexp.json into net.minecraft.world.entity.monster.Stray
[14May2025 22:21:13.362] [main/DEBUG] [mixin/]: Mixing StrayMixin from supplementaries-common.mixins.json into net.minecraft.world.entity.monster.Stray
[14May2025 22:21:13.365] [main/WARN] [mixin/]: Method overwrite conflict for m_7380_ in supplementaries-common.mixins.json:StrayMixin, previously written by net.jadenxgamer.netherexp.mixin.entity.StrayMixin. Skipping method.
[14May2025 22:21:13.366] [main/WARN] [mixin/]: Method overwrite conflict for m_7378_ in supplementaries-common.mixins.json:StrayMixin, previously written by net.jadenxgamer.netherexp.mixin.entity.StrayMixin. Skipping method.
[14May2025 22:21:13.367] [main/DEBUG] [mixin/]: Unexpected: Registered method m_7380_(Lnet/minecraft/nbt/CompoundTag;)V in net.minecraft.world.entity.monster.Stray was not merged
[14May2025 22:21:13.367] [main/DEBUG] [mixin/]: Unexpected: Registered method m_7378_(Lnet/minecraft/nbt/CompoundTag;)V in net.minecraft.world.entity.monster.Stray was not merged
[14May2025 22:21:13.369] [main/DEBUG] [net.minecraftforge.coremod.transformer.CoreModBaseTransformer/COREMOD]: Transforming net/minecraft/world/entity/monster/Strider
[14May2025 22:21:13.404] [main/DEBUG] [mixin/]: Mixing entity.StriderMixin from mixins.netherexp.json into net.minecraft.world.entity.monster.Strider
[14May2025 22:21:13.425] [main/DEBUG] [mixin/]: Mixing AddCustomEntityPoseMixin from friendsandfoes-common.mixins.json into net.minecraft.world.entity.Pose
[14May2025 22:21:13.425] [main/DEBUG] [mixin/]: Renaming @Invoker method newEntityPose(Ljava/lang/String;I)Lnet/minecraft/world/entity/Pose; to newEntityPose_$md$b7ac4f$0 in friendsandfoes-common.mixins.json:AddCustomEntityPoseMixin
[14May2025 22:21:13.431] [main/DEBUG] [mixin/]: Mixing entity.data_tracker.use_arrays.DataTrackerMixin from lithium.mixins.json into net.minecraft.network.syncher.SynchedEntityData
[14May2025 22:21:13.431] [main/DEBUG] [mixin/]: lithium.mixins.json:entity.data_tracker.use_arrays.DataTrackerMixin: Class version 61 required is higher than the class version supported by the current version of Mixin (JAVA_16 supports class version 60)
[14May2025 22:21:13.433] [main/DEBUG] [mixin/]: Mixing entity.data_tracker.no_locks.DataTrackerMixin from lithium.mixins.json into net.minecraft.network.syncher.SynchedEntityData
[14May2025 22:21:13.434] [main/DEBUG] [mixin/]: lithium.mixins.json:entity.data_tracker.no_locks.DataTrackerMixin: Class version 61 required is higher than the class version supported by the current version of Mixin (JAVA_16 supports class version 60)
[14May2025 22:21:13.446] [main/DEBUG] [mixin/]: Mixing VillagerHostilesSensorMixin from friendsandfoes-common.mixins.json into net.minecraft.world.entity.ai.sensing.VillagerHostilesSensor
[14May2025 22:21:13.451] [main/DEBUG] [mixin/]: Mixing ai.sensor.secondary_poi.SecondaryPointsOfInterestSensorMixin from lithium.mixins.json into net.minecraft.world.entity.ai.sensing.SecondaryPoiSensor
[14May2025 22:21:13.451] [main/DEBUG] [mixin/]: lithium.mixins.json:ai.sensor.secondary_poi.SecondaryPointsOfInterestSensorMixin: Class version 61 required is higher than the class version supported by the current version of Mixin (JAVA_16 supports class version 60)
[14May2025 22:21:13.469] [main/DEBUG] [mixin/]: Mixing util.world_border_listener.WorldBorderMixin from lithium.mixins.json into net.minecraft.world.level.border.WorldBorder
[14May2025 22:21:13.470] [main/DEBUG] [mixin/]: lithium.mixins.json:util.world_border_listener.WorldBorderMixin: Class version 61 required is higher than the class version supported by the current version of Mixin (JAVA_16 supports class version 60)
[14May2025 22:21:13.492] [main/DEBUG] [mixin/]: Mixing NeutralMobsMixin from crittersandcompanions.mixins.json into net.minecraft.world.entity.monster.Vex
[14May2025 22:21:13.498] [main/DEBUG] [net.minecraftforge.coremod.transformer.CoreModBaseTransformer/COREMOD]: Transforming net/minecraft/world/entity/npc/Villager
[14May2025 22:21:13.571] [main/DEBUG] [mixin/]: Mixing VillagerAccess from kiwi.mixins.json into net.minecraft.world.entity.npc.Villager
[14May2025 22:21:13.572] [main/DEBUG] [mixin/]: Renaming @Accessor method getWANTED_ITEMS()Ljava/util/Set; to getWANTED_ITEMS_$md$b7ac4f$0 in kiwi.mixins.json:VillagerAccess
[14May2025 22:21:13.572] [main/DEBUG] [mixin/]: Renaming @Accessor method setWANTED_ITEMS(Ljava/util/Set;)V to setWANTED_ITEMS_$md$b7ac4f$1 in kiwi.mixins.json:VillagerAccess
[14May2025 22:21:13.572] [main/DEBUG] [mixin/]: Renaming @Accessor method getFOOD_POINTS()Ljava/util/Map; to getFOOD_POINTS_$md$b7ac4f$2 in kiwi.mixins.json:VillagerAccess
[14May2025 22:21:13.572] [main/DEBUG] [mixin/]: Renaming @Accessor method setFOOD_POINTS(Ljava/util/Map;)V to setFOOD_POINTS_$md$b7ac4f$3 in kiwi.mixins.json:VillagerAccess
[14May2025 22:21:13.572] [main/DEBUG] [mixin/]: Mixing VillagerEntityMixin from graveyard-common.mixins.json into net.minecraft.world.entity.npc.Villager
[14May2025 22:21:13.573] [main/DEBUG] [mixin/]: Mixing VillagerMixin from moonlight-common.mixins.json into net.minecraft.world.entity.npc.Villager
[14May2025 22:21:13.594] [main/DEBUG] [mixin/]: Mixing WanderingTraderMixin from supplementaries-common.mixins.json into net.minecraft.world.entity.npc.WanderingTrader
[14May2025 22:21:13.595] [main/DEBUG] [mixin/]: Mixing WanderingTraderEntityMixin from graveyard-common.mixins.json into net.minecraft.world.entity.npc.WanderingTrader
[14May2025 22:21:13.606] [main/DEBUG] [mixin/]: Mixing NeutralMobsMixin from crittersandcompanions.mixins.json into net.minecraft.world.entity.animal.Wolf
[14May2025 22:21:13.613] [main/DEBUG] [mixin/]: Mixing ZombieHorseMixin from supplementaries-common.mixins.json into net.minecraft.world.entity.animal.horse.ZombieHorse
[14May2025 22:21:13.617] [main/DEBUG] [mixin/]: Mixing ZombieHorseEntityMixin from friendsandfoes-common.mixins.json into net.minecraft.world.entity.animal.horse.ZombieHorse
[14May2025 22:21:13.632] [main/DEBUG] [mixin/]: Mixing entity.collisions.unpushable_cramming.EntityPredicatesMixin from lithium.mixins.json into net.minecraft.world.entity.EntitySelector
[14May2025 22:21:13.632] [main/DEBUG] [mixin/]: lithium.mixins.json:entity.collisions.unpushable_cramming.EntityPredicatesMixin: Class version 61 required is higher than the class version supported by the current version of Mixin (JAVA_16 supports class version 60)
[14May2025 22:21:13.641] [main/DEBUG] [mixin/]: Mixing inject.MixinFoodPropertiesBuilder from architectury-common.mixins.json into net.minecraft.world.food.FoodProperties$Builder
[14May2025 22:21:13.643] [main/DEBUG] [net.minecraftforge.coremod.transformer.CoreModBaseTransformer/COREMOD]: Transforming net/minecraft/world/effect/MobEffectInstance
[14May2025 22:21:13.673] [main/DEBUG] [mixin/]: Mixing bugfix.forge_vehicle_packets.ServerGamePacketListenerImplMixin from modernfix-forge.mixins.json into net.minecraft.server.network.ServerGamePacketListenerImpl
[14May2025 22:21:13.675] [main/DEBUG] [mixin/]: Mixing ServerGamePacketListenerMixin from supplementaries-common.mixins.json into net.minecraft.server.network.ServerGamePacketListenerImpl
[14May2025 22:21:13.675] [main/DEBUG] [mixin/]: Renaming synthetic method lambda$addAntiqueInk$0(Ljava/util/function/UnaryOperator;Ljava/lang/String;)Ljava/lang/String; to mdb7ac4f$lambda$addAntiqueInk$0$0 in supplementaries-common.mixins.json:ServerGamePacketListenerMixin
[14May2025 22:21:13.676] [main/DEBUG] [mixin/]: Mixing accessor.ServerGamePacketListenerImplAccessor from hangglider.common.mixins.json into net.minecraft.server.network.ServerGamePacketListenerImpl
[14May2025 22:21:13.677] [main/DEBUG] [mixin/]: Mixing shared.network.util.ServerPlayNetworkHandlerAccessor from krypton.mixins.json into net.minecraft.server.network.ServerGamePacketListenerImpl
[14May2025 22:21:13.677] [main/DEBUG] [mixin/]: krypton.mixins.json:shared.network.util.ServerPlayNetworkHandlerAccessor: Class version 61 required is higher than the class version supported by the current version of Mixin (JAVA_16 supports class version 60)
[14May2025 22:21:13.677] [main/DEBUG] [mixin/]: Mixing ServerPlayNetworkHandlerMixin from graveyard-common.mixins.json into net.minecraft.server.network.ServerGamePacketListenerImpl
[14May2025 22:21:13.678] [main/DEBUG] [mixin/]: Mixing catchers.ServerPlayNetworkHandlerMixin from neruina.mixins.json into net.minecraft.server.network.ServerGamePacketListenerImpl
[14May2025 22:21:13.678] [main/DEBUG] [mixin/]: Mixing ServerPlayNetworkHandlerMixin from bettercombat.mixins.json into net.minecraft.server.network.ServerGamePacketListenerImpl
[14May2025 22:21:13.679] [main/INFO] [mixin/]: Mixing server.MixinServerGamePacketListenerImpl from mixins/common/nochatreports.mixins.json into net.minecraft.server.network.ServerGamePacketListenerImpl
[14May2025 22:21:13.681] [main/DEBUG] [mixin/]: Mixing ServerGamePacketListenerImplMixin from automobility.mixins.json into net.minecraft.server.network.ServerGamePacketListenerImpl
[14May2025 22:21:13.683] [main/DEBUG] [mixin/]: Mixing ServerPlayNetHandlerMixin from connectivity.mixins.json into net.minecraft.server.network.ServerGamePacketListenerImpl
[14May2025 22:21:13.683] [main/DEBUG] [mixin/]: Renaming synthetic method lambda$on$0(Lnet/minecraft/network/chat/Component;)V to mdb7ac4f$lambda$on$0$1 in connectivity.mixins.json:ServerPlayNetHandlerMixin
[14May2025 22:21:13.707] [main/DEBUG] [mixin/]: Mixing brewing.PotionBrewingAccessor from mixins.netherexp.json into net.minecraft.world.item.alchemy.PotionBrewing
[14May2025 22:21:13.707] [main/DEBUG] [mixin/]: Renaming @Invoker method netherexp$addMix(Lnet/minecraft/world/item/alchemy/Potion;Lnet/minecraft/world/item/Item;Lnet/minecraft/world/item/alchemy/Potion;)V to netherexp$addMix_$md$b7ac4f$0 in mixins.netherexp.json:brewing.PotionBrewingAccessor
[14May2025 22:21:13.707] [main/DEBUG] [mixin/]: Mixing brewing.PotionBrewingMixin from mixins.netherexp.json into net.minecraft.world.item.alchemy.PotionBrewing
[14May2025 22:21:13.708] [main/DEBUG] [mixin/]: Mixing accessor.PotionBrewingAccessor from yungsapi.mixins.json into net.minecraft.world.item.alchemy.PotionBrewing
[14May2025 22:21:13.708] [main/DEBUG] [mixin/]: Renaming @Invoker method callAddMix(Lnet/minecraft/world/item/alchemy/Potion;Lnet/minecraft/world/item/Item;Lnet/minecraft/world/item/alchemy/Potion;)V to callAddMix_$md$b7ac4f$1 in yungsapi.mixins.json:accessor.PotionBrewingAccessor
[14May2025 22:21:13.708] [main/DEBUG] [mixin/]: Mixing BrewingMixin from amendments-common.mixins.json into net.minecraft.world.item.alchemy.PotionBrewing
[14May2025 22:21:13.708] [main/DEBUG] [mixin/]: Mixing BrewingRecipeRegistryMixin from friendsandfoes-common.mixins.json into net.minecraft.world.item.alchemy.PotionBrewing
[14May2025 22:21:13.708] [main/DEBUG] [mixin/]: Renaming @Invoker method invokeRegisterPotionRecipe(Lnet/minecraft/world/item/alchemy/Potion;Lnet/minecraft/world/item/Item;Lnet/minecraft/world/item/alchemy/Potion;)V to invokeRegisterPotionRecipe_$md$b7ac4f$2 in friendsandfoes-common.mixins.json:BrewingRecipeRegistryMixin
[14May2025 22:21:13.709] [main/DEBUG] [mixin/]: Mixing accessor.PotionBrewingForgeAccessor from puzzleslib.forge.mixins.json into net.minecraft.world.item.alchemy.PotionBrewing
[14May2025 22:21:13.709] [main/DEBUG] [mixin/]: Renaming @Accessor method puzzleslib$getPotionMixes()Ljava/util/List; to puzzleslib$getPotionMixes_$md$b7ac4f$3 in puzzleslib.forge.mixins.json:accessor.PotionBrewingForgeAccessor
[14May2025 22:21:13.709] [main/DEBUG] [mixin/]: Renaming @Accessor method puzzleslib$getContainerMixes()Ljava/util/List; to puzzleslib$getContainerMixes_$md$b7ac4f$4 in puzzleslib.forge.mixins.json:accessor.PotionBrewingForgeAccessor
[14May2025 22:21:13.709] [main/DEBUG] [mixin/]: Renaming @Accessor method puzzleslib$getAllowedContainers()Ljava/util/List; to puzzleslib$getAllowedContainers_$md$b7ac4f$5 in puzzleslib.forge.mixins.json:accessor.PotionBrewingForgeAccessor
[14May2025 22:21:13.718] [main/DEBUG] [mixin/]: Mixing perf.nbt_memory_usage.CompoundTagMixin from modernfix-common.mixins.json into net.minecraft.nbt.CompoundTag
[14May2025 22:21:13.719] [main/DEBUG] [mixin/]: Mixing alloc.nbt.NbtCompoundMixin from lithium.mixins.json into net.minecraft.nbt.CompoundTag
[14May2025 22:21:13.719] [main/DEBUG] [mixin/]: lithium.mixins.json:alloc.nbt.NbtCompoundMixin: Class version 61 required is higher than the class version supported by the current version of Mixin (JAVA_16 supports class version 60)
[14May2025 22:21:13.726] [main/DEBUG] [mixin/]: Mixing perf.nbt_memory_usage.CompoundTag1Mixin from modernfix-common.mixins.json into net.minecraft.nbt.CompoundTag$1
[14May2025 22:21:13.726] [main/DEBUG] [mixin/]: Mixing alloc.nbt.NbtCompoundMixin$Type from lithium.mixins.json into net.minecraft.nbt.CompoundTag$1
[14May2025 22:21:13.726] [main/DEBUG] [mixin/]: lithium.mixins.json:alloc.nbt.NbtCompoundMixin$Type: Class version 61 required is higher than the class version supported by the current version of Mixin (JAVA_16 supports class version 60)
[14May2025 22:21:13.759] [main/DEBUG] [mixin/]: Mixing AbstractProjectileBehaviorAccessor from supplementaries-common.mixins.json into net.minecraft.core.dispenser.AbstractProjectileDispenseBehavior
[14May2025 22:21:13.783] [main/DEBUG] [mixin/]: Mixing SweepingEnchantmentMixin from bettercombat.mixins.json into net.minecraft.world.item.enchantment.SweepingEdgeEnchantment
[14May2025 22:21:13.811] [main/DEBUG] [mixin/]: Mixing StructureProcessorAccessor from cataclysm.mixins.json into net.minecraft.world.level.levelgen.structure.templatesystem.StructureProcessor
[14May2025 22:21:13.811] [main/DEBUG] [mixin/]: Mixing StructureProcessorAccessor from legendary_monsters.mixins.json into net.minecraft.world.level.levelgen.structure.templatesystem.StructureProcessor
[14May2025 22:21:13.812] [main/DEBUG] [mixin/]: Unexpected: Registered method callGetType()Lnet/minecraft/world/level/levelgen/structure/templatesystem/StructureProcessorType; in net.minecraft.world.level.levelgen.structure.templatesystem.StructureProcessor was not merged
[14May2025 22:21:13.832] [main/DEBUG] [mixin/]: Mixing world.combined_heightmap_update.HeightmapAccessor from lithium.mixins.json into net.minecraft.world.level.levelgen.Heightmap
[14May2025 22:21:13.833] [main/DEBUG] [mixin/]: lithium.mixins.json:world.combined_heightmap_update.HeightmapAccessor: Class version 61 required is higher than the class version supported by the current version of Mixin (JAVA_16 supports class version 60)
[14May2025 22:21:13.836] [main/DEBUG] [mixin/]: Mixing perf.dynamic_structure_manager.StructureManagerMixin from modernfix-common.mixins.json into net.minecraft.world.level.levelgen.structure.templatesystem.StructureTemplateManager
[14May2025 22:21:13.838] [main/DEBUG] [mixin/]: Mixing perf.cache_upgraded_structures.StructureManagerMixin from modernfix-common.mixins.json into net.minecraft.world.level.levelgen.structure.templatesystem.StructureTemplateManager
[14May2025 22:21:13.873] [main/DEBUG] [mixin/]: Mixing accessor.SlotAccessor from easyanvils.common.mixins.json into net.minecraft.world.inventory.Slot
[14May2025 22:21:13.873] [main/DEBUG] [mixin/]: Mixing SlotAccessor from balm.mixins.json into net.minecraft.world.inventory.Slot
[14May2025 22:21:13.877] [main/DEBUG] [mixin/]: Mixing brewing.PotionSlotMixin from mixins.netherexp.json into net.minecraft.world.inventory.BrewingStandMenu$PotionSlot
[14May2025 22:21:13.881] [main/DEBUG] [mixin/]: Mixing GrindstoneInputSlotMixin from supplementaries-common.mixins.json into net.minecraft.world.inventory.GrindstoneMenu$2
[14May2025 22:21:13.883] [main/DEBUG] [mixin/]: Mixing GrindstoneTestSlotMixin from supplementaries-common.mixins.json into net.minecraft.world.inventory.GrindstoneMenu$4
[14May2025 22:21:13.883] [main/DEBUG] [mixin/]: Mixing GrindstoneMenuSlotMixin from moonlight-common.mixins.json into net.minecraft.world.inventory.GrindstoneMenu$4
[14May2025 22:21:13.886] [main/DEBUG] [mixin/]: Mixing LoomInputSlotMixin from supplementaries-common.mixins.json into net.minecraft.world.inventory.LoomMenu$3
[14May2025 22:21:13.888] [main/DEBUG] [mixin/]: Mixing common.MerchantResultSlotMixin from backpacked.common.mixins.json into net.minecraft.world.inventory.MerchantResultSlot
[14May2025 22:21:13.892] [main/DEBUG] [mixin/]: Mixing CartographyTableInputSlotMixin from supplementaries-common.mixins.json into net.minecraft.world.inventory.CartographyTableMenu$4
[14May2025 22:21:13.900] [main/DEBUG] [mixin/]: Mixing MapExtendingRecipeMixin from moonlight-common.mixins.json into net.minecraft.world.item.crafting.MapExtendingRecipe
[14May2025 22:21:13.903] [main/DEBUG] [mixin/]: Mixing ShapedRecipeAccess from kiwi.mixins.json into net.minecraft.world.item.crafting.ShapedRecipe
[14May2025 22:21:13.903] [main/DEBUG] [mixin/]: Renaming @Invoker method callKeyFromJson(Lcom/google/gson/JsonObject;)Ljava/util/Map; to callKeyFromJson_$md$b7ac4f$0 in kiwi.mixins.json:ShapedRecipeAccess
[14May2025 22:21:13.903] [main/DEBUG] [mixin/]: Renaming @Invoker method callPatternFromJson(Lcom/google/gson/JsonArray;)[Ljava/lang/String; to callPatternFromJson_$md$b7ac4f$1 in kiwi.mixins.json:ShapedRecipeAccess
[14May2025 22:21:13.904] [main/DEBUG] [mixin/]: Renaming @Invoker method callShrink([Ljava/lang/String;)[Ljava/lang/String; to callShrink_$md$b7ac4f$2 in kiwi.mixins.json:ShapedRecipeAccess
[14May2025 22:21:13.904] [main/DEBUG] [mixin/]: Renaming @Invoker method callDissolvePattern([Ljava/lang/String;Ljava/util/Map;II)Lnet/minecraft/core/NonNullList; to callDissolvePattern_$md$b7ac4f$3 in kiwi.mixins.json:ShapedRecipeAccess
[14May2025 22:21:13.910] [main/DEBUG] [mixin/]: Mixing ShulkerBoxColoringMixin from enderitemod-common.mixins.json into net.minecraft.world.item.crafting.ShulkerBoxColoring
[14May2025 22:21:13.986] [main/DEBUG] [mixin/]: Mixing EnchantRandomlyFunctionMixin from alexscaves.mixins.json into net.minecraft.world.level.storage.loot.functions.EnchantRandomlyFunction
[14May2025 22:21:13.986] [main/DEBUG] [mixin/]: Renaming synthetic method lambda$ac_enchantItem$0(ZLnet/minecraft/world/item/ItemStack;Lnet/minecraft/world/item/enchantment/Enchantment;)Z to mdb7ac4f$lambda$ac_enchantItem$0$0 in alexscaves.mixins.json:EnchantRandomlyFunctionMixin
[14May2025 22:21:13.993] [main/DEBUG] [mixin/]: Mixing ExplorationMapSerializerMixin from supplementaries-common.mixins.json into net.minecraft.world.level.storage.loot.functions.ExplorationMapFunction$Serializer
[14May2025 22:21:13.995] [main/DEBUG] [mixin/]: Mixing ExplorationMapFunctionMixin from structureessentials.mixins.json into net.minecraft.world.level.storage.loot.functions.ExplorationMapFunction
[14May2025 22:21:13.996] [main/DEBUG] [mixin/]: Mixing ExplorationMapFunctionMixin from supplementaries-common.mixins.json into net.minecraft.world.level.storage.loot.functions.ExplorationMapFunction
[14May2025 22:21:14.002] [main/DEBUG] [mixin/]: Mixing MixinApplyBonusCount from curios.mixins.json into net.minecraft.world.level.storage.loot.functions.ApplyBonusCount
[14May2025 22:21:14.031] [main/DEBUG] [mixin/]: Mixing AccessorWeightedRandomList from monolib.forge.mixins.json into net.minecraft.util.random.WeightedRandomList
[14May2025 22:21:14.031] [main/DEBUG] [mixin/]: Mixing collections.mob_spawning.PoolMixin from lithium.mixins.json into net.minecraft.util.random.WeightedRandomList
[14May2025 22:21:14.031] [main/DEBUG] [mixin/]: lithium.mixins.json:collections.mob_spawning.PoolMixin: Class version 61 required is higher than the class version supported by the current version of Mixin (JAVA_16 supports class version 60)
[14May2025 22:21:14.093] [main/DEBUG] [mixin/]: Mixing TreeFeatureMixin from graveyard-common.mixins.json into net.minecraft.world.level.levelgen.feature.TreeFeature
[14May2025 22:21:14.101] [main/DEBUG] [mixin/]: Mixing SnowAndFreezeFeatureMixin from snowrealmagic.mixins.json into net.minecraft.world.level.levelgen.feature.SnowAndFreezeFeature
[14May2025 22:21:14.101] [main/DEBUG] [mixin/]: snowrealmagic.mixins.json:SnowAndFreezeFeatureMixin: Class version 61 required is higher than the class version supported by the current version of Mixin (JAVA_16 supports class version 60)
[14May2025 22:21:14.105] [main/DEBUG] [mixin/]: Mixing NoMultifaceGrowthFeatureInStructuresMixin from cataclysm.mixins.json into net.minecraft.world.level.levelgen.feature.MultifaceGrowthFeature
[14May2025 22:21:14.106] [main/DEBUG] [mixin/]: Mixing MultifaceGrowthFeatureMixin from alexscaves.mixins.json into net.minecraft.world.level.levelgen.feature.MultifaceGrowthFeature
[14May2025 22:21:14.108] [main/DEBUG] [mixin/]: Mixing NoMagmaBlockInStructuresMixin from cataclysm.mixins.json into net.minecraft.world.level.levelgen.feature.UnderwaterMagmaFeature
[14May2025 22:21:14.113] [main/DEBUG] [mixin/]: Mixing NoLakesInStructuresMixin from cataclysm.mixins.json into net.minecraft.world.level.levelgen.feature.LakeFeature
[14May2025 22:21:14.114] [main/DEBUG] [mixin/]: Mixing LakeFeatureMixin from graveyard-common.mixins.json into net.minecraft.world.level.levelgen.feature.LakeFeature
[14May2025 22:21:14.117] [main/DEBUG] [mixin/]: Mixing NoOreInStructuresMixin from cataclysm.mixins.json into net.minecraft.world.level.levelgen.feature.OreFeature
[14May2025 22:21:14.121] [main/DEBUG] [mixin/]: Mixing SeagrassFeatureMixin from alexscaves.mixins.json into net.minecraft.world.level.levelgen.feature.SeagrassFeature
[14May2025 22:21:14.122] [main/DEBUG] [mixin/]: Mixing KelpFeatureMixin from alexscaves.mixins.json into net.minecraft.world.level.levelgen.feature.KelpFeature
[14May2025 22:21:14.124] [main/DEBUG] [mixin/]: Mixing CoralFeatureMixin from alexscaves.mixins.json into net.minecraft.world.level.levelgen.feature.CoralFeature
[14May2025 22:21:14.129] [main/DEBUG] [mixin/]: Mixing worldgen.BasaltColumnsFeatureMixin from mixins.netherexp.json into net.minecraft.world.level.levelgen.feature.BasaltColumnsFeature
[14May2025 22:21:14.129] [main/DEBUG] [mixin/]: Mixing NoBasaltColumnsInStructuresMixin from cataclysm.mixins.json into net.minecraft.world.level.levelgen.feature.BasaltColumnsFeature
[14May2025 22:21:14.132] [main/DEBUG] [mixin/]: Mixing worldgen.DeltaFeatureMixin from mixins.netherexp.json into net.minecraft.world.level.levelgen.feature.DeltaFeature
[14May2025 22:21:14.132] [main/DEBUG] [mixin/]: Mixing NoDeltasInStructuresMixin from cataclysm.mixins.json into net.minecraft.world.level.levelgen.feature.DeltaFeature
[14May2025 22:21:14.138] [main/DEBUG] [mixin/]: Mixing NoGeodeInStructuresMixin from cataclysm.mixins.json into net.minecraft.world.level.levelgen.feature.GeodeFeature
[14May2025 22:21:14.153] [main/DEBUG] [mixin/]: Mixing PlacedFeatureErrorMixin from structureessentials.mixins.json into net.minecraft.world.level.levelgen.placement.PlacedFeature
[14May2025 22:21:14.249] [main/DEBUG] [mixin/]: Mixing RandomSpreadStructurePlacementMixin from structureessentials.mixins.json into net.minecraft.world.level.levelgen.structure.placement.RandomSpreadStructurePlacement
[14May2025 22:21:14.257] [main/DEBUG] [net.minecraftforge.coremod.transformer.CoreModBaseTransformer/COREMOD]: Transforming net/minecraft/world/level/levelgen/structure/Structure
[14May2025 22:21:14.258] [main/DEBUG] [mixin/]: Mixing StructureTimingMixin from structureessentials.mixins.json into net.minecraft.world.level.levelgen.structure.Structure
[14May2025 22:21:14.271] [main/DEBUG] [mixin/]: Mixing MineshaftCorridorMixin from supplementaries-common.mixins.json into net.minecraft.world.level.levelgen.structure.structures.MineshaftPieces$MineShaftCorridor
[14May2025 22:21:14.291] [main/DEBUG] [mixin/]: Mixing StrongholdCrossingSconceMixin from supplementaries-common.mixins.json into net.minecraft.world.level.levelgen.structure.structures.StrongholdPieces$FiveCrossing
[14May2025 22:21:14.296] [main/DEBUG] [mixin/]: Mixing StrongholdGeneratorMixin from friendsandfoes-common.mixins.json into net.minecraft.world.level.levelgen.structure.structures.StrongholdPieces$Library
[14May2025 22:21:14.303] [main/DEBUG] [mixin/]: Mixing StrongholdRoomSconceMixin from supplementaries-common.mixins.json into net.minecraft.world.level.levelgen.structure.structures.StrongholdPieces$RoomCrossing
[14May2025 22:21:14.311] [main/DEBUG] [net.minecraftforge.coremod.transformer.CoreModBaseTransformer/COREMOD]: Transforming net/minecraft/world/level/levelgen/structure/structures/OceanRuinPieces$OceanRuinPiece
[14May2025 22:21:14.322] [main/DEBUG] [net.minecraftforge.coremod.transformer.CoreModBaseTransformer/COREMOD]: Transforming net/minecraft/world/level/levelgen/structure/structures/SwampHutPiece
[14May2025 22:21:14.330] [main/DEBUG] [mixin/]: Mixing SwampHutPieceMixin from alexscaves.mixins.json into net.minecraft.world.level.levelgen.structure.structures.SwampHutPiece
[14May2025 22:21:14.331] [main/WARN] [mixin/]: Mixin alexscaves.mixins.json:SwampHutPieceMixin has multiple constructors, (Lnet/minecraft/world/level/levelgen/structure/pieces/StructurePieceType;IIIIIILnet/minecraft/core/Direction;)V was selected

[14May2025 22:21:14.335] [main/DEBUG] [net.minecraftforge.coremod.transformer.CoreModBaseTransformer/COREMOD]: Transforming net/minecraft/world/level/levelgen/structure/structures/OceanMonumentPieces$OceanMonumentPiece
[14May2025 22:21:14.350] [main/DEBUG] [net.minecraftforge.coremod.transformer.CoreModBaseTransformer/COREMOD]: Transforming net/minecraft/world/level/levelgen/structure/structures/WoodlandMansionPieces$WoodlandMansionPiece
[14May2025 22:21:14.364] [main/DEBUG] [mixin/]: Mixing collections.mob_spawning.SpawnSettingsMixin from lithium.mixins.json into net.minecraft.world.level.biome.MobSpawnSettings
[14May2025 22:21:14.364] [main/DEBUG] [mixin/]: lithium.mixins.json:collections.mob_spawning.SpawnSettingsMixin: Class version 61 required is higher than the class version supported by the current version of Mixin (JAVA_16 supports class version 60)
[14May2025 22:21:14.382] [main/DEBUG] [mixin/]: Mixing JigsawStructureMixin from alexscaves.mixins.json into net.minecraft.world.level.levelgen.structure.structures.JigsawStructure
[14May2025 22:21:14.385] [main/DEBUG] [mixin/]: Mixing accessor.StructureTemplatePoolAccessor from yungsapi.mixins.json into net.minecraft.world.level.levelgen.structure.pools.StructureTemplatePool
[14May2025 22:21:14.386] [main/DEBUG] [mixin/]: Mixing IncreaseStructureWeightLimitMixinForge from yungsapi_forge.mixins.json into net.minecraft.world.level.levelgen.structure.pools.StructureTemplatePool
[14May2025 22:21:14.386] [main/DEBUG] [mixin/]: Mixing StructureTemplatePoolAccessor from morevillagers-common.mixins.json into net.minecraft.world.level.levelgen.structure.pools.StructureTemplatePool
[14May2025 22:21:14.386] [main/DEBUG] [mixin/]: Mixing accessor.StructureTemplatePoolAccessor from cataclysm.mixins.json into net.minecraft.world.level.levelgen.structure.pools.StructureTemplatePool
[14May2025 22:21:14.386] [main/DEBUG] [mixin/]: Mixing StructureTemplatePoolAccessor from waystones.mixins.json into net.minecraft.world.level.levelgen.structure.pools.StructureTemplatePool
[14May2025 22:21:14.386] [main/DEBUG] [mixin/]: Mixing StructurePoolAccessor from friendsandfoes-common.mixins.json into net.minecraft.world.level.levelgen.structure.pools.StructureTemplatePool
[14May2025 22:21:14.387] [main/DEBUG] [mixin/]: Unexpected: Registered method getRawTemplates()Ljava/util/List; in net.minecraft.world.level.levelgen.structure.pools.StructureTemplatePool was not merged
[14May2025 22:21:14.387] [main/DEBUG] [mixin/]: Unexpected: Registered method getRawTemplates()Ljava/util/List; in net.minecraft.world.level.levelgen.structure.pools.StructureTemplatePool was not merged
[14May2025 22:21:14.387] [main/DEBUG] [mixin/]: Unexpected: Registered method setRawTemplates(Ljava/util/List;)V in net.minecraft.world.level.levelgen.structure.pools.StructureTemplatePool was not merged
[14May2025 22:21:14.387] [main/DEBUG] [mixin/]: Unexpected: Registered method getTemplates()Lit/unimi/dsi/fastutil/objects/ObjectArrayList; in net.minecraft.world.level.levelgen.structure.pools.StructureTemplatePool was not merged
[14May2025 22:21:14.387] [main/DEBUG] [mixin/]: Unexpected: Registered method getRawTemplates()Ljava/util/List; in net.minecraft.world.level.levelgen.structure.pools.StructureTemplatePool was not merged
[14May2025 22:21:14.398] [main/DEBUG] [mixin/]: Mixing OceanMonumentStructureMixin from alexscaves.mixins.json into net.minecraft.world.level.levelgen.structure.structures.OceanMonumentStructure
[14May2025 22:21:14.408] [main/DEBUG] [mixin/]: Mixing ShipwreckStructureMixin from alexscaves.mixins.json into net.minecraft.world.level.levelgen.structure.structures.ShipwreckStructure
[14May2025 22:21:14.533] [main/DEBUG] [mixin/]: Mixing BiomeSourceMixin from mixins.elysium_api.json into net.minecraft.world.level.biome.BiomeSource
[14May2025 22:21:14.534] [main/DEBUG] [mixin/]: Mixing BiomeSourceMixin from alexscaves.mixins.json into net.minecraft.world.level.biome.BiomeSource
[14May2025 22:21:14.539] [main/DEBUG] [net.minecraftforge.coremod.transformer.CoreModBaseTransformer/COREMOD]: Transforming net/minecraft/world/level/biome/Biome
[14May2025 22:21:14.540] [main/DEBUG] [mixin/]: Mixing perf.remove_biome_temperature_cache.BiomeMixin from modernfix-common.mixins.json into net.minecraft.world.level.biome.Biome
[14May2025 22:21:14.540] [main/DEBUG] [mixin/]: Mixing world.chunk_ticking.spread_ice.BiomeMixin from lithium.mixins.json into net.minecraft.world.level.biome.Biome
[14May2025 22:21:14.540] [main/DEBUG] [mixin/]: lithium.mixins.json:world.chunk_ticking.spread_ice.BiomeMixin: Class version 61 required is higher than the class version supported by the current version of Mixin (JAVA_16 supports class version 60)
[14May2025 22:21:14.540] [main/DEBUG] [mixin/]: Mixing world.temperature_cache.BiomeMixin from lithium.mixins.json into net.minecraft.world.level.biome.Biome
[14May2025 22:21:14.540] [main/DEBUG] [mixin/]: lithium.mixins.json:world.temperature_cache.BiomeMixin: Class version 61 required is higher than the class version supported by the current version of Mixin (JAVA_16 supports class version 60)
[14May2025 22:21:14.541] [main/WARN] [mixin/]: Method overwrite conflict for m_47505_ in lithium.mixins.json:world.temperature_cache.BiomeMixin, previously written by org.embeddedt.modernfix.common.mixin.perf.remove_biome_temperature_cache.BiomeMixin. Skipping method.
[14May2025 22:21:14.542] [main/DEBUG] [mixin/]: Unexpected: Registered method m_47505_(Lnet/minecraft/core/BlockPos;)F in net.minecraft.world.level.biome.Biome was not merged
[14May2025 22:21:14.570] [main/DEBUG] [mixin/]: Mixing accessor.MobSpawnSettingsBuilderForgeAccessor from puzzleslib.forge.mixins.json into net.minecraft.world.level.biome.MobSpawnSettings$Builder
[14May2025 22:21:14.579] [main/DEBUG] [mixin/]: Mixing LegacyRandomSourceMixin from structureessentials.mixins.json into net.minecraft.world.level.levelgen.LegacyRandomSource
[14May2025 22:21:14.587] [main/DEBUG] [mixin/]: Mixing MultiNoiseBiomeSourceMixin from alexscaves.mixins.json into net.minecraft.world.level.biome.MultiNoiseBiomeSource
[14May2025 22:21:14.589] [main/DEBUG] [mixin/]: Mixing MultiNoiseBiomeSourceMixin from mixins.elysium_api.json into net.minecraft.world.level.biome.MultiNoiseBiomeSource
[14May2025 22:21:14.627] [main/DEBUG] [mixin/]: Mixing NoiseBasedChunkGeneratorMixin from citadel.mixins.json into net.minecraft.world.level.levelgen.NoiseBasedChunkGenerator
[14May2025 22:21:14.627] [main/DEBUG] [mixin/]: Mixing compat.lithium.LithiumNoiseChunkGeneratorMixin from noisium-common.mixins.json into net.minecraft.world.level.levelgen.NoiseBasedChunkGenerator
[14May2025 22:21:14.628] [main/DEBUG] [mixin/]: Mixing NoiseBasedChunkGeneratorMixin from mixins.elysium_api.json into net.minecraft.world.level.levelgen.NoiseBasedChunkGenerator
[14May2025 22:21:14.629] [main/DEBUG] [mixin/]: Renaming synthetic method lambda$mergeSurfaceRules$0(I)[Lnet/minecraft/world/level/levelgen/SurfaceRules$RuleSource; to mdb7ac4f$lambda$mergeSurfaceRules$0$0 in mixins.elysium_api.json:NoiseBasedChunkGeneratorMixin
[14May2025 22:21:14.646] [main/DEBUG] [mixin/]: Mixing GenerationShapeConfigMixin from noisium-common.mixins.json into net.minecraft.world.level.levelgen.NoiseSettings
[14May2025 22:21:14.789] [main/DEBUG] [mixin/]: Mixing accessor.SinglePoolElementAccessor from yungsapi.mixins.json into net.minecraft.world.level.levelgen.structure.pools.SinglePoolElement
[14May2025 22:21:14.790] [main/DEBUG] [mixin/]: Mixing accessor.SinglePoolElementAccessor from cataclysm.mixins.json into net.minecraft.world.level.levelgen.structure.pools.SinglePoolElement
[14May2025 22:21:14.791] [main/DEBUG] [mixin/]: Mixing SinglePoolElementMixin from waystones.mixins.json into net.minecraft.world.level.levelgen.structure.pools.SinglePoolElement
[14May2025 22:21:14.791] [main/DEBUG] [mixin/]: Renaming synthetic method lambda$waystones$isWaystone$1(Lnet/minecraft/world/level/levelgen/structure/templatesystem/StructureTemplate;)V to mdb7ac4f$lambda$waystones$isWaystone$1$0 in waystones.mixins.json:SinglePoolElementMixin
[14May2025 22:21:14.792] [main/DEBUG] [mixin/]: Renaming synthetic method lambda$waystones$isWaystone$0(Lnet/minecraft/resources/ResourceLocation;)V to mdb7ac4f$lambda$waystones$isWaystone$0$1 in waystones.mixins.json:SinglePoolElementMixin
[14May2025 22:21:14.797] [main/DEBUG] [mixin/]: Unexpected: Registered method callGetTemplate(Lnet/minecraft/world/level/levelgen/structure/templatesystem/StructureTemplateManager;)Lnet/minecraft/world/level/levelgen/structure/templatesystem/StructureTemplate; in net.minecraft.world.level.levelgen.structure.pools.SinglePoolElement was not merged
[14May2025 22:21:14.803] [main/DEBUG] [mixin/]: Mixing accessor.ListPoolElementAccessor from yungsapi.mixins.json into net.minecraft.world.level.levelgen.structure.pools.ListPoolElement
[14May2025 22:21:14.803] [main/DEBUG] [mixin/]: Mixing accessor.ListPoolElementAccessor from cataclysm.mixins.json into net.minecraft.world.level.levelgen.structure.pools.ListPoolElement
[14May2025 22:21:14.803] [main/DEBUG] [mixin/]: Unexpected: Registered method getElements()Ljava/util/List; in net.minecraft.world.level.levelgen.structure.pools.ListPoolElement was not merged
[14May2025 22:21:14.805] [main/DEBUG] [mixin/]: Mixing accessor.FeaturePoolElementAccessor from yungsapi.mixins.json into net.minecraft.world.level.levelgen.structure.pools.FeaturePoolElement
[14May2025 22:21:14.805] [main/DEBUG] [mixin/]: Mixing accessor.FeaturePoolElementAccessor from cataclysm.mixins.json into net.minecraft.world.level.levelgen.structure.pools.FeaturePoolElement
[14May2025 22:21:14.806] [main/DEBUG] [mixin/]: Unexpected: Registered method getFeature()Lnet/minecraft/core/Holder; in net.minecraft.world.level.levelgen.structure.pools.FeaturePoolElement was not merged
[14May2025 22:21:14.954] [main/DEBUG] [net.minecraftforge.common.ForgeI18n/CORE]: Loading I18N data entries: 6430
[14May2025 22:21:14.966] [main/DEBUG] [net.minecraftforge.fml.ModWorkManager/LOADING]: Using 4 threads for parallel mod-loading
[14May2025 22:21:14.970] [main/DEBUG] [net.minecraftforge.fml.javafmlmod.FMLJavaModLanguageProvider/LOADING]: Loading FMLModContainer from classloader cpw.mods.modlauncher.TransformingClassLoader@10618775 - got cpw.mods.cl.ModuleClassLoader@5c73f672
[14May2025 22:21:14.971] [main/DEBUG] [net.minecraftforge.fml.javafmlmod.FMLModContainer/LOADING]: Creating FMLModContainer instance for net.blay09.mods.kuma.forge.ForgeKumaAPI
[14May2025 22:21:14.973] [main/DEBUG] [net.minecraftforge.fml.javafmlmod.FMLJavaModLanguageProvider/LOADING]: Loading FMLModContainer from classloader cpw.mods.modlauncher.TransformingClassLoader@10618775 - got cpw.mods.cl.ModuleClassLoader@5c73f672
[14May2025 22:21:14.973] [main/DEBUG] [net.minecraftforge.fml.javafmlmod.FMLModContainer/LOADING]: Creating FMLModContainer instance for net.fabricmc.fabric.impl.renderer.RendererImpl
[14May2025 22:21:14.973] [main/DEBUG] [net.minecraftforge.fml.javafmlmod.FMLJavaModLanguageProvider/LOADING]: Loading FMLModContainer from classloader cpw.mods.modlauncher.TransformingClassLoader@10618775 - got cpw.mods.cl.ModuleClassLoader@5c73f672
[14May2025 22:21:14.974] [main/DEBUG] [net.minecraftforge.fml.javafmlmod.FMLModContainer/LOADING]: Creating FMLModContainer instance for fuzs.easyanvils.EasyAnvilsForge
[14May2025 22:21:14.974] [main/DEBUG] [net.minecraftforge.fml.javafmlmod.FMLJavaModLanguageProvider/LOADING]: Loading FMLModContainer from classloader cpw.mods.modlauncher.TransformingClassLoader@10618775 - got cpw.mods.cl.ModuleClassLoader@5c73f672
[14May2025 22:21:14.974] [main/DEBUG] [net.minecraftforge.fml.javafmlmod.FMLModContainer/LOADING]: Creating FMLModContainer instance for elocindev.animation_overhaul.AnimationOverhaul
[14May2025 22:21:14.975] [main/DEBUG] [net.minecraftforge.fml.javafmlmod.FMLJavaModLanguageProvider/LOADING]: Loading FMLModContainer from classloader cpw.mods.modlauncher.TransformingClassLoader@10618775 - got cpw.mods.cl.ModuleClassLoader@5c73f672
[14May2025 22:21:14.975] [main/DEBUG] [net.minecraftforge.fml.javafmlmod.FMLModContainer/LOADING]: Creating FMLModContainer instance for net.blay09.mods.netherportalfix.ForgeNetherPortalFix
[14May2025 22:21:14.975] [main/DEBUG] [net.minecraftforge.fml.javafmlmod.FMLJavaModLanguageProvider/LOADING]: Loading FMLModContainer from classloader cpw.mods.modlauncher.TransformingClassLoader@10618775 - got cpw.mods.cl.ModuleClassLoader@5c73f672
[14May2025 22:21:14.976] [main/DEBUG] [net.minecraftforge.fml.javafmlmod.FMLModContainer/LOADING]: Creating FMLModContainer instance for net.jadenxgamer.netherexp.NetherExp
[14May2025 22:21:14.978] [main/DEBUG] [net.minecraftforge.fml.javafmlmod.FMLJavaModLanguageProvider/LOADING]: Loading FMLModContainer from classloader cpw.mods.modlauncher.TransformingClassLoader@10618775 - got cpw.mods.cl.ModuleClassLoader@5c73f672
[14May2025 22:21:14.979] [main/DEBUG] [net.minecraftforge.fml.javafmlmod.FMLModContainer/LOADING]: Creating FMLModContainer instance for dev.kosmx.playerAnim.forge.ForgeModInterface
[14May2025 22:21:14.979] [main/DEBUG] [net.minecraftforge.fml.javafmlmod.FMLJavaModLanguageProvider/LOADING]: Loading FMLModContainer from classloader cpw.mods.modlauncher.TransformingClassLoader@10618775 - got cpw.mods.cl.ModuleClassLoader@5c73f672
[14May2025 22:21:14.979] [main/DEBUG] [net.minecraftforge.fml.javafmlmod.FMLModContainer/LOADING]: Creating FMLModContainer instance for dev.foxgirl.loadingbackgrounds.LoadingBackgroundsMod
[14May2025 22:21:14.980] [main/DEBUG] [net.minecraftforge.fml.javafmlmod.FMLJavaModLanguageProvider/LOADING]: Loading FMLModContainer from classloader cpw.mods.modlauncher.TransformingClassLoader@10618775 - got cpw.mods.cl.ModuleClassLoader@5c73f672
[14May2025 22:21:14.980] [main/DEBUG] [net.minecraftforge.fml.javafmlmod.FMLModContainer/LOADING]: Creating FMLModContainer instance for com.connectivity.Connectivity
[14May2025 22:21:14.980] [main/DEBUG] [net.minecraftforge.fml.javafmlmod.FMLJavaModLanguageProvider/LOADING]: Loading FMLModContainer from classloader cpw.mods.modlauncher.TransformingClassLoader@10618775 - got cpw.mods.cl.ModuleClassLoader@5c73f672
[14May2025 22:21:14.981] [main/DEBUG] [net.minecraftforge.fml.javafmlmod.FMLModContainer/LOADING]: Creating FMLModContainer instance for immersive_aircraft.forge.CommonForge
[14May2025 22:21:14.981] [main/DEBUG] [net.minecraftforge.fml.javafmlmod.FMLJavaModLanguageProvider/LOADING]: Loading FMLModContainer from classloader cpw.mods.modlauncher.TransformingClassLoader@10618775 - got cpw.mods.cl.ModuleClassLoader@5c73f672
[14May2025 22:21:14.981] [main/DEBUG] [net.minecraftforge.fml.javafmlmod.FMLModContainer/LOADING]: Creating FMLModContainer instance for com.gpumemleakfix.Gpumemleakfix
[14May2025 22:21:14.981] [main/DEBUG] [net.minecraftforge.fml.javafmlmod.FMLJavaModLanguageProvider/LOADING]: Loading FMLModContainer from classloader cpw.mods.modlauncher.TransformingClassLoader@10618775 - got cpw.mods.cl.ModuleClassLoader@5c73f672
[14May2025 22:21:14.982] [main/DEBUG] [net.minecraftforge.fml.javafmlmod.FMLModContainer/LOADING]: Creating FMLModContainer instance for com.structureessentials.StructureEssentials
[14May2025 22:21:14.983] [main/DEBUG] [net.minecraftforge.fml.javafmlmod.FMLJavaModLanguageProvider/LOADING]: Loading FMLModContainer from classloader cpw.mods.modlauncher.TransformingClassLoader@10618775 - got cpw.mods.cl.ModuleClassLoader@5c73f672
[14May2025 22:21:14.983] [main/DEBUG] [net.minecraftforge.fml.javafmlmod.FMLModContainer/LOADING]: Creating FMLModContainer instance for com.blamejared.controlling.Controlling
[14May2025 22:21:14.983] [main/DEBUG] [net.minecraftforge.fml.javafmlmod.FMLJavaModLanguageProvider/LOADING]: Loading FMLModContainer from classloader cpw.mods.modlauncher.TransformingClassLoader@10618775 - got cpw.mods.cl.ModuleClassLoader@5c73f672
[14May2025 22:21:14.983] [main/DEBUG] [net.minecraftforge.fml.javafmlmod.FMLModContainer/LOADING]: Creating FMLModContainer instance for dev.shadowsoffire.placebo.Placebo
[14May2025 22:21:14.984] [main/DEBUG] [net.minecraftforge.fml.javafmlmod.FMLJavaModLanguageProvider/LOADING]: Loading FMLModContainer from classloader cpw.mods.modlauncher.TransformingClassLoader@10618775 - got cpw.mods.cl.ModuleClassLoader@5c73f672
[14May2025 22:21:14.984] [main/DEBUG] [net.minecraftforge.fml.javafmlmod.FMLModContainer/LOADING]: Creating FMLModContainer instance for org.embeddedt.modernfix.forge.init.ModernFixForge
[14May2025 22:21:14.985] [main/DEBUG] [net.minecraftforge.fml.javafmlmod.FMLJavaModLanguageProvider/LOADING]: Loading FMLModContainer from classloader cpw.mods.modlauncher.TransformingClassLoader@10618775 - got cpw.mods.cl.ModuleClassLoader@5c73f672
[14May2025 22:21:14.985] [main/DEBUG] [net.minecraftforge.fml.javafmlmod.FMLModContainer/LOADING]: Creating FMLModContainer instance for com.github.alexthe666.citadel.Citadel
[14May2025 22:21:14.986] [main/DEBUG] [net.minecraftforge.fml.javafmlmod.FMLJavaModLanguageProvider/LOADING]: Loading FMLModContainer from classloader cpw.mods.modlauncher.TransformingClassLoader@10618775 - got cpw.mods.cl.ModuleClassLoader@5c73f672
[14May2025 22:21:14.986] [main/DEBUG] [net.minecraftforge.fml.javafmlmod.FMLModContainer/LOADING]: Creating FMLModContainer instance for com.github.alexthe666.alexsmobs.AlexsMobs
[14May2025 22:21:14.987] [main/DEBUG] [net.minecraftforge.fml.javafmlmod.FMLJavaModLanguageProvider/LOADING]: Loading FMLModContainer from classloader cpw.mods.modlauncher.TransformingClassLoader@10618775 - got cpw.mods.cl.ModuleClassLoader@5c73f672
[14May2025 22:21:14.987] [main/DEBUG] [net.minecraftforge.fml.javafmlmod.FMLModContainer/LOADING]: Creating FMLModContainer instance for com.yungnickyoung.minecraft.yungsapi.YungsApiForge
[14May2025 22:21:14.987] [main/DEBUG] [net.minecraftforge.fml.javafmlmod.FMLJavaModLanguageProvider/LOADING]: Loading FMLModContainer from classloader cpw.mods.modlauncher.TransformingClassLoader@10618775 - got cpw.mods.cl.ModuleClassLoader@5c73f672
[14May2025 22:21:14.987] [main/DEBUG] [net.minecraftforge.fml.javafmlmod.FMLModContainer/LOADING]: Creating FMLModContainer instance for com.llamalad7.mixinextras.platform.forge.MixinExtrasMod
[14May2025 22:21:14.988] [main/DEBUG] [net.minecraftforge.fml.javafmlmod.FMLJavaModLanguageProvider/LOADING]: Loading FMLModContainer from classloader cpw.mods.modlauncher.TransformingClassLoader@10618775 - got cpw.mods.cl.ModuleClassLoader@5c73f672
[14May2025 22:21:14.988] [main/DEBUG] [net.minecraftforge.fml.javafmlmod.FMLModContainer/LOADING]: Creating FMLModContainer instance for com.delta.redeco.redeco
[14May2025 22:21:14.989] [main/DEBUG] [net.minecraftforge.fml.javafmlmod.FMLJavaModLanguageProvider/LOADING]: Loading FMLModContainer from classloader cpw.mods.modlauncher.TransformingClassLoader@10618775 - got cpw.mods.cl.ModuleClassLoader@5c73f672
[14May2025 22:21:14.989] [main/DEBUG] [net.minecraftforge.fml.javafmlmod.FMLModContainer/LOADING]: Creating FMLModContainer instance for net.blay09.mods.balm.forge.ForgeBalm
[14May2025 22:21:14.990] [main/DEBUG] [net.minecraftforge.fml.javafmlmod.FMLJavaModLanguageProvider/LOADING]: Loading FMLModContainer from classloader cpw.mods.modlauncher.TransformingClassLoader@10618775 - got cpw.mods.cl.ModuleClassLoader@5c73f672
[14May2025 22:21:14.990] [main/DEBUG] [net.minecraftforge.fml.javafmlmod.FMLModContainer/LOADING]: Creating FMLModContainer instance for snownee.snow.util.CommonProxy
[14May2025 22:21:14.991] [main/DEBUG] [net.minecraftforge.fml.javafmlmod.FMLJavaModLanguageProvider/LOADING]: Loading FMLModContainer from classloader cpw.mods.modlauncher.TransformingClassLoader@10618775 - got cpw.mods.cl.ModuleClassLoader@5c73f672
[14May2025 22:21:14.991] [main/DEBUG] [net.minecraftforge.fml.javafmlmod.FMLModContainer/LOADING]: Creating FMLModContainer instance for tschipp.carryon.CarryOnForge
[14May2025 22:21:14.991] [main/DEBUG] [net.minecraftforge.fml.javafmlmod.FMLJavaModLanguageProvider/LOADING]: Loading FMLModContainer from classloader cpw.mods.modlauncher.TransformingClassLoader@10618775 - got cpw.mods.cl.ModuleClassLoader@5c73f672
[14May2025 22:21:14.991] [main/DEBUG] [net.minecraftforge.fml.javafmlmod.FMLModContainer/LOADING]: Creating FMLModContainer instance for de.keksuccino.melody.MelodyForge
[14May2025 22:21:14.992] [main/DEBUG] [net.minecraftforge.fml.javafmlmod.FMLJavaModLanguageProvider/LOADING]: Loading FMLModContainer from classloader cpw.mods.modlauncher.TransformingClassLoader@10618775 - got cpw.mods.cl.ModuleClassLoader@5c73f672
[14May2025 22:21:14.992] [main/DEBUG] [net.minecraftforge.fml.javafmlmod.FMLModContainer/LOADING]: Creating FMLModContainer instance for dzwdz.chat_heads.forge.ChatHeadsForge
[14May2025 22:21:14.993] [main/DEBUG] [net.minecraftforge.fml.javafmlmod.FMLJavaModLanguageProvider/LOADING]: Loading FMLModContainer from classloader cpw.mods.modlauncher.TransformingClassLoader@10618775 - got cpw.mods.cl.ModuleClassLoader@5c73f672
[14May2025 22:21:14.993] [main/DEBUG] [net.minecraftforge.fml.javafmlmod.FMLModContainer/LOADING]: Creating FMLModContainer instance for com.craftix.startinv.InvModForge
[14May2025 22:21:14.993] [main/DEBUG] [net.minecraftforge.fml.javafmlmod.FMLJavaModLanguageProvider/LOADING]: Loading FMLModContainer from classloader cpw.mods.modlauncher.TransformingClassLoader@10618775 - got cpw.mods.cl.ModuleClassLoader@5c73f672
[14May2025 22:21:14.993] [main/DEBUG] [net.minecraftforge.fml.javafmlmod.FMLModContainer/LOADING]: Creating FMLModContainer instance for me.shedaniel.clothconfig.ClothConfigForge
[14May2025 22:21:14.994] [main/DEBUG] [net.minecraftforge.fml.javafmlmod.FMLJavaModLanguageProvider/LOADING]: Loading FMLModContainer from classloader cpw.mods.modlauncher.TransformingClassLoader@10618775 - got cpw.mods.cl.ModuleClassLoader@5c73f672
[14May2025 22:21:14.994] [main/DEBUG] [net.minecraftforge.fml.javafmlmod.FMLModContainer/LOADING]: Creating FMLModContainer instance for net.mehvahdjukaar.sawmill.forge.SawmillModImpl
[14May2025 22:21:14.994] [main/DEBUG] [net.minecraftforge.fml.javafmlmod.FMLJavaModLanguageProvider/LOADING]: Loading FMLModContainer from classloader cpw.mods.modlauncher.TransformingClassLoader@10618775 - got cpw.mods.cl.ModuleClassLoader@5c73f672
[14May2025 22:21:14.994] [main/DEBUG] [net.minecraftforge.fml.javafmlmod.FMLModContainer/LOADING]: Creating FMLModContainer instance for net.mehvahdjukaar.supplementaries.forge.SupplementariesForge
[14May2025 22:21:14.995] [main/DEBUG] [net.minecraftforge.fml.javafmlmod.FMLJavaModLanguageProvider/LOADING]: Loading FMLModContainer from classloader cpw.mods.modlauncher.TransformingClassLoader@10618775 - got cpw.mods.cl.ModuleClassLoader@5c73f672
[14May2025 22:21:14.995] [main/DEBUG] [net.minecraftforge.fml.javafmlmod.FMLModContainer/LOADING]: Creating FMLModContainer instance for de.keksuccino.konkrete.Konkrete
[14May2025 22:21:14.996] [main/DEBUG] [net.minecraftforge.fml.javafmlmod.FMLJavaModLanguageProvider/LOADING]: Loading FMLModContainer from classloader cpw.mods.modlauncher.TransformingClassLoader@10618775 - got cpw.mods.cl.ModuleClassLoader@5c73f672
[14May2025 22:21:14.996] [main/DEBUG] [net.minecraftforge.fml.javafmlmod.FMLModContainer/LOADING]: Creating FMLModContainer instance for me.jellysquid.mods.sodium.client.SodiumClientMod
[14May2025 22:21:14.996] [main/DEBUG] [net.minecraftforge.fml.javafmlmod.FMLJavaModLanguageProvider/LOADING]: Loading FMLModContainer from classloader cpw.mods.modlauncher.TransformingClassLoader@10618775 - got cpw.mods.cl.ModuleClassLoader@5c73f672
[14May2025 22:21:14.996] [main/DEBUG] [net.minecraftforge.fml.javafmlmod.FMLModContainer/LOADING]: Creating FMLModContainer instance for me.jellysquid.mods.sodium.client.RubidiumStub
[14May2025 22:21:14.997] [main/DEBUG] [net.minecraftforge.fml.javafmlmod.FMLJavaModLanguageProvider/LOADING]: Loading FMLModContainer from classloader cpw.mods.modlauncher.TransformingClassLoader@10618775 - got cpw.mods.cl.ModuleClassLoader@5c73f672
[14May2025 22:21:14.997] [main/DEBUG] [net.minecraftforge.fml.javafmlmod.FMLModContainer/LOADING]: Creating FMLModContainer instance for me.srrapero720.embeddiumplus.EmbeddiumPlus
[14May2025 22:21:14.998] [main/DEBUG] [net.minecraftforge.fml.javafmlmod.FMLJavaModLanguageProvider/LOADING]: Loading FMLModContainer from classloader cpw.mods.modlauncher.TransformingClassLoader@10618775 - got cpw.mods.cl.ModuleClassLoader@5c73f672
[14May2025 22:21:14.998] [main/DEBUG] [net.minecraftforge.fml.javafmlmod.FMLModContainer/LOADING]: Creating FMLModContainer instance for net.mcreator.enemyexpansion.EnemyexpansionMod
[14May2025 22:21:14.998] [main/DEBUG] [net.minecraftforge.fml.javafmlmod.FMLJavaModLanguageProvider/LOADING]: Loading FMLModContainer from classloader cpw.mods.modlauncher.TransformingClassLoader@10618775 - got cpw.mods.cl.ModuleClassLoader@5c73f672
[14May2025 22:21:14.998] [main/DEBUG] [net.minecraftforge.fml.javafmlmod.FMLModContainer/LOADING]: Creating FMLModContainer instance for vectorwing.farmersdelight.FarmersDelight
[14May2025 22:21:14.999] [main/DEBUG] [net.minecraftforge.fml.javafmlmod.FMLJavaModLanguageProvider/LOADING]: Loading FMLModContainer from classloader cpw.mods.modlauncher.TransformingClassLoader@10618775 - got cpw.mods.cl.ModuleClassLoader@5c73f672
[14May2025 22:21:14.999] [main/DEBUG] [net.minecraftforge.fml.javafmlmod.FMLModContainer/LOADING]: Creating FMLModContainer instance for traben.entity_model_features.forge.EMFForge
[14May2025 22:21:14.999] [main/DEBUG] [net.minecraftforge.fml.javafmlmod.FMLJavaModLanguageProvider/LOADING]: Loading FMLModContainer from classloader cpw.mods.modlauncher.TransformingClassLoader@10618775 - got cpw.mods.cl.ModuleClassLoader@5c73f672
[14May2025 22:21:14.999] [main/DEBUG] [net.minecraftforge.fml.javafmlmod.FMLModContainer/LOADING]: Creating FMLModContainer instance for traben.entity_texture_features.forge.ETFClientForge
[14May2025 22:21:15.000] [main/DEBUG] [net.minecraftforge.fml.javafmlmod.FMLJavaModLanguageProvider/LOADING]: Loading FMLModContainer from classloader cpw.mods.modlauncher.TransformingClassLoader@10618775 - got cpw.mods.cl.ModuleClassLoader@5c73f672
[14May2025 22:21:15.000] [main/DEBUG] [net.minecraftforge.fml.javafmlmod.FMLModContainer/LOADING]: Creating FMLModContainer instance for com.samebutdifferent.morevillagers.forge.MoreVillagersForge
[14May2025 22:21:15.001] [main/DEBUG] [net.minecraftforge.fml.lowcodemod.LowCodeModLanguageProvider.LowCodeModTarget/LOADING]: Loading LowCodeModContainer from classloader cpw.mods.modlauncher.TransformingClassLoader@10618775 - got cpw.mods.cl.ModuleClassLoader@5c73f672
[14May2025 22:21:15.001] [main/DEBUG] [net.minecraftforge.fml.lowcodemod.LowCodeModContainer/LOADING]: Creating LowCodeModContainer for cataclysmiccombat
[14May2025 22:21:15.001] [main/DEBUG] [net.minecraftforge.fml.javafmlmod.FMLJavaModLanguageProvider/LOADING]: Loading FMLModContainer from classloader cpw.mods.modlauncher.TransformingClassLoader@10618775 - got cpw.mods.cl.ModuleClassLoader@5c73f672
[14May2025 22:21:15.001] [main/DEBUG] [net.minecraftforge.fml.javafmlmod.FMLModContainer/LOADING]: Creating FMLModContainer instance for com.teamresourceful.resourcefulconfig.forge.ResourcefulconfigForge
[14May2025 22:21:15.002] [main/DEBUG] [net.minecraftforge.fml.javafmlmod.FMLJavaModLanguageProvider/LOADING]: Loading FMLModContainer from classloader cpw.mods.modlauncher.TransformingClassLoader@10618775 - got cpw.mods.cl.ModuleClassLoader@5c73f672
[14May2025 22:21:15.002] [main/DEBUG] [net.minecraftforge.fml.javafmlmod.FMLModContainer/LOADING]: Creating FMLModContainer instance for fuzs.hangglider.HangGliderForge
[14May2025 22:21:15.002] [main/DEBUG] [net.minecraftforge.fml.javafmlmod.FMLJavaModLanguageProvider/LOADING]: Loading FMLModContainer from classloader cpw.mods.modlauncher.TransformingClassLoader@10618775 - got cpw.mods.cl.ModuleClassLoader@5c73f672
[14May2025 22:21:15.002] [main/DEBUG] [net.minecraftforge.fml.javafmlmod.FMLModContainer/LOADING]: Creating FMLModContainer instance for com.github.L_Ender.lionfishapi.LionfishAPI
[14May2025 22:21:15.003] [main/DEBUG] [net.minecraftforge.fml.javafmlmod.FMLJavaModLanguageProvider/LOADING]: Loading FMLModContainer from classloader cpw.mods.modlauncher.TransformingClassLoader@10618775 - got cpw.mods.cl.ModuleClassLoader@5c73f672
[14May2025 22:21:15.003] [main/DEBUG] [net.minecraftforge.fml.javafmlmod.FMLModContainer/LOADING]: Creating FMLModContainer instance for me.lucko.spark.forge.ForgeSparkMod
[14May2025 22:21:15.003] [main/DEBUG] [net.minecraftforge.fml.javafmlmod.FMLJavaModLanguageProvider/LOADING]: Loading FMLModContainer from classloader cpw.mods.modlauncher.TransformingClassLoader@10618775 - got cpw.mods.cl.ModuleClassLoader@5c73f672
[14May2025 22:21:15.003] [main/DEBUG] [net.minecraftforge.fml.javafmlmod.FMLModContainer/LOADING]: Creating FMLModContainer instance for com.github.L_Ender.cataclysm.Cataclysm
[14May2025 22:21:15.004] [main/DEBUG] [net.minecraftforge.fml.javafmlmod.FMLJavaModLanguageProvider/LOADING]: Loading FMLModContainer from classloader cpw.mods.modlauncher.TransformingClassLoader@10618775 - got cpw.mods.cl.ModuleClassLoader@5c73f672
[14May2025 22:21:15.004] [main/DEBUG] [net.minecraftforge.fml.javafmlmod.FMLModContainer/LOADING]: Creating FMLModContainer instance for top.theillusivec4.curios.Curios
[14May2025 22:21:15.005] [main/DEBUG] [net.minecraftforge.fml.javafmlmod.FMLJavaModLanguageProvider/LOADING]: Loading FMLModContainer from classloader cpw.mods.modlauncher.TransformingClassLoader@10618775 - got cpw.mods.cl.ModuleClassLoader@5c73f672
[14May2025 22:21:15.005] [main/DEBUG] [net.minecraftforge.fml.javafmlmod.FMLModContainer/LOADING]: Creating FMLModContainer instance for com.teampotato.despawn_tweaker.DespawnTweaker
[14May2025 22:21:15.005] [main/DEBUG] [net.minecraftforge.fml.javafmlmod.FMLJavaModLanguageProvider/LOADING]: Loading FMLModContainer from classloader cpw.mods.modlauncher.TransformingClassLoader@10618775 - got cpw.mods.cl.ModuleClassLoader@5c73f672
[14May2025 22:21:15.005] [main/DEBUG] [net.minecraftforge.fml.javafmlmod.FMLModContainer/LOADING]: Creating FMLModContainer instance for com.cerbon.cerbons_api.CerbonsApi
[14May2025 22:21:15.006] [main/DEBUG] [net.minecraftforge.fml.javafmlmod.FMLJavaModLanguageProvider/LOADING]: Loading FMLModContainer from classloader cpw.mods.modlauncher.TransformingClassLoader@10618775 - got cpw.mods.cl.ModuleClassLoader@5c73f672
[14May2025 22:21:15.006] [main/DEBUG] [net.minecraftforge.fml.javafmlmod.FMLModContainer/LOADING]: Creating FMLModContainer instance for com.blamejared.searchables.SearchablesForge
[14May2025 22:21:15.006] [main/DEBUG] [net.minecraftforge.fml.javafmlmod.FMLJavaModLanguageProvider/LOADING]: Loading FMLModContainer from classloader cpw.mods.modlauncher.TransformingClassLoader@10618775 - got cpw.mods.cl.ModuleClassLoader@5c73f672
[14May2025 22:21:15.006] [main/DEBUG] [net.minecraftforge.fml.javafmlmod.FMLModContainer/LOADING]: Creating FMLModContainer instance for io.github.steveplays28.noisium.forge.NoisiumForge
[14May2025 22:21:15.006] [main/DEBUG] [net.minecraftforge.fml.javafmlmod.FMLJavaModLanguageProvider/LOADING]: Loading FMLModContainer from classloader cpw.mods.modlauncher.TransformingClassLoader@10618775 - got cpw.mods.cl.ModuleClassLoader@5c73f672
[14May2025 22:21:15.007] [main/DEBUG] [net.minecraftforge.fml.javafmlmod.FMLModContainer/LOADING]: Creating FMLModContainer instance for com.teamresourceful.resourcefullib.forge.ResourcefulLibForge
[14May2025 22:21:15.007] [main/DEBUG] [net.minecraftforge.fml.javafmlmod.FMLJavaModLanguageProvider/LOADING]: Loading FMLModContainer from classloader cpw.mods.modlauncher.TransformingClassLoader@10618775 - got cpw.mods.cl.ModuleClassLoader@5c73f672
[14May2025 22:21:15.007] [main/DEBUG] [net.minecraftforge.fml.javafmlmod.FMLModContainer/LOADING]: Creating FMLModContainer instance for com.mrcrayfish.furniture.FurnitureMod
[14May2025 22:21:15.008] [main/DEBUG] [net.minecraftforge.fml.javafmlmod.FMLJavaModLanguageProvider/LOADING]: Loading FMLModContainer from classloader cpw.mods.modlauncher.TransformingClassLoader@10618775 - got cpw.mods.cl.ModuleClassLoader@5c73f672
[14May2025 22:21:15.008] [main/DEBUG] [net.minecraftforge.fml.javafmlmod.FMLModContainer/LOADING]: Creating FMLModContainer instance for elocindev.boatbreakfix.forge.BoatBreakFix
[14May2025 22:21:15.008] [main/DEBUG] [net.minecraftforge.fml.javafmlmod.FMLJavaModLanguageProvider/LOADING]: Loading FMLModContainer from classloader cpw.mods.modlauncher.TransformingClassLoader@10618775 - got cpw.mods.cl.ModuleClassLoader@5c73f672
[14May2025 22:21:15.008] [main/DEBUG] [net.minecraftforge.fml.javafmlmod.FMLModContainer/LOADING]: Creating FMLModContainer instance for dev.architectury.forge.ArchitecturyForge
[14May2025 22:21:15.008] [main/DEBUG] [net.minecraftforge.fml.javafmlmod.FMLJavaModLanguageProvider/LOADING]: Loading FMLModContainer from classloader cpw.mods.modlauncher.TransformingClassLoader@10618775 - got cpw.mods.cl.ModuleClassLoader@5c73f672
[14May2025 22:21:15.008] [main/DEBUG] [net.minecraftforge.fml.javafmlmod.FMLModContainer/LOADING]: Creating FMLModContainer instance for net.enderitemc.enderitemod.forge.EnderiteModForge
[14May2025 22:21:15.009] [main/DEBUG] [net.minecraftforge.fml.javafmlmod.FMLJavaModLanguageProvider/LOADING]: Loading FMLModContainer from classloader cpw.mods.modlauncher.TransformingClassLoader@10618775 - got cpw.mods.cl.ModuleClassLoader@5c73f672
[14May2025 22:21:15.009] [main/DEBUG] [net.minecraftforge.fml.javafmlmod.FMLModContainer/LOADING]: Creating FMLModContainer instance for com.builtbroken.ai.improvements.AIImprovements
[14May2025 22:21:15.009] [main/DEBUG] [net.minecraftforge.fml.javafmlmod.FMLJavaModLanguageProvider/LOADING]: Loading FMLModContainer from classloader cpw.mods.modlauncher.TransformingClassLoader@10618775 - got cpw.mods.cl.ModuleClassLoader@5c73f672
[14May2025 22:21:15.009] [main/DEBUG] [net.minecraftforge.fml.javafmlmod.FMLModContainer/LOADING]: Creating FMLModContainer instance for com.cupboard.Cupboard
[14May2025 22:21:15.009] [main/DEBUG] [net.minecraftforge.fml.javafmlmod.FMLJavaModLanguageProvider/LOADING]: Loading FMLModContainer from classloader cpw.mods.modlauncher.TransformingClassLoader@10618775 - got cpw.mods.cl.ModuleClassLoader@5c73f672
[14May2025 22:21:15.009] [main/DEBUG] [net.minecraftforge.fml.javafmlmod.FMLModContainer/LOADING]: Creating FMLModContainer instance for com.mrcrayfish.furniture.refurbished.FurnitureMod
[14May2025 22:21:15.010] [main/DEBUG] [net.minecraftforge.fml.javafmlmod.FMLJavaModLanguageProvider/LOADING]: Loading FMLModContainer from classloader cpw.mods.modlauncher.TransformingClassLoader@10618775 - got cpw.mods.cl.ModuleClassLoader@5c73f672
[14May2025 22:21:15.010] [main/DEBUG] [net.minecraftforge.fml.javafmlmod.FMLModContainer/LOADING]: Creating FMLModContainer instance for com.cursee.monolib.MonoLibForge
[14May2025 22:21:15.010] [main/DEBUG] [net.minecraftforge.fml.javafmlmod.FMLJavaModLanguageProvider/LOADING]: Loading FMLModContainer from classloader cpw.mods.modlauncher.TransformingClassLoader@10618775 - got cpw.mods.cl.ModuleClassLoader@5c73f672
[14May2025 22:21:15.011] [main/DEBUG] [net.minecraftforge.fml.javafmlmod.FMLModContainer/LOADING]: Creating FMLModContainer instance for forge.com.cursee.stackable_stew_and_soup.StackableStewAndSoupForge
[14May2025 22:21:15.011] [main/DEBUG] [net.minecraftforge.fml.javafmlmod.FMLJavaModLanguageProvider/LOADING]: Loading FMLModContainer from classloader cpw.mods.modlauncher.TransformingClassLoader@10618775 - got cpw.mods.cl.ModuleClassLoader@5c73f672
[14May2025 22:21:15.011] [main/DEBUG] [net.minecraftforge.fml.javafmlmod.FMLModContainer/LOADING]: Creating FMLModContainer instance for com.mrcrayfish.framework.FrameworkForge
[14May2025 22:21:15.012] [main/DEBUG] [net.minecraftforge.fml.javafmlmod.FMLJavaModLanguageProvider/LOADING]: Loading FMLModContainer from classloader cpw.mods.modlauncher.TransformingClassLoader@10618775 - got cpw.mods.cl.ModuleClassLoader@5c73f672
[14May2025 22:21:15.012] [main/DEBUG] [net.minecraftforge.fml.javafmlmod.FMLModContainer/LOADING]: Creating FMLModContainer instance for me.steinborn.krypton.mod.shared.Krypton
[14May2025 22:21:15.012] [main/DEBUG] [net.minecraftforge.fml.javafmlmod.FMLJavaModLanguageProvider/LOADING]: Loading FMLModContainer from classloader cpw.mods.modlauncher.TransformingClassLoader@10618775 - got cpw.mods.cl.ModuleClassLoader@5c73f672
[14May2025 22:21:15.012] [main/DEBUG] [net.minecraftforge.fml.javafmlmod.FMLModContainer/LOADING]: Creating FMLModContainer instance for com.yellowbrossproductions.illageandspillage.IllageAndSpillage
[14May2025 22:21:15.013] [main/DEBUG] [net.minecraftforge.fml.javafmlmod.FMLJavaModLanguageProvider/LOADING]: Loading FMLModContainer from classloader cpw.mods.modlauncher.TransformingClassLoader@10618775 - got cpw.mods.cl.ModuleClassLoader@5c73f672
[14May2025 22:21:15.013] [main/DEBUG] [net.minecraftforge.fml.javafmlmod.FMLModContainer/LOADING]: Creating FMLModContainer instance for net.olafski.fastleafdecay.FastLeafDecay
[14May2025 22:21:15.013] [main/DEBUG] [net.minecraftforge.fml.javafmlmod.FMLJavaModLanguageProvider/LOADING]: Loading FMLModContainer from classloader cpw.mods.modlauncher.TransformingClassLoader@10618775 - got cpw.mods.cl.ModuleClassLoader@5c73f672
[14May2025 22:21:15.014] [main/DEBUG] [net.minecraftforge.fml.javafmlmod.FMLModContainer/LOADING]: Creating FMLModContainer instance for net.morimori0317.gmmo.GameMenuModOption
[14May2025 22:21:15.014] [main/DEBUG] [net.minecraftforge.fml.javafmlmod.FMLJavaModLanguageProvider/LOADING]: Loading FMLModContainer from classloader cpw.mods.modlauncher.TransformingClassLoader@10618775 - got cpw.mods.cl.ModuleClassLoader@5c73f672
[14May2025 22:21:15.014] [main/DEBUG] [net.minecraftforge.fml.javafmlmod.FMLModContainer/LOADING]: Creating FMLModContainer instance for team.creative.playerrevive.PlayerRevive
[14May2025 22:21:15.015] [main/DEBUG] [net.minecraftforge.fml.javafmlmod.FMLJavaModLanguageProvider/LOADING]: Loading FMLModContainer from classloader cpw.mods.modlauncher.TransformingClassLoader@10618775 - got cpw.mods.cl.ModuleClassLoader@5c73f672
[14May2025 22:21:15.015] [main/DEBUG] [net.minecraftforge.fml.javafmlmod.FMLModContainer/LOADING]: Creating FMLModContainer instance for fuzs.enchantinginfuser.EnchantingInfuserForge
[14May2025 22:21:15.015] [main/DEBUG] [net.minecraftforge.fml.javafmlmod.FMLJavaModLanguageProvider/LOADING]: Loading FMLModContainer from classloader cpw.mods.modlauncher.TransformingClassLoader@10618775 - got cpw.mods.cl.ModuleClassLoader@5c73f672
[14May2025 22:21:15.015] [main/DEBUG] [net.minecraftforge.fml.javafmlmod.FMLModContainer/LOADING]: Creating FMLModContainer instance for forge.net.jason13.timeondisplay.ForgeExampleMod
[14May2025 22:21:15.016] [main/DEBUG] [net.minecraftforge.fml.javafmlmod.FMLJavaModLanguageProvider/LOADING]: Loading FMLModContainer from classloader cpw.mods.modlauncher.TransformingClassLoader@10618775 - got cpw.mods.cl.ModuleClassLoader@5c73f672
[14May2025 22:21:15.016] [main/DEBUG] [net.minecraftforge.fml.javafmlmod.FMLModContainer/LOADING]: Creating FMLModContainer instance for me.jellysquid.mods.lithium.common.LithiumMod
[14May2025 22:21:15.016] [main/DEBUG] [net.minecraftforge.fml.javafmlmod.FMLJavaModLanguageProvider/LOADING]: Loading FMLModContainer from classloader cpw.mods.modlauncher.TransformingClassLoader@10618775 - got cpw.mods.cl.ModuleClassLoader@5c73f672
[14May2025 22:21:15.016] [main/DEBUG] [net.minecraftforge.fml.javafmlmod.FMLModContainer/LOADING]: Creating FMLModContainer instance for snownee.kiwi.Kiwi
[14May2025 22:21:15.018] [main/DEBUG] [net.minecraftforge.fml.javafmlmod.FMLJavaModLanguageProvider/LOADING]: Loading FMLModContainer from classloader cpw.mods.modlauncher.TransformingClassLoader@10618775 - got cpw.mods.cl.ModuleClassLoader@5c73f672
[14May2025 22:21:15.019] [main/DEBUG] [net.minecraftforge.fml.javafmlmod.FMLModContainer/LOADING]: Creating FMLModContainer instance for com.bisecthosting.mods.bhmenu.ModRoot
[14May2025 22:21:15.019] [main/DEBUG] [net.minecraftforge.fml.javafmlmod.FMLJavaModLanguageProvider/LOADING]: Loading FMLModContainer from classloader cpw.mods.modlauncher.TransformingClassLoader@10618775 - got cpw.mods.cl.ModuleClassLoader@5c73f672
[14May2025 22:21:15.019] [main/DEBUG] [net.minecraftforge.fml.javafmlmod.FMLModContainer/LOADING]: Creating FMLModContainer instance for com.bobmowzie.mowziesmobs.MowziesMobs
[14May2025 22:21:15.020] [main/DEBUG] [net.minecraftforge.fml.javafmlmod.FMLJavaModLanguageProvider/LOADING]: Loading FMLModContainer from classloader cpw.mods.modlauncher.TransformingClassLoader@10618775 - got cpw.mods.cl.ModuleClassLoader@5c73f672
[14May2025 22:21:15.020] [main/DEBUG] [net.minecraftforge.fml.javafmlmod.FMLModContainer/LOADING]: Creating FMLModContainer instance for software.bernie.example.GeckoLibMod
[14May2025 22:21:15.020] [main/DEBUG] [net.minecraftforge.fml.javafmlmod.FMLJavaModLanguageProvider/LOADING]: Loading FMLModContainer from classloader cpw.mods.modlauncher.TransformingClassLoader@10618775 - got cpw.mods.cl.ModuleClassLoader@5c73f672
[14May2025 22:21:15.020] [main/DEBUG] [net.minecraftforge.fml.javafmlmod.FMLModContainer/LOADING]: Creating FMLModContainer instance for fuzs.mutantmonsters.MutantMonstersForge
[14May2025 22:21:15.021] [main/DEBUG] [net.minecraftforge.fml.javafmlmod.FMLJavaModLanguageProvider/LOADING]: Loading FMLModContainer from classloader cpw.mods.modlauncher.TransformingClassLoader@10618775 - got cpw.mods.cl.ModuleClassLoader@5c73f672
[14May2025 22:21:15.021] [main/DEBUG] [net.minecraftforge.fml.javafmlmod.FMLModContainer/LOADING]: Creating FMLModContainer instance for github.nitespring.darkestsouls.DarkestSouls
[14May2025 22:21:15.021] [main/DEBUG] [net.minecraftforge.fml.javafmlmod.FMLJavaModLanguageProvider/LOADING]: Loading FMLModContainer from classloader cpw.mods.modlauncher.TransformingClassLoader@10618775 - got cpw.mods.cl.ModuleClassLoader@5c73f672
[14May2025 22:21:15.021] [main/DEBUG] [net.minecraftforge.fml.javafmlmod.FMLModContainer/LOADING]: Creating FMLModContainer instance for net.mehvahdjukaar.amendments.forge.AmendmentsForge
[14May2025 22:21:15.022] [main/DEBUG] [net.minecraftforge.fml.javafmlmod.FMLJavaModLanguageProvider/LOADING]: Loading FMLModContainer from classloader cpw.mods.modlauncher.TransformingClassLoader@10618775 - got cpw.mods.cl.ModuleClassLoader@5c73f672
[14May2025 22:21:15.022] [main/DEBUG] [net.minecraftforge.fml.javafmlmod.FMLModContainer/LOADING]: Creating FMLModContainer instance for net.jadenxgamer.elysium_api.Elysium
[14May2025 22:21:15.023] [main/DEBUG] [net.minecraftforge.fml.javafmlmod.FMLJavaModLanguageProvider/LOADING]: Loading FMLModContainer from classloader cpw.mods.modlauncher.TransformingClassLoader@10618775 - got cpw.mods.cl.ModuleClassLoader@5c73f672
[14May2025 22:21:15.023] [main/DEBUG] [net.minecraftforge.fml.javafmlmod.FMLModContainer/LOADING]: Creating FMLModContainer instance for mezz.jei.forge.JustEnoughItems
[14May2025 22:21:15.023] [main/DEBUG] [net.minecraftforge.fml.javafmlmod.FMLJavaModLanguageProvider/LOADING]: Loading FMLModContainer from classloader cpw.mods.modlauncher.TransformingClassLoader@10618775 - got cpw.mods.cl.ModuleClassLoader@5c73f672
[14May2025 22:21:15.024] [main/DEBUG] [net.minecraftforge.fml.javafmlmod.FMLModContainer/LOADING]: Creating FMLModContainer instance for fuzs.universalbonemeal.UniversalBoneMealForge
[14May2025 22:21:15.024] [main/DEBUG] [net.minecraftforge.fml.javafmlmod.FMLJavaModLanguageProvider/LOADING]: Loading FMLModContainer from classloader cpw.mods.modlauncher.TransformingClassLoader@10618775 - got cpw.mods.cl.ModuleClassLoader@5c73f672
[14May2025 22:21:15.024] [main/DEBUG] [net.minecraftforge.fml.javafmlmod.FMLModContainer/LOADING]: Creating FMLModContainer instance for com.lion.graveyard.forge.GraveyardForge
[14May2025 22:21:15.025] [main/DEBUG] [net.minecraftforge.fml.javafmlmod.FMLJavaModLanguageProvider/LOADING]: Loading FMLModContainer from classloader cpw.mods.modlauncher.TransformingClassLoader@10618775 - got cpw.mods.cl.ModuleClassLoader@5c73f672
[14May2025 22:21:15.025] [main/DEBUG] [net.minecraftforge.fml.javafmlmod.FMLModContainer/LOADING]: Creating FMLModContainer instance for net.darkhax.attributefix.AttributeFixForge
[14May2025 22:21:15.025] [main/DEBUG] [net.minecraftforge.fml.javafmlmod.FMLJavaModLanguageProvider/LOADING]: Loading FMLModContainer from classloader cpw.mods.modlauncher.TransformingClassLoader@10618775 - got cpw.mods.cl.ModuleClassLoader@5c73f672
[14May2025 22:21:15.025] [main/DEBUG] [net.minecraftforge.fml.javafmlmod.FMLModContainer/LOADING]: Creating FMLModContainer instance for top.theillusivec4.caelus.Caelus
[14May2025 22:21:15.026] [main/DEBUG] [net.minecraftforge.fml.javafmlmod.FMLJavaModLanguageProvider/LOADING]: Loading FMLModContainer from classloader cpw.mods.modlauncher.TransformingClassLoader@10618775 - got cpw.mods.cl.ModuleClassLoader@5c73f672
[14May2025 22:21:15.026] [main/DEBUG] [net.minecraftforge.fml.javafmlmod.FMLModContainer/LOADING]: Creating FMLModContainer instance for com.obscuria.obscureapi.ObscureAPI
[14May2025 22:21:15.026] [main/DEBUG] [net.minecraftforge.fml.javafmlmod.FMLJavaModLanguageProvider/LOADING]: Loading FMLModContainer from classloader cpw.mods.modlauncher.TransformingClassLoader@10618775 - got cpw.mods.cl.ModuleClassLoader@5c73f672
[14May2025 22:21:15.027] [main/DEBUG] [net.minecraftforge.fml.javafmlmod.FMLModContainer/LOADING]: Creating FMLModContainer instance for net.blay09.mods.waystones.ForgeWaystones
[14May2025 22:21:15.027] [main/DEBUG] [net.minecraftforge.fml.javafmlmod.FMLJavaModLanguageProvider/LOADING]: Loading FMLModContainer from classloader cpw.mods.modlauncher.TransformingClassLoader@10618775 - got cpw.mods.cl.ModuleClassLoader@5c73f672
[14May2025 22:21:15.027] [main/DEBUG] [net.minecraftforge.fml.javafmlmod.FMLModContainer/LOADING]: Creating FMLModContainer instance for net.fabricmc.fabric.impl.client.indigo.IndigoMod
[14May2025 22:21:15.027] [main/DEBUG] [net.minecraftforge.fml.javafmlmod.FMLJavaModLanguageProvider/LOADING]: Loading FMLModContainer from classloader cpw.mods.modlauncher.TransformingClassLoader@10618775 - got cpw.mods.cl.ModuleClassLoader@5c73f672
[14May2025 22:21:15.027] [main/DEBUG] [net.minecraftforge.fml.javafmlmod.FMLModContainer/LOADING]: Creating FMLModContainer instance for com.blamejared.clumps.Clumps
[14May2025 22:21:15.028] [main/DEBUG] [net.minecraftforge.fml.javafmlmod.FMLJavaModLanguageProvider/LOADING]: Loading FMLModContainer from classloader cpw.mods.modlauncher.TransformingClassLoader@10618775 - got cpw.mods.cl.ModuleClassLoader@5c73f672
[14May2025 22:21:15.028] [main/DEBUG] [net.minecraftforge.fml.javafmlmod.FMLModContainer/LOADING]: Creating FMLModContainer instance for com.fastasyncworldsave.FastAsyncWorldSave
[14May2025 22:21:15.029] [main/DEBUG] [net.minecraftforge.fml.javafmlmod.FMLJavaModLanguageProvider/LOADING]: Loading FMLModContainer from classloader cpw.mods.modlauncher.TransformingClassLoader@10618775 - got cpw.mods.cl.ModuleClassLoader@5c73f672
[14May2025 22:21:15.029] [main/DEBUG] [net.minecraftforge.fml.javafmlmod.FMLModContainer/LOADING]: Creating FMLModContainer instance for alternate.current.AlternateCurrentMod
[14May2025 22:21:15.029] [main/DEBUG] [net.minecraftforge.fml.javafmlmod.FMLJavaModLanguageProvider/LOADING]: Loading FMLModContainer from classloader cpw.mods.modlauncher.TransformingClassLoader@10618775 - got cpw.mods.cl.ModuleClassLoader@5c73f672
[14May2025 22:21:15.029] [main/DEBUG] [net.minecraftforge.fml.javafmlmod.FMLModContainer/LOADING]: Creating FMLModContainer instance for com.focamacho.myserveriscompatible.MyServerIsCompatible
[14May2025 22:21:15.029] [main/DEBUG] [net.minecraftforge.fml.javafmlmod.FMLJavaModLanguageProvider/LOADING]: Loading FMLModContainer from classloader cpw.mods.modlauncher.TransformingClassLoader@10618775 - got cpw.mods.cl.ModuleClassLoader@5c73f672
[14May2025 22:21:15.030] [main/DEBUG] [net.minecraftforge.fml.javafmlmod.FMLModContainer/LOADING]: Creating FMLModContainer instance for com.bawnorton.neruina.platform.NeruinaWrapper
[14May2025 22:21:15.030] [main/DEBUG] [net.minecraftforge.fml.javafmlmod.FMLJavaModLanguageProvider/LOADING]: Loading FMLModContainer from classloader cpw.mods.modlauncher.TransformingClassLoader@10618775 - got cpw.mods.cl.ModuleClassLoader@5c73f672
[14May2025 22:21:15.030] [main/DEBUG] [net.minecraftforge.fml.javafmlmod.FMLModContainer/LOADING]: Creating FMLModContainer instance for com.mrcrayfish.catalogue.Catalogue
[14May2025 22:21:15.030] [main/DEBUG] [net.minecraftforge.fml.javafmlmod.FMLJavaModLanguageProvider/LOADING]: Loading FMLModContainer from classloader cpw.mods.modlauncher.TransformingClassLoader@10618775 - got cpw.mods.cl.ModuleClassLoader@5c73f672
[14May2025 22:21:15.030] [main/DEBUG] [net.minecraftforge.fml.javafmlmod.FMLModContainer/LOADING]: Creating FMLModContainer instance for com.cerbon.bosses_of_mass_destruction.BossesOfMassDestruction
[14May2025 22:21:15.031] [main/DEBUG] [net.minecraftforge.fml.javafmlmod.FMLJavaModLanguageProvider/LOADING]: Loading FMLModContainer from classloader cpw.mods.modlauncher.TransformingClassLoader@10618775 - got cpw.mods.cl.ModuleClassLoader@5c73f672
[14May2025 22:21:15.031] [main/DEBUG] [net.minecraftforge.fml.javafmlmod.FMLModContainer/LOADING]: Creating FMLModContainer instance for forge.net.jason13.automessage.ForgeExampleMod
[14May2025 22:21:15.032] [main/DEBUG] [net.minecraftforge.fml.javafmlmod.FMLJavaModLanguageProvider/LOADING]: Loading FMLModContainer from classloader cpw.mods.modlauncher.TransformingClassLoader@10618775 - got cpw.mods.cl.ModuleClassLoader@5c73f672
[14May2025 22:21:15.032] [main/DEBUG] [net.minecraftforge.fml.javafmlmod.FMLModContainer/LOADING]: Creating FMLModContainer instance for com.nosiphus.furniture.NosiphusFurnitureMod
[14May2025 22:21:15.032] [main/DEBUG] [net.minecraftforge.fml.javafmlmod.FMLJavaModLanguageProvider/LOADING]: Loading FMLModContainer from classloader cpw.mods.modlauncher.TransformingClassLoader@10618775 - got cpw.mods.cl.ModuleClassLoader@5c73f672
[14May2025 22:21:15.032] [main/DEBUG] [net.minecraftforge.fml.javafmlmod.FMLModContainer/LOADING]: Creating FMLModContainer instance for fuzs.puzzlesaccessapi.forge.PuzzlesAccessApiForge
[14May2025 22:21:15.032] [main/DEBUG] [net.minecraftforge.fml.javafmlmod.FMLJavaModLanguageProvider/LOADING]: Loading FMLModContainer from classloader cpw.mods.modlauncher.TransformingClassLoader@10618775 - got cpw.mods.cl.ModuleClassLoader@5c73f672
[14May2025 22:21:15.032] [main/DEBUG] [net.minecraftforge.fml.javafmlmod.FMLModContainer/LOADING]: Creating FMLModContainer instance for net.minecraftforge.common.ForgeMod
[14May2025 22:21:15.035] [main/DEBUG] [net.minecraftforge.fml.javafmlmod.FMLJavaModLanguageProvider/LOADING]: Loading FMLModContainer from classloader cpw.mods.modlauncher.TransformingClassLoader@10618775 - got cpw.mods.cl.ModuleClassLoader@5c73f672
[14May2025 22:21:15.035] [main/DEBUG] [net.minecraftforge.fml.javafmlmod.FMLModContainer/LOADING]: Creating FMLModContainer instance for com.faboslav.friendsandfoes.forge.FriendsAndFoesForge
[14May2025 22:21:15.036] [main/DEBUG] [net.minecraftforge.fml.javafmlmod.FMLJavaModLanguageProvider/LOADING]: Loading FMLModContainer from classloader cpw.mods.modlauncher.TransformingClassLoader@10618775 - got cpw.mods.cl.ModuleClassLoader@5c73f672
[14May2025 22:21:15.036] [main/DEBUG] [net.minecraftforge.fml.javafmlmod.FMLModContainer/LOADING]: Creating FMLModContainer instance for net.aurelj.dungeons_arise.DungeonsAriseMain
[14May2025 22:21:15.036] [main/DEBUG] [net.minecraftforge.fml.javafmlmod.FMLJavaModLanguageProvider/LOADING]: Loading FMLModContainer from classloader cpw.mods.modlauncher.TransformingClassLoader@10618775 - got cpw.mods.cl.ModuleClassLoader@5c73f672
[14May2025 22:21:15.036] [main/DEBUG] [net.minecraftforge.fml.javafmlmod.FMLModContainer/LOADING]: Creating FMLModContainer instance for net.blay09.mods.craftingtweaks.ForgeCraftingTweaks
[14May2025 22:21:15.037] [main/DEBUG] [net.minecraftforge.fml.javafmlmod.FMLJavaModLanguageProvider/LOADING]: Loading FMLModContainer from classloader cpw.mods.modlauncher.TransformingClassLoader@10618775 - got cpw.mods.cl.ModuleClassLoader@5c73f672
[14May2025 22:21:15.037] [main/DEBUG] [net.minecraftforge.fml.javafmlmod.FMLModContainer/LOADING]: Creating FMLModContainer instance for net.mcreator.borninchaosv.BornInChaosV1Mod
[14May2025 22:21:15.038] [main/DEBUG] [net.minecraftforge.fml.javafmlmod.FMLJavaModLanguageProvider/LOADING]: Loading FMLModContainer from classloader cpw.mods.modlauncher.TransformingClassLoader@10618775 - got cpw.mods.cl.ModuleClassLoader@5c73f672
[14May2025 22:21:15.038] [main/DEBUG] [net.minecraftforge.fml.javafmlmod.FMLModContainer/LOADING]: Creating FMLModContainer instance for com.smoothchunk.SmoothchunkMod
[14May2025 22:21:15.038] [main/DEBUG] [net.minecraftforge.fml.javafmlmod.FMLJavaModLanguageProvider/LOADING]: Loading FMLModContainer from classloader cpw.mods.modlauncher.TransformingClassLoader@10618775 - got cpw.mods.cl.ModuleClassLoader@5c73f672
[14May2025 22:21:15.038] [main/DEBUG] [net.minecraftforge.fml.javafmlmod.FMLModContainer/LOADING]: Creating FMLModContainer instance for com.github.alexmodguy.alexscaves.AlexsCaves
[14May2025 22:21:15.039] [main/DEBUG] [net.minecraftforge.fml.javafmlmod.FMLJavaModLanguageProvider/LOADING]: Loading FMLModContainer from classloader cpw.mods.modlauncher.TransformingClassLoader@10618775 - got cpw.mods.cl.ModuleClassLoader@5c73f672
[14May2025 22:21:15.039] [main/DEBUG] [net.minecraftforge.fml.javafmlmod.FMLModContainer/LOADING]: Creating FMLModContainer instance for de.maxhenkel.voicechat.ForgeVoicechatMod
[14May2025 22:21:15.040] [main/DEBUG] [net.minecraftforge.fml.javafmlmod.FMLJavaModLanguageProvider/LOADING]: Loading FMLModContainer from classloader cpw.mods.modlauncher.TransformingClassLoader@10618775 - got cpw.mods.cl.ModuleClassLoader@5c73f672
[14May2025 22:21:15.040] [main/DEBUG] [net.minecraftforge.fml.javafmlmod.FMLModContainer/LOADING]: Creating FMLModContainer instance for net.mehvahdjukaar.moonlight.forge.MoonlightForge
[14May2025 22:21:15.040] [main/DEBUG] [net.minecraftforge.fml.javafmlmod.FMLJavaModLanguageProvider/LOADING]: Loading FMLModContainer from classloader cpw.mods.modlauncher.TransformingClassLoader@10618775 - got cpw.mods.cl.ModuleClassLoader@5c73f672
[14May2025 22:21:15.041] [main/DEBUG] [net.minecraftforge.fml.javafmlmod.FMLModContainer/LOADING]: Creating FMLModContainer instance for net.fabricmc.fabric.impl.base.event.FabricApiBaseMod
[14May2025 22:21:15.041] [main/DEBUG] [net.minecraftforge.fml.javafmlmod.FMLJavaModLanguageProvider/LOADING]: Loading FMLModContainer from classloader cpw.mods.modlauncher.TransformingClassLoader@10618775 - got cpw.mods.cl.ModuleClassLoader@5c73f672
[14May2025 22:21:15.041] [main/DEBUG] [net.minecraftforge.fml.javafmlmod.FMLModContainer/LOADING]: Creating FMLModContainer instance for yalter.mousetweaks.forge.MouseTweaksForge
[14May2025 22:21:15.041] [main/DEBUG] [net.minecraftforge.fml.javafmlmod.FMLJavaModLanguageProvider/LOADING]: Loading FMLModContainer from classloader cpw.mods.modlauncher.TransformingClassLoader@10618775 - got cpw.mods.cl.ModuleClassLoader@5c73f672
[14May2025 22:21:15.042] [main/DEBUG] [net.minecraftforge.fml.javafmlmod.FMLModContainer/LOADING]: Creating FMLModContainer instance for fuzs.forgeconfigscreens.ForgeConfigScreensForge
[14May2025 22:21:15.042] [main/DEBUG] [net.minecraftforge.fml.javafmlmod.FMLJavaModLanguageProvider/LOADING]: Loading FMLModContainer from classloader cpw.mods.modlauncher.TransformingClassLoader@10618775 - got cpw.mods.cl.ModuleClassLoader@5c73f672
[14May2025 22:21:15.042] [main/DEBUG] [net.minecraftforge.fml.javafmlmod.FMLModContainer/LOADING]: Creating FMLModContainer instance for net.bettercombat.forge.BetterCombatForge
[14May2025 22:21:15.042] [main/DEBUG] [net.minecraftforge.fml.javafmlmod.FMLJavaModLanguageProvider/LOADING]: Loading FMLModContainer from classloader cpw.mods.modlauncher.TransformingClassLoader@10618775 - got cpw.mods.cl.ModuleClassLoader@5c73f672
[14May2025 22:21:15.042] [main/DEBUG] [net.minecraftforge.fml.javafmlmod.FMLModContainer/LOADING]: Creating FMLModContainer instance for elocindev.necronomicon.CommonInitializer
[14May2025 22:21:15.043] [main/DEBUG] [net.minecraftforge.fml.javafmlmod.FMLJavaModLanguageProvider/LOADING]: Loading FMLModContainer from classloader cpw.mods.modlauncher.TransformingClassLoader@10618775 - got cpw.mods.cl.ModuleClassLoader@5c73f672
[14May2025 22:21:15.043] [main/DEBUG] [net.minecraftforge.fml.javafmlmod.FMLModContainer/LOADING]: Creating FMLModContainer instance for com.bawnorton.mixinsquared.platform.forge.MixinSquaredMod
[14May2025 22:21:15.043] [main/DEBUG] [net.minecraftforge.fml.javafmlmod.FMLJavaModLanguageProvider/LOADING]: Loading FMLModContainer from classloader cpw.mods.modlauncher.TransformingClassLoader@10618775 - got cpw.mods.cl.ModuleClassLoader@5c73f672
[14May2025 22:21:15.043] [main/DEBUG] [net.minecraftforge.fml.javafmlmod.FMLModContainer/LOADING]: Creating FMLModContainer instance for com.aizistral.nochatreports.forge.NoChatReports
[14May2025 22:21:15.044] [main/DEBUG] [net.minecraftforge.fml.javafmlmod.FMLJavaModLanguageProvider/LOADING]: Loading FMLModContainer from classloader cpw.mods.modlauncher.TransformingClassLoader@10618775 - got cpw.mods.cl.ModuleClassLoader@5c73f672
[14May2025 22:21:15.045] [main/DEBUG] [net.minecraftforge.fml.javafmlmod.FMLModContainer/LOADING]: Creating FMLModContainer instance for snownee.jade.util.CommonProxy
[14May2025 22:21:15.047] [main/DEBUG] [net.minecraftforge.fml.javafmlmod.FMLJavaModLanguageProvider/LOADING]: Loading FMLModContainer from classloader cpw.mods.modlauncher.TransformingClassLoader@10618775 - got cpw.mods.cl.ModuleClassLoader@5c73f672
[14May2025 22:21:15.047] [main/DEBUG] [net.minecraftforge.fml.javafmlmod.FMLModContainer/LOADING]: Creating FMLModContainer instance for team.creative.creativecore.CreativeCore
[14May2025 22:21:15.049] [main/DEBUG] [net.minecraftforge.fml.javafmlmod.FMLJavaModLanguageProvider/LOADING]: Loading FMLModContainer from classloader cpw.mods.modlauncher.TransformingClassLoader@10618775 - got cpw.mods.cl.ModuleClassLoader@5c73f672
[14May2025 22:21:15.049] [main/DEBUG] [net.minecraftforge.fml.javafmlmod.FMLModContainer/LOADING]: Creating FMLModContainer instance for studio.lunareclipse.watching.Init
[14May2025 22:21:15.050] [main/DEBUG] [net.minecraftforge.fml.javafmlmod.FMLJavaModLanguageProvider/LOADING]: Loading FMLModContainer from classloader cpw.mods.modlauncher.TransformingClassLoader@10618775 - got cpw.mods.cl.ModuleClassLoader@5c73f672
[14May2025 22:21:15.050] [main/DEBUG] [net.minecraftforge.fml.javafmlmod.FMLModContainer/LOADING]: Creating FMLModContainer instance for dev.uncandango.alltheleaks.AllTheLeaks
[14May2025 22:21:15.050] [main/DEBUG] [net.minecraftforge.fml.javafmlmod.FMLJavaModLanguageProvider/LOADING]: Loading FMLModContainer from classloader cpw.mods.modlauncher.TransformingClassLoader@10618775 - got cpw.mods.cl.ModuleClassLoader@5c73f672
[14May2025 22:21:15.050] [main/DEBUG] [net.minecraftforge.fml.javafmlmod.FMLModContainer/LOADING]: Creating FMLModContainer instance for com.illusivesoulworks.spectrelib.SpectreForgeMod
[14May2025 22:21:15.051] [main/DEBUG] [net.minecraftforge.fml.javafmlmod.FMLJavaModLanguageProvider/LOADING]: Loading FMLModContainer from classloader cpw.mods.modlauncher.TransformingClassLoader@10618775 - got cpw.mods.cl.ModuleClassLoader@5c73f672
[14May2025 22:21:15.052] [main/DEBUG] [net.minecraftforge.fml.javafmlmod.FMLModContainer/LOADING]: Creating FMLModContainer instance for umpaz.nethersdelight.NethersDelight
[14May2025 22:21:15.052] [main/DEBUG] [net.minecraftforge.fml.javafmlmod.FMLJavaModLanguageProvider/LOADING]: Loading FMLModContainer from classloader cpw.mods.modlauncher.TransformingClassLoader@10618775 - got cpw.mods.cl.ModuleClassLoader@5c73f672
[14May2025 22:21:15.053] [main/DEBUG] [net.minecraftforge.fml.javafmlmod.FMLModContainer/LOADING]: Creating FMLModContainer instance for com.yungnickyoung.minecraft.ribbits.RibbitsForge
[14May2025 22:21:15.053] [main/DEBUG] [net.minecraftforge.fml.javafmlmod.FMLJavaModLanguageProvider/LOADING]: Loading FMLModContainer from classloader cpw.mods.modlauncher.TransformingClassLoader@10618775 - got cpw.mods.cl.ModuleClassLoader@5c73f672
[14May2025 22:21:15.054] [main/DEBUG] [net.minecraftforge.fml.javafmlmod.FMLModContainer/LOADING]: Creating FMLModContainer instance for xaero.minimap.XaeroMinimapForge
[14May2025 22:21:15.056] [main/DEBUG] [net.minecraftforge.fml.javafmlmod.FMLJavaModLanguageProvider/LOADING]: Loading FMLModContainer from classloader cpw.mods.modlauncher.TransformingClassLoader@10618775 - got cpw.mods.cl.ModuleClassLoader@5c73f672
[14May2025 22:21:15.056] [main/DEBUG] [net.minecraftforge.fml.javafmlmod.FMLModContainer/LOADING]: Creating FMLModContainer instance for de.maxhenkel.gravestone.Main
[14May2025 22:21:15.057] [main/DEBUG] [net.minecraftforge.fml.javafmlmod.FMLJavaModLanguageProvider/LOADING]: Loading FMLModContainer from classloader cpw.mods.modlauncher.TransformingClassLoader@10618775 - got cpw.mods.cl.ModuleClassLoader@5c73f672
[14May2025 22:21:15.057] [main/DEBUG] [net.minecraftforge.fml.javafmlmod.FMLModContainer/LOADING]: Creating FMLModContainer instance for net.miauczel.legendary_monsters.LegendaryMonsters
[14May2025 22:21:15.058] [main/DEBUG] [net.minecraftforge.fml.javafmlmod.FMLJavaModLanguageProvider/LOADING]: Loading FMLModContainer from classloader cpw.mods.modlauncher.TransformingClassLoader@10618775 - got cpw.mods.cl.ModuleClassLoader@5c73f672
[14May2025 22:21:15.058] [main/DEBUG] [net.minecraftforge.fml.javafmlmod.FMLModContainer/LOADING]: Creating FMLModContainer instance for io.redspace.ironsspellbooks.IronsSpellbooks
[14May2025 22:21:15.059] [main/DEBUG] [net.minecraftforge.fml.javafmlmod.FMLJavaModLanguageProvider/LOADING]: Loading FMLModContainer from classloader cpw.mods.modlauncher.TransformingClassLoader@10618775 - got cpw.mods.cl.ModuleClassLoader@5c73f672
[14May2025 22:21:15.059] [main/DEBUG] [net.minecraftforge.fml.javafmlmod.FMLModContainer/LOADING]: Creating FMLModContainer instance for dev.tr7zw.entityculling.EntityCullingBootstrap
[14May2025 22:21:15.059] [main/DEBUG] [net.minecraftforge.fml.javafmlmod.FMLJavaModLanguageProvider/LOADING]: Loading FMLModContainer from classloader cpw.mods.modlauncher.TransformingClassLoader@10618775 - got cpw.mods.cl.ModuleClassLoader@5c73f672
[14May2025 22:21:15.059] [main/DEBUG] [net.minecraftforge.fml.javafmlmod.FMLModContainer/LOADING]: Creating FMLModContainer instance for com.github.eterdelta.crittersandcompanions.CrittersAndCompanionsForge
[14May2025 22:21:15.060] [main/DEBUG] [net.minecraftforge.fml.javafmlmod.FMLJavaModLanguageProvider/LOADING]: Loading FMLModContainer from classloader cpw.mods.modlauncher.TransformingClassLoader@10618775 - got cpw.mods.cl.ModuleClassLoader@5c73f672
[14May2025 22:21:15.060] [main/DEBUG] [net.minecraftforge.fml.javafmlmod.FMLModContainer/LOADING]: Creating FMLModContainer instance for com.mrcrayfish.backpacked.Backpacked
[14May2025 22:21:15.060] [main/DEBUG] [net.minecraftforge.fml.javafmlmod.FMLJavaModLanguageProvider/LOADING]: Loading FMLModContainer from classloader cpw.mods.modlauncher.TransformingClassLoader@10618775 - got cpw.mods.cl.ModuleClassLoader@5c73f672
[14May2025 22:21:15.060] [main/DEBUG] [net.minecraftforge.fml.javafmlmod.FMLModContainer/LOADING]: Creating FMLModContainer instance for de.keksuccino.fancymenu.FancyMenuForge
[14May2025 22:21:15.061] [main/DEBUG] [net.minecraftforge.fml.javafmlmod.FMLJavaModLanguageProvider/LOADING]: Loading FMLModContainer from classloader cpw.mods.modlauncher.TransformingClassLoader@10618775 - got cpw.mods.cl.ModuleClassLoader@5c73f672
[14May2025 22:21:15.061] [main/DEBUG] [net.minecraftforge.fml.javafmlmod.FMLModContainer/LOADING]: Creating FMLModContainer instance for net.raphimc.immediatelyfast.forge.ImmediatelyFastForge
[14May2025 22:21:15.061] [main/DEBUG] [net.minecraftforge.fml.javafmlmod.FMLJavaModLanguageProvider/LOADING]: Loading FMLModContainer from classloader cpw.mods.modlauncher.TransformingClassLoader@10618775 - got cpw.mods.cl.ModuleClassLoader@5c73f672
[14May2025 22:21:15.061] [main/DEBUG] [net.minecraftforge.fml.javafmlmod.FMLModContainer/LOADING]: Creating FMLModContainer instance for fuzs.bettertridents.BetterTridentsForge
[14May2025 22:21:15.062] [main/DEBUG] [net.minecraftforge.fml.javafmlmod.FMLJavaModLanguageProvider/LOADING]: Loading FMLModContainer from classloader cpw.mods.modlauncher.TransformingClassLoader@10618775 - got cpw.mods.cl.ModuleClassLoader@5c73f672
[14May2025 22:21:15.062] [main/DEBUG] [net.minecraftforge.fml.javafmlmod.FMLModContainer/LOADING]: Creating FMLModContainer instance for tech.thatgravyboat.creeperoverhaul.forge.CreepersForge
[14May2025 22:21:15.062] [main/DEBUG] [net.minecraftforge.fml.javafmlmod.FMLJavaModLanguageProvider/LOADING]: Loading FMLModContainer from classloader cpw.mods.modlauncher.TransformingClassLoader@10618775 - got cpw.mods.cl.ModuleClassLoader@5c73f672
[14May2025 22:21:15.062] [main/DEBUG] [net.minecraftforge.fml.javafmlmod.FMLModContainer/LOADING]: Creating FMLModContainer instance for io.github.foundationgames.automobility.forge.AutomobilityForge
[14May2025 22:21:15.063] [main/DEBUG] [net.minecraftforge.fml.javafmlmod.FMLJavaModLanguageProvider/LOADING]: Loading FMLModContainer from classloader cpw.mods.modlauncher.TransformingClassLoader@10618775 - got cpw.mods.cl.ModuleClassLoader@5c73f672
[14May2025 22:21:15.063] [main/DEBUG] [net.minecraftforge.fml.javafmlmod.FMLModContainer/LOADING]: Creating FMLModContainer instance for malte0811.ferritecore.ModMainForge
[14May2025 22:21:15.063] [main/DEBUG] [net.minecraftforge.fml.javafmlmod.FMLJavaModLanguageProvider/LOADING]: Loading FMLModContainer from classloader cpw.mods.modlauncher.TransformingClassLoader@10618775 - got cpw.mods.cl.ModuleClassLoader@5c73f672
[14May2025 22:21:15.063] [main/DEBUG] [net.minecraftforge.fml.javafmlmod.FMLModContainer/LOADING]: Creating FMLModContainer instance for plus.dragons.visuality.Visuality
[14May2025 22:21:15.064] [main/DEBUG] [net.minecraftforge.fml.javafmlmod.FMLJavaModLanguageProvider/LOADING]: Loading FMLModContainer from classloader cpw.mods.modlauncher.TransformingClassLoader@10618775 - got cpw.mods.cl.ModuleClassLoader@5c73f672
[14May2025 22:21:15.064] [main/DEBUG] [net.minecraftforge.fml.javafmlmod.FMLModContainer/LOADING]: Creating FMLModContainer instance for fuzs.puzzleslib.impl.PuzzlesLibForge
[14May2025 22:21:15.064] [main/DEBUG] [net.minecraftforge.fml.javafmlmod.FMLJavaModLanguageProvider/LOADING]: Loading FMLModContainer from classloader cpw.mods.modlauncher.TransformingClassLoader@10618775 - got cpw.mods.cl.ModuleClassLoader@5c73f672
[14May2025 22:21:15.064] [main/DEBUG] [net.minecraftforge.fml.javafmlmod.FMLModContainer/LOADING]: Creating FMLModContainer instance for com.illusivesoulworks.charmofundying.CharmOfUndyingForgeMod
[14May2025 22:21:15.065] [main/DEBUG] [net.minecraftforge.fml.javafmlmod.FMLJavaModLanguageProvider/LOADING]: Loading FMLModContainer from classloader cpw.mods.modlauncher.TransformingClassLoader@10618775 - got cpw.mods.cl.ModuleClassLoader@5c73f672
[14May2025 22:21:15.065] [main/DEBUG] [net.minecraftforge.fml.javafmlmod.FMLModContainer/LOADING]: Creating FMLModContainer instance for forge.me.thosea.badoptimizations.forge.BadOptimizations
[14May2025 22:21:15.065] [main/DEBUG] [net.minecraftforge.fml.javafmlmod.FMLJavaModLanguageProvider/LOADING]: Loading FMLModContainer from classloader cpw.mods.modlauncher.TransformingClassLoader@10618775 - got cpw.mods.cl.ModuleClassLoader@5c73f672
[14May2025 22:21:15.065] [main/DEBUG] [net.minecraftforge.fml.javafmlmod.FMLModContainer/LOADING]: Creating FMLModContainer instance for net.mcreator.moadecorelectronics.MoaDecorElectronicsMod
[14May2025 22:21:15.065] [main/DEBUG] [net.minecraftforge.fml.javafmlmod.FMLJavaModLanguageProvider/LOADING]: Loading FMLModContainer from classloader cpw.mods.modlauncher.TransformingClassLoader@10618775 - got cpw.mods.cl.ModuleClassLoader@5c73f672
[14May2025 22:21:15.065] [main/DEBUG] [net.minecraftforge.fml.javafmlmod.FMLModContainer/LOADING]: Creating FMLModContainer instance for com.chunksending.ChunkSending
[14May2025 22:21:15.066] [main/DEBUG] [net.minecraftforge.fml.javafmlmod.FMLJavaModLanguageProvider/LOADING]: Loading FMLModContainer from classloader cpw.mods.modlauncher.TransformingClassLoader@10618775 - got cpw.mods.cl.ModuleClassLoader@5c73f672
[14May2025 22:21:15.066] [main/DEBUG] [net.minecraftforge.fml.javafmlmod.FMLModContainer/LOADING]: Creating FMLModContainer instance for de.keksuccino.loadmyresources.LoadMyResources
[14May2025 22:21:15.066] [main/DEBUG] [net.minecraftforge.fml.javafmlmod.FMLJavaModLanguageProvider/LOADING]: Loading FMLModContainer from classloader cpw.mods.modlauncher.TransformingClassLoader@10618775 - got cpw.mods.cl.ModuleClassLoader@5c73f672
[14May2025 22:21:15.066] [main/DEBUG] [net.minecraftforge.fml.javafmlmod.FMLModContainer/LOADING]: Creating FMLModContainer instance for de.cas_ual_ty.deuf.DEUF
[14May2025 22:21:15.067] [main/DEBUG] [net.minecraftforge.fml.javafmlmod.FMLJavaModLanguageProvider/LOADING]: Loading FMLModContainer from classloader cpw.mods.modlauncher.TransformingClassLoader@10618775 - got cpw.mods.cl.ModuleClassLoader@5c73f672
[14May2025 22:21:15.067] [main/DEBUG] [net.minecraftforge.fml.javafmlmod.FMLModContainer/LOADING]: Creating FMLModContainer instance for com.obscuria.aquamirae.Aquamirae
[14May2025 22:21:15.068] [main/DEBUG] [net.minecraftforge.fml.javafmlmod.FMLJavaModLanguageProvider/LOADING]: Loading FMLModContainer from classloader cpw.mods.modlauncher.TransformingClassLoader@10618775 - got cpw.mods.cl.ModuleClassLoader@5c73f672
[14May2025 22:21:15.068] [main/DEBUG] [net.minecraftforge.fml.javafmlmod.FMLModContainer/LOADING]: Creating FMLModContainer instance for net.blay09.mods.defaultoptions.ForgeDefaultOptions
[14May2025 22:21:15.162] [modloading-worker-0/DEBUG] [net.minecraftforge.fml.javafmlmod.AutomaticEventSubscriber/LOADING]: Attempting to inject @EventBusSubscriber classes into the eventbus for fabric_renderer_api_v1
[14May2025 22:21:15.164] [modloading-worker-0/DEBUG] [net.minecraftforge.fml.javafmlmod.AutomaticEventSubscriber/LOADING]: Attempting to inject @EventBusSubscriber classes into the eventbus for kuma_api
[14May2025 22:21:15.165] [modloading-worker-0/DEBUG] [net.minecraftforge.fml.javafmlmod.AutomaticEventSubscriber/LOADING]: Attempting to inject @EventBusSubscriber classes into the eventbus for easyanvils
[14May2025 22:21:15.172] [modloading-worker-0/DEBUG] [net.minecraftforge.fml.javafmlmod.AutomaticEventSubscriber/LOADING]: Auto-subscribing fuzs.easyanvils.EasyAnvilsForge to MOD
[14May2025 22:21:15.172] [modloading-worker-0/INFO] [necronomicon/]: File exists, reading config for elocindev.animation_overhaul.config.AnimationsConfig.
[14May2025 22:21:15.174] [modloading-worker-0/INFO] [necronomicon/]: Config for elocindev.animation_overhaul.config.AnimationsConfig read successfully.
[14May2025 22:21:15.189] [modloading-worker-0/INFO] [necronomicon/]: File exists, reading config for elocindev.animation_overhaul.config.PlayerConfig.
[14May2025 22:21:15.191] [modloading-worker-0/INFO] [necronomicon/]: Config for elocindev.animation_overhaul.config.PlayerConfig read successfully.
[14May2025 22:21:15.196] [modloading-worker-0/INFO] [animation_overhaul/]: Animation Overhaul's Config initialized
[14May2025 22:21:15.198] [modloading-worker-0/DEBUG] [net.minecraftforge.fml.javafmlmod.AutomaticEventSubscriber/LOADING]: Attempting to inject @EventBusSubscriber classes into the eventbus for animation_overhaul
[14May2025 22:21:15.198] [modloading-worker-0/DEBUG] [net.minecraftforge.fml.javafmlmod.AutomaticEventSubscriber/LOADING]: Attempting to inject @EventBusSubscriber classes into the eventbus for playeranimator
[14May2025 22:21:15.201] [modloading-worker-0/DEBUG] [net.minecraftforge.fml.javafmlmod.AutomaticEventSubscriber/LOADING]: Attempting to inject @EventBusSubscriber classes into the eventbus for loadingbackgrounds
[14May2025 22:21:15.214] [modloading-worker-0/DEBUG] [net.minecraftforge.fml.config.ConfigTracker/CONFIG]: Config file netherexp-common.toml for netherexp tracking
[14May2025 22:21:15.221] [modloading-worker-0/DEBUG] [net.minecraftforge.fml.javafmlmod.AutomaticEventSubscriber/LOADING]: Attempting to inject @EventBusSubscriber classes into the eventbus for connectivity
[14May2025 22:21:15.224] [modloading-worker-0/DEBUG] [mixin/]: Mixing accessor.CriteriaTriggersAccessor from yungsapi.mixins.json into net.minecraft.advancements.CriteriaTriggers
[14May2025 22:21:15.224] [modloading-worker-0/DEBUG] [mixin/]: Renaming @Accessor method getValues()Ljava/util/Map; to getValues_$md$b7ac4f$0 in yungsapi.mixins.json:accessor.CriteriaTriggersAccessor
[14May2025 22:21:15.224] [modloading-worker-0/DEBUG] [mixin/]: Mixing accessor.CriteriaTriggersAccessor from cataclysm.mixins.json into net.minecraft.advancements.CriteriaTriggers
[14May2025 22:21:15.225] [modloading-worker-0/DEBUG] [mixin/]: Renaming @Accessor method getValues()Ljava/util/Map; to getValues_$md$b7ac4f$1 in cataclysm.mixins.json:accessor.CriteriaTriggersAccessor
[14May2025 22:21:15.229] [modloading-worker-0/INFO] [Puzzles Lib/]: Constructing common components for easyanvils:main
[14May2025 22:21:15.241] [modloading-worker-0/DEBUG] [mixin/]: Mixing common.BredAnimalsTriggerMixin from backpacked.common.mixins.json into net.minecraft.advancements.critereon.BredAnimalsTrigger
[14May2025 22:21:15.247] [modloading-worker-0/DEBUG] [mixin/]: Mixing perf.forge_registry_lambda.RegistryObjectMixin from modernfix-forge.mixins.json into net.minecraftforge.registries.RegistryObject
[14May2025 22:21:15.262] [modloading-worker-0/DEBUG] [mixin/]: Mixing ConditionHackMixin from moonlight.mixins.json into net.minecraft.server.packs.resources.SimplePreparableReloadListener
[14May2025 22:21:15.267] [modloading-worker-0/DEBUG] [net.minecraftforge.fml.config.ConfigTracker/CONFIG]: Config file easyanvils-server.toml for easyanvils tracking
[14May2025 22:21:15.272] [modloading-worker-0/DEBUG] [mixin/]: Mixing common.PlayerInteractTriggerMixin from backpacked.common.mixins.json into net.minecraft.advancements.critereon.PlayerInteractTrigger
[14May2025 22:21:15.283] [modloading-worker-0/DEBUG] [mixin/]: Mixing ServerResourcesMixin from placebo.mixins.json into net.minecraft.server.ReloadableServerResources
[14May2025 22:21:15.283] [modloading-worker-0/DEBUG] [mixin/]: Mixing ReloadableServerResourcesMixin from balm.mixins.json into net.minecraft.server.ReloadableServerResources
[14May2025 22:21:15.284] [modloading-worker-0/DEBUG] [mixin/]: Renaming synthetic method lambda$loadResources$0(Lnet/minecraft/server/ReloadableServerResources;)V to mdb7ac4f$lambda$loadResources$0$0 in balm.mixins.json:ReloadableServerResourcesMixin
[14May2025 22:21:15.287] [modloading-worker-0/DEBUG] [net.minecraftforge.fml.javafmlmod.AutomaticEventSubscriber/LOADING]: Attempting to inject @EventBusSubscriber classes into the eventbus for netherportalfix
[14May2025 22:21:15.289] [modloading-worker-0/DEBUG] [net.minecraftforge.fml.javafmlmod.AutomaticEventSubscriber/LOADING]: Attempting to inject @EventBusSubscriber classes into the eventbus for gpumemleakfix
[14May2025 22:21:15.291] [modloading-worker-0/DEBUG] [net.minecraftforge.fml.javafmlmod.AutomaticEventSubscriber/LOADING]: Attempting to inject @EventBusSubscriber classes into the eventbus for structureessentials
[14May2025 22:21:15.292] [modloading-worker-0/DEBUG] [net.minecraftforge.fml.javafmlmod.AutomaticEventSubscriber/LOADING]: Attempting to inject @EventBusSubscriber classes into the eventbus for controlling
[14May2025 22:21:15.304] [modloading-worker-0/DEBUG] [net.minecraftforge.fml.javafmlmod.AutomaticEventSubscriber/LOADING]: Attempting to inject @EventBusSubscriber classes into the eventbus for placebo
[14May2025 22:21:15.304] [modloading-worker-0/DEBUG] [net.minecraftforge.fml.javafmlmod.AutomaticEventSubscriber/LOADING]: Auto-subscribing dev.shadowsoffire.placebo.util.PlaceboTaskQueue to FORGE
[14May2025 22:21:15.320] [modloading-worker-0/DEBUG] [net.minecraftforge.coremod.transformer.CoreModBaseTransformer/COREMOD]: Transforming m_11229_ with desc (Lnet/minecraft/server/level/ServerPlayer;Lnet/minecraft/server/level/ServerLevel;)V
[14May2025 22:21:15.323] [modloading-worker-0/DEBUG] [mixin/]: Mixing PlayerListMixin from balm.mixins.json into net.minecraft.server.players.PlayerList
[14May2025 22:21:15.323] [modloading-worker-0/DEBUG] [mixin/]: Mixing PlayerManagerMixin from neruina.mixins.json into net.minecraft.server.players.PlayerList
[14May2025 22:21:15.324] [modloading-worker-0/INFO] [mixin/]: Mixing server.MixinPlayerList from mixins/common/nochatreports.mixins.json into net.minecraft.server.players.PlayerList
[14May2025 22:21:15.324] [modloading-worker-0/DEBUG] [mixin/]: Mixing main.PlayerListMixin from alltheleaks.mixins.json into net.minecraft.server.players.PlayerList
[14May2025 22:21:15.342] [modloading-worker-0/DEBUG] [net.minecraftforge.fml.config.ConfigTracker/CONFIG]: Config file modernfix-common.toml for modernfix tracking
[14May2025 22:21:15.351] [modloading-worker-0/DEBUG] [net.minecraftforge.fml.javafmlmod.AutomaticEventSubscriber/LOADING]: Attempting to inject @EventBusSubscriber classes into the eventbus for modernfix
[14May2025 22:21:15.365] [modloading-worker-0/DEBUG] [net.minecraftforge.fml.config.ConfigTracker/CONFIG]: Config file citadel-common.toml for citadel tracking
[14May2025 22:21:15.374] [modloading-worker-0/DEBUG] [net.minecraftforge.fml.javafmlmod.AutomaticEventSubscriber/LOADING]: Attempting to inject @EventBusSubscriber classes into the eventbus for immersive_aircraft
[14May2025 22:21:15.374] [modloading-worker-0/DEBUG] [net.minecraftforge.fml.javafmlmod.AutomaticEventSubscriber/LOADING]: Auto-subscribing immersive_aircraft.forge.ForgeBusEvents to FORGE
[14May2025 22:21:15.376] [modloading-worker-0/DEBUG] [net.minecraftforge.fml.javafmlmod.AutomaticEventSubscriber/LOADING]: Attempting to inject @EventBusSubscriber classes into the eventbus for citadel
[14May2025 22:21:15.376] [modloading-worker-0/DEBUG] [net.minecraftforge.fml.javafmlmod.AutomaticEventSubscriber/LOADING]: Auto-subscribing com.github.alexthe666.citadel.ServerProxy to MOD
[14May2025 22:21:15.380] [modloading-worker-0/DEBUG] [net.minecraftforge.fml.javafmlmod.AutomaticEventSubscriber/LOADING]: Auto-subscribing immersive_aircraft.forge.CommonForge to MOD
[14May2025 22:21:15.382] [modloading-worker-0/DEBUG] [net.minecraftforge.fml.javafmlmod.AutomaticEventSubscriber/LOADING]: Attempting to inject @EventBusSubscriber classes into the eventbus for mixinextras
[14May2025 22:21:15.422] [modloading-worker-0/DEBUG] [ribbits/]: Loaded com.yungnickyoung.minecraft.ribbits.services.ForgePlatformHelper@54872ffd for service interface com.yungnickyoung.minecraft.ribbits.services.IPlatformHelper
[14May2025 22:21:15.423] [modloading-worker-0/DEBUG] [ribbits/]: Loaded com.yungnickyoung.minecraft.ribbits.services.ForgeModulesLoader@1772b0f1 for service interface com.yungnickyoung.minecraft.ribbits.services.IModulesLoader
[14May2025 22:21:15.423] [modloading-worker-0/DEBUG] [ribbits/]: Loaded com.yungnickyoung.minecraft.ribbits.services.ForgeSupporterHelper@61f53ff7 for service interface com.yungnickyoung.minecraft.ribbits.services.ISupporterHelper
[14May2025 22:21:15.505] [modloading-worker-0/DEBUG] [net.minecraftforge.fml.javafmlmod.AutomaticEventSubscriber/LOADING]: Attempting to inject @EventBusSubscriber classes into the eventbus for yungsapi
[14May2025 22:21:15.523] [modloading-worker-0/DEBUG] [net.minecraftforge.fml.config.ConfigTracker/CONFIG]: Config file balm-common.toml for balm tracking
[14May2025 22:21:15.532] [modloading-worker-0/DEBUG] [net.minecraftforge.fml.javafmlmod.AutomaticEventSubscriber/LOADING]: Attempting to inject @EventBusSubscriber classes into the eventbus for balm
[14May2025 22:21:15.537] [modloading-worker-0/DEBUG] [net.minecraftforge.fml.javafmlmod.AutomaticEventSubscriber/LOADING]: Attempting to inject @EventBusSubscriber classes into the eventbus for snowrealmagic
[14May2025 22:21:15.557] [modloading-worker-0/DEBUG] [net.minecraftforge.fml.javafmlmod.AutomaticEventSubscriber/LOADING]: Attempting to inject @EventBusSubscriber classes into the eventbus for netherexp
[14May2025 22:21:15.560] [modloading-worker-0/INFO] [de.keksuccino.melody.Melody/]: [MELODY] Disabling Melody since it's loaded server-side.
[14May2025 22:21:15.560] [modloading-worker-0/DEBUG] [net.minecraftforge.fml.javafmlmod.AutomaticEventSubscriber/LOADING]: Attempting to inject @EventBusSubscriber classes into the eventbus for melody
[14May2025 22:21:15.560] [modloading-worker-0/DEBUG] [net.minecraftforge.fml.javafmlmod.AutomaticEventSubscriber/LOADING]: Attempting to inject @EventBusSubscriber classes into the eventbus for chat_heads
[14May2025 22:21:15.562] [modloading-worker-0/DEBUG] [Carry On/]: Loaded tschipp.carryon.platform.ForgePlatformHelper@41a895b3 for service interface tschipp.carryon.platform.services.IPlatformHelper
[14May2025 22:21:15.564] [modloading-worker-0/DEBUG] [Carry On/]: Loaded tschipp.carryon.platform.ForgeGamestagesHelper@28f42a96 for service interface tschipp.carryon.platform.services.IGamestagePlatformHelper
[14May2025 22:21:15.572] [modloading-worker-0/DEBUG] [net.minecraftforge.fml.config.ConfigTracker/CONFIG]: Config file carryon-client.toml for carryon tracking
[14May2025 22:21:15.573] [modloading-worker-0/DEBUG] [net.minecraftforge.fml.config.ConfigTracker/CONFIG]: Config file carryon-common.toml for carryon tracking
[14May2025 22:21:15.573] [modloading-worker-0/DEBUG] [net.minecraftforge.fml.javafmlmod.AutomaticEventSubscriber/LOADING]: Attempting to inject @EventBusSubscriber classes into the eventbus for carryon
[14May2025 22:21:15.573] [modloading-worker-0/DEBUG] [net.minecraftforge.fml.javafmlmod.AutomaticEventSubscriber/LOADING]: Auto-subscribing tschipp.carryon.CarryOnForge to MOD
[14May2025 22:21:15.573] [modloading-worker-0/DEBUG] [net.minecraftforge.fml.javafmlmod.AutomaticEventSubscriber/LOADING]: Auto-subscribing tschipp.carryon.events.CommonEvents to FORGE
[14May2025 22:21:15.587] [modloading-worker-0/DEBUG] [net.minecraftforge.fml.javafmlmod.AutomaticEventSubscriber/LOADING]: Auto-subscribing tschipp.carryon.events.ModBusEvents to MOD
[14May2025 22:21:15.590] [modloading-worker-0/DEBUG] [net.minecraftforge.fml.javafmlmod.AutomaticEventSubscriber/LOADING]: Attempting to inject @EventBusSubscriber classes into the eventbus for cloth_config
[14May2025 22:21:15.591] [modloading-worker-0/DEBUG] [net.minecraftforge.fml.javafmlmod.AutomaticEventSubscriber/LOADING]: Attempting to inject @EventBusSubscriber classes into the eventbus for startinv
[14May2025 22:21:15.602] [modloading-worker-0/DEBUG] [mixin/]: Mixing MixinLevelEvent from architectury.mixins.json into net.minecraftforge.event.level.LevelEvent
[14May2025 22:21:15.688] [modloading-worker-0/DEBUG] [net.minecraftforge.fml.config.ConfigTracker/CONFIG]: Config file alexsmobs.toml for alexsmobs tracking
[14May2025 22:21:15.691] [modloading-worker-0/DEBUG] [net.minecraftforge.fml.config.ConfigTracker/CONFIG]: Config file supplementaries-common.toml for supplementaries tracking
[14May2025 22:21:15.718] [modloading-worker-0/DEBUG] [net.minecraftforge.fml.config.ConfigTracker/CONFIG]: Config file sawmill-common.toml for sawmill tracking
[14May2025 22:21:15.748] [modloading-worker-0/DEBUG] [net.minecraftforge.fml.javafmlmod.AutomaticEventSubscriber/LOADING]: Attempting to inject @EventBusSubscriber classes into the eventbus for redeco
[14May2025 22:21:15.751] [modloading-worker-0/INFO] [de.keksuccino.konkrete.Konkrete/]: [KONKRETE] Successfully initialized!
[14May2025 22:21:15.752] [modloading-worker-0/DEBUG] [net.minecraftforge.fml.javafmlmod.AutomaticEventSubscriber/LOADING]: Attempting to inject @EventBusSubscriber classes into the eventbus for alexsmobs
[14May2025 22:21:15.753] [modloading-worker-0/DEBUG] [net.minecraftforge.fml.javafmlmod.AutomaticEventSubscriber/LOADING]: Auto-subscribing com.github.alexthe666.alexsmobs.world.AMWorldRegistry to MOD
[14May2025 22:21:15.752] [modloading-worker-0/INFO] [de.keksuccino.konkrete.Konkrete/]: [KONKRETE] Server-side libs ready to use!
[14May2025 22:21:15.753] [modloading-worker-0/DEBUG] [net.minecraftforge.fml.javafmlmod.AutomaticEventSubscriber/LOADING]: Attempting to inject @EventBusSubscriber classes into the eventbus for konkrete
[14May2025 22:21:15.755] [modloading-worker-0/DEBUG] [net.minecraftforge.fml.javafmlmod.AutomaticEventSubscriber/LOADING]: Auto-subscribing com.github.alexthe666.alexsmobs.tileentity.AMTileEntityRegistry to MOD
[14May2025 22:21:15.755] [modloading-worker-0/DEBUG] [net.minecraftforge.fml.javafmlmod.AutomaticEventSubscriber/LOADING]: Auto-subscribing com.github.alexthe666.alexsmobs.event.ServerEvents to FORGE
[14May2025 22:21:15.766] [modloading-worker-0/DEBUG] [net.minecraftforge.fml.javafmlmod.AutomaticEventSubscriber/LOADING]: Attempting to inject @EventBusSubscriber classes into the eventbus for embeddium
[14May2025 22:21:15.767] [modloading-worker-0/DEBUG] [net.minecraftforge.fml.javafmlmod.AutomaticEventSubscriber/LOADING]: Attempting to inject @EventBusSubscriber classes into the eventbus for rubidium
[14May2025 22:21:15.768] [modloading-worker-0/DEBUG] [net.minecraftforge.fml.javafmlmod.AutomaticEventSubscriber/LOADING]: Attempting to inject @EventBusSubscriber classes into the eventbus for embeddiumplus
[14May2025 22:21:15.769] [modloading-worker-0/DEBUG] [net.minecraftforge.fml.javafmlmod.AutomaticEventSubscriber/LOADING]: Attempting to inject @EventBusSubscriber classes into the eventbus for sawmill
[14May2025 22:21:15.772] [modloading-worker-0/DEBUG] [net.minecraftforge.fml.javafmlmod.AutomaticEventSubscriber/LOADING]: Auto-subscribing com.github.alexthe666.alexsmobs.entity.AMEntityRegistry to MOD
[14May2025 22:21:15.773] [modloading-worker-0/DEBUG] [net.minecraftforge.fml.javafmlmod.AutomaticEventSubscriber/LOADING]: Auto-subscribing com.github.alexthe666.alexsmobs.CommonProxy to MOD
[14May2025 22:21:15.773] [modloading-worker-0/DEBUG] [net.minecraftforge.fml.javafmlmod.AutomaticEventSubscriber/LOADING]: Auto-subscribing com.github.alexthe666.alexsmobs.AlexsMobs to FORGE
[14May2025 22:21:15.773] [modloading-worker-0/DEBUG] [net.minecraftforge.fml.javafmlmod.AutomaticEventSubscriber/LOADING]: Attempting to inject @EventBusSubscriber classes into the eventbus for entity_model_features
[14May2025 22:21:15.774] [modloading-worker-0/DEBUG] [net.minecraftforge.fml.javafmlmod.AutomaticEventSubscriber/LOADING]: Attempting to inject @EventBusSubscriber classes into the eventbus for entity_texture_features
[14May2025 22:21:15.792] [modloading-worker-0/DEBUG] [net.minecraftforge.fml.config.ConfigTracker/CONFIG]: Config file farmersdelight-common.toml for farmersdelight tracking
[14May2025 22:21:15.792] [modloading-worker-0/DEBUG] [net.minecraftforge.fml.config.ConfigTracker/CONFIG]: Config file farmersdelight-client.toml for farmersdelight tracking
[14May2025 22:21:15.803] [modloading-worker-0/DEBUG] [net.minecraftforge.fml.config.ConfigTracker/CONFIG]: Config file morevillagers-common.toml for morevillagers tracking
[14May2025 22:21:15.810] [modloading-worker-0/DEBUG] [net.minecraftforge.fml.javafmlmod.AutomaticEventSubscriber/LOADING]: Attempting to inject @EventBusSubscriber classes into the eventbus for morevillagers
[14May2025 22:21:15.811] [modloading-worker-0/DEBUG] [net.minecraftforge.fml.javafmlmod.AutomaticEventSubscriber/LOADING]: Auto-subscribing com.samebutdifferent.morevillagers.registry.forge.MVConfigForge to FORGE
[14May2025 22:21:15.826] [modloading-worker-0/DEBUG] [mixin/]: Mixing CompatFarmersDelightTomatoMixin from supplementaries.mixins.json into vectorwing.farmersdelight.common.block.TomatoVineBlock
[14May2025 22:21:15.860] [modloading-worker-0/DEBUG] [net.minecraftforge.fml.javafmlmod.AutomaticEventSubscriber/LOADING]: Attempting to inject @EventBusSubscriber classes into the eventbus for resourcefulconfig
[14May2025 22:21:15.867] [modloading-worker-0/DEBUG] [net.minecraftforge.fml.javafmlmod.AutomaticEventSubscriber/LOADING]: Attempting to inject @EventBusSubscriber classes into the eventbus for hangglider
[14May2025 22:21:15.867] [modloading-worker-0/DEBUG] [net.minecraftforge.fml.javafmlmod.AutomaticEventSubscriber/LOADING]: Auto-subscribing fuzs.hangglider.HangGliderForge to MOD
[14May2025 22:21:15.871] [modloading-worker-0/DEBUG] [mixin/]: Mixing self.SelfLumiseneFluidMixin from supplementaries.mixins.json into net.mehvahdjukaar.supplementaries.common.fluids.LumiseneFluid
[14May2025 22:21:15.880] [modloading-worker-0/INFO] [Puzzles Lib/]: Constructing common components for hangglider:main
[14May2025 22:21:15.889] [modloading-worker-0/DEBUG] [mixin/]: Mixing self.SelfFlammableFluidBlockMixin from supplementaries.mixins.json into net.mehvahdjukaar.supplementaries.common.fluids.FlammableLiquidBlock
[14May2025 22:21:15.894] [modloading-worker-0/DEBUG] [net.minecraftforge.fml.config.ConfigTracker/CONFIG]: Config file hangglider-server.toml for hangglider tracking
[14May2025 22:21:15.916] [modloading-worker-0/DEBUG] [mixin/]: Mixing self.SelfSoapItemMixin from supplementaries.mixins.json into net.mehvahdjukaar.supplementaries.common.items.SoapItem
[14May2025 22:21:15.943] [modloading-worker-0/DEBUG] [mixin/]: Mixing self.SelfGunpowderMixin from supplementaries.mixins.json into net.mehvahdjukaar.supplementaries.common.block.blocks.GunpowderBlock
[14May2025 22:21:15.958] [modloading-worker-0/DEBUG] [net.minecraftforge.fml.javafmlmod.AutomaticEventSubscriber/LOADING]: Attempting to inject @EventBusSubscriber classes into the eventbus for lionfishapi
[14May2025 22:21:15.959] [modloading-worker-0/DEBUG] [net.minecraftforge.fml.javafmlmod.AutomaticEventSubscriber/LOADING]: Auto-subscribing com.github.L_Ender.lionfishapi.LionfishAPI to FORGE
[14May2025 22:21:15.959] [modloading-worker-0/DEBUG] [net.minecraftforge.fml.javafmlmod.AutomaticEventSubscriber/LOADING]: Auto-subscribing com.github.L_Ender.lionfishapi.CommonProxy to MOD
[14May2025 22:21:15.969] [modloading-worker-0/DEBUG] [net.minecraftforge.fml.javafmlmod.AutomaticEventSubscriber/LOADING]: Attempting to inject @EventBusSubscriber classes into the eventbus for spark
[14May2025 22:21:16.017] [modloading-worker-0/DEBUG] [net.minecraftforge.fml.config.ConfigTracker/CONFIG]: Config file cataclysm.toml for cataclysm tracking
[14May2025 22:21:16.049] [modloading-worker-0/DEBUG] [net.minecraftforge.fml.javafmlmod.AutomaticEventSubscriber/LOADING]: Attempting to inject @EventBusSubscriber classes into the eventbus for enemyexpansion
[14May2025 22:21:16.052] [modloading-worker-0/DEBUG] [net.minecraftforge.fml.javafmlmod.AutomaticEventSubscriber/LOADING]: Auto-subscribing net.mcreator.enemyexpansion.recipes.brewing.ScorpionTailPotionBrewingRecipe to MOD
[14May2025 22:21:16.053] [modloading-worker-0/DEBUG] [net.minecraftforge.fml.javafmlmod.AutomaticEventSubscriber/LOADING]: Auto-subscribing net.mcreator.enemyexpansion.recipes.brewing.NightVisionPotionBrewingRecipe to MOD
[14May2025 22:21:16.057] [modloading-worker-0/DEBUG] [net.minecraftforge.fml.javafmlmod.AutomaticEventSubscriber/LOADING]: Auto-subscribing net.mcreator.enemyexpansion.recipes.brewing.HealingEyePotionRecipeBrewingRecipe to MOD
[14May2025 22:21:16.057] [modloading-worker-0/DEBUG] [net.minecraftforge.fml.javafmlmod.AutomaticEventSubscriber/LOADING]: Auto-subscribing net.mcreator.enemyexpansion.procedures.WaspHostileSetProcedure to FORGE
[14May2025 22:21:16.069] [modloading-worker-0/DEBUG] [net.minecraftforge.fml.javafmlmod.AutomaticEventSubscriber/LOADING]: Auto-subscribing net.mcreator.enemyexpansion.procedures.VampireSpawnProcedure to FORGE
[14May2025 22:21:16.071] [modloading-worker-0/DEBUG] [net.minecraftforge.fml.javafmlmod.AutomaticEventSubscriber/LOADING]: Auto-subscribing net.mcreator.enemyexpansion.procedures.VampireAttackProcedure to FORGE
[14May2025 22:21:16.073] [modloading-worker-0/DEBUG] [net.minecraftforge.fml.javafmlmod.AutomaticEventSubscriber/LOADING]: Auto-subscribing net.mcreator.enemyexpansion.procedures.SpawnsFliesOnDeathProcedure to FORGE
[14May2025 22:21:16.081] [modloading-worker-0/DEBUG] [net.minecraftforge.fml.javafmlmod.AutomaticEventSubscriber/LOADING]: Auto-subscribing net.mcreator.enemyexpansion.procedures.SilverheadHatProcedure to FORGE
[14May2025 22:21:16.083] [modloading-worker-0/DEBUG] [net.minecraftforge.fml.javafmlmod.AutomaticEventSubscriber/LOADING]: Auto-subscribing net.mcreator.enemyexpansion.procedures.SilverheadDeathProcedure to FORGE
[14May2025 22:21:16.083] [modloading-worker-0/DEBUG] [net.minecraftforge.fml.javafmlmod.AutomaticEventSubscriber/LOADING]: Auto-subscribing net.mcreator.enemyexpansion.procedures.SilverfriendsStartProcedure to FORGE
[14May2025 22:21:16.084] [modloading-worker-0/DEBUG] [net.minecraftforge.fml.javafmlmod.AutomaticEventSubscriber/LOADING]: Auto-subscribing net.mcreator.enemyexpansion.procedures.ScorpionHurtProcedure to FORGE
[14May2025 22:21:16.092] [modloading-worker-0/DEBUG] [net.minecraftforge.fml.javafmlmod.AutomaticEventSubscriber/LOADING]: Auto-subscribing net.mcreator.enemyexpansion.procedures.PhantomEyeDropFromPhantomProcedure to FORGE
[14May2025 22:21:16.095] [modloading-worker-0/DEBUG] [net.minecraftforge.fml.javafmlmod.AutomaticEventSubscriber/LOADING]: Auto-subscribing net.mcreator.enemyexpansion.procedures.OvertimeKnockedOutProcedure to FORGE
[14May2025 22:21:16.096] [modloading-worker-0/DEBUG] [net.minecraftforge.fml.javafmlmod.AutomaticEventSubscriber/LOADING]: Auto-subscribing net.mcreator.enemyexpansion.procedures.OvertimeForAllProcedure to FORGE
[14May2025 22:21:16.097] [modloading-worker-0/DEBUG] [net.minecraftforge.fml.javafmlmod.AutomaticEventSubscriber/LOADING]: Auto-subscribing net.mcreator.enemyexpansion.procedures.NoBabyZombiesProcedure to FORGE
[14May2025 22:21:16.100] [modloading-worker-0/DEBUG] [net.minecraftforge.fml.javafmlmod.AutomaticEventSubscriber/LOADING]: Auto-subscribing net.mcreator.enemyexpansion.procedures.MeatureTamingProcedure to FORGE
[14May2025 22:21:16.101] [modloading-worker-0/DEBUG] [net.minecraftforge.fml.javafmlmod.AutomaticEventSubscriber/LOADING]: Auto-subscribing net.mcreator.enemyexpansion.procedures.MeatheadDeathProcedure to FORGE
[14May2025 22:21:16.102] [modloading-worker-0/DEBUG] [net.minecraftforge.fml.javafmlmod.AutomaticEventSubscriber/LOADING]: Attempting to inject @EventBusSubscriber classes into the eventbus for farmersdelight
[14May2025 22:21:16.102] [modloading-worker-0/DEBUG] [net.minecraftforge.fml.javafmlmod.AutomaticEventSubscriber/LOADING]: Auto-subscribing vectorwing.farmersdelight.data.DataGenerators to MOD
[14May2025 22:21:16.103] [modloading-worker-0/DEBUG] [net.minecraftforge.fml.javafmlmod.AutomaticEventSubscriber/LOADING]: Auto-subscribing net.mcreator.enemyexpansion.procedures.LadybugHurtProcedure to FORGE
[14May2025 22:21:16.103] [modloading-worker-0/DEBUG] [net.minecraftforge.fml.javafmlmod.AutomaticEventSubscriber/LOADING]: Auto-subscribing vectorwing.farmersdelight.common.item.SkilletItem$SkilletEvents to FORGE
[14May2025 22:21:16.104] [modloading-worker-0/DEBUG] [net.minecraftforge.fml.javafmlmod.AutomaticEventSubscriber/LOADING]: Auto-subscribing vectorwing.farmersdelight.common.item.KnifeItem$KnifeEvents to FORGE
[14May2025 22:21:16.106] [modloading-worker-0/DEBUG] [net.minecraftforge.fml.javafmlmod.AutomaticEventSubscriber/LOADING]: Auto-subscribing vectorwing.farmersdelight.common.item.HorseFeedItem$HorseFeedEvent to FORGE
[14May2025 22:21:16.107] [modloading-worker-0/DEBUG] [net.minecraftforge.fml.javafmlmod.AutomaticEventSubscriber/LOADING]: Auto-subscribing net.mcreator.enemyexpansion.procedures.KillMobAdvancementProcedure to FORGE
[14May2025 22:21:16.108] [modloading-worker-0/DEBUG] [net.minecraftforge.fml.javafmlmod.AutomaticEventSubscriber/LOADING]: Auto-subscribing net.mcreator.enemyexpansion.procedures.IntruderSpeedUpProcedure to FORGE
[14May2025 22:21:16.109] [modloading-worker-0/DEBUG] [net.minecraftforge.fml.javafmlmod.AutomaticEventSubscriber/LOADING]: Auto-subscribing net.mcreator.enemyexpansion.procedures.HorseheadDeathProcedure to FORGE
[14May2025 22:21:16.109] [modloading-worker-0/DEBUG] [net.minecraftforge.fml.javafmlmod.AutomaticEventSubscriber/LOADING]: Auto-subscribing vectorwing.farmersdelight.common.item.enchantment.BackstabbingEnchantment$BackstabbingEvent to FORGE
[14May2025 22:21:16.110] [modloading-worker-0/DEBUG] [mixin/]: Mixing self.SelfSlingshotMixin from supplementaries.mixins.json into net.mehvahdjukaar.supplementaries.common.items.SlingshotItem
[14May2025 22:21:16.116] [modloading-worker-0/DEBUG] [net.minecraftforge.fml.javafmlmod.AutomaticEventSubscriber/LOADING]: Auto-subscribing vectorwing.farmersdelight.common.item.DogFoodItem$DogFoodEvent to FORGE
[14May2025 22:21:16.116] [modloading-worker-0/DEBUG] [net.minecraftforge.fml.javafmlmod.AutomaticEventSubscriber/LOADING]: Auto-subscribing net.mcreator.enemyexpansion.procedures.HeadbiterDeathProcedure to FORGE
[14May2025 22:21:16.118] [modloading-worker-0/DEBUG] [net.minecraftforge.fml.javafmlmod.AutomaticEventSubscriber/LOADING]: Auto-subscribing vectorwing.farmersdelight.common.event.VillagerEvents to FORGE
[14May2025 22:21:16.119] [modloading-worker-0/DEBUG] [mixin/]: Mixing self.SelfSafeMixin from supplementaries.mixins.json into net.mehvahdjukaar.supplementaries.common.block.blocks.SafeBlock
[14May2025 22:21:16.121] [modloading-worker-0/DEBUG] [net.minecraftforge.fml.javafmlmod.AutomaticEventSubscriber/LOADING]: Auto-subscribing net.mcreator.enemyexpansion.procedures.GoblinStealProcedure to FORGE
[14May2025 22:21:16.122] [modloading-worker-0/DEBUG] [net.minecraftforge.fml.javafmlmod.AutomaticEventSubscriber/LOADING]: Auto-subscribing net.mcreator.enemyexpansion.procedures.FlutterflyHurtProcedure to FORGE
[14May2025 22:21:16.122] [modloading-worker-0/DEBUG] [net.minecraftforge.fml.javafmlmod.AutomaticEventSubscriber/LOADING]: Auto-subscribing vectorwing.farmersdelight.common.event.SetupEvents to MOD
[14May2025 22:21:16.124] [modloading-worker-0/DEBUG] [net.minecraftforge.fml.javafmlmod.AutomaticEventSubscriber/LOADING]: Auto-subscribing vectorwing.farmersdelight.common.event.MappingEvents to FORGE
[14May2025 22:21:16.125] [modloading-worker-0/DEBUG] [net.minecraftforge.fml.javafmlmod.AutomaticEventSubscriber/LOADING]: Auto-subscribing net.mcreator.enemyexpansion.procedures.FliesFromZombiesProcedure to FORGE
[14May2025 22:21:16.126] [modloading-worker-0/DEBUG] [net.minecraftforge.fml.javafmlmod.AutomaticEventSubscriber/LOADING]: Auto-subscribing net.mcreator.enemyexpansion.procedures.FallerNukedProcedure to FORGE
[14May2025 22:21:16.127] [modloading-worker-0/DEBUG] [net.minecraftforge.fml.javafmlmod.AutomaticEventSubscriber/LOADING]: Auto-subscribing net.mcreator.enemyexpansion.network.StarvedGUISlotMessage to MOD
[14May2025 22:21:16.127] [modloading-worker-0/DEBUG] [net.minecraftforge.fml.javafmlmod.AutomaticEventSubscriber/LOADING]: Auto-subscribing net.mcreator.enemyexpansion.init.EntityAnimationFactory to FORGE
[14May2025 22:21:16.129] [modloading-worker-0/DEBUG] [net.minecraftforge.fml.javafmlmod.AutomaticEventSubscriber/LOADING]: Auto-subscribing vectorwing.farmersdelight.common.event.CommonEvents to FORGE
[14May2025 22:21:16.129] [modloading-worker-0/DEBUG] [mixin/]: Mixing self.SelfWrenchMixin from supplementaries.mixins.json into net.mehvahdjukaar.supplementaries.common.items.WrenchItem
[14May2025 22:21:16.129] [modloading-worker-0/DEBUG] [mixin/]: Renaming synthetic method lambda$onLeftClickEntity$0(Lnet/minecraft/world/entity/player/Player;Lnet/minecraft/world/entity/player/Player;)V to mdb7ac4f$lambda$onLeftClickEntity$0$0 in supplementaries.mixins.json:self.SelfWrenchMixin
[14May2025 22:21:16.139] [modloading-worker-0/DEBUG] [net.minecraftforge.fml.javafmlmod.AutomaticEventSubscriber/LOADING]: Auto-subscribing net.mcreator.enemyexpansion.init.EnemyexpansionModTabs to MOD
[14May2025 22:21:16.139] [modloading-worker-0/DEBUG] [net.minecraftforge.fml.javafmlmod.AutomaticEventSubscriber/LOADING]: Auto-subscribing net.mcreator.enemyexpansion.init.EnemyexpansionModEntities to MOD
[14May2025 22:21:16.140] [modloading-worker-0/DEBUG] [net.minecraftforge.fml.javafmlmod.AutomaticEventSubscriber/LOADING]: Auto-subscribing net.mcreator.enemyexpansion.init.EnemyexpansionModConfigs to MOD
[14May2025 22:21:16.145] [modloading-worker-0/DEBUG] [net.minecraftforge.fml.javafmlmod.AutomaticEventSubscriber/LOADING]: Auto-subscribing vectorwing.farmersdelight.common.block.CuttingBoardBlock$ToolCarvingEvent to FORGE
[14May2025 22:21:16.147] [modloading-worker-0/DEBUG] [net.minecraftforge.fml.config.ConfigTracker/CONFIG]: Config file despawn_tweaker-common.toml for despawn_tweaker tracking
[14May2025 22:21:16.149] [modloading-worker-0/DEBUG] [net.minecraftforge.fml.javafmlmod.AutomaticEventSubscriber/LOADING]: Attempting to inject @EventBusSubscriber classes into the eventbus for despawn_tweaker
[14May2025 22:21:16.149] [modloading-worker-0/DEBUG] [net.minecraftforge.fml.javafmlmod.AutomaticEventSubscriber/LOADING]: Attempting to inject @EventBusSubscriber classes into the eventbus for cerbons_api
[14May2025 22:21:16.149] [modloading-worker-0/DEBUG] [net.minecraftforge.fml.javafmlmod.AutomaticEventSubscriber/LOADING]: Auto-subscribing com.cerbon.cerbons_api.event.ForgeEvents to FORGE
[14May2025 22:21:16.155] [modloading-worker-0/DEBUG] [net.minecraftforge.fml.config.ConfigTracker/CONFIG]: Config file curios-client.toml for curios tracking
[14May2025 22:21:16.157] [modloading-worker-0/DEBUG] [net.minecraftforge.fml.javafmlmod.AutomaticEventSubscriber/LOADING]: Auto-subscribing com.cerbon.cerbons_api.event.CerbonsApiCommonEvents to MOD
[14May2025 22:21:16.161] [modloading-worker-0/DEBUG] [net.minecraftforge.fml.config.ConfigTracker/CONFIG]: Config file curios-common.toml for curios tracking
[14May2025 22:21:16.161] [modloading-worker-0/DEBUG] [net.minecraftforge.fml.config.ConfigTracker/CONFIG]: Config file curios-server.toml for curios tracking
[14May2025 22:21:16.161] [modloading-worker-0/DEBUG] [net.minecraftforge.fml.javafmlmod.AutomaticEventSubscriber/LOADING]: Attempting to inject @EventBusSubscriber classes into the eventbus for searchables
[14May2025 22:21:16.161] [modloading-worker-0/DEBUG] [mixin/]: Mixing self.SelfQuiverItemMixin from supplementaries.mixins.json into net.mehvahdjukaar.supplementaries.common.items.QuiverItem
[14May2025 22:21:16.161] [modloading-worker-0/DEBUG] [net.minecraftforge.fml.javafmlmod.AutomaticEventSubscriber/LOADING]: Attempting to inject @EventBusSubscriber classes into the eventbus for curios
[14May2025 22:21:16.165] [modloading-worker-0/INFO] [noisium/]: Loading Noisium.
[14May2025 22:21:16.165] [modloading-worker-0/DEBUG] [net.minecraftforge.fml.javafmlmod.AutomaticEventSubscriber/LOADING]: Attempting to inject @EventBusSubscriber classes into the eventbus for noisium
[14May2025 22:21:16.165] [modloading-worker-0/DEBUG] [net.minecraftforge.fml.javafmlmod.AutomaticEventSubscriber/LOADING]: Attempting to inject @EventBusSubscriber classes into the eventbus for resourcefullib
[14May2025 22:21:16.166] [modloading-worker-0/DEBUG] [net.minecraftforge.fml.javafmlmod.AutomaticEventSubscriber/LOADING]: Attempting to inject @EventBusSubscriber classes into the eventbus for boatbreakfix
[14May2025 22:21:16.174] [modloading-worker-0/DEBUG] [mixin/]: Mixing self.SelfLunchBoxItemMixin from supplementaries.mixins.json into net.mehvahdjukaar.supplementaries.common.items.LunchBoxItem
[14May2025 22:21:16.202] [modloading-worker-0/DEBUG] [mixin/]: Mixing self.SelfOpenableContainerMixin from supplementaries.mixins.json into net.mehvahdjukaar.supplementaries.common.block.tiles.OpeneableContainerBlockEntity
[14May2025 22:21:16.230] [modloading-worker-0/DEBUG] [mixin/]: Mixing self.SelfPlanterMixin from supplementaries.mixins.json into net.mehvahdjukaar.supplementaries.common.block.blocks.PlanterBlock
[14May2025 22:21:16.252] [modloading-worker-0/DEBUG] [mixin/]: Mixing accessor.LootTableForgeAccessor from puzzleslib.forge.mixins.json into net.minecraft.world.level.storage.loot.LootTable
[14May2025 22:21:16.297] [modloading-worker-0/DEBUG] [net.minecraftforge.fml.javafmlmod.AutomaticEventSubscriber/LOADING]: Attempting to inject @EventBusSubscriber classes into the eventbus for architectury
[14May2025 22:21:16.297] [modloading-worker-0/DEBUG] [net.minecraftforge.fml.javafmlmod.AutomaticEventSubscriber/LOADING]: Auto-subscribing dev.architectury.registry.level.entity.trade.forge.TradeRegistryImpl to FORGE
[14May2025 22:21:16.299] [modloading-worker-0/DEBUG] [net.minecraftforge.fml.javafmlmod.AutomaticEventSubscriber/LOADING]: Auto-subscribing dev.architectury.registry.forge.ReloadListenerRegistryImpl to FORGE
[14May2025 22:21:16.303] [modloading-worker-0/DEBUG] [mixin/]: Mixing self.SelfFrameMixin from supplementaries.mixins.json into net.mehvahdjukaar.supplementaries.common.block.blocks.FrameBlock
[14May2025 22:21:16.305] [modloading-worker-0/DEBUG] [net.minecraftforge.fml.javafmlmod.AutomaticEventSubscriber/LOADING]: Auto-subscribing dev.architectury.networking.forge.NetworkManagerImpl to FORGE
[14May2025 22:21:16.315] [modloading-worker-0/INFO] [dev.architectury.networking.forge.NetworkManagerImpl/]: Registering C2S receiver with id architectury:sync_ids
[14May2025 22:21:16.384] [modloading-worker-0/DEBUG] [mixin/]: Mixing LootTablesMixin from placebo.mixins.json into net.minecraft.world.level.storage.loot.LootDataManager
[14May2025 22:21:16.385] [modloading-worker-0/DEBUG] [mixin/]: Renaming synthetic method lambda$apply$0(Lnet/minecraft/world/level/storage/loot/LootDataId;Lnet/minecraft/world/level/storage/loot/LootTable;)V to mdb7ac4f$lambda$apply$0$0 in placebo.mixins.json:LootTablesMixin
[14May2025 22:21:16.388] [modloading-worker-0/DEBUG] [mixin/]: Mixing MixinLootDataManager from architectury.mixins.json into net.minecraft.world.level.storage.loot.LootDataManager
[14May2025 22:21:16.389] [modloading-worker-0/DEBUG] [mixin/]: Mixing LootDataManagerForgeMixin from puzzleslib.forge.mixins.json into net.minecraft.world.level.storage.loot.LootDataManager
[14May2025 22:21:16.395] [modloading-worker-0/DEBUG] [net.minecraftforge.fml.javafmlmod.AutomaticEventSubscriber/LOADING]: Attempting to inject @EventBusSubscriber classes into the eventbus for enderitemod
[14May2025 22:21:16.408] [modloading-worker-0/DEBUG] [net.minecraftforge.fml.config.ConfigTracker/CONFIG]: Config file aiimprovements-common.toml for aiimprovements tracking
[14May2025 22:21:16.408] [modloading-worker-0/DEBUG] [net.minecraftforge.fml.javafmlmod.AutomaticEventSubscriber/LOADING]: Attempting to inject @EventBusSubscriber classes into the eventbus for aiimprovements
[14May2025 22:21:16.408] [modloading-worker-0/DEBUG] [net.minecraftforge.fml.javafmlmod.AutomaticEventSubscriber/LOADING]: Auto-subscribing com.builtbroken.ai.improvements.modifier.ModifierSystem to FORGE
[14May2025 22:21:16.426] [modloading-worker-0/DEBUG] [net.minecraftforge.fml.javafmlmod.AutomaticEventSubscriber/LOADING]: Auto-subscribing com.builtbroken.ai.improvements.AIImprovements to MOD
[14May2025 22:21:16.429] [modloading-worker-0/INFO] [com.cupboard.Cupboard/]: Loaded config for: cupboard.json
[14May2025 22:21:16.435] [modloading-worker-0/DEBUG] [net.minecraftforge.fml.javafmlmod.AutomaticEventSubscriber/LOADING]: Attempting to inject @EventBusSubscriber classes into the eventbus for cupboard
[14May2025 22:21:16.435] [modloading-worker-0/DEBUG] [mixin/]: Mixing SelfEntitySpawnDataMixin from moonlight.mixins.json into net.mehvahdjukaar.moonlight.api.entity.IExtraClientSpawnData
[14May2025 22:21:16.450] [modloading-worker-0/DEBUG] [net.minecraftforge.fml.javafmlmod.AutomaticEventSubscriber/LOADING]: Attempting to inject @EventBusSubscriber classes into the eventbus for refurbished_furniture
[14May2025 22:21:16.450] [modloading-worker-0/DEBUG] [net.minecraftforge.fml.javafmlmod.AutomaticEventSubscriber/LOADING]: Auto-subscribing com.mrcrayfish.furniture.refurbished.ForgeEvents to FORGE
[14May2025 22:21:16.477] [modloading-worker-0/DEBUG] [net.minecraftforge.fml.config.ConfigTracker/CONFIG]: Config file cfm-client.toml for cfm tracking
[14May2025 22:21:16.477] [modloading-worker-0/DEBUG] [net.minecraftforge.fml.config.ConfigTracker/CONFIG]: Config file cfm-common.toml for cfm tracking
[14May2025 22:21:16.480] [modloading-worker-0/DEBUG] [net.minecraftforge.fml.javafmlmod.AutomaticEventSubscriber/LOADING]: Attempting to inject @EventBusSubscriber classes into the eventbus for cfm
[14May2025 22:21:16.480] [modloading-worker-0/DEBUG] [net.minecraftforge.fml.javafmlmod.AutomaticEventSubscriber/LOADING]: Auto-subscribing com.mrcrayfish.furniture.common.mail.PostOffice to FORGE
[14May2025 22:21:16.486] [modloading-worker-0/DEBUG] [net.minecraftforge.fml.javafmlmod.AutomaticEventSubscriber/LOADING]: Attempting to inject @EventBusSubscriber classes into the eventbus for monolib
[14May2025 22:21:16.487] [modloading-worker-0/DEBUG] [net.minecraftforge.fml.javafmlmod.AutomaticEventSubscriber/LOADING]: Attempting to inject @EventBusSubscriber classes into the eventbus for stackable_stew_and_soup
[14May2025 22:21:16.489] [modloading-worker-0/DEBUG] [net.minecraftforge.fml.javafmlmod.AutomaticEventSubscriber/LOADING]: Attempting to inject @EventBusSubscriber classes into the eventbus for krypton
[14May2025 22:21:16.496] [modloading-worker-0/DEBUG] [Framework/]: Loaded com.mrcrayfish.framework.platform.ForgePlatformHelper@6ce92dc4 for service interface com.mrcrayfish.framework.platform.services.IPlatformHelper
[14May2025 22:21:16.499] [modloading-worker-0/DEBUG] [Framework/]: Loaded com.mrcrayfish.framework.platform.ForgeNetworkHelper@3877cb1a for service interface com.mrcrayfish.framework.platform.services.INetworkHelper
[14May2025 22:21:16.502] [modloading-worker-0/DEBUG] [Framework/]: Loaded com.mrcrayfish.framework.platform.ForgeRegistrationHelper@2cf00aef for service interface com.mrcrayfish.framework.platform.services.IRegistrationHelper
[14May2025 22:21:16.502] [modloading-worker-0/DEBUG] [Framework/]: Loaded com.mrcrayfish.framework.platform.ForgeEntityHelper@2a24100 for service interface com.mrcrayfish.framework.platform.services.IEntityHelper
[14May2025 22:21:16.503] [modloading-worker-0/DEBUG] [Framework/]: Loaded com.mrcrayfish.framework.platform.ForgeItemHelper@5ee44948 for service interface com.mrcrayfish.framework.platform.services.IItemHelper
[14May2025 22:21:16.508] [modloading-worker-0/DEBUG] [Framework/]: Loaded com.mrcrayfish.framework.platform.ForgeConfigHelper@736fe58a for service interface com.mrcrayfish.framework.platform.services.IConfigHelper
[14May2025 22:21:16.508] [modloading-worker-0/DEBUG] [mixin/]: Mixing MapDataMixin from moonlight-common.mixins.json into net.minecraft.world.level.saveddata.maps.MapItemSavedData
[14May2025 22:21:16.509] [modloading-worker-0/DEBUG] [mixin/]: Renaming synthetic method lambda$save$3(Lnet/minecraft/nbt/CompoundTag;Lnet/minecraft/resources/ResourceLocation;Lnet/mehvahdjukaar/moonlight/api/map/CustomMapData;)V to mdb7ac4f$lambda$save$3$0 in moonlight-common.mixins.json:MapDataMixin
[14May2025 22:21:16.509] [modloading-worker-0/DEBUG] [mixin/]: Renaming synthetic method lambda$load$2(Lnet/minecraft/nbt/CompoundTag;Lnet/mehvahdjukaar/moonlight/api/map/CustomMapData;)V to mdb7ac4f$lambda$load$2$1 in moonlight-common.mixins.json:MapDataMixin
[14May2025 22:21:16.509] [modloading-worker-0/DEBUG] [mixin/]: Renaming synthetic method lambda$setCustomDataDirty$1(Lnet/mehvahdjukaar/moonlight/api/map/CustomMapData$Type;Ljava/util/function/Consumer;Lnet/minecraft/world/level/saveddata/maps/MapItemSavedData$HoldingPlayer;)V to mdb7ac4f$lambda$setCustomDataDirty$1$2 in moonlight-common.mixins.json:MapDataMixin
[14May2025 22:21:16.510] [modloading-worker-0/DEBUG] [mixin/]: Renaming synthetic method lambda$setCustomDecorationsDirty$0(Lnet/minecraft/world/level/saveddata/maps/MapItemSavedData$HoldingPlayer;)V to mdb7ac4f$lambda$setCustomDecorationsDirty$0$3 in moonlight-common.mixins.json:MapDataMixin
[14May2025 22:21:16.555] [modloading-worker-0/DEBUG] [io.netty.util.internal.InternalThreadLocalMap/]: -Dio.netty.threadLocalMap.stringBuilder.initialSize: 1024
[14May2025 22:21:16.555] [modloading-worker-0/DEBUG] [io.netty.util.internal.InternalThreadLocalMap/]: -Dio.netty.threadLocalMap.stringBuilder.maxSize: 4096
[14May2025 22:21:16.556] [modloading-worker-0/DEBUG] [io.netty.util.internal.ThreadLocalRandom/]: -Dio.netty.initialSeedUniquifier: 0xeee6c6bd7d897cff
[14May2025 22:21:16.560] [modloading-worker-0/DEBUG] [net.minecraftforge.fml.javafmlmod.AutomaticEventSubscriber/LOADING]: Attempting to inject @EventBusSubscriber classes into the eventbus for cataclysm
[14May2025 22:21:16.563] [modloading-worker-0/DEBUG] [net.minecraftforge.fml.javafmlmod.AutomaticEventSubscriber/LOADING]: Auto-subscribing com.github.L_Ender.cataclysm.world.CMWorldRegistry to MOD
[14May2025 22:21:16.565] [modloading-worker-0/DEBUG] [net.minecraftforge.fml.javafmlmod.AutomaticEventSubscriber/LOADING]: Auto-subscribing com.github.L_Ender.cataclysm.init.ModEntities to MOD
[14May2025 22:21:16.565] [modloading-worker-0/DEBUG] [net.minecraftforge.fml.javafmlmod.AutomaticEventSubscriber/LOADING]: Auto-subscribing com.github.L_Ender.cataclysm.event.ServerEventHandler to FORGE
[14May2025 22:21:16.565] [modloading-worker-0/DEBUG] [net.minecraftforge.fml.javafmlmod.AutomaticEventSubscriber/LOADING]: Auto-subscribing com.github.L_Ender.cataclysm.CommonProxy to MOD
[14May2025 22:21:16.566] [modloading-worker-0/DEBUG] [net.minecraftforge.fml.javafmlmod.AutomaticEventSubscriber/LOADING]: Auto-subscribing com.github.L_Ender.cataclysm.Cataclysm to FORGE
[14May2025 22:21:16.570] [modloading-worker-0/DEBUG] [net.minecraftforge.fml.config.ConfigTracker/CONFIG]: Config file fastleafdecay-server.toml for fastleafdecay tracking
[14May2025 22:21:16.570] [modloading-worker-0/DEBUG] [net.minecraftforge.fml.javafmlmod.AutomaticEventSubscriber/LOADING]: Attempting to inject @EventBusSubscriber classes into the eventbus for fastleafdecay
[14May2025 22:21:16.571] [modloading-worker-0/DEBUG] [net.minecraftforge.fml.javafmlmod.AutomaticEventSubscriber/LOADING]: Auto-subscribing net.olafski.fastleafdecay.FldConfiguration to MOD
[14May2025 22:21:16.571] [modloading-worker-0/DEBUG] [net.minecraftforge.fml.config.ConfigTracker/CONFIG]: Config file gamemenumodoption-client.toml for gamemenumodoption tracking
[14May2025 22:21:16.572] [modloading-worker-0/DEBUG] [net.minecraftforge.fml.javafmlmod.AutomaticEventSubscriber/LOADING]: Attempting to inject @EventBusSubscriber classes into the eventbus for gamemenumodoption
[14May2025 22:21:16.576] [modloading-worker-0/DEBUG] [playerrevive/]: Created network playerrevive:main
[14May2025 22:21:16.579] [modloading-worker-0/DEBUG] [net.minecraftforge.fml.config.ConfigTracker/CONFIG]: Config file illageandspillage-client.toml for illageandspillage tracking
[14May2025 22:21:16.580] [modloading-worker-0/DEBUG] [net.minecraftforge.fml.javafmlmod.AutomaticEventSubscriber/LOADING]: Attempting to inject @EventBusSubscriber classes into the eventbus for playerrevive
[14May2025 22:21:16.582] [modloading-worker-0/DEBUG] [net.minecraftforge.fml.javafmlmod.AutomaticEventSubscriber/LOADING]: Attempting to inject @EventBusSubscriber classes into the eventbus for enchantinginfuser
[14May2025 22:21:16.582] [modloading-worker-0/DEBUG] [net.minecraftforge.fml.javafmlmod.AutomaticEventSubscriber/LOADING]: Auto-subscribing fuzs.enchantinginfuser.EnchantingInfuserForge to MOD
[14May2025 22:21:16.583] [modloading-worker-0/DEBUG] [net.minecraftforge.fml.config.ConfigTracker/CONFIG]: Config file illageandspillage-common.toml for illageandspillage tracking
[14May2025 22:21:16.583] [modloading-worker-0/DEBUG] [net.minecraftforge.fml.javafmlmod.AutomaticEventSubscriber/LOADING]: Attempting to inject @EventBusSubscriber classes into the eventbus for illageandspillage
[14May2025 22:21:16.583] [modloading-worker-0/DEBUG] [net.minecraftforge.fml.javafmlmod.AutomaticEventSubscriber/LOADING]: Auto-subscribing com.yellowbrossproductions.illageandspillage.events.NightmareEvents to FORGE
[14May2025 22:21:16.602] [modloading-worker-0/DEBUG] [net.minecraftforge.fml.javafmlmod.AutomaticEventSubscriber/LOADING]: Auto-subscribing com.yellowbrossproductions.illageandspillage.events.ForgeEventBusSubscriber to FORGE
[14May2025 22:21:16.606] [modloading-worker-0/INFO] [Puzzles Lib/]: Constructing common components for enchantinginfuser:main
[14May2025 22:21:16.609] [modloading-worker-0/DEBUG] [MrCrayfish's Furniture Mod: Refurbished/]: Loaded com.mrcrayfish.furniture.refurbished.platform.ForgePlatformHelper@5462ee8e for service interface com.mrcrayfish.furniture.refurbished.platform.services.IPlatformHelper
[14May2025 22:21:16.611] [modloading-worker-0/DEBUG] [net.minecraftforge.fml.config.ConfigTracker/CONFIG]: Config file enchantinginfuser-server.toml for enchantinginfuser tracking
[14May2025 22:21:16.616] [modloading-worker-0/INFO] [TimeOnDisplay/]: Hello Forge world!
[14May2025 22:21:16.621] [modloading-worker-0/DEBUG] [TimeOnDisplay/]: Loaded forge.net.jason13.timeondisplay.platform.ForgePlatformHelper@692c5734 for service interface forge.net.jason13.timeondisplay.platform.services.IPlatformHelper
[14May2025 22:21:16.621] [modloading-worker-0/INFO] [TimeOnDisplay/]: Hello from TimeOnDisplay Common init on Forge! we are currently in a production environment!
[14May2025 22:21:16.622] [modloading-worker-0/INFO] [TimeOnDisplay/]: The ID for diamonds is minecraft:diamond
[14May2025 22:21:16.622] [modloading-worker-0/INFO] [TimeOnDisplay/]: Hello to TimeOnDisplay
[14May2025 22:21:16.626] [modloading-worker-0/DEBUG] [net.minecraftforge.fml.config.ConfigTracker/CONFIG]: Config file timeondisplay-client.toml for timeondisplay tracking
[14May2025 22:21:16.627] [modloading-worker-0/DEBUG] [MrCrayfish's Furniture Mod: Refurbished/]: Loaded com.mrcrayfish.furniture.refurbished.platform.ForgeBlockHelper@28f5e1df for service interface com.mrcrayfish.furniture.refurbished.platform.services.IBlockHelper
[14May2025 22:21:16.630] [modloading-worker-0/DEBUG] [net.minecraftforge.fml.javafmlmod.AutomaticEventSubscriber/LOADING]: Attempting to inject @EventBusSubscriber classes into the eventbus for timeondisplay
[14May2025 22:21:16.630] [modloading-worker-0/DEBUG] [net.minecraftforge.fml.javafmlmod.AutomaticEventSubscriber/LOADING]: Attempting to inject @EventBusSubscriber classes into the eventbus for radium
[14May2025 22:21:16.637] [modloading-worker-0/DEBUG] [net.minecraftforge.fml.javafmlmod.AutomaticEventSubscriber/LOADING]: Auto-subscribing com.yellowbrossproductions.illageandspillage.IllageAndSpillage$RegistryEvents to MOD
[14May2025 22:21:16.638] [modloading-worker-0/DEBUG] [MrCrayfish's Furniture Mod: Refurbished/]: Loaded com.mrcrayfish.furniture.refurbished.platform.ForgeBlockEntityHelper@58808570 for service interface com.mrcrayfish.furniture.refurbished.platform.services.IBlockEntityHelper
[14May2025 22:21:16.639] [modloading-worker-0/DEBUG] [MrCrayfish's Furniture Mod: Refurbished/]: Loaded com.mrcrayfish.furniture.refurbished.platform.ForgeItemHelper@7ba05831 for service interface com.mrcrayfish.furniture.refurbished.platform.services.IItemHelper
[14May2025 22:21:16.639] [modloading-worker-0/DEBUG] [MrCrayfish's Furniture Mod: Refurbished/]: Loaded com.mrcrayfish.furniture.refurbished.platform.ForgeEntityHelper@27542ee5 for service interface com.mrcrayfish.furniture.refurbished.platform.services.IEntityHelper
[14May2025 22:21:16.640] [modloading-worker-0/DEBUG] [MrCrayfish's Furniture Mod: Refurbished/]: Loaded com.mrcrayfish.furniture.refurbished.platform.ForgeRecipeHelper@5783311e for service interface com.mrcrayfish.furniture.refurbished.platform.services.IRecipeHelper
[14May2025 22:21:16.641] [modloading-worker-0/DEBUG] [MrCrayfish's Furniture Mod: Refurbished/]: Loaded com.mrcrayfish.furniture.refurbished.platform.ForgeFluidHelper@6c9829ed for service interface com.mrcrayfish.furniture.refurbished.platform.services.IFluidHelper
[14May2025 22:21:16.642] [modloading-worker-0/DEBUG] [MrCrayfish's Furniture Mod: Refurbished/]: Loaded com.mrcrayfish.furniture.refurbished.platform.ForgeTagHelper@1809d170 for service interface com.mrcrayfish.furniture.refurbished.platform.services.ITagHelper
[14May2025 22:21:16.650] [modloading-worker-0/DEBUG] [net.minecraftforge.fml.javafmlmod.AutomaticEventSubscriber/LOADING]: Attempting to inject @EventBusSubscriber classes into the eventbus for bhmenu
[14May2025 22:21:16.650] [modloading-worker-0/DEBUG] [MrCrayfish's Furniture Mod: Refurbished/]: Loaded com.mrcrayfish.furniture.refurbished.platform.ForgeMenuHelper@3c8de255 for service interface com.mrcrayfish.furniture.refurbished.platform.services.IMenuHelper
[14May2025 22:21:16.699] [modloading-worker-0/DEBUG] [mixin/]: Mixing ai.task.launch.BrainMixin from lithium.mixins.json into net.minecraft.world.entity.ai.Brain
[14May2025 22:21:16.703] [modloading-worker-0/DEBUG] [mixin/]: lithium.mixins.json:ai.task.launch.BrainMixin: Class version 61 required is higher than the class version supported by the current version of Mixin (JAVA_16 supports class version 60)
[14May2025 22:21:16.713] [modloading-worker-0/DEBUG] [mixin/]: Mixing ai.task.memory_change_counting.BrainMixin from lithium.mixins.json into net.minecraft.world.entity.ai.Brain
[14May2025 22:21:16.713] [modloading-worker-0/DEBUG] [mixin/]: lithium.mixins.json:ai.task.memory_change_counting.BrainMixin: Class version 61 required is higher than the class version supported by the current version of Mixin (JAVA_16 supports class version 60)
[14May2025 22:21:16.714] [modloading-worker-0/DEBUG] [mixin/]: Mixing collections.brain.BrainMixin from lithium.mixins.json into net.minecraft.world.entity.ai.Brain
[14May2025 22:21:16.717] [modloading-worker-0/DEBUG] [mixin/]: lithium.mixins.json:collections.brain.BrainMixin: Class version 61 required is higher than the class version supported by the current version of Mixin (JAVA_16 supports class version 60)
[14May2025 22:21:16.724] [modloading-worker-0/DEBUG] [mixin/]: Mixing accessor.BrainAccessor from moonlight-common.mixins.json into net.minecraft.world.entity.ai.Brain
[14May2025 22:21:16.758] [modloading-worker-0/DEBUG] [mixin/]: Mixing PacketDistributorHackMixin from moonlight.mixins.json into net.minecraftforge.network.PacketDistributor
[14May2025 22:21:16.768] [modloading-worker-0/DEBUG] [net.minecraftforge.fml.javafmlmod.AutomaticEventSubscriber/LOADING]: Attempting to inject @EventBusSubscriber classes into the eventbus for supplementaries
[14May2025 22:21:16.768] [modloading-worker-0/DEBUG] [net.minecraftforge.fml.javafmlmod.AutomaticEventSubscriber/LOADING]: Auto-subscribing net.mehvahdjukaar.supplementaries.forge.RemapHandler to FORGE
[14May2025 22:21:16.769] [modloading-worker-0/DEBUG] [net.minecraftforge.fml.javafmlmod.AutomaticEventSubscriber/LOADING]: Attempting to inject @EventBusSubscriber classes into the eventbus for geckolib
[14May2025 22:21:16.773] [modloading-worker-0/DEBUG] [net.minecraftforge.fml.javafmlmod.AutomaticEventSubscriber/LOADING]: Auto-subscribing software.bernie.example.GeckoLibMod to FORGE
[14May2025 22:21:16.774] [modloading-worker-0/DEBUG] [net.minecraftforge.fml.javafmlmod.AutomaticEventSubscriber/LOADING]: Auto-subscribing software.bernie.example.CommonListener to MOD
[14May2025 22:21:16.775] [modloading-worker-0/DEBUG] [net.minecraftforge.fml.javafmlmod.AutomaticEventSubscriber/LOADING]: Attempting to inject @EventBusSubscriber classes into the eventbus for mutantmonsters
[14May2025 22:21:16.778] [modloading-worker-0/DEBUG] [net.minecraftforge.fml.javafmlmod.AutomaticEventSubscriber/LOADING]: Auto-subscribing fuzs.mutantmonsters.MutantMonstersForge to MOD
[14May2025 22:21:16.789] [modloading-worker-0/INFO] [Puzzles Lib/]: Constructing common components for mutantmonsters:main
[14May2025 22:21:16.797] [modloading-worker-0/DEBUG] [net.minecraftforge.fml.config.ConfigTracker/CONFIG]: Config file mutantmonsters-common.toml for mutantmonsters tracking
[14May2025 22:21:16.798] [modloading-worker-0/DEBUG] [net.minecraftforge.fml.config.ConfigTracker/CONFIG]: Config file mutantmonsters-server.toml for mutantmonsters tracking
[14May2025 22:21:16.880] [modloading-worker-0/DEBUG] [mixin/]: Mixing accessor.LootContextParamSetsAccessor from mutantmonsters.common.mixins.json into net.minecraft.world.level.storage.loot.parameters.LootContextParamSets
[14May2025 22:21:16.954] [modloading-worker-0/DEBUG] [net.minecraftforge.fml.config.ConfigTracker/CONFIG]: Config file darkestsouls-common.toml for darkestsouls tracking
[14May2025 22:21:17.023] [modloading-worker-0/DEBUG] [net.minecraftforge.fml.config.ConfigTracker/CONFIG]: Config file mowziesmobs-common.toml for mowziesmobs tracking
[14May2025 22:21:17.061] [modloading-worker-0/DEBUG] [net.minecraftforge.fml.javafmlmod.AutomaticEventSubscriber/LOADING]: Attempting to inject @EventBusSubscriber classes into the eventbus for mowziesmobs
[14May2025 22:21:17.065] [modloading-worker-0/DEBUG] [net.minecraftforge.fml.javafmlmod.AutomaticEventSubscriber/LOADING]: Auto-subscribing com.bobmowzie.mowziesmobs.server.sound.MMSounds to FORGE
[14May2025 22:21:17.066] [modloading-worker-0/DEBUG] [net.minecraftforge.fml.javafmlmod.AutomaticEventSubscriber/LOADING]: Auto-subscribing com.bobmowzie.mowziesmobs.server.inventory.ContainerHandler to MOD
[14May2025 22:21:17.066] [modloading-worker-0/DEBUG] [net.minecraftforge.fml.javafmlmod.AutomaticEventSubscriber/LOADING]: Auto-subscribing com.bobmowzie.mowziesmobs.server.entity.EntityHandler to MOD
[14May2025 22:21:17.067] [modloading-worker-0/DEBUG] [net.minecraftforge.fml.javafmlmod.AutomaticEventSubscriber/LOADING]: Auto-subscribing com.bobmowzie.mowziesmobs.server.config.ConfigHandler to MOD
[14May2025 22:21:17.068] [modloading-worker-0/DEBUG] [net.minecraftforge.fml.javafmlmod.AutomaticEventSubscriber/LOADING]: Auto-subscribing com.bobmowzie.mowziesmobs.MowziesMobs to FORGE
[14May2025 22:21:17.068] [modloading-worker-0/DEBUG] [net.minecraftforge.fml.javafmlmod.AutomaticEventSubscriber/LOADING]: Auto-subscribing com.bobmowzie.mowziesmobs.datagen.DataGenerators to MOD
[14May2025 22:21:17.088] [modloading-worker-0/DEBUG] [net.minecraftforge.fml.config.ConfigTracker/CONFIG]: Config file amendments-common.toml for amendments tracking
[14May2025 22:21:17.105] [modloading-worker-0/INFO] [snownee.kiwi.Kiwi/INIT]: Processing 6 KiwiModule annotations
[14May2025 22:21:17.172] [modloading-worker-0/DEBUG] [net.minecraftforge.fml.javafmlmod.AutomaticEventSubscriber/LOADING]: Attempting to inject @EventBusSubscriber classes into the eventbus for amendments
[14May2025 22:21:17.172] [modloading-worker-0/DEBUG] [net.minecraftforge.fml.javafmlmod.AutomaticEventSubscriber/LOADING]: Auto-subscribing net.mehvahdjukaar.amendments.forge.RemapHandler to FORGE
[14May2025 22:21:17.175] [modloading-worker-0/DEBUG] [net.minecraftforge.fml.javafmlmod.AutomaticEventSubscriber/LOADING]: Attempting to inject @EventBusSubscriber classes into the eventbus for elysium_api
[14May2025 22:21:17.185] [modloading-worker-0/DEBUG] [net.minecraftforge.fml.config.ConfigTracker/CONFIG]: Config file jei-server.toml for jei tracking
[14May2025 22:21:17.187] [modloading-worker-0/DEBUG] [net.minecraftforge.fml.javafmlmod.AutomaticEventSubscriber/LOADING]: Attempting to inject @EventBusSubscriber classes into the eventbus for darkestsouls
[14May2025 22:21:17.187] [modloading-worker-0/DEBUG] [net.minecraftforge.fml.javafmlmod.AutomaticEventSubscriber/LOADING]: Auto-subscribing github.nitespring.darkestsouls.core.init.SoundInit to FORGE
[14May2025 22:21:17.187] [modloading-worker-0/DEBUG] [net.minecraftforge.fml.javafmlmod.AutomaticEventSubscriber/LOADING]: Auto-subscribing github.nitespring.darkestsouls.core.event.EntitySpawnRegistration to MOD
[14May2025 22:21:17.196] [modloading-worker-0/DEBUG] [net.minecraftforge.fml.javafmlmod.AutomaticEventSubscriber/LOADING]: Auto-subscribing github.nitespring.darkestsouls.core.event.EntityEvents to FORGE
[14May2025 22:21:17.197] [modloading-worker-0/DEBUG] [net.minecraftforge.fml.javafmlmod.AutomaticEventSubscriber/LOADING]: Attempting to inject @EventBusSubscriber classes into the eventbus for jei
[14May2025 22:21:17.201] [modloading-worker-0/DEBUG] [net.minecraftforge.fml.javafmlmod.AutomaticEventSubscriber/LOADING]: Attempting to inject @EventBusSubscriber classes into the eventbus for universalbonemeal
[14May2025 22:21:17.201] [modloading-worker-0/DEBUG] [net.minecraftforge.fml.javafmlmod.AutomaticEventSubscriber/LOADING]: Auto-subscribing fuzs.universalbonemeal.UniversalBoneMealForge to MOD
[14May2025 22:21:17.204] [modloading-worker-0/DEBUG] [net.minecraftforge.fml.javafmlmod.AutomaticEventSubscriber/LOADING]: Auto-subscribing github.nitespring.darkestsouls.core.event.EntityAttributeRegistration to MOD
[14May2025 22:21:17.203] [modloading-worker-0/INFO] [Puzzles Lib/]: Constructing common components for universalbonemeal:main
[14May2025 22:21:17.209] [modloading-worker-0/DEBUG] [net.minecraftforge.fml.config.ConfigTracker/CONFIG]: Config file universalbonemeal-server.toml for universalbonemeal tracking
[14May2025 22:21:17.216] [modloading-worker-0/DEBUG] [net.minecraftforge.fml.javafmlmod.AutomaticEventSubscriber/LOADING]: Attempting to inject @EventBusSubscriber classes into the eventbus for attributefix
[14May2025 22:21:17.217] [modloading-worker-0/DEBUG] [net.minecraftforge.fml.javafmlmod.AutomaticEventSubscriber/LOADING]: Auto-subscribing net.darkhax.attributefix.AttributeFixForge to MOD
[14May2025 22:21:17.221] [modloading-worker-0/DEBUG] [mixin/]: Mixing MixinCaelusApi from caelus.mixins.json into top.theillusivec4.caelus.api.CaelusApi
[14May2025 22:21:17.235] [modloading-worker-0/DEBUG] [net.minecraftforge.fml.javafmlmod.AutomaticEventSubscriber/LOADING]: Attempting to inject @EventBusSubscriber classes into the eventbus for caelus
[14May2025 22:21:17.237] [modloading-worker-0/DEBUG] [Backpacked/]: Loaded com.mrcrayfish.backpacked.platform.ForgePlatformHelper@62a76555 for service interface com.mrcrayfish.backpacked.platform.services.IPlatformHelper
[14May2025 22:21:17.243] [modloading-worker-0/DEBUG] [Backpacked/]: Loaded com.mrcrayfish.backpacked.platform.ForgeBackpackHelper@2acf8a85 for service interface com.mrcrayfish.backpacked.platform.services.IBackpackHelper
[14May2025 22:21:17.244] [modloading-worker-0/DEBUG] [Backpacked/]: Loaded com.mrcrayfish.backpacked.platform.ForgeEntityHelper@77ad1dcf for service interface com.mrcrayfish.backpacked.platform.services.IEntityHelper
[14May2025 22:21:17.246] [modloading-worker-0/DEBUG] [Backpacked/]: Loaded com.mrcrayfish.backpacked.platform.ForgeRegistrationHelper@761f94cc for service interface com.mrcrayfish.backpacked.platform.services.IRegistrationHelper
[14May2025 22:21:17.254] [modloading-worker-0/ERROR] [net.minecraftforge.eventbus.EventSubclassTransformer/EVENTBUS]: Could not find parent net/minecraft/client/renderer/entity/layers/RenderLayer for class com/obscuria/obscureapi/client/renderer/PatreonLayer in classloader cpw.mods.modlauncher.TransformingClassLoader@10618775 on thread Thread[modloading-worker-0,5,main]
[14May2025 22:21:17.255] [modloading-worker-0/ERROR] [net.minecraftforge.eventbus.EventSubclassTransformer/EVENTBUS]: An error occurred building event handler
java.lang.ClassNotFoundException: net.minecraft.client.renderer.entity.layers.RenderLayer
	at cpw.mods.cl.ModuleClassLoader.loadClass(ModuleClassLoader.java:141) ~[securejarhandler-2.1.10.jar:?]
	at java.lang.ClassLoader.loadClass(ClassLoader.java:525) ~[?:?]
	at net.minecraftforge.eventbus.EventSubclassTransformer.buildEvents(EventSubclassTransformer.java:97) ~[eventbus-6.0.5.jar%2352!/:?]
	at net.minecraftforge.eventbus.EventSubclassTransformer.transform(EventSubclassTransformer.java:48) ~[eventbus-6.0.5.jar%2352!/:?]
	at net.minecraftforge.eventbus.EventBusEngine.processClass(EventBusEngine.java:26) ~[eventbus-6.0.5.jar%2352!/:?]
	at net.minecraftforge.eventbus.service.ModLauncherService.processClassWithFlags(ModLauncherService.java:32) ~[eventbus-6.0.5.jar%2352!/:6.0.5+6.0.5+master.eb8e549b]
	at cpw.mods.modlauncher.LaunchPluginHandler.offerClassNodeToPlugins(LaunchPluginHandler.java:88) ~[modlauncher-10.0.9.jar%2355!/:?]
	at cpw.mods.modlauncher.ClassTransformer.transform(ClassTransformer.java:120) ~[modlauncher-10.0.9.jar%2355!/:?]
	at cpw.mods.modlauncher.TransformingClassLoader.maybeTransformClassBytes(TransformingClassLoader.java:50) ~[modlauncher-10.0.9.jar%2355!/:?]
	at cpw.mods.cl.ModuleClassLoader.readerToClass(ModuleClassLoader.java:113) ~[securejarhandler-2.1.10.jar:?]
	at cpw.mods.cl.ModuleClassLoader.lambda$findClass$15(ModuleClassLoader.java:219) ~[securejarhandler-2.1.10.jar:?]
	at cpw.mods.cl.ModuleClassLoader.loadFromModule(ModuleClassLoader.java:229) ~[securejarhandler-2.1.10.jar:?]
	at cpw.mods.cl.ModuleClassLoader.findClass(ModuleClassLoader.java:219) ~[securejarhandler-2.1.10.jar:?]
	at cpw.mods.cl.ModuleClassLoader.loadClass(ModuleClassLoader.java:135) ~[securejarhandler-2.1.10.jar:?]
	at java.lang.ClassLoader.loadClass(ClassLoader.java:525) ~[?:?]
	at java.lang.ClassLoader.defineClass0(Native Method) ~[?:?]
	at java.lang.System$2.defineClass(System.java:2324) ~[?:?]
	at java.lang.invoke.MethodHandles$Lookup$ClassDefiner.defineClass(MethodHandles.java:2439) ~[?:?]
	at java.lang.invoke.MethodHandles$Lookup$ClassDefiner.defineClassAsLookup(MethodHandles.java:2420) ~[?:?]
	at java.lang.invoke.MethodHandles$Lookup.defineHiddenClass(MethodHandles.java:2127) ~[?:?]
	at java.lang.invoke.InnerClassLambdaMetafactory.generateInnerClass(InnerClassLambdaMetafactory.java:407) ~[?:?]
	at java.lang.invoke.InnerClassLambdaMetafactory.spinInnerClass(InnerClassLambdaMetafactory.java:315) ~[?:?]
	at java.lang.invoke.InnerClassLambdaMetafactory.buildCallSite(InnerClassLambdaMetafactory.java:228) ~[?:?]
	at java.lang.invoke.LambdaMetafactory.metafactory(LambdaMetafactory.java:341) ~[?:?]
	at java.lang.invoke.BootstrapMethodInvoker.invoke(BootstrapMethodInvoker.java:134) ~[?:?]
	at java.lang.invoke.CallSite.makeSite(CallSite.java:315) ~[?:?]
	at java.lang.invoke.MethodHandleNatives.linkCallSiteImpl(MethodHandleNatives.java:281) ~[?:?]
	at java.lang.invoke.MethodHandleNatives.linkCallSite(MethodHandleNatives.java:271) ~[?:?]
	at com.obscuria.obscureapi.client.renderer.PatreonLayer$Mode.<clinit>(PatreonLayer.java:55) ~[obscure_api-15.jar%23334!/:com.obscuria]
	at com.obscuria.obscureapi.ObscureAPIConfig$Client.<clinit>(ObscureAPIConfig.java:28) ~[obscure_api-15.jar%23334!/:com.obscuria]
	at com.obscuria.obscureapi.ObscureAPIConfig.register(ObscureAPIConfig.java:46) ~[obscure_api-15.jar%23334!/:com.obscuria]
	at com.obscuria.obscureapi.ObscureAPI.<init>(ObscureAPI.java:69) ~[obscure_api-15.jar%23334!/:com.obscuria]
	at jdk.internal.reflect.NativeConstructorAccessorImpl.newInstance0(Native Method) ~[?:?]
	at jdk.internal.reflect.NativeConstructorAccessorImpl.newInstance(NativeConstructorAccessorImpl.java:77) ~[?:?]
	at jdk.internal.reflect.DelegatingConstructorAccessorImpl.newInstance(DelegatingConstructorAccessorImpl.java:45) ~[?:?]
	at java.lang.reflect.Constructor.newInstanceWithCaller(Constructor.java:500) ~[?:?]
	at java.lang.reflect.Constructor.newInstance(Constructor.java:481) ~[?:?]
	at net.minecraftforge.fml.javafmlmod.FMLModContainer.constructMod(FMLModContainer.java:70) ~[javafmllanguage-1.20.1-47.3.7.jar%23365!/:?]
	at net.minecraftforge.fml.ModContainer.lambda$buildTransitionHandler$4(ModContainer.java:124) ~[fmlcore-1.20.1-47.3.7.jar%23364!/:?]
	at java.util.concurrent.CompletableFuture$AsyncRun.run(CompletableFuture.java:1804) ~[?:?]
	at java.util.concurrent.CompletableFuture$AsyncRun.exec(CompletableFuture.java:1796) ~[?:?]
	at java.util.concurrent.ForkJoinTask.doExec(ForkJoinTask.java:373) ~[?:?]
	at java.util.concurrent.ForkJoinPool$WorkQueue.topLevelExec(ForkJoinPool.java:1182) ~[?:?]
	at java.util.concurrent.ForkJoinPool.scan(ForkJoinPool.java:1655) ~[?:?]
	at java.util.concurrent.ForkJoinPool.runWorker(ForkJoinPool.java:1622) ~[?:?]
	at java.util.concurrent.ForkJoinWorkerThread.run(ForkJoinWorkerThread.java:165) ~[?:?]
[14May2025 22:21:17.263] [modloading-worker-0/ERROR] [net.minecraftforge.fml.loading.RuntimeDistCleaner/DISTXFORM]: Attempted to load class com/obscuria/obscureapi/client/renderer/PatreonLayer for invalid dist DEDICATED_SERVER
[14May2025 22:21:17.266] [modloading-worker-0/DEBUG] [net.minecraftforge.fml.config.ConfigTracker/CONFIG]: Config file Obscuria/obscure-api-client.toml for obscure_api tracking
[14May2025 22:21:17.313] [modloading-worker-0/DEBUG] [net.minecraftforge.fml.javafmlmod.AutomaticEventSubscriber/LOADING]: Attempting to inject @EventBusSubscriber classes into the eventbus for obscure_api
[14May2025 22:21:17.314] [modloading-worker-0/DEBUG] [net.minecraftforge.fml.javafmlmod.AutomaticEventSubscriber/LOADING]: Auto-subscribing com.obscuria.obscureapi.registry.ObscureAPICommands to FORGE
[14May2025 22:21:17.316] [modloading-worker-0/DEBUG] [net.minecraftforge.fml.javafmlmod.AutomaticEventSubscriber/LOADING]: Auto-subscribing com.obscuria.obscureapi.network.ReloadMessage to MOD
[14May2025 22:21:17.318] [modloading-worker-0/DEBUG] [net.minecraftforge.fml.javafmlmod.AutomaticEventSubscriber/LOADING]: Auto-subscribing com.obscuria.obscureapi.network.PlayerDataCapability to MOD
[14May2025 22:21:17.318] [modloading-worker-0/DEBUG] [mixin/]: Mixing AdvancedPacketErrorLogging from connectivity.mixins.json into net.minecraft.network.Connection
[14May2025 22:21:17.320] [modloading-worker-0/DEBUG] [mixin/]: Mixing ConnectionMixin from connectivity.mixins.json into net.minecraft.network.Connection
[14May2025 22:21:17.320] [modloading-worker-0/DEBUG] [mixin/]: Renaming synthetic method lambda$on$2(Ljava/lang/String;Lio/netty/channel/ChannelHandlerContext;Lio/netty/util/concurrent/Future;)V to mdb7ac4f$lambda$on$2$0 in connectivity.mixins.json:ConnectionMixin
[14May2025 22:21:17.320] [modloading-worker-0/DEBUG] [mixin/]: Renaming synthetic method lambda$on$1(Ljava/lang/String;Lio/netty/channel/ChannelHandlerContext;Lio/netty/util/concurrent/Future;)V to mdb7ac4f$lambda$on$1$1 in connectivity.mixins.json:ConnectionMixin
[14May2025 22:21:17.320] [modloading-worker-0/DEBUG] [mixin/]: Renaming synthetic method lambda$on$0(Ljava/lang/String;Lio/netty/channel/ChannelHandlerContext;Lio/netty/util/concurrent/Future;)V to mdb7ac4f$lambda$on$0$2 in connectivity.mixins.json:ConnectionMixin
[14May2025 22:21:17.323] [modloading-worker-0/DEBUG] [mixin/]: Mixing shared.network.flushconsolidation.ClientConnectionMixin from krypton.mixins.json into net.minecraft.network.Connection
[14May2025 22:21:17.323] [modloading-worker-0/DEBUG] [mixin/]: krypton.mixins.json:shared.network.flushconsolidation.ClientConnectionMixin: Class version 61 required is higher than the class version supported by the current version of Mixin (JAVA_16 supports class version 60)
[14May2025 22:21:17.323] [modloading-worker-0/DEBUG] [mixin/]: Renaming synthetic method lambda$doSendPacket$1(Lnet/minecraft/network/PacketSendListener;Lio/netty/util/concurrent/Future;)V to mdb7ac4f$lambda$doSendPacket$1$3 in krypton.mixins.json:shared.network.flushconsolidation.ClientConnectionMixin
[14May2025 22:21:17.324] [modloading-worker-0/DEBUG] [mixin/]: Renaming synthetic method lambda$sendImmediately$rewrite$0(ZLnet/minecraft/network/ConnectionProtocol;Lnet/minecraft/network/protocol/Packet;Lnet/minecraft/network/PacketSendListener;)V to mdb7ac4f$lambda$sendImmediately$rewrite$0$4 in krypton.mixins.json:shared.network.flushconsolidation.ClientConnectionMixin
[14May2025 22:21:17.325] [modloading-worker-0/DEBUG] [mixin/]: Mixing shared.network.pipeline.compression.ClientConnectionMixin from krypton.mixins.json into net.minecraft.network.Connection
[14May2025 22:21:17.326] [modloading-worker-0/DEBUG] [mixin/]: krypton.mixins.json:shared.network.pipeline.compression.ClientConnectionMixin: Class version 61 required is higher than the class version supported by the current version of Mixin (JAVA_16 supports class version 60)
[14May2025 22:21:17.329] [modloading-worker-0/DEBUG] [mixin/]: Mixing shared.network.pipeline.encryption.ClientConnectionMixin from krypton.mixins.json into net.minecraft.network.Connection
[14May2025 22:21:17.329] [modloading-worker-0/DEBUG] [mixin/]: krypton.mixins.json:shared.network.pipeline.encryption.ClientConnectionMixin: Class version 61 required is higher than the class version supported by the current version of Mixin (JAVA_16 supports class version 60)
[14May2025 22:21:17.330] [modloading-worker-0/DEBUG] [mixin/]: Mixing accessor.ConnectionAccessor from alltheleaks.mixins.json into net.minecraft.network.Connection
[14May2025 22:21:17.344] [modloading-worker-0/DEBUG] [net.minecraftforge.fml.javafmlmod.AutomaticEventSubscriber/LOADING]: Attempting to inject @EventBusSubscriber classes into the eventbus for kiwi
[14May2025 22:21:17.345] [modloading-worker-0/DEBUG] [net.minecraftforge.fml.javafmlmod.AutomaticEventSubscriber/LOADING]: Auto-subscribing snownee.kiwi.schedule.Scheduler to FORGE
[14May2025 22:21:17.346] [modloading-worker-0/DEBUG] [net.minecraftforge.fml.javafmlmod.AutomaticEventSubscriber/LOADING]: Auto-subscribing snownee.kiwi.loader.Initializer to FORGE
[14May2025 22:21:17.346] [modloading-worker-0/DEBUG] [net.minecraftforge.fml.javafmlmod.AutomaticEventSubscriber/LOADING]: Auto-subscribing com.obscuria.obscureapi.network.PlayerDataCapability$PlayerDataProvider to FORGE
[14May2025 22:21:17.350] [modloading-worker-0/DEBUG] [net.minecraftforge.fml.javafmlmod.AutomaticEventSubscriber/LOADING]: Auto-subscribing com.obscuria.obscureapi.network.PlayerDataCapability$EventBusHandlers to FORGE
[14May2025 22:21:17.353] [modloading-worker-0/DEBUG] [net.minecraftforge.fml.javafmlmod.AutomaticEventSubscriber/LOADING]: Auto-subscribing com.obscuria.obscureapi.network.AnimationStopMessage to MOD
[14May2025 22:21:17.354] [modloading-worker-0/DEBUG] [net.minecraftforge.fml.javafmlmod.AutomaticEventSubscriber/LOADING]: Auto-subscribing com.obscuria.obscureapi.network.AnimationPlayMessage to MOD
[14May2025 22:21:17.355] [modloading-worker-0/DEBUG] [net.minecraftforge.fml.javafmlmod.AutomaticEventSubscriber/LOADING]: Attempting to inject @EventBusSubscriber classes into the eventbus for fabric_renderer_indigo
[14May2025 22:21:17.356] [modloading-worker-0/DEBUG] [net.minecraftforge.fml.javafmlmod.AutomaticEventSubscriber/LOADING]: Attempting to inject @EventBusSubscriber classes into the eventbus for clumps
[14May2025 22:21:17.357] [modloading-worker-0/DEBUG] [net.minecraftforge.fml.javafmlmod.AutomaticEventSubscriber/LOADING]: Attempting to inject @EventBusSubscriber classes into the eventbus for fastasyncworldsave
[14May2025 22:21:17.359] [modloading-worker-0/DEBUG] [net.minecraftforge.fml.javafmlmod.AutomaticEventSubscriber/LOADING]: Attempting to inject @EventBusSubscriber classes into the eventbus for alternate_current
[14May2025 22:21:17.359] [modloading-worker-0/DEBUG] [net.minecraftforge.fml.javafmlmod.AutomaticEventSubscriber/LOADING]: Auto-subscribing alternate.current.AlternateCurrentMod$ModEvents to FORGE
[14May2025 22:21:17.360] [modloading-worker-0/DEBUG] [net.minecraftforge.fml.javafmlmod.AutomaticEventSubscriber/LOADING]: Attempting to inject @EventBusSubscriber classes into the eventbus for myserveriscompatible
[14May2025 22:21:17.363] [modloading-worker-0/DEBUG] [net.minecraftforge.fml.config.ConfigTracker/CONFIG]: Config file waystones-common.toml for waystones tracking
[14May2025 22:21:17.368] [modloading-worker-0/DEBUG] [net.minecraftforge.fml.javafmlmod.AutomaticEventSubscriber/LOADING]: Attempting to inject @EventBusSubscriber classes into the eventbus for framework
[14May2025 22:21:17.368] [modloading-worker-0/DEBUG] [net.minecraftforge.fml.javafmlmod.AutomaticEventSubscriber/LOADING]: Auto-subscribing com.mrcrayfish.framework.entity.sync.ForgeSyncedEntityDataHandler to FORGE
[14May2025 22:21:17.369] [modloading-worker-0/DEBUG] [net.minecraftforge.fml.javafmlmod.AutomaticEventSubscriber/LOADING]: Attempting to inject @EventBusSubscriber classes into the eventbus for neruina
[14May2025 22:21:17.372] [modloading-worker-0/DEBUG] [net.minecraftforge.fml.javafmlmod.AutomaticEventSubscriber/LOADING]: Attempting to inject @EventBusSubscriber classes into the eventbus for catalogue
[14May2025 22:21:17.373] [modloading-worker-0/INFO] [AutoMessage/]: Hello Forge world!
[14May2025 22:21:17.375] [modloading-worker-0/DEBUG] [AutoMessage/]: Loaded forge.net.jason13.automessage.platform.ForgePlatformHelper@1ac6545e for service interface forge.net.jason13.automessage.platform.services.IPlatformHelper
[14May2025 22:21:17.375] [modloading-worker-0/INFO] [AutoMessage/]: Hello from AutoMessage Common init on Forge! we are currently in a production environment!
[14May2025 22:21:17.375] [modloading-worker-0/INFO] [AutoMessage/]: The ID for diamonds is minecraft:diamond
[14May2025 22:21:17.375] [modloading-worker-0/INFO] [AutoMessage/]: Hello to AutoMessage
[14May2025 22:21:17.379] [modloading-worker-0/DEBUG] [net.minecraftforge.fml.config.ConfigTracker/CONFIG]: Config file automessage-common.toml for automessage tracking
[14May2025 22:21:17.379] [modloading-worker-0/DEBUG] [net.minecraftforge.fml.javafmlmod.AutomaticEventSubscriber/LOADING]: Attempting to inject @EventBusSubscriber classes into the eventbus for automessage
[14May2025 22:21:17.379] [modloading-worker-0/DEBUG] [net.minecraftforge.fml.javafmlmod.AutomaticEventSubscriber/LOADING]: Auto-subscribing forge.net.jason13.automessage.event.ModEvents to FORGE
[14May2025 22:21:17.484] [modloading-worker-0/INFO] [graveyard/]: Registered JSON trade offer adapter.
[14May2025 22:21:17.484] [modloading-worker-0/DEBUG] [net.minecraftforge.fml.javafmlmod.AutomaticEventSubscriber/LOADING]: Attempting to inject @EventBusSubscriber classes into the eventbus for waystones
[14May2025 22:21:17.485] [modloading-worker-0/DEBUG] [net.minecraftforge.fml.javafmlmod.AutomaticEventSubscriber/LOADING]: Attempting to inject @EventBusSubscriber classes into the eventbus for puzzlesaccessapi
[14May2025 22:21:17.503] [modloading-worker-0/DEBUG] [net.minecraftforge.versions.forge.ForgeVersion/CORE]: Forge Version package package net.minecraftforge.versions.forge, Forge, version 47.3 from cpw.mods.modlauncher.TransformingClassLoader@10618775
[14May2025 22:21:17.503] [modloading-worker-0/DEBUG] [net.minecraftforge.versions.forge.ForgeVersion/CORE]: Found Forge version 47.3.7
[14May2025 22:21:17.503] [modloading-worker-0/DEBUG] [net.minecraftforge.fml.javafmlmod.AutomaticEventSubscriber/LOADING]: Attempting to inject @EventBusSubscriber classes into the eventbus for graveyard
[14May2025 22:21:17.503] [modloading-worker-0/DEBUG] [net.minecraftforge.versions.forge.ForgeVersion/CORE]: Found Forge spec 47.3
[14May2025 22:21:17.503] [modloading-worker-0/DEBUG] [net.minecraftforge.versions.forge.ForgeVersion/CORE]: Found Forge group net.minecraftforge
[14May2025 22:21:17.504] [modloading-worker-0/DEBUG] [net.minecraftforge.fml.javafmlmod.AutomaticEventSubscriber/LOADING]: Auto-subscribing com.lion.graveyard.platform.forge.HordeSpawner to FORGE
[14May2025 22:21:17.505] [modloading-worker-0/DEBUG] [net.minecraftforge.versions.mcp.MCPVersion/CORE]: MCP Version package package net.minecraftforge.versions.mcp, Minecraft, version 1.20.1 from cpw.mods.modlauncher.TransformingClassLoader@10618775
[14May2025 22:21:17.505] [modloading-worker-0/DEBUG] [net.minecraftforge.versions.mcp.MCPVersion/CORE]: Found MC version information 1.20.1
[14May2025 22:21:17.505] [modloading-worker-0/DEBUG] [net.minecraftforge.versions.mcp.MCPVersion/CORE]: Found MCP version information 20230612.114412
[14May2025 22:21:17.505] [modloading-worker-0/INFO] [net.minecraftforge.common.ForgeMod/FORGEMOD]: Forge mod loading, version 47.3.7, for MC 1.20.1 with MCP 20230612.114412
[14May2025 22:21:17.506] [modloading-worker-0/INFO] [net.minecraftforge.common.MinecraftForge/FORGE]: MinecraftForge v47.3.7 Initialized
[14May2025 22:21:17.510] [modloading-worker-0/DEBUG] [net.minecraftforge.fml.javafmlmod.AutomaticEventSubscriber/LOADING]: Attempting to inject @EventBusSubscriber classes into the eventbus for bosses_of_mass_destruction
[14May2025 22:21:17.512] [modloading-worker-0/DEBUG] [net.minecraftforge.fml.javafmlmod.AutomaticEventSubscriber/LOADING]: Auto-subscribing com.cerbon.bosses_of_mass_destruction.event.ForgeEvents to FORGE
[14May2025 22:21:17.516] [modloading-worker-0/DEBUG] [net.minecraftforge.fml.javafmlmod.AutomaticEventSubscriber/LOADING]: Auto-subscribing com.cerbon.bosses_of_mass_destruction.event.BMDEvents$CommonEvents to MOD
[14May2025 22:21:17.519] [modloading-worker-0/DEBUG] [net.minecraftforge.common.ForgeMod/FORGEMOD]: Loading Network data for FML net version: FML3
[14May2025 22:21:17.522] [modloading-worker-0/DEBUG] [net.minecraftforge.fml.javafmlmod.AutomaticEventSubscriber/LOADING]: Attempting to inject @EventBusSubscriber classes into the eventbus for dungeons_arise
[14May2025 22:21:17.526] [modloading-worker-0/DEBUG] [net.minecraftforge.fml.config.ConfigTracker/CONFIG]: Config file craftingtweaks-common.toml for craftingtweaks tracking
[14May2025 22:21:17.546] [modloading-worker-0/DEBUG] [net.minecraftforge.fml.config.ConfigTracker/CONFIG]: Config file forge-client.toml for forge tracking
[14May2025 22:21:17.546] [modloading-worker-0/DEBUG] [net.minecraftforge.fml.config.ConfigTracker/CONFIG]: Config file forge-server.toml for forge tracking
[14May2025 22:21:17.546] [modloading-worker-0/DEBUG] [net.minecraftforge.fml.ModLoadingContext/]: Attempted to register an empty config for type COMMON on mod forge
[14May2025 22:21:17.572] [modloading-worker-0/DEBUG] [net.minecraftforge.fml.javafmlmod.AutomaticEventSubscriber/LOADING]: Attempting to inject @EventBusSubscriber classes into the eventbus for craftingtweaks
[14May2025 22:21:17.576] [modloading-worker-0/DEBUG] [net.minecraftforge.fml.javafmlmod.AutomaticEventSubscriber/LOADING]: Attempting to inject @EventBusSubscriber classes into the eventbus for forge
[14May2025 22:21:17.577] [modloading-worker-0/DEBUG] [net.minecraftforge.fml.javafmlmod.AutomaticEventSubscriber/LOADING]: Auto-subscribing net.minecraftforge.common.ForgeSpawnEggItem$CommonHandler to MOD
[14May2025 22:21:17.578] [modloading-worker-0/DEBUG] [net.minecraftforge.fml.javafmlmod.AutomaticEventSubscriber/LOADING]: Attempting to inject @EventBusSubscriber classes into the eventbus for smoothchunk
[14May2025 22:21:17.584] [modloading-worker-0/DEBUG] [net.minecraftforge.fml.config.ConfigTracker/CONFIG]: Config file alexscaves-general.toml for alexscaves tracking
[14May2025 22:21:17.585] [modloading-worker-0/DEBUG] [net.minecraftforge.fml.config.ConfigTracker/CONFIG]: Config file alexscaves-client.toml for alexscaves tracking
[14May2025 22:21:17.657] [modloading-worker-0/DEBUG] [net.minecraftforge.fml.javafmlmod.AutomaticEventSubscriber/LOADING]: Attempting to inject @EventBusSubscriber classes into the eventbus for friendsandfoes
[14May2025 22:21:17.657] [modloading-worker-0/DEBUG] [net.minecraftforge.fml.javafmlmod.AutomaticEventSubscriber/LOADING]: Auto-subscribing com.faboslav.friendsandfoes.forge.datagen.StructureNbtUpdaterDatagen to MOD
[14May2025 22:21:17.676] [modloading-worker-0/DEBUG] [net.minecraftforge.fml.javafmlmod.AutomaticEventSubscriber/LOADING]: Attempting to inject @EventBusSubscriber classes into the eventbus for voicechat
[14May2025 22:21:17.677] [modloading-worker-0/DEBUG] [net.minecraftforge.fml.javafmlmod.AutomaticEventSubscriber/LOADING]: Attempting to inject @EventBusSubscriber classes into the eventbus for nfm
[14May2025 22:21:17.677] [modloading-worker-0/DEBUG] [net.minecraftforge.fml.javafmlmod.AutomaticEventSubscriber/LOADING]: Attempting to inject @EventBusSubscriber classes into the eventbus for fabric_api_base
[14May2025 22:21:17.680] [modloading-worker-0/DEBUG] [net.minecraftforge.fml.javafmlmod.AutomaticEventSubscriber/LOADING]: Attempting to inject @EventBusSubscriber classes into the eventbus for mousetweaks
[14May2025 22:21:17.680] [modloading-worker-0/DEBUG] [net.minecraftforge.fml.javafmlmod.AutomaticEventSubscriber/LOADING]: Attempting to inject @EventBusSubscriber classes into the eventbus for forgeconfigscreens
[14May2025 22:21:17.681] [modloading-worker-0/DEBUG] [net.minecraftforge.fml.javafmlmod.AutomaticEventSubscriber/LOADING]: Auto-subscribing fuzs.forgeconfigscreens.ForgeConfigScreensForge to MOD
[14May2025 22:21:17.721] [modloading-worker-0/DEBUG] [net.minecraftforge.fml.config.ConfigTracker/CONFIG]: Config file moonlight-common.toml for moonlight tracking
[14May2025 22:21:17.753] [modloading-worker-0/DEBUG] [net.minecraftforge.fml.javafmlmod.AutomaticEventSubscriber/LOADING]: Attempting to inject @EventBusSubscriber classes into the eventbus for moonlight
[14May2025 22:21:17.758] [modloading-worker-0/INFO] [necronomicon/]: Necronomicon Initialized
[14May2025 22:21:17.762] [modloading-worker-0/INFO] [necronomicon/]: File exists, reading config for elocindev.necronomicon.NecronomiconConfig.
[14May2025 22:21:17.763] [modloading-worker-0/INFO] [necronomicon/]: Config for elocindev.necronomicon.NecronomiconConfig read successfully.
[14May2025 22:21:17.849] [modloading-worker-0/INFO] [necronomicon/]: there is a brick about to fall through your roof at terminal velocity
[14May2025 22:21:17.850] [modloading-worker-0/DEBUG] [net.minecraftforge.fml.javafmlmod.AutomaticEventSubscriber/LOADING]: Attempting to inject @EventBusSubscriber classes into the eventbus for necronomicon
[14May2025 22:21:17.850] [modloading-worker-0/DEBUG] [net.minecraftforge.fml.javafmlmod.AutomaticEventSubscriber/LOADING]: Attempting to inject @EventBusSubscriber classes into the eventbus for mixinsquared
[14May2025 22:21:17.851] [modloading-worker-0/INFO] [NoChatReports/]: KONNICHIWA ZA WARUDO!
[14May2025 22:21:17.851] [modloading-worker-0/INFO] [NoChatReports/]: Default JVM text encoding is: UTF-8
[14May2025 22:21:17.854] [modloading-worker-0/INFO] [NoChatReports/]: Reading config file NoChatReports/NCR-Common.json...
[14May2025 22:21:17.855] [modloading-worker-0/INFO] [NoChatReports/]: Writing config file NoChatReports/NCR-Common.json...
[14May2025 22:21:17.858] [modloading-worker-0/DEBUG] [net.minecraftforge.fml.javafmlmod.AutomaticEventSubscriber/LOADING]: Attempting to inject @EventBusSubscriber classes into the eventbus for nochatreports
[14May2025 22:21:17.858] [modloading-worker-0/DEBUG] [net.minecraftforge.fml.javafmlmod.AutomaticEventSubscriber/LOADING]: Auto-subscribing com.aizistral.nochatreports.forge.NoChatReports$Events to FORGE
[14May2025 22:21:17.882] [modloading-worker-0/DEBUG] [net.minecraftforge.fml.javafmlmod.AutomaticEventSubscriber/LOADING]: Attempting to inject @EventBusSubscriber classes into the eventbus for jade
[14May2025 22:21:17.901] [modloading-worker-0/DEBUG] [io.netty.buffer.AbstractByteBuf/]: -Dio.netty.buffer.checkAccessible: true
[14May2025 22:21:17.902] [modloading-worker-0/DEBUG] [io.netty.buffer.AbstractByteBuf/]: -Dio.netty.buffer.checkBounds: true
[14May2025 22:21:17.903] [modloading-worker-0/DEBUG] [io.netty.util.ResourceLeakDetectorFactory/]: Loaded default ResourceLeakDetector: io.netty.util.ResourceLeakDetector@4ce0fc3a
[14May2025 22:21:17.920] [modloading-worker-0/DEBUG] [io.netty.buffer.PooledByteBufAllocator/]: -Dio.netty.allocator.numHeapArenas: 8
[14May2025 22:21:17.923] [modloading-worker-0/DEBUG] [io.netty.buffer.PooledByteBufAllocator/]: -Dio.netty.allocator.numDirectArenas: 8
[14May2025 22:21:17.923] [modloading-worker-0/DEBUG] [io.netty.buffer.PooledByteBufAllocator/]: -Dio.netty.allocator.pageSize: 8192
[14May2025 22:21:17.923] [modloading-worker-0/DEBUG] [io.netty.buffer.PooledByteBufAllocator/]: -Dio.netty.allocator.maxOrder: 9
[14May2025 22:21:17.923] [modloading-worker-0/DEBUG] [io.netty.buffer.PooledByteBufAllocator/]: -Dio.netty.allocator.chunkSize: 4194304
[14May2025 22:21:17.923] [modloading-worker-0/DEBUG] [io.netty.buffer.PooledByteBufAllocator/]: -Dio.netty.allocator.smallCacheSize: 256
[14May2025 22:21:17.923] [modloading-worker-0/DEBUG] [io.netty.buffer.PooledByteBufAllocator/]: -Dio.netty.allocator.normalCacheSize: 64
[14May2025 22:21:17.923] [modloading-worker-0/DEBUG] [io.netty.buffer.PooledByteBufAllocator/]: -Dio.netty.allocator.maxCachedBufferCapacity: 32768
[14May2025 22:21:17.923] [modloading-worker-0/DEBUG] [io.netty.buffer.PooledByteBufAllocator/]: -Dio.netty.allocator.cacheTrimInterval: 8192
[14May2025 22:21:17.923] [modloading-worker-0/DEBUG] [io.netty.buffer.PooledByteBufAllocator/]: -Dio.netty.allocator.cacheTrimIntervalMillis: 0
[14May2025 22:21:17.923] [modloading-worker-0/DEBUG] [io.netty.buffer.PooledByteBufAllocator/]: -Dio.netty.allocator.useCacheForAllThreads: false
[14May2025 22:21:17.923] [modloading-worker-0/DEBUG] [io.netty.buffer.PooledByteBufAllocator/]: -Dio.netty.allocator.maxCachedByteBuffersPerChunk: 1023
[14May2025 22:21:17.964] [modloading-worker-0/DEBUG] [io.netty.buffer.ByteBufUtil/]: -Dio.netty.allocator.type: pooled
[14May2025 22:21:17.964] [modloading-worker-0/DEBUG] [io.netty.buffer.ByteBufUtil/]: -Dio.netty.threadLocalDirectBufferSize: 0
[14May2025 22:21:17.965] [modloading-worker-0/DEBUG] [io.netty.buffer.ByteBufUtil/]: -Dio.netty.maxThreadLocalCharBufferSize: 16384
[14May2025 22:21:17.988] [modloading-worker-0/DEBUG] [net.minecraftforge.fml.javafmlmod.AutomaticEventSubscriber/LOADING]: Attempting to inject @EventBusSubscriber classes into the eventbus for bettercombat
[14May2025 22:21:17.988] [modloading-worker-0/DEBUG] [net.minecraftforge.fml.javafmlmod.AutomaticEventSubscriber/LOADING]: Auto-subscribing net.bettercombat.forge.events.ForgeModEvents to MOD
[14May2025 22:21:17.989] [modloading-worker-0/DEBUG] [net.minecraftforge.fml.javafmlmod.AutomaticEventSubscriber/LOADING]: Auto-subscribing net.bettercombat.forge.events.ForgeEvents to FORGE
[14May2025 22:21:17.994] [modloading-worker-0/DEBUG] [net.minecraftforge.fml.javafmlmod.AutomaticEventSubscriber/LOADING]: Attempting to inject @EventBusSubscriber classes into the eventbus for watching
[14May2025 22:21:17.996] [modloading-worker-0/DEBUG] [net.minecraftforge.fml.javafmlmod.AutomaticEventSubscriber/LOADING]: Auto-subscribing studio.lunareclipse.watching.Init to MOD
[14May2025 22:21:17.997] [modloading-worker-0/DEBUG] [net.minecraftforge.fml.javafmlmod.AutomaticEventSubscriber/LOADING]: Attempting to inject @EventBusSubscriber classes into the eventbus for alltheleaks
[14May2025 22:21:18.003] [modloading-worker-0/DEBUG] [net.minecraftforge.fml.javafmlmod.AutomaticEventSubscriber/LOADING]: Attempting to inject @EventBusSubscriber classes into the eventbus for spectrelib
[14May2025 22:21:18.021] [modloading-worker-0/DEBUG] [creativecore/]: Created network creativecore:main
[14May2025 22:21:18.027] [modloading-worker-0/DEBUG] [net.minecraftforge.fml.javafmlmod.AutomaticEventSubscriber/LOADING]: Attempting to inject @EventBusSubscriber classes into the eventbus for creativecore
[14May2025 22:21:18.032] [modloading-worker-0/DEBUG] [net.minecraftforge.fml.config.ConfigTracker/CONFIG]: Config file ribbits-forge-1_20_1.toml for ribbits tracking
[14May2025 22:21:18.037] [modloading-worker-0/DEBUG] [net.minecraftforge.fml.javafmlmod.AutomaticEventSubscriber/LOADING]: Attempting to inject @EventBusSubscriber classes into the eventbus for ribbits
[14May2025 22:21:18.084] [modloading-worker-0/DEBUG] [net.minecraftforge.fml.javafmlmod.AutomaticEventSubscriber/LOADING]: Attempting to inject @EventBusSubscriber classes into the eventbus for nethersdelight
[14May2025 22:21:18.084] [modloading-worker-0/DEBUG] [net.minecraftforge.fml.javafmlmod.AutomaticEventSubscriber/LOADING]: Auto-subscribing umpaz.nethersdelight.common.NDCommonSetup to MOD
[14May2025 22:21:18.086] [modloading-worker-0/DEBUG] [net.minecraftforge.fml.javafmlmod.AutomaticEventSubscriber/LOADING]: Auto-subscribing umpaz.nethersdelight.common.registry.NDCreativeTab to MOD
[14May2025 22:21:18.089] [modloading-worker-0/DEBUG] [net.minecraftforge.fml.javafmlmod.AutomaticEventSubscriber/LOADING]: Auto-subscribing umpaz.nethersdelight.data.NDDataGenerators to MOD
[14May2025 22:21:18.091] [modloading-worker-0/DEBUG] [xaero.hud.minimap.MinimapLogs/]: Loaded xaero.common.platform.services.ForgePlatformHelper@3ea8eecf for service interface xaero.common.platform.services.IPlatformHelper
[14May2025 22:21:18.110] [modloading-worker-0/DEBUG] [net.minecraftforge.fml.javafmlmod.AutomaticEventSubscriber/LOADING]: Attempting to inject @EventBusSubscriber classes into the eventbus for xaerominimap
[14May2025 22:21:18.135] [modloading-worker-0/DEBUG] [net.minecraftforge.fml.config.ConfigTracker/CONFIG]: Config file gravestone-server.toml for gravestone tracking
[14May2025 22:21:18.138] [modloading-worker-0/DEBUG] [net.minecraftforge.fml.config.ConfigTracker/CONFIG]: Config file gravestone-client.toml for gravestone tracking
[14May2025 22:21:18.143] [modloading-worker-0/DEBUG] [net.minecraftforge.fml.javafmlmod.AutomaticEventSubscriber/LOADING]: Attempting to inject @EventBusSubscriber classes into the eventbus for gravestone
[14May2025 22:21:18.146] [modloading-worker-0/DEBUG] [net.minecraftforge.fml.javafmlmod.AutomaticEventSubscriber/LOADING]: Auto-subscribing de.maxhenkel.gravestone.Main to FORGE
[14May2025 22:21:18.343] [modloading-worker-0/DEBUG] [net.minecraftforge.fml.config.ConfigTracker/CONFIG]: Config file legendary_monsters-common.toml for legendary_monsters tracking
[14May2025 22:21:18.346] [modloading-worker-0/DEBUG] [net.minecraftforge.fml.javafmlmod.AutomaticEventSubscriber/LOADING]: Attempting to inject @EventBusSubscriber classes into the eventbus for legendary_monsters
[14May2025 22:21:18.346] [modloading-worker-0/DEBUG] [net.minecraftforge.fml.javafmlmod.AutomaticEventSubscriber/LOADING]: Auto-subscribing net.miauczel.legendary_monsters.item.custom.WitheredRibcageItem to FORGE
[14May2025 22:21:18.349] [modloading-worker-0/DEBUG] [net.minecraftforge.fml.javafmlmod.AutomaticEventSubscriber/LOADING]: Auto-subscribing net.miauczel.legendary_monsters.item.custom.ShulkerShieldHurtEvent to FORGE
[14May2025 22:21:18.352] [modloading-worker-0/DEBUG] [net.minecraftforge.fml.javafmlmod.AutomaticEventSubscriber/LOADING]: Auto-subscribing net.miauczel.legendary_monsters.item.custom.ShulkerHelmetItem to FORGE
[14May2025 22:21:18.353] [modloading-worker-0/DEBUG] [net.minecraftforge.fml.javafmlmod.AutomaticEventSubscriber/LOADING]: Auto-subscribing net.miauczel.legendary_monsters.item.custom.MossyChestplateItem to FORGE
[14May2025 22:21:18.362] [modloading-worker-0/DEBUG] [net.minecraftforge.fml.javafmlmod.AutomaticEventSubscriber/LOADING]: Auto-subscribing net.miauczel.legendary_monsters.item.custom.FrostbittenShieldHurtEvent to FORGE
[14May2025 22:21:18.362] [modloading-worker-0/DEBUG] [net.minecraftforge.fml.javafmlmod.AutomaticEventSubscriber/LOADING]: Auto-subscribing net.miauczel.legendary_monsters.item.custom.FieryJawEventHandler to FORGE
[14May2025 22:21:18.363] [modloading-worker-0/DEBUG] [net.minecraftforge.fml.javafmlmod.AutomaticEventSubscriber/LOADING]: Auto-subscribing net.miauczel.legendary_monsters.item.custom.FieryBootsItem to FORGE
[14May2025 22:21:18.367] [modloading-worker-0/DEBUG] [net.minecraftforge.fml.javafmlmod.AutomaticEventSubscriber/LOADING]: Auto-subscribing net.miauczel.legendary_monsters.item.custom.DinosaurBoneHelmet to FORGE
[14May2025 22:21:18.368] [modloading-worker-0/DEBUG] [net.minecraftforge.fml.javafmlmod.AutomaticEventSubscriber/LOADING]: Auto-subscribing net.miauczel.legendary_monsters.item.custom.CustomItemEvents.WitheredScytheDropGoldEventHandler to FORGE
[14May2025 22:21:18.371] [modloading-worker-0/DEBUG] [net.minecraftforge.fml.javafmlmod.AutomaticEventSubscriber/LOADING]: Auto-subscribing net.miauczel.legendary_monsters.item.custom.CustomItemEvents.WitheredScytheAttackedEvent to FORGE
[14May2025 22:21:18.373] [modloading-worker-0/DEBUG] [net.minecraftforge.fml.javafmlmod.AutomaticEventSubscriber/LOADING]: Auto-subscribing net.miauczel.legendary_monsters.item.custom.CustomItemEvents.WitheredRibcageHurt to FORGE
[14May2025 22:21:18.374] [modloading-worker-0/DEBUG] [net.minecraftforge.fml.javafmlmod.AutomaticEventSubscriber/LOADING]: Auto-subscribing net.miauczel.legendary_monsters.item.custom.CustomItemEvents.WandOfCloudsRightClickEvent to FORGE
[14May2025 22:21:18.375] [modloading-worker-0/DEBUG] [net.minecraftforge.fml.javafmlmod.AutomaticEventSubscriber/LOADING]: Auto-subscribing net.miauczel.legendary_monsters.item.custom.CustomItemEvents.WandOfCloudsRightClickEffect to FORGE
[14May2025 22:21:18.380] [modloading-worker-0/DEBUG] [net.minecraftforge.fml.javafmlmod.AutomaticEventSubscriber/LOADING]: Auto-subscribing net.miauczel.legendary_monsters.item.custom.CustomItemEvents.SpikyShieldEvent to FORGE
[14May2025 22:21:18.382] [modloading-worker-0/DEBUG] [net.minecraftforge.fml.javafmlmod.AutomaticEventSubscriber/LOADING]: Auto-subscribing net.miauczel.legendary_monsters.item.custom.CustomItemEvents.SoulGreatSwordEventHandler to FORGE
[14May2025 22:21:18.384] [modloading-worker-0/DEBUG] [net.minecraftforge.fml.javafmlmod.AutomaticEventSubscriber/LOADING]: Auto-subscribing net.miauczel.legendary_monsters.item.custom.CustomItemEvents.SharpSaiAttackedEvent to FORGE
[14May2025 22:21:18.386] [modloading-worker-0/DEBUG] [net.minecraftforge.fml.javafmlmod.AutomaticEventSubscriber/LOADING]: Auto-subscribing net.miauczel.legendary_monsters.item.custom.CustomItemEvents.SharpAxeAttackedEvent to FORGE
[14May2025 22:21:18.388] [modloading-worker-0/DEBUG] [net.minecraftforge.fml.javafmlmod.AutomaticEventSubscriber/LOADING]: Auto-subscribing net.miauczel.legendary_monsters.item.custom.CustomItemEvents.GoldenHalbertAttackEventHandler to FORGE
[14May2025 22:21:18.389] [modloading-worker-0/DEBUG] [net.minecraftforge.fml.javafmlmod.AutomaticEventSubscriber/LOADING]: Auto-subscribing net.miauczel.legendary_monsters.item.custom.CustomItemEvents.AxeOfLightningEventHandler to FORGE
[14May2025 22:21:18.392] [modloading-worker-0/DEBUG] [net.minecraftforge.fml.javafmlmod.AutomaticEventSubscriber/LOADING]: Auto-subscribing net.miauczel.legendary_monsters.item.custom.ChorusHelmetItem to FORGE
[14May2025 22:21:18.393] [modloading-worker-0/DEBUG] [net.minecraftforge.fml.javafmlmod.AutomaticEventSubscriber/LOADING]: Auto-subscribing net.miauczel.legendary_monsters.item.custom.BlastProofHelmet to FORGE
[14May2025 22:21:18.394] [modloading-worker-0/DEBUG] [net.minecraftforge.fml.javafmlmod.AutomaticEventSubscriber/LOADING]: Auto-subscribing net.miauczel.legendary_monsters.item.custom.AtmosphericBootsItem to FORGE
[14May2025 22:21:18.394] [modloading-worker-0/DEBUG] [net.minecraftforge.fml.javafmlmod.AutomaticEventSubscriber/LOADING]: Auto-subscribing net.miauczel.legendary_monsters.item.ShieldEventHandler to FORGE
[14May2025 22:21:18.395] [modloading-worker-0/DEBUG] [net.minecraftforge.fml.javafmlmod.AutomaticEventSubscriber/LOADING]: Auto-subscribing net.miauczel.legendary_monsters.event.WitheredAbominationAttackedEvent to FORGE
[14May2025 22:21:18.397] [modloading-worker-0/DEBUG] [net.minecraftforge.fml.javafmlmod.AutomaticEventSubscriber/LOADING]: Auto-subscribing net.miauczel.legendary_monsters.event.ModEventBusEvents to MOD
[14May2025 22:21:18.412] [modloading-worker-0/DEBUG] [net.minecraftforge.fml.javafmlmod.AutomaticEventSubscriber/LOADING]: Auto-subscribing net.miauczel.legendary_monsters.event.ModEventBusClientEvents to MOD
[14May2025 22:21:18.437] [modloading-worker-0/DEBUG] [net.minecraftforge.fml.javafmlmod.AutomaticEventSubscriber/LOADING]: Auto-subscribing net.miauczel.legendary_monsters.event.Events to MOD
[14May2025 22:21:18.438] [modloading-worker-0/DEBUG] [net.minecraftforge.fml.javafmlmod.AutomaticEventSubscriber/LOADING]: Auto-subscribing net.miauczel.legendary_monsters.entity.custom.event.DuneSentinelDrops to FORGE
[14May2025 22:21:18.439] [modloading-worker-0/DEBUG] [net.minecraftforge.fml.javafmlmod.AutomaticEventSubscriber/LOADING]: Auto-subscribing net.miauczel.legendary_monsters.entity.custom.event.CloudGolemDrops to FORGE
[14May2025 22:21:18.442] [modloading-worker-0/DEBUG] [net.minecraftforge.fml.javafmlmod.AutomaticEventSubscriber/LOADING]: Auto-subscribing net.miauczel.legendary_monsters.entity.custom.ModArmorItem to FORGE
[14May2025 22:21:18.443] [modloading-worker-0/DEBUG] [net.minecraftforge.fml.javafmlmod.AutomaticEventSubscriber/LOADING]: Auto-subscribing net.miauczel.legendary_monsters.entity.custom.EntityTypes.MathHelper to MOD
[14May2025 22:21:18.446] [modloading-worker-0/DEBUG] [net.minecraftforge.fml.javafmlmod.AutomaticEventSubscriber/LOADING]: Auto-subscribing net.miauczel.legendary_monsters.entity.custom.EntityTypes.LockAngle to MOD
[14May2025 22:21:18.447] [modloading-worker-0/DEBUG] [net.minecraftforge.fml.javafmlmod.AutomaticEventSubscriber/LOADING]: Auto-subscribing net.miauczel.legendary_monsters.entity.ai.MossyGolemAttackGoal to FORGE
[14May2025 22:21:18.447] [modloading-worker-0/DEBUG] [net.minecraftforge.fml.javafmlmod.AutomaticEventSubscriber/LOADING]: Auto-subscribing net.miauczel.legendary_monsters.entity.ai.LivingArmorAttackGoal to FORGE
[14May2025 22:21:18.451] [modloading-worker-0/DEBUG] [net.minecraftforge.fml.javafmlmod.AutomaticEventSubscriber/LOADING]: Auto-subscribing net.miauczel.legendary_monsters.entity.ai.HauntedGuardAttackGoal to FORGE
[14May2025 22:21:18.451] [modloading-worker-0/DEBUG] [net.minecraftforge.fml.javafmlmod.AutomaticEventSubscriber/LOADING]: Auto-subscribing net.miauczel.legendary_monsters.entity.ai.FLivingArmorAttackGoal to FORGE
[14May2025 22:21:18.456] [modloading-worker-0/DEBUG] [net.minecraftforge.fml.javafmlmod.AutomaticEventSubscriber/LOADING]: Auto-subscribing net.miauczel.legendary_monsters.entity.ai.FHauntedKnightAttackGoal to FORGE
[14May2025 22:21:18.459] [modloading-worker-0/DEBUG] [net.minecraftforge.fml.javafmlmod.AutomaticEventSubscriber/LOADING]: Auto-subscribing net.miauczel.legendary_monsters.entity.ai.AncientGuardianHurtEvent to FORGE
[14May2025 22:21:18.460] [modloading-worker-0/DEBUG] [net.minecraftforge.fml.javafmlmod.AutomaticEventSubscriber/LOADING]: Auto-subscribing net.miauczel.legendary_monsters.entity.ai.AmbusherHurtEvent to FORGE
[14May2025 22:21:18.461] [modloading-worker-0/DEBUG] [net.minecraftforge.fml.javafmlmod.AutomaticEventSubscriber/LOADING]: Auto-subscribing net.miauczel.legendary_monsters.entity.ai.AmbusherAttackGoal to FORGE
[14May2025 22:21:18.462] [modloading-worker-0/DEBUG] [net.minecraftforge.fml.javafmlmod.AutomaticEventSubscriber/LOADING]: Auto-subscribing net.miauczel.legendary_monsters.entity.OpenContainerEvent to FORGE
[14May2025 22:21:18.463] [modloading-worker-0/DEBUG] [net.minecraftforge.fml.javafmlmod.AutomaticEventSubscriber/LOADING]: Auto-subscribing net.miauczel.legendary_monsters.effect.StunJumpRemover to FORGE
[14May2025 22:21:18.464] [modloading-worker-0/DEBUG] [net.minecraftforge.fml.javafmlmod.AutomaticEventSubscriber/LOADING]: Auto-subscribing net.miauczel.legendary_monsters.datagen.DataGenerators to MOD
[14May2025 22:21:18.466] [modloading-worker-0/DEBUG] [net.minecraftforge.fml.javafmlmod.AutomaticEventSubscriber/LOADING]: Auto-subscribing net.miauczel.legendary_monsters.CommonProxy to MOD
[14May2025 22:21:18.468] [modloading-worker-0/DEBUG] [net.minecraftforge.fml.javafmlmod.AutomaticEventSubscriber/LOADING]: Attempting to inject @EventBusSubscriber classes into the eventbus for entityculling
[14May2025 22:21:18.500] [modloading-worker-0/DEBUG] [net.minecraftforge.fml.javafmlmod.AutomaticEventSubscriber/LOADING]: Attempting to inject @EventBusSubscriber classes into the eventbus for crittersandcompanions
[14May2025 22:21:18.506] [modloading-worker-0/DEBUG] [net.minecraftforge.fml.javafmlmod.AutomaticEventSubscriber/LOADING]: Auto-subscribing com.github.eterdelta.crittersandcompanions.CrittersAndCompanionsForge to MOD
[14May2025 22:21:18.506] [modloading-worker-0/DEBUG] [net.minecraftforge.fml.javafmlmod.AutomaticEventSubscriber/LOADING]: Attempting to inject @EventBusSubscriber classes into the eventbus for alexscaves
[14May2025 22:21:18.507] [modloading-worker-0/DEBUG] [net.minecraftforge.fml.javafmlmod.AutomaticEventSubscriber/LOADING]: Auto-subscribing com.github.eterdelta.crittersandcompanions.CrittersAndCompanionsForge$ForgeEvents to FORGE
[14May2025 22:21:18.507] [modloading-worker-0/DEBUG] [net.minecraftforge.fml.javafmlmod.AutomaticEventSubscriber/LOADING]: Auto-subscribing com.github.alexmodguy.alexscaves.server.entity.ACEntityRegistry to MOD
[14May2025 22:21:18.515] [modloading-worker-0/DEBUG] [net.minecraftforge.fml.javafmlmod.AutomaticEventSubscriber/LOADING]: Attempting to inject @EventBusSubscriber classes into the eventbus for backpacked
[14May2025 22:21:18.516] [modloading-worker-0/DEBUG] [net.minecraftforge.fml.javafmlmod.AutomaticEventSubscriber/LOADING]: Attempting to inject @EventBusSubscriber classes into the eventbus for immediatelyfast
[14May2025 22:21:18.517] [modloading-worker-0/DEBUG] [net.minecraftforge.fml.javafmlmod.AutomaticEventSubscriber/LOADING]: Attempting to inject @EventBusSubscriber classes into the eventbus for bettertridents
[14May2025 22:21:18.517] [modloading-worker-0/DEBUG] [net.minecraftforge.fml.javafmlmod.AutomaticEventSubscriber/LOADING]: Auto-subscribing fuzs.bettertridents.BetterTridentsForge to MOD
[14May2025 22:21:18.520] [modloading-worker-0/INFO] [Puzzles Lib/]: Constructing common components for bettertridents:main
[14May2025 22:21:18.523] [modloading-worker-0/DEBUG] [net.minecraftforge.fml.config.ConfigTracker/CONFIG]: Config file bettertridents-server.toml for bettertridents tracking
[14May2025 22:21:18.523] [modloading-worker-0/DEBUG] [net.minecraftforge.fml.config.ConfigTracker/CONFIG]: Config file bettertridents-common.toml for bettertridents tracking
[14May2025 22:21:18.525] [modloading-worker-0/INFO] [de.keksuccino.fancymenu.FancyMenu/]: [FANCYMENU] Loading v3.3.2 in server-side mode on FORGE!
[14May2025 22:21:18.594] [modloading-worker-0/DEBUG] [net.minecraftforge.fml.javafmlmod.AutomaticEventSubscriber/LOADING]: Attempting to inject @EventBusSubscriber classes into the eventbus for fancymenu
[14May2025 22:21:18.672] [modloading-worker-0/DEBUG] [net.minecraftforge.fml.javafmlmod.AutomaticEventSubscriber/LOADING]: Attempting to inject @EventBusSubscriber classes into the eventbus for creeperoverhaul
[14May2025 22:21:18.673] [modloading-worker-0/DEBUG] [net.minecraftforge.fml.javafmlmod.AutomaticEventSubscriber/LOADING]: Attempting to inject @EventBusSubscriber classes into the eventbus for ferritecore
[14May2025 22:21:18.673] [modloading-worker-0/WARN] [Visuality/]: Visuality is installed on a dedicated server, skip loading...
[14May2025 22:21:18.677] [modloading-worker-0/DEBUG] [net.minecraftforge.fml.javafmlmod.AutomaticEventSubscriber/LOADING]: Attempting to inject @EventBusSubscriber classes into the eventbus for visuality
[14May2025 22:21:18.677] [modloading-worker-0/DEBUG] [net.minecraftforge.fml.javafmlmod.AutomaticEventSubscriber/LOADING]: Attempting to inject @EventBusSubscriber classes into the eventbus for puzzleslib
[14May2025 22:21:18.677] [modloading-worker-0/DEBUG] [net.minecraftforge.fml.javafmlmod.AutomaticEventSubscriber/LOADING]: Auto-subscribing fuzs.puzzleslib.impl.PuzzlesLibForge to MOD
[14May2025 22:21:18.693] [modloading-worker-0/DEBUG] [net.minecraftforge.fml.javafmlmod.AutomaticEventSubscriber/LOADING]: Attempting to inject @EventBusSubscriber classes into the eventbus for automobility
[14May2025 22:21:18.693] [modloading-worker-0/DEBUG] [net.minecraftforge.fml.javafmlmod.AutomaticEventSubscriber/LOADING]: Auto-subscribing io.github.foundationgames.automobility.forge.AutomobilityForge to MOD
[14May2025 22:21:18.701] [modloading-worker-0/DEBUG] [Charm of Undying/]: Loaded com.illusivesoulworks.charmofundying.platform.ForgeClientPlatform@2c1b125c for service interface com.illusivesoulworks.charmofundying.platform.services.IClientPlatform
[14May2025 22:21:18.701] [modloading-worker-0/DEBUG] [Charm of Undying/]: Loaded com.illusivesoulworks.charmofundying.platform.ForgePlatform@729e4298 for service interface com.illusivesoulworks.charmofundying.platform.services.IPlatform
[14May2025 22:21:18.709] [modloading-worker-0/DEBUG] [net.minecraftforge.fml.config.ConfigTracker/CONFIG]: Config file irons_spellbooks-client.toml for irons_spellbooks tracking
[14May2025 22:21:18.715] [modloading-worker-0/INFO] [Puzzles Lib/]: Constructing common components for puzzleslib:main
[14May2025 22:21:18.728] [modloading-worker-0/DEBUG] [SpectreLib/CONFIG]: Config file charmofundying-server.toml for charmofundying added to tracking
[14May2025 22:21:18.730] [modloading-worker-0/DEBUG] [net.minecraftforge.fml.javafmlmod.AutomaticEventSubscriber/LOADING]: Attempting to inject @EventBusSubscriber classes into the eventbus for charmofundying
[14May2025 22:21:18.732] [modloading-worker-0/ERROR] [BadOptimizations/]: BadOptimizations is a client-only mod, this will have no effect on a server.
[14May2025 22:21:18.732] [modloading-worker-0/DEBUG] [net.minecraftforge.fml.javafmlmod.AutomaticEventSubscriber/LOADING]: Attempting to inject @EventBusSubscriber classes into the eventbus for badoptimizations
[14May2025 22:21:18.752] [modloading-worker-0/DEBUG] [net.minecraftforge.fml.javafmlmod.AutomaticEventSubscriber/LOADING]: Attempting to inject @EventBusSubscriber classes into the eventbus for chunksending
[14May2025 22:21:18.753] [modloading-worker-0/WARN] [de.keksuccino.loadmyresources.LoadMyResources/]: ## WARNING ## 'Load My Resources' is a client mod and has no effect when loaded on a server!
[14May2025 22:21:18.754] [modloading-worker-0/DEBUG] [net.minecraftforge.fml.javafmlmod.AutomaticEventSubscriber/LOADING]: Attempting to inject @EventBusSubscriber classes into the eventbus for loadmyresources
[14May2025 22:21:18.755] [modloading-worker-0/DEBUG] [net.minecraftforge.fml.javafmlmod.AutomaticEventSubscriber/LOADING]: Attempting to inject @EventBusSubscriber classes into the eventbus for deuf
[14May2025 22:21:18.775] [modloading-worker-0/DEBUG] [net.minecraftforge.fml.config.ConfigTracker/CONFIG]: Config file irons_spellbooks-server.toml for irons_spellbooks tracking
[14May2025 22:21:18.777] [modloading-worker-0/DEBUG] [net.minecraftforge.fml.javafmlmod.AutomaticEventSubscriber/LOADING]: Attempting to inject @EventBusSubscriber classes into the eventbus for irons_spellbooks
[14May2025 22:21:18.777] [modloading-worker-0/DEBUG] [net.minecraftforge.fml.javafmlmod.AutomaticEventSubscriber/LOADING]: Auto-subscribing io.redspace.ironsspellbooks.worldgen.VillageAddition to FORGE
[14May2025 22:21:18.778] [modloading-worker-0/DEBUG] [net.minecraftforge.fml.javafmlmod.AutomaticEventSubscriber/LOADING]: Auto-subscribing io.redspace.ironsspellbooks.setup.DataHandling to FORGE
[14May2025 22:21:18.779] [modloading-worker-0/DEBUG] [net.minecraftforge.fml.javafmlmod.AutomaticEventSubscriber/LOADING]: Auto-subscribing io.redspace.ironsspellbooks.setup.CommonSetup to MOD
[14May2025 22:21:18.782] [modloading-worker-0/DEBUG] [net.minecraftforge.fml.javafmlmod.AutomaticEventSubscriber/LOADING]: Auto-subscribing io.redspace.ironsspellbooks.registries.CreativeTabRegistry to MOD
[14May2025 22:21:18.785] [modloading-worker-0/DEBUG] [net.minecraftforge.fml.javafmlmod.AutomaticEventSubscriber/LOADING]: Auto-subscribing io.redspace.ironsspellbooks.registries.CommandRegistry to FORGE
[14May2025 22:21:18.786] [modloading-worker-0/DEBUG] [net.minecraftforge.fml.javafmlmod.AutomaticEventSubscriber/LOADING]: Auto-subscribing io.redspace.ironsspellbooks.player.ServerPlayerEvents to FORGE
[14May2025 22:21:18.787] [modloading-worker-0/DEBUG] [mixin/]: Mixing main.ServerPlayerEventsMixin from alltheleaks.mixins.json into io.redspace.ironsspellbooks.player.ServerPlayerEvents
[14May2025 22:21:18.795] [modloading-worker-0/DEBUG] [net.minecraftforge.fml.javafmlmod.AutomaticEventSubscriber/LOADING]: Attempting to inject @EventBusSubscriber classes into the eventbus for born_in_chaos_v1
[14May2025 22:21:18.795] [modloading-worker-0/DEBUG] [net.minecraftforge.fml.javafmlmod.AutomaticEventSubscriber/LOADING]: Auto-subscribing net.mcreator.borninchaosv.recipes.brewing.StimulatingDecoctionPBrewingRecipe to MOD
[14May2025 22:21:18.796] [modloading-worker-0/DEBUG] [net.minecraftforge.fml.javafmlmod.AutomaticEventSubscriber/LOADING]: Auto-subscribing net.mcreator.borninchaosv.recipes.brewing.SeaTerrorEyeKBrewingRecipe to MOD
[14May2025 22:21:18.797] [modloading-worker-0/DEBUG] [net.minecraftforge.fml.javafmlmod.AutomaticEventSubscriber/LOADING]: Auto-subscribing net.mcreator.borninchaosv.recipes.brewing.PotionofRampagekBrewingRecipe to MOD
[14May2025 22:21:18.800] [modloading-worker-0/DEBUG] [net.minecraftforge.fml.javafmlmod.AutomaticEventSubscriber/LOADING]: Auto-subscribing net.mcreator.borninchaosv.recipes.brewing.PotionofMagicalDepletionKBrewingRecipe to MOD
[14May2025 22:21:18.801] [modloading-worker-0/DEBUG] [net.minecraftforge.fml.javafmlmod.AutomaticEventSubscriber/LOADING]: Auto-subscribing net.mcreator.borninchaosv.recipes.brewing.PotionofLivingCocoonCraftBrewingRecipe to MOD
[14May2025 22:21:18.805] [modloading-worker-0/DEBUG] [net.minecraftforge.fml.javafmlmod.AutomaticEventSubscriber/LOADING]: Auto-subscribing net.mcreator.borninchaosv.recipes.brewing.IntoxicationPotionKBrewingRecipe to MOD
[14May2025 22:21:18.806] [modloading-worker-0/DEBUG] [net.minecraftforge.fml.javafmlmod.AutomaticEventSubscriber/LOADING]: Auto-subscribing net.mcreator.borninchaosv.recipes.brewing.ElixirofWitherResistanceCraftBrewingRecipe to MOD
[14May2025 22:21:18.807] [modloading-worker-0/DEBUG] [net.minecraftforge.fml.javafmlmod.AutomaticEventSubscriber/LOADING]: Auto-subscribing net.mcreator.borninchaosv.recipes.brewing.ElixirofVampirismKBrewingRecipe to MOD
[14May2025 22:21:18.807] [modloading-worker-0/DEBUG] [net.minecraftforge.fml.javafmlmod.AutomaticEventSubscriber/LOADING]: Auto-subscribing net.mcreator.borninchaosv.recipes.brewing.ElixirofInsectProtectionCraftBrewingRecipe to MOD
[14May2025 22:21:18.812] [modloading-worker-0/DEBUG] [net.minecraftforge.fml.javafmlmod.AutomaticEventSubscriber/LOADING]: Auto-subscribing net.mcreator.borninchaosv.recipes.brewing.ElixirofIceBarrierCraftBrewingRecipe to MOD
[14May2025 22:21:18.813] [modloading-worker-0/DEBUG] [net.minecraftforge.fml.javafmlmod.AutomaticEventSubscriber/LOADING]: Auto-subscribing net.mcreator.borninchaosv.recipes.brewing.ChaosComponentCraftBrewingRecipe to MOD
[14May2025 22:21:18.813] [modloading-worker-0/DEBUG] [net.minecraftforge.fml.javafmlmod.AutomaticEventSubscriber/LOADING]: Auto-subscribing net.mcreator.borninchaosv.recipes.brewing.BottleOfMagicalEnergyKBrewingRecipe to MOD
[14May2025 22:21:18.814] [modloading-worker-0/DEBUG] [net.minecraftforge.fml.javafmlmod.AutomaticEventSubscriber/LOADING]: Auto-subscribing net.mcreator.borninchaosv.procedures.ZombieswithDoorPriObnovlieniiTaktaSushchnostiProcedure to FORGE
[14May2025 22:21:18.816] [modloading-worker-0/DEBUG] [net.minecraftforge.fml.javafmlmod.AutomaticEventSubscriber/LOADING]: Auto-subscribing net.mcreator.borninchaosv.procedures.ZombiefishermanatackProcedure to FORGE
[14May2025 22:21:18.816] [modloading-worker-0/DEBUG] [net.minecraftforge.fml.javafmlmod.AutomaticEventSubscriber/LOADING]: Auto-subscribing net.mcreator.borninchaosv.procedures.ZombieclownatacProcedure to FORGE
[14May2025 22:21:18.817] [modloading-worker-0/DEBUG] [net.minecraftforge.fml.javafmlmod.AutomaticEventSubscriber/LOADING]: Auto-subscribing net.mcreator.borninchaosv.procedures.ZombieMaggotsProcedure to FORGE
[14May2025 22:21:18.818] [modloading-worker-0/DEBUG] [net.minecraftforge.fml.javafmlmod.AutomaticEventSubscriber/LOADING]: Auto-subscribing net.mcreator.borninchaosv.procedures.ZombieLumberjackAtackProcedure to FORGE
[14May2025 22:21:18.818] [modloading-worker-0/DEBUG] [net.minecraftforge.fml.javafmlmod.AutomaticEventSubscriber/LOADING]: Auto-subscribing net.mcreator.borninchaosv.procedures.ZombieBruiseratackProcedure to FORGE
[14May2025 22:21:18.819] [modloading-worker-0/DEBUG] [net.minecraftforge.fml.javafmlmod.AutomaticEventSubscriber/LOADING]: Auto-subscribing io.redspace.ironsspellbooks.player.AdditionalWanderingTrades to FORGE
[14May2025 22:21:18.821] [modloading-worker-0/DEBUG] [net.minecraftforge.fml.javafmlmod.AutomaticEventSubscriber/LOADING]: Auto-subscribing io.redspace.ironsspellbooks.loot.LootDebugEvents to FORGE
[14May2025 22:21:18.822] [modloading-worker-0/DEBUG] [net.minecraftforge.fml.javafmlmod.AutomaticEventSubscriber/LOADING]: Auto-subscribing io.redspace.ironsspellbooks.entity.mobs.wizards.WizardAIEvents to FORGE
[14May2025 22:21:18.824] [modloading-worker-0/DEBUG] [net.minecraftforge.fml.javafmlmod.AutomaticEventSubscriber/LOADING]: Auto-subscribing net.mcreator.borninchaosv.procedures.WeaponDescriptionProcedure to FORGE
[14May2025 22:21:18.825] [modloading-worker-0/DEBUG] [net.minecraftforge.fml.javafmlmod.AutomaticEventSubscriber/LOADING]: Auto-subscribing net.mcreator.borninchaosv.procedures.WarningSoundProcedure to FORGE
[14May2025 22:21:18.826] [modloading-worker-0/DEBUG] [net.minecraftforge.fml.javafmlmod.AutomaticEventSubscriber/LOADING]: Auto-subscribing net.mcreator.borninchaosv.procedures.VampiricTouchAtackProcedure to FORGE
[14May2025 22:21:18.826] [modloading-worker-0/DEBUG] [net.minecraftforge.fml.javafmlmod.AutomaticEventSubscriber/LOADING]: Auto-subscribing io.redspace.ironsspellbooks.effect.guiding_bolt.GuidingBoltManager to FORGE
[14May2025 22:21:18.827] [modloading-worker-0/DEBUG] [net.minecraftforge.fml.javafmlmod.AutomaticEventSubscriber/LOADING]: Auto-subscribing net.mcreator.borninchaosv.procedures.TransmutingElixirclicProcedure to FORGE
[14May2025 22:21:18.828] [modloading-worker-0/DEBUG] [net.minecraftforge.fml.javafmlmod.AutomaticEventSubscriber/LOADING]: Auto-subscribing net.mcreator.borninchaosv.procedures.ThornshellCrabPriShchielchkiePKMPoSushchnostiProcedure to FORGE
[14May2025 22:21:18.828] [modloading-worker-0/DEBUG] [net.minecraftforge.fml.javafmlmod.AutomaticEventSubscriber/LOADING]: Auto-subscribing io.redspace.ironsspellbooks.effect.ThunderstormEffect to FORGE
[14May2025 22:21:18.829] [modloading-worker-0/DEBUG] [mixin/]: Mixing collections.attributes.AttributeContainerMixin from lithium.mixins.json into net.minecraft.world.entity.ai.attributes.AttributeMap
[14May2025 22:21:18.829] [modloading-worker-0/DEBUG] [mixin/]: lithium.mixins.json:collections.attributes.AttributeContainerMixin: Class version 61 required is higher than the class version supported by the current version of Mixin (JAVA_16 supports class version 60)
[14May2025 22:21:18.830] [modloading-worker-0/DEBUG] [net.minecraftforge.fml.javafmlmod.AutomaticEventSubscriber/LOADING]: Auto-subscribing net.mcreator.borninchaosv.procedures.SweetItemDescriptionProcedure to FORGE
[14May2025 22:21:18.831] [modloading-worker-0/DEBUG] [net.minecraftforge.fml.javafmlmod.AutomaticEventSubscriber/LOADING]: Auto-subscribing net.mcreator.borninchaosv.procedures.SwarmerPreparationProcedure to FORGE
[14May2025 22:21:18.832] [modloading-worker-0/DEBUG] [net.minecraftforge.fml.javafmlmod.AutomaticEventSubscriber/LOADING]: Auto-subscribing io.redspace.ironsspellbooks.effect.OakskinEffect to FORGE
[14May2025 22:21:18.832] [modloading-worker-0/DEBUG] [net.minecraftforge.fml.javafmlmod.AutomaticEventSubscriber/LOADING]: Auto-subscribing net.mcreator.borninchaosv.procedures.SpiritofChaosAtackProcedure to FORGE
[14May2025 22:21:18.832] [modloading-worker-0/DEBUG] [net.minecraftforge.fml.javafmlmod.AutomaticEventSubscriber/LOADING]: Auto-subscribing io.redspace.ironsspellbooks.effect.GluttonyEffect to FORGE
[14May2025 22:21:18.832] [modloading-worker-0/DEBUG] [net.minecraftforge.fml.javafmlmod.AutomaticEventSubscriber/LOADING]: Auto-subscribing io.redspace.ironsspellbooks.effect.EchoingStrikesEffect to FORGE
[14May2025 22:21:18.833] [modloading-worker-0/DEBUG] [net.minecraftforge.fml.javafmlmod.AutomaticEventSubscriber/LOADING]: Auto-subscribing net.mcreator.borninchaosv.procedures.SpiritGuideAtacProcedure to FORGE
[14May2025 22:21:18.833] [modloading-worker-0/DEBUG] [net.minecraftforge.fml.javafmlmod.AutomaticEventSubscriber/LOADING]: Auto-subscribing io.redspace.ironsspellbooks.effect.BlightEffect to FORGE
[14May2025 22:21:18.834] [modloading-worker-0/DEBUG] [net.minecraftforge.fml.javafmlmod.AutomaticEventSubscriber/LOADING]: Auto-subscribing io.redspace.ironsspellbooks.datagen.DataGenerators to MOD
[14May2025 22:21:18.835] [modloading-worker-0/DEBUG] [net.minecraftforge.fml.javafmlmod.AutomaticEventSubscriber/LOADING]: Auto-subscribing io.redspace.ironsspellbooks.damage.DamageSources to FORGE
[14May2025 22:21:18.836] [modloading-worker-0/DEBUG] [net.minecraftforge.fml.javafmlmod.AutomaticEventSubscriber/LOADING]: Auto-subscribing net.mcreator.borninchaosv.procedures.SpinyShellArmorKazhdyiTikDliaShliemaProcedure to FORGE
[14May2025 22:21:18.837] [modloading-worker-0/DEBUG] [net.minecraftforge.fml.javafmlmod.AutomaticEventSubscriber/LOADING]: Auto-subscribing net.mcreator.borninchaosv.procedures.SkeletonThrasherDProcedure to FORGE
[14May2025 22:21:18.838] [modloading-worker-0/DEBUG] [net.minecraftforge.fml.javafmlmod.AutomaticEventSubscriber/LOADING]: Auto-subscribing net.mcreator.borninchaosv.procedures.SerPumpkinheadAtacProcedure to FORGE
[14May2025 22:21:18.839] [modloading-worker-0/DEBUG] [net.minecraftforge.fml.javafmlmod.AutomaticEventSubscriber/LOADING]: Auto-subscribing net.mcreator.borninchaosv.procedures.SearedspiritPProcedure to FORGE
[14May2025 22:21:18.840] [modloading-worker-0/DEBUG] [net.minecraftforge.fml.javafmlmod.AutomaticEventSubscriber/LOADING]: Auto-subscribing net.mcreator.borninchaosv.procedures.RampagePProcedure to FORGE
[14May2025 22:21:18.841] [modloading-worker-0/DEBUG] [net.minecraftforge.fml.javafmlmod.AutomaticEventSubscriber/LOADING]: Auto-subscribing net.mcreator.borninchaosv.procedures.PumpkinbruiserAtacProcedure to FORGE
[14May2025 22:21:18.841] [modloading-worker-0/DEBUG] [net.minecraftforge.fml.javafmlmod.AutomaticEventSubscriber/LOADING]: Auto-subscribing io.redspace.ironsspellbooks.api.util.CameraShakeManager to FORGE
[14May2025 22:21:18.842] [modloading-worker-0/DEBUG] [net.minecraftforge.fml.javafmlmod.AutomaticEventSubscriber/LOADING]: Auto-subscribing io.redspace.ironsspellbooks.api.registry.AttributeRegistry to MOD
[14May2025 22:21:18.843] [modloading-worker-0/DEBUG] [net.minecraftforge.fml.javafmlmod.AutomaticEventSubscriber/LOADING]: Auto-subscribing net.mcreator.borninchaosv.procedures.PositiveTamingProcedure to FORGE
[14May2025 22:21:18.844] [modloading-worker-0/DEBUG] [net.minecraftforge.fml.javafmlmod.AutomaticEventSubscriber/LOADING]: Auto-subscribing net.mcreator.borninchaosv.procedures.PositiveFertilizerProcedure to FORGE
[14May2025 22:21:18.846] [modloading-worker-0/DEBUG] [net.minecraftforge.fml.javafmlmod.AutomaticEventSubscriber/LOADING]: Attempting to inject @EventBusSubscriber classes into the eventbus for defaultoptions
[14May2025 22:21:18.847] [modloading-worker-0/DEBUG] [net.minecraftforge.fml.javafmlmod.AutomaticEventSubscriber/LOADING]: Auto-subscribing net.mcreator.borninchaosv.procedures.PiritAtacProcedure to FORGE
[14May2025 22:21:18.850] [modloading-worker-0/DEBUG] [net.minecraftforge.fml.javafmlmod.AutomaticEventSubscriber/LOADING]: Auto-subscribing net.mcreator.borninchaosv.procedures.ObsessiondeadProcedure to FORGE
[14May2025 22:21:18.851] [modloading-worker-0/DEBUG] [net.minecraftforge.fml.javafmlmod.AutomaticEventSubscriber/LOADING]: Auto-subscribing net.mcreator.borninchaosv.procedures.NightmareStalkerDamProcedure to FORGE
[14May2025 22:21:18.851] [modloading-worker-0/DEBUG] [net.minecraftforge.fml.javafmlmod.AutomaticEventSubscriber/LOADING]: Auto-subscribing net.mcreator.borninchaosv.procedures.MrPumpkinAtacProcedure to FORGE
[14May2025 22:21:18.853] [modloading-worker-0/DEBUG] [net.minecraftforge.fml.javafmlmod.AutomaticEventSubscriber/LOADING]: Auto-subscribing net.mcreator.borninchaosv.procedures.MotherSpiderAtackProcedure to FORGE
[14May2025 22:21:18.853] [modloading-worker-0/DEBUG] [net.minecraftforge.fml.javafmlmod.AutomaticEventSubscriber/LOADING]: Auto-subscribing net.mcreator.borninchaosv.procedures.MissionaryHatpProcedure to FORGE
[14May2025 22:21:18.854] [modloading-worker-0/DEBUG] [net.minecraftforge.fml.javafmlmod.AutomaticEventSubscriber/LOADING]: Auto-subscribing net.mcreator.borninchaosv.procedures.MissionaryAtacktargetProcedure to FORGE
[14May2025 22:21:18.855] [modloading-worker-0/DEBUG] [net.minecraftforge.fml.javafmlmod.AutomaticEventSubscriber/LOADING]: Auto-subscribing net.mcreator.borninchaosv.procedures.MinionsattacktargetProcedure to FORGE
[14May2025 22:21:18.856] [modloading-worker-0/DEBUG] [net.minecraftforge.fml.javafmlmod.AutomaticEventSubscriber/LOADING]: Auto-subscribing net.mcreator.borninchaosv.procedures.LunarSpruceCowboyPProcedure to FORGE
[14May2025 22:21:18.858] [modloading-worker-0/DEBUG] [net.minecraftforge.fml.javafmlmod.AutomaticEventSubscriber/LOADING]: Auto-subscribing net.mcreator.borninchaosv.procedures.LordsFelsteedatackProcedure to FORGE
[14May2025 22:21:18.858] [modloading-worker-0/DEBUG] [net.minecraftforge.fml.javafmlmod.AutomaticEventSubscriber/LOADING]: Auto-subscribing net.mcreator.borninchaosv.procedures.LordTheHeadlessAtackProcedure to FORGE
[14May2025 22:21:18.860] [modloading-worker-0/DEBUG] [net.minecraftforge.fml.javafmlmod.AutomaticEventSubscriber/LOADING]: Auto-subscribing net.mcreator.borninchaosv.procedures.LordPumpkinheadsHatHitProcedure to FORGE
[14May2025 22:21:18.862] [modloading-worker-0/DEBUG] [net.minecraftforge.fml.javafmlmod.AutomaticEventSubscriber/LOADING]: Auto-subscribing net.mcreator.borninchaosv.procedures.LordPumpkinheadatackProcedure to FORGE
[14May2025 22:21:18.863] [modloading-worker-0/DEBUG] [net.minecraftforge.fml.javafmlmod.AutomaticEventSubscriber/LOADING]: Auto-subscribing net.mcreator.borninchaosv.procedures.LivingcocoonplayersideDeadProcedure to FORGE
[14May2025 22:21:18.864] [modloading-worker-0/DEBUG] [net.minecraftforge.fml.javafmlmod.AutomaticEventSubscriber/LOADING]: Auto-subscribing net.mcreator.borninchaosv.procedures.LivingCocoonDeadProcedure to FORGE
[14May2025 22:21:18.866] [modloading-worker-0/DEBUG] [net.minecraftforge.fml.javafmlmod.AutomaticEventSubscriber/LOADING]: Auto-subscribing net.mcreator.borninchaosv.procedures.LifestealerTFAtackProcedure to FORGE
[14May2025 22:21:18.867] [modloading-worker-0/DEBUG] [net.minecraftforge.fml.javafmlmod.AutomaticEventSubscriber/LOADING]: Auto-subscribing net.mcreator.borninchaosv.procedures.LifestealerAtackProcedure to FORGE
[14May2025 22:21:18.869] [modloading-worker-0/DEBUG] [net.minecraftforge.fml.javafmlmod.AutomaticEventSubscriber/LOADING]: Auto-subscribing net.mcreator.borninchaosv.procedures.KrampusHenchmanAttackProcedure to FORGE
[14May2025 22:21:18.870] [modloading-worker-0/DEBUG] [net.minecraftforge.fml.javafmlmod.AutomaticEventSubscriber/LOADING]: Auto-subscribing net.mcreator.borninchaosv.procedures.KrampusAttackProcedure to FORGE
[14May2025 22:21:18.873] [modloading-worker-0/DEBUG] [net.minecraftforge.fml.javafmlmod.AutomaticEventSubscriber/LOADING]: Auto-subscribing net.mcreator.borninchaosv.procedures.KillinganimalsProcedure to FORGE
[14May2025 22:21:18.874] [modloading-worker-0/DEBUG] [net.minecraftforge.fml.javafmlmod.AutomaticEventSubscriber/LOADING]: Auto-subscribing net.mcreator.borninchaosv.procedures.KillingVillagersProcedure to FORGE
[14May2025 22:21:18.880] [modloading-worker-0/DEBUG] [net.minecraftforge.fml.javafmlmod.AutomaticEventSubscriber/LOADING]: Auto-subscribing net.mcreator.borninchaosv.procedures.ItemsDescriptionTooltipProcedure to FORGE
[14May2025 22:21:18.882] [modloading-worker-0/DEBUG] [net.minecraftforge.fml.javafmlmod.AutomaticEventSubscriber/LOADING]: Auto-subscribing net.mcreator.borninchaosv.procedures.InsectProtectionTrigerProcedure to FORGE
[14May2025 22:21:18.883] [modloading-worker-0/DEBUG] [net.minecraftforge.fml.javafmlmod.AutomaticEventSubscriber/LOADING]: Auto-subscribing net.mcreator.borninchaosv.procedures.InfernalSpiritAtackProcedure to FORGE
[14May2025 22:21:18.886] [modloading-worker-0/DEBUG] [net.minecraftforge.fml.javafmlmod.AutomaticEventSubscriber/LOADING]: Auto-subscribing net.mcreator.borninchaosv.procedures.IceBarrierAttackProcedure to FORGE
[14May2025 22:21:18.888] [modloading-worker-0/DEBUG] [net.minecraftforge.fml.javafmlmod.AutomaticEventSubscriber/LOADING]: Auto-subscribing net.mcreator.borninchaosv.procedures.HewnScorchedLogPProcedure to FORGE
[14May2025 22:21:18.889] [modloading-worker-0/DEBUG] [net.minecraftforge.fml.javafmlmod.AutomaticEventSubscriber/LOADING]: Auto-subscribing net.mcreator.borninchaosv.procedures.HatsDescriptionProcedure to FORGE
[14May2025 22:21:18.891] [modloading-worker-0/DEBUG] [net.minecraftforge.fml.javafmlmod.AutomaticEventSubscriber/LOADING]: Auto-subscribing net.mcreator.borninchaosv.procedures.GluttonfishatackProcedure to FORGE
[14May2025 22:21:18.893] [modloading-worker-0/DEBUG] [net.minecraftforge.fml.javafmlmod.AutomaticEventSubscriber/LOADING]: Auto-subscribing net.mcreator.borninchaosv.procedures.FragileScorchedPlanksPProcedure to FORGE
[14May2025 22:21:18.894] [modloading-worker-0/DEBUG] [net.minecraftforge.fml.javafmlmod.AutomaticEventSubscriber/LOADING]: Auto-subscribing net.mcreator.borninchaosv.procedures.FirelightDProcedure to FORGE
[14May2025 22:21:18.894] [modloading-worker-0/DEBUG] [net.minecraftforge.fml.javafmlmod.AutomaticEventSubscriber/LOADING]: Auto-subscribing net.mcreator.borninchaosv.procedures.EvilCarvedPumpkinPProcedure to FORGE
[14May2025 22:21:18.895] [modloading-worker-0/DEBUG] [net.minecraftforge.fml.javafmlmod.AutomaticEventSubscriber/LOADING]: Auto-subscribing net.mcreator.borninchaosv.procedures.EatingRottenFleshProcedure to FORGE
[14May2025 22:21:18.896] [modloading-worker-0/DEBUG] [net.minecraftforge.fml.javafmlmod.AutomaticEventSubscriber/LOADING]: Auto-subscribing net.mcreator.borninchaosv.procedures.DreadHoundPriNazhatiiPravoiKnopkiNaSushchnostProcedure to FORGE
[14May2025 22:21:18.897] [modloading-worker-0/DEBUG] [net.minecraftforge.fml.javafmlmod.AutomaticEventSubscriber/LOADING]: Auto-subscribing net.mcreator.borninchaosv.procedures.DreadHoundAtacProcedure to FORGE
[14May2025 22:21:18.898] [modloading-worker-0/DEBUG] [net.minecraftforge.fml.javafmlmod.AutomaticEventSubscriber/LOADING]: Auto-subscribing net.mcreator.borninchaosv.procedures.DireHoundLeaderAtackProcedure to FORGE
[14May2025 22:21:18.899] [modloading-worker-0/DEBUG] [net.minecraftforge.fml.javafmlmod.AutomaticEventSubscriber/LOADING]: Auto-subscribing net.mcreator.borninchaosv.procedures.DimonBaitProcedure to FORGE
[14May2025 22:21:18.900] [modloading-worker-0/DEBUG] [net.minecraftforge.fml.javafmlmod.AutomaticEventSubscriber/LOADING]: Auto-subscribing net.mcreator.borninchaosv.procedures.DescriptionArmorProcedure to FORGE
[14May2025 22:21:18.901] [modloading-worker-0/DEBUG] [net.minecraftforge.fml.javafmlmod.AutomaticEventSubscriber/LOADING]: Auto-subscribing net.mcreator.borninchaosv.procedures.DeathTotemKoghdaPriedmietNakhoditsiaVRukieProcedure to FORGE
[14May2025 22:21:18.902] [modloading-worker-0/DEBUG] [net.minecraftforge.fml.javafmlmod.AutomaticEventSubscriber/LOADING]: Auto-subscribing net.mcreator.borninchaosv.procedures.DarkWardActivProcedure to FORGE
[14May2025 22:21:18.904] [modloading-worker-0/DEBUG] [net.minecraftforge.fml.config.ConfigTracker/CONFIG]: Config file Obscuria/aquamirae-common.toml for aquamirae tracking
[14May2025 22:21:18.906] [modloading-worker-0/DEBUG] [net.minecraftforge.fml.javafmlmod.AutomaticEventSubscriber/LOADING]: Auto-subscribing net.mcreator.borninchaosv.procedures.DarkRitualDaggerPProcedure to FORGE
[14May2025 22:21:18.906] [modloading-worker-0/DEBUG] [net.minecraftforge.fml.config.ConfigTracker/CONFIG]: Config file Obscuria/aquamirae-client.toml for aquamirae tracking
[14May2025 22:21:18.907] [modloading-worker-0/DEBUG] [net.minecraftforge.fml.javafmlmod.AutomaticEventSubscriber/LOADING]: Auto-subscribing net.mcreator.borninchaosv.procedures.DZombieDProcedure to FORGE
[14May2025 22:21:18.907] [modloading-worker-0/DEBUG] [net.minecraftforge.fml.javafmlmod.AutomaticEventSubscriber/LOADING]: Auto-subscribing net.mcreator.borninchaosv.procedures.CursedMarkAtacProcedure to FORGE
[14May2025 22:21:18.909] [modloading-worker-0/DEBUG] [net.minecraftforge.fml.javafmlmod.AutomaticEventSubscriber/LOADING]: Attempting to inject @EventBusSubscriber classes into the eventbus for aquamirae
[14May2025 22:21:18.910] [modloading-worker-0/DEBUG] [net.minecraftforge.fml.javafmlmod.AutomaticEventSubscriber/LOADING]: Auto-subscribing net.mcreator.borninchaosv.procedures.CorpseflyatacProcedure to FORGE
[14May2025 22:21:18.911] [modloading-worker-0/DEBUG] [net.minecraftforge.fml.javafmlmod.AutomaticEventSubscriber/LOADING]: Auto-subscribing net.mcreator.borninchaosv.procedures.BoneBarrierProProcedure to FORGE
[14May2025 22:21:18.911] [modloading-worker-0/DEBUG] [net.minecraftforge.fml.javafmlmod.AutomaticEventSubscriber/LOADING]: Auto-subscribing com.obscuria.aquamirae.registry.AquamiraeEntities to MOD
[14May2025 22:21:18.911] [modloading-worker-0/DEBUG] [net.minecraftforge.fml.javafmlmod.AutomaticEventSubscriber/LOADING]: Auto-subscribing net.mcreator.borninchaosv.procedures.BloodyGadflyAtacProcedure to FORGE
[14May2025 22:21:18.913] [modloading-worker-0/DEBUG] [net.minecraftforge.fml.javafmlmod.AutomaticEventSubscriber/LOADING]: Auto-subscribing com.obscuria.aquamirae.registry.AquamiraeCreativeTab to MOD
[14May2025 22:21:18.913] [modloading-worker-0/DEBUG] [net.minecraftforge.fml.javafmlmod.AutomaticEventSubscriber/LOADING]: Auto-subscribing net.mcreator.borninchaosv.procedures.BlockSkeletonTrasherProcedure to FORGE
[14May2025 22:21:18.913] [modloading-worker-0/DEBUG] [net.minecraftforge.fml.javafmlmod.AutomaticEventSubscriber/LOADING]: Auto-subscribing com.obscuria.aquamirae.network.ScrollMessage to MOD
[14May2025 22:21:18.914] [modloading-worker-0/DEBUG] [net.minecraftforge.fml.javafmlmod.AutomaticEventSubscriber/LOADING]: Auto-subscribing net.mcreator.borninchaosv.procedures.BabyspidercontrolledAtackProcedure to FORGE
[14May2025 22:21:18.915] [modloading-worker-0/DEBUG] [net.minecraftforge.fml.javafmlmod.AutomaticEventSubscriber/LOADING]: Auto-subscribing com.obscuria.aquamirae.common.recipes.SpectralPotionRecipe to MOD
[14May2025 22:21:18.916] [modloading-worker-0/DEBUG] [net.minecraftforge.fml.javafmlmod.AutomaticEventSubscriber/LOADING]: Auto-subscribing net.mcreator.borninchaosv.procedures.BabySpiderAtackProcedure to FORGE
[14May2025 22:21:18.916] [modloading-worker-0/DEBUG] [net.minecraftforge.fml.javafmlmod.AutomaticEventSubscriber/LOADING]: Auto-subscribing net.mcreator.borninchaosv.procedures.AxeAtackProcedure to FORGE
[14May2025 22:21:18.917] [modloading-worker-0/DEBUG] [net.minecraftforge.fml.javafmlmod.AutomaticEventSubscriber/LOADING]: Auto-subscribing com.obscuria.aquamirae.common.recipes.PotionOfTenacityRecipe to MOD
[14May2025 22:21:18.918] [modloading-worker-0/DEBUG] [net.minecraftforge.fml.javafmlmod.AutomaticEventSubscriber/LOADING]: Auto-subscribing com.obscuria.aquamirae.common.items.armor.TerribleArmorItem to FORGE
[14May2025 22:21:18.918] [modloading-worker-0/DEBUG] [net.minecraftforge.fml.javafmlmod.AutomaticEventSubscriber/LOADING]: Auto-subscribing net.mcreator.borninchaosv.procedures.AttackoftheDisobedientProcedure to FORGE
[14May2025 22:21:18.918] [modloading-worker-0/DEBUG] [net.minecraftforge.fml.javafmlmod.AutomaticEventSubscriber/LOADING]: Auto-subscribing com.obscuria.aquamirae.common.items.RuneOfTheStormItem to FORGE
[14May2025 22:21:18.919] [modloading-worker-0/DEBUG] [net.minecraftforge.fml.javafmlmod.AutomaticEventSubscriber/LOADING]: Auto-subscribing net.mcreator.borninchaosv.network.BornInChaosV1ModVariables to MOD
[14May2025 22:21:18.920] [modloading-worker-0/DEBUG] [net.minecraftforge.fml.javafmlmod.AutomaticEventSubscriber/LOADING]: Auto-subscribing net.mcreator.borninchaosv.network.BornInChaosV1ModVariables$PlayerVariablesProvider to FORGE
[14May2025 22:21:18.921] [modloading-worker-0/DEBUG] [net.minecraftforge.fml.javafmlmod.AutomaticEventSubscriber/LOADING]: Auto-subscribing net.mcreator.borninchaosv.network.BornInChaosV1ModVariables$EventBusVariableHandlers to FORGE
[14May2025 22:21:18.924] [modloading-worker-0/DEBUG] [net.minecraftforge.fml.javafmlmod.AutomaticEventSubscriber/LOADING]: Auto-subscribing net.mcreator.borninchaosv.init.ItemAnimationFactory to FORGE
[14May2025 22:21:18.925] [modloading-worker-0/DEBUG] [net.minecraftforge.fml.javafmlmod.AutomaticEventSubscriber/LOADING]: Auto-subscribing net.mcreator.borninchaosv.init.EntityAnimationFactory to FORGE
[14May2025 22:21:18.926] [modloading-worker-0/DEBUG] [net.minecraftforge.fml.javafmlmod.AutomaticEventSubscriber/LOADING]: Auto-subscribing net.mcreator.borninchaosv.init.BornInChaosV1ModGameRules to MOD
[14May2025 22:21:18.930] [modloading-worker-0/DEBUG] [net.minecraftforge.fml.javafmlmod.AutomaticEventSubscriber/LOADING]: Attempting to inject @EventBusSubscriber classes into the eventbus for moa_decor_electronics
[14May2025 22:21:18.930] [modloading-worker-0/DEBUG] [mixin/]: Mixing GameRulesMixin from snowrealmagic.mixins.json into net.minecraft.world.level.GameRules
[14May2025 22:21:18.930] [modloading-worker-0/DEBUG] [mixin/]: snowrealmagic.mixins.json:GameRulesMixin: Class version 61 required is higher than the class version supported by the current version of Mixin (JAVA_16 supports class version 60)
[14May2025 22:21:18.930] [modloading-worker-0/DEBUG] [mixin/]: Mixing collections.gamerules.GameRulesMixin from lithium.mixins.json into net.minecraft.world.level.GameRules
[14May2025 22:21:18.930] [modloading-worker-0/DEBUG] [mixin/]: lithium.mixins.json:collections.gamerules.GameRulesMixin: Class version 61 required is higher than the class version supported by the current version of Mixin (JAVA_16 supports class version 60)
[14May2025 22:21:18.939] [modloading-worker-0/DEBUG] [net.minecraftforge.fml.javafmlmod.AutomaticEventSubscriber/LOADING]: Auto-subscribing net.mcreator.borninchaosv.init.BornInChaosV1ModFuels to FORGE
[14May2025 22:21:18.939] [modloading-worker-0/DEBUG] [net.minecraftforge.fml.javafmlmod.AutomaticEventSubscriber/LOADING]: Auto-subscribing net.mcreator.borninchaosv.init.BornInChaosV1ModFeatures to FORGE
[14May2025 22:21:18.939] [modloading-worker-0/DEBUG] [net.minecraftforge.fml.javafmlmod.AutomaticEventSubscriber/LOADING]: Auto-subscribing net.mcreator.borninchaosv.init.BornInChaosV1ModEntities to MOD
[14May2025 22:21:18.940] [modloading-worker-0/DEBUG] [net.minecraftforge.fml.javafmlmod.AutomaticEventSubscriber/LOADING]: Auto-subscribing net.mcreator.borninchaosv.init.BornInChaosV1ModCompostableItems to MOD
[14May2025 22:21:18.945] [main/DEBUG] [net.minecraftforge.fml.DeferredWorkQueue/LOADING]: Dispatching synchronous work for work queue CONSTRUCT: 1 jobs
[14May2025 22:21:18.947] [main/DEBUG] [net.minecraftforge.fml.config.ConfigTracker/CONFIG]: Config file enemyexpansion.toml for enemyexpansion tracking
[14May2025 22:21:18.948] [main/DEBUG] [net.minecraftforge.fml.DeferredWorkQueue/LOADING]: Synchronous work queue completed in 2.414 ms
[14May2025 22:21:19.105] [main/DEBUG] [SpectreLib/CONFIG]: Loading global configs
[14May2025 22:21:19.107] [main/DEBUG] [SpectreLib/]: Loaded com.illusivesoulworks.spectrelib.platform.ForgeConfigHelper@70c3b62b for service interface com.illusivesoulworks.spectrelib.platform.services.IConfigHelper
[14May2025 22:21:19.108] [main/DEBUG] [SpectreLib/CONFIG]: Built TOML config for /workspaces/Sagon/servidor_minecraft/config/charmofundying-server.toml
[14May2025 22:21:19.108] [main/DEBUG] [SpectreLib/CONFIG]: Loaded TOML config file /workspaces/Sagon/servidor_minecraft/config/charmofundying-server.toml
[14May2025 22:21:19.587] [main/DEBUG] [net.minecraftforge.common.capabilities.CapabilityManager/CAPABILITIES]: Attempting to automatically register: Lcom/cerbon/bosses_of_mass_destruction/capability/ChunkBlockCacheProvider;
[14May2025 22:21:19.587] [main/DEBUG] [net.minecraftforge.common.capabilities.CapabilityManager/CAPABILITIES]: Attempting to automatically register: Lcom/cerbon/cerbons_api/capability/providers/BlockPosHistoryProvider;
[14May2025 22:21:19.587] [main/DEBUG] [net.minecraftforge.common.capabilities.CapabilityManager/CAPABILITIES]: Attempting to automatically register: Lcom/cerbon/cerbons_api/capability/providers/LevelEventSchedulerProvider;
[14May2025 22:21:19.587] [main/DEBUG] [net.minecraftforge.common.capabilities.CapabilityManager/CAPABILITIES]: Attempting to automatically register: Lcom/cerbon/cerbons_api/capability/providers/Vec3HistoryProvider;
[14May2025 22:21:19.587] [main/DEBUG] [net.minecraftforge.common.capabilities.CapabilityManager/CAPABILITIES]: Attempting to automatically register: Lnet/minecraftforge/energy/IEnergyStorage;
[14May2025 22:21:19.587] [main/DEBUG] [net.minecraftforge.common.capabilities.CapabilityManager/CAPABILITIES]: Attempting to automatically register: Lnet/minecraftforge/fluids/capability/IFluidHandler;
[14May2025 22:21:19.587] [main/DEBUG] [net.minecraftforge.common.capabilities.CapabilityManager/CAPABILITIES]: Attempting to automatically register: Lnet/minecraftforge/fluids/capability/IFluidHandlerItem;
[14May2025 22:21:19.587] [main/DEBUG] [net.minecraftforge.common.capabilities.CapabilityManager/CAPABILITIES]: Attempting to automatically register: Lnet/minecraftforge/items/IItemHandler;
[14May2025 22:21:19.892] [main/INFO] [snownee.kiwi.Kiwi/INIT]: Module [snowrealmagic:core] initialized
[14May2025 22:21:19.893] [main/INFO] [snownee.kiwi.Kiwi/INIT]: 		block: 7, block_entity_type: 2, entity_type: 1, loot_pool_entry_type: 1
[14May2025 22:21:19.894] [main/INFO] [snownee.kiwi.Kiwi/INIT]: Module [kiwi:block_templates] initialized
[14May2025 22:21:19.894] [main/INFO] [snownee.kiwi.Kiwi/INIT]: Module [kiwi:block_components] initialized
[14May2025 22:21:19.895] [main/INFO] [snownee.kiwi.Kiwi/INIT]: Module [kiwi:data] initialized
[14May2025 22:21:19.895] [main/INFO] [snownee.kiwi.Kiwi/INIT]: 		recipe_serializer: 3
[14May2025 22:21:19.895] [main/INFO] [snownee.kiwi.Kiwi/INIT]: Module [kiwi:item_templates] initialized
[14May2025 22:21:20.148] [main/DEBUG] [mixin/]: Mixing SelfModFlowingFluidMixin from moonlight.mixins.json into net.mehvahdjukaar.moonlight.api.fluids.ModFlowingFluid
[14May2025 22:21:20.149] [main/DEBUG] [mixin/]: Renaming synthetic method lambda$afterInit$0(Lnet/mehvahdjukaar/moonlight/api/client/forge/ModFluidType;)Lnet/minecraftforge/fluids/FluidType; to mdb7ac4f$lambda$afterInit$0$0 in moonlight.mixins.json:SelfModFlowingFluidMixin
[14May2025 22:21:20.437] [main/DEBUG] [mixin/]: Mixing SelfItemDisplayTileMixin from moonlight.mixins.json into net.mehvahdjukaar.moonlight.api.block.ItemDisplayTile
[14May2025 22:21:20.836] [main/DEBUG] [mixin/]: Mixing self.SelfSpeakerBlockTileMixin from supplementaries.mixins.json into net.mehvahdjukaar.supplementaries.common.block.tiles.SpeakerBlockTile
[14May2025 22:21:20.881] [main/ERROR] [net.minecraftforge.fml.loading.RuntimeDistCleaner/DISTXFORM]: Attempted to load class com/mojang/blaze3d/vertex/PoseStack for invalid dist DEDICATED_SERVER
[14May2025 22:21:20.882] [main/WARN] [Radium Class Analysis/]: Radium Class Analysis Error: Class net.mehvahdjukaar.supplementaries.common.block.blocks.CannonBlock cannot be analysed, because getting declared methods crashes with RuntimeException: Attempted to load class com/mojang/blaze3d/vertex/PoseStack for invalid dist DEDICATED_SERVER. This is usually caused by modded entities declaring methods that have a return type or parameter type that is annotated with @OnlyIn(Dist.CLIENT). Loading the type is not possible, because it only exists in the CLIENT environment. The recommended fix is to annotate the method with this argument or return type with the same annotation. Lithium handles this error by assuming the class cannot be included in some optimizations.
[14May2025 22:21:20.882] [main/ERROR] [net.minecraftforge.fml.loading.RuntimeDistCleaner/DISTXFORM]: Attempted to load class com/mojang/blaze3d/vertex/PoseStack for invalid dist DEDICATED_SERVER
[14May2025 22:21:20.882] [main/WARN] [Radium Class Analysis/]: Radium Class Analysis Error: Class net.mehvahdjukaar.supplementaries.common.block.blocks.CannonBlock cannot be analysed, because getting declared methods crashes with RuntimeException: Attempted to load class com/mojang/blaze3d/vertex/PoseStack for invalid dist DEDICATED_SERVER. This is usually caused by modded entities declaring methods that have a return type or parameter type that is annotated with @OnlyIn(Dist.CLIENT). Loading the type is not possible, because it only exists in the CLIENT environment. The recommended fix is to annotate the method with this argument or return type with the same annotation. Lithium handles this error by assuming the class cannot be included in some optimizations.
[14May2025 22:21:21.552] [main/DEBUG] [mixin/]: Mixing SelfCauldronMixin from amendments.mixins.json into net.mehvahdjukaar.amendments.common.tile.LiquidCauldronBlockTile
[14May2025 22:21:21.553] [main/DEBUG] [mixin/]: Renaming synthetic method lambda$new$0()Lnet/minecraftforge/fluids/capability/IFluidHandler; to mdb7ac4f$lambda$new$0$0 in amendments.mixins.json:SelfCauldronMixin
[14May2025 22:21:21.704] [main/ERROR] [net.minecraftforge.eventbus.EventSubclassTransformer/EVENTBUS]: Could not find parent net/minecraft/client/particle/TextureSheetParticle for class com/cerbon/cerbons_api/api/general/particle/SimpleParticle in classloader cpw.mods.modlauncher.TransformingClassLoader@10618775 on thread Thread[main,5,main]
[14May2025 22:21:21.704] [main/ERROR] [net.minecraftforge.eventbus.EventSubclassTransformer/EVENTBUS]: An error occurred building event handler
java.lang.ClassNotFoundException: net.minecraft.client.particle.TextureSheetParticle
	at cpw.mods.cl.ModuleClassLoader.loadClass(ModuleClassLoader.java:141) ~[securejarhandler-2.1.10.jar:?]
	at java.lang.ClassLoader.loadClass(ClassLoader.java:525) ~[?:?]
	at net.minecraftforge.eventbus.EventSubclassTransformer.buildEvents(EventSubclassTransformer.java:97) ~[eventbus-6.0.5.jar%2352!/:?]
	at net.minecraftforge.eventbus.EventSubclassTransformer.transform(EventSubclassTransformer.java:48) ~[eventbus-6.0.5.jar%2352!/:?]
	at net.minecraftforge.eventbus.EventBusEngine.processClass(EventBusEngine.java:26) ~[eventbus-6.0.5.jar%2352!/:?]
	at net.minecraftforge.eventbus.service.ModLauncherService.processClassWithFlags(ModLauncherService.java:32) ~[eventbus-6.0.5.jar%2352!/:6.0.5+6.0.5+master.eb8e549b]
	at cpw.mods.modlauncher.LaunchPluginHandler.offerClassNodeToPlugins(LaunchPluginHandler.java:88) ~[modlauncher-10.0.9.jar%2355!/:?]
	at cpw.mods.modlauncher.ClassTransformer.transform(ClassTransformer.java:120) ~[modlauncher-10.0.9.jar%2355!/:?]
	at cpw.mods.modlauncher.TransformingClassLoader.maybeTransformClassBytes(TransformingClassLoader.java:50) ~[modlauncher-10.0.9.jar%2355!/:?]
	at cpw.mods.cl.ModuleClassLoader.readerToClass(ModuleClassLoader.java:113) ~[securejarhandler-2.1.10.jar:?]
	at cpw.mods.cl.ModuleClassLoader.lambda$findClass$15(ModuleClassLoader.java:219) ~[securejarhandler-2.1.10.jar:?]
	at cpw.mods.cl.ModuleClassLoader.loadFromModule(ModuleClassLoader.java:229) ~[securejarhandler-2.1.10.jar:?]
	at cpw.mods.cl.ModuleClassLoader.findClass(ModuleClassLoader.java:219) ~[securejarhandler-2.1.10.jar:?]
	at cpw.mods.cl.ModuleClassLoader.loadClass(ModuleClassLoader.java:135) ~[securejarhandler-2.1.10.jar:?]
	at java.lang.ClassLoader.loadClass(ClassLoader.java:525) ~[?:?]
	at java.lang.Class.getDeclaredMethods0(Native Method) ~[?:?]
	at java.lang.Class.privateGetDeclaredMethods(Class.java:3402) ~[?:?]
	at java.lang.Class.getDeclaredMethod(Class.java:2673) ~[?:?]
	at me.jellysquid.mods.lithium.common.reflection.ReflectionUtil.hasMethodOverride(ReflectionUtil.java:13) ~[radium-mc1.20.1-0.12.4+git.26c9d8e.jar%23341!/:?]
	at me.jellysquid.mods.lithium.common.ai.pathing.BlockClassChecker.lambda$hasNonstandardImplementation$0(BlockClassChecker.java:30) ~[radium-mc1.20.1-0.12.4+git.26c9d8e.jar%23341!/:?]
	at java.util.concurrent.ConcurrentHashMap.computeIfAbsent(ConcurrentHashMap.java:1708) ~[?:?]
	at me.jellysquid.mods.lithium.common.ai.pathing.BlockClassChecker.shouldUseDynamicTypeCheck(BlockClassChecker.java:22) ~[radium-mc1.20.1-0.12.4+git.26c9d8e.jar%23341!/:?]
	at net.minecraft.world.level.block.Block.handler$bcc000$postConstruct(Block.java:2139) ~[server-1.20.1-20230612.114412-srg.jar%23363!/:?]
	at net.minecraft.world.level.block.Block.<init>(Block.java:181) ~[server-1.20.1-20230612.114412-srg.jar%23363!/:?]
	at com.cerbon.bosses_of_mass_destruction.block.custom.VoidBlossomBlock.<init>(VoidBlossomBlock.java:49) ~[BOMD-Forge-1.20.1-1.1.1.jar%23250!/:1.1.1]
	at com.cerbon.bosses_of_mass_destruction.block.BMDBlocks.lambda$static$2(BMDBlocks.java:24) ~[BOMD-Forge-1.20.1-1.1.1.jar%23250!/:1.1.1]
	at net.minecraftforge.registries.DeferredRegister.lambda$addEntries$1(DeferredRegister.java:386) ~[forge-1.20.1-47.3.7-universal.jar%23368!/:?]
	at net.minecraftforge.registries.RegisterEvent.register(RegisterEvent.java:59) ~[forge-1.20.1-47.3.7-universal.jar%23368!/:?]
	at net.minecraftforge.registries.DeferredRegister.addEntries(DeferredRegister.java:386) ~[forge-1.20.1-47.3.7-universal.jar%23368!/:?]
	at net.minecraftforge.registries.DeferredRegister$EventDispatcher.handleEvent(DeferredRegister.java:328) ~[forge-1.20.1-47.3.7-universal.jar%23368!/:?]
	at net.minecraftforge.registries.__EventDispatcher_handleEvent_RegisterEvent.invoke(.dynamic) ~[forge-1.20.1-47.3.7-universal.jar%23368!/:?]
	at net.minecraftforge.eventbus.ASMEventHandler.invoke(ASMEventHandler.java:73) ~[eventbus-6.0.5.jar%2352!/:?]
	at net.minecraftforge.eventbus.EventBus.post(EventBus.java:315) ~[eventbus-6.0.5.jar%2352!/:?]
	at net.minecraftforge.eventbus.EventBus.post(EventBus.java:296) ~[eventbus-6.0.5.jar%2352!/:?]
	at net.minecraftforge.fml.javafmlmod.FMLModContainer.acceptEvent(FMLModContainer.java:114) ~[javafmllanguage-1.20.1-47.3.7.jar%23365!/:?]
	at net.minecraftforge.fml.ModLoader.lambda$postEventWithWrapInModOrder$33(ModLoader.java:346) ~[fmlcore-1.20.1-47.3.7.jar%23364!/:?]
	at java.lang.Iterable.forEach(Iterable.java:75) ~[?:?]
	at net.minecraftforge.fml.ModList.forEachModInOrder(ModList.java:227) ~[fmlcore-1.20.1-47.3.7.jar%23364!/:?]
	at net.minecraftforge.fml.ModLoader.postEventWithWrapInModOrder(ModLoader.java:344) ~[fmlcore-1.20.1-47.3.7.jar%23364!/:?]
	at net.minecraftforge.fml.ModLoader.postEventWrapContainerInModOrder(ModLoader.java:337) ~[fmlcore-1.20.1-47.3.7.jar%23364!/:?]
	at net.minecraftforge.registries.GameData.postRegisterEvents(GameData.java:329) ~[forge-1.20.1-47.3.7-universal.jar%23368!/:?]
	at net.minecraftforge.common.ForgeStatesProvider.lambda$new$4(ForgeStatesProvider.java:25) ~[forge-1.20.1-47.3.7-universal.jar%23368!/:?]
	at net.minecraftforge.fml.ModLoader.handleInlineTransition(ModLoader.java:217) ~[fmlcore-1.20.1-47.3.7.jar%23364!/:?]
	at net.minecraftforge.fml.ModLoader.lambda$dispatchAndHandleError$19(ModLoader.java:209) ~[fmlcore-1.20.1-47.3.7.jar%23364!/:?]
	at java.util.Optional.ifPresent(Optional.java:178) ~[?:?]
	at net.minecraftforge.fml.ModLoader.dispatchAndHandleError(ModLoader.java:209) ~[fmlcore-1.20.1-47.3.7.jar%23364!/:?]
	at net.minecraftforge.fml.ModLoader.lambda$gatherAndInitializeMods$13(ModLoader.java:183) ~[fmlcore-1.20.1-47.3.7.jar%23364!/:?]
	at java.lang.Iterable.forEach(Iterable.java:75) ~[?:?]
	at net.minecraftforge.fml.ModLoader.gatherAndInitializeMods(ModLoader.java:183) ~[fmlcore-1.20.1-47.3.7.jar%23364!/:?]
	at net.minecraftforge.server.loading.ServerModLoader.load(ServerModLoader.java:30) ~[forge-1.20.1-47.3.7-universal.jar%23368!/:?]
	at net.minecraft.server.Main.main(Main.java:125) ~[server-1.20.1-20230612.114412-srg.jar%23363!/:?]
	at jdk.internal.reflect.NativeMethodAccessorImpl.invoke0(Native Method) ~[?:?]
	at jdk.internal.reflect.NativeMethodAccessorImpl.invoke(NativeMethodAccessorImpl.java:77) ~[?:?]
	at jdk.internal.reflect.DelegatingMethodAccessorImpl.invoke(DelegatingMethodAccessorImpl.java:43) ~[?:?]
	at java.lang.reflect.Method.invoke(Method.java:569) ~[?:?]
	at net.minecraftforge.fml.loading.targets.CommonLaunchHandler.runTarget(CommonLaunchHandler.java:111) ~[fmlloader-1.20.1-47.3.7.jar%2369!/:?]
	at net.minecraftforge.fml.loading.targets.CommonLaunchHandler.serverService(CommonLaunchHandler.java:103) ~[fmlloader-1.20.1-47.3.7.jar%2369!/:?]
	at net.minecraftforge.fml.loading.targets.CommonServerLaunchHandler.lambda$makeService$0(CommonServerLaunchHandler.java:27) ~[fmlloader-1.20.1-47.3.7.jar%2369!/:?]
	at cpw.mods.modlauncher.LaunchServiceHandlerDecorator.launch(LaunchServiceHandlerDecorator.java:30) ~[modlauncher-10.0.9.jar%2355!/:?]
	at cpw.mods.modlauncher.LaunchServiceHandler.launch(LaunchServiceHandler.java:53) ~[modlauncher-10.0.9.jar%2355!/:?]
	at cpw.mods.modlauncher.LaunchServiceHandler.launch(LaunchServiceHandler.java:71) ~[modlauncher-10.0.9.jar%2355!/:?]
	at cpw.mods.modlauncher.Launcher.run(Launcher.java:108) ~[modlauncher-10.0.9.jar%2355!/:?]
	at cpw.mods.modlauncher.Launcher.main(Launcher.java:78) ~[modlauncher-10.0.9.jar%2355!/:?]
	at cpw.mods.modlauncher.BootstrapLaunchConsumer.accept(BootstrapLaunchConsumer.java:26) ~[modlauncher-10.0.9.jar%2355!/:?]
	at cpw.mods.modlauncher.BootstrapLaunchConsumer.accept(BootstrapLaunchConsumer.java:23) ~[modlauncher-10.0.9.jar%2355!/:?]
	at cpw.mods.bootstraplauncher.BootstrapLauncher.main(BootstrapLauncher.java:141) ~[bootstraplauncher-1.1.2.jar:?]
[14May2025 22:21:21.712] [main/WARN] [Radium Class Analysis/]: Radium Class Analysis Error: Class com.cerbon.bosses_of_mass_destruction.block.custom.VoidBlossomBlock cannot be analysed, because getting declared methods crashes with NoClassDefFoundError: net/minecraft/client/particle/TextureSheetParticle. This is usually caused by modded entities declaring methods that have a return type or parameter type that is annotated with @OnlyIn(Dist.CLIENT). Loading the type is not possible, because it only exists in the CLIENT environment. The recommended fix is to annotate the method with this argument or return type with the same annotation. Lithium handles this error by assuming the class cannot be included in some optimizations.
[14May2025 22:21:21.714] [main/ERROR] [net.minecraftforge.eventbus.EventSubclassTransformer/EVENTBUS]: Could not find parent net/minecraft/client/particle/TextureSheetParticle for class com/cerbon/cerbons_api/api/general/particle/SimpleParticle in classloader cpw.mods.modlauncher.TransformingClassLoader@10618775 on thread Thread[main,5,main]
[14May2025 22:21:21.715] [main/ERROR] [net.minecraftforge.eventbus.EventSubclassTransformer/EVENTBUS]: An error occurred building event handler
java.lang.ClassNotFoundException: net.minecraft.client.particle.TextureSheetParticle
	at cpw.mods.cl.ModuleClassLoader.loadClass(ModuleClassLoader.java:141) ~[securejarhandler-2.1.10.jar:?]
	at java.lang.ClassLoader.loadClass(ClassLoader.java:525) ~[?:?]
	at net.minecraftforge.eventbus.EventSubclassTransformer.buildEvents(EventSubclassTransformer.java:97) ~[eventbus-6.0.5.jar%2352!/:?]
	at net.minecraftforge.eventbus.EventSubclassTransformer.transform(EventSubclassTransformer.java:48) ~[eventbus-6.0.5.jar%2352!/:?]
	at net.minecraftforge.eventbus.EventBusEngine.processClass(EventBusEngine.java:26) ~[eventbus-6.0.5.jar%2352!/:?]
	at net.minecraftforge.eventbus.service.ModLauncherService.processClassWithFlags(ModLauncherService.java:32) ~[eventbus-6.0.5.jar%2352!/:6.0.5+6.0.5+master.eb8e549b]
	at cpw.mods.modlauncher.LaunchPluginHandler.offerClassNodeToPlugins(LaunchPluginHandler.java:88) ~[modlauncher-10.0.9.jar%2355!/:?]
	at cpw.mods.modlauncher.ClassTransformer.transform(ClassTransformer.java:120) ~[modlauncher-10.0.9.jar%2355!/:?]
	at cpw.mods.modlauncher.TransformingClassLoader.maybeTransformClassBytes(TransformingClassLoader.java:50) ~[modlauncher-10.0.9.jar%2355!/:?]
	at cpw.mods.cl.ModuleClassLoader.readerToClass(ModuleClassLoader.java:113) ~[securejarhandler-2.1.10.jar:?]
	at cpw.mods.cl.ModuleClassLoader.lambda$findClass$15(ModuleClassLoader.java:219) ~[securejarhandler-2.1.10.jar:?]
	at cpw.mods.cl.ModuleClassLoader.loadFromModule(ModuleClassLoader.java:229) ~[securejarhandler-2.1.10.jar:?]
	at cpw.mods.cl.ModuleClassLoader.findClass(ModuleClassLoader.java:219) ~[securejarhandler-2.1.10.jar:?]
	at cpw.mods.cl.ModuleClassLoader.loadClass(ModuleClassLoader.java:135) ~[securejarhandler-2.1.10.jar:?]
	at java.lang.ClassLoader.loadClass(ClassLoader.java:525) ~[?:?]
	at java.lang.Class.getDeclaredMethods0(Native Method) ~[?:?]
	at java.lang.Class.privateGetDeclaredMethods(Class.java:3402) ~[?:?]
	at java.lang.Class.getDeclaredMethod(Class.java:2673) ~[?:?]
	at me.jellysquid.mods.lithium.common.reflection.ReflectionUtil.hasMethodOverride(ReflectionUtil.java:13) ~[radium-mc1.20.1-0.12.4+git.26c9d8e.jar%23341!/:?]
	at me.jellysquid.mods.lithium.common.ai.pathing.BlockClassChecker.lambda$hasNonstandardImplementation$0(BlockClassChecker.java:30) ~[radium-mc1.20.1-0.12.4+git.26c9d8e.jar%23341!/:?]
	at java.util.concurrent.ConcurrentHashMap.computeIfAbsent(ConcurrentHashMap.java:1708) ~[?:?]
	at me.jellysquid.mods.lithium.common.ai.pathing.BlockClassChecker.shouldUseDynamicBurningCheck(BlockClassChecker.java:26) ~[radium-mc1.20.1-0.12.4+git.26c9d8e.jar%23341!/:?]
	at net.minecraft.world.level.block.Block.handler$bcc000$postConstruct(Block.java:2140) ~[server-1.20.1-20230612.114412-srg.jar%23363!/:?]
	at net.minecraft.world.level.block.Block.<init>(Block.java:181) ~[server-1.20.1-20230612.114412-srg.jar%23363!/:?]
	at com.cerbon.bosses_of_mass_destruction.block.custom.VoidBlossomBlock.<init>(VoidBlossomBlock.java:49) ~[BOMD-Forge-1.20.1-1.1.1.jar%23250!/:1.1.1]
	at com.cerbon.bosses_of_mass_destruction.block.BMDBlocks.lambda$static$2(BMDBlocks.java:24) ~[BOMD-Forge-1.20.1-1.1.1.jar%23250!/:1.1.1]
	at net.minecraftforge.registries.DeferredRegister.lambda$addEntries$1(DeferredRegister.java:386) ~[forge-1.20.1-47.3.7-universal.jar%23368!/:?]
	at net.minecraftforge.registries.RegisterEvent.register(RegisterEvent.java:59) ~[forge-1.20.1-47.3.7-universal.jar%23368!/:?]
	at net.minecraftforge.registries.DeferredRegister.addEntries(DeferredRegister.java:386) ~[forge-1.20.1-47.3.7-universal.jar%23368!/:?]
	at net.minecraftforge.registries.DeferredRegister$EventDispatcher.handleEvent(DeferredRegister.java:328) ~[forge-1.20.1-47.3.7-universal.jar%23368!/:?]
	at net.minecraftforge.registries.__EventDispatcher_handleEvent_RegisterEvent.invoke(.dynamic) ~[forge-1.20.1-47.3.7-universal.jar%23368!/:?]
	at net.minecraftforge.eventbus.ASMEventHandler.invoke(ASMEventHandler.java:73) ~[eventbus-6.0.5.jar%2352!/:?]
	at net.minecraftforge.eventbus.EventBus.post(EventBus.java:315) ~[eventbus-6.0.5.jar%2352!/:?]
	at net.minecraftforge.eventbus.EventBus.post(EventBus.java:296) ~[eventbus-6.0.5.jar%2352!/:?]
	at net.minecraftforge.fml.javafmlmod.FMLModContainer.acceptEvent(FMLModContainer.java:114) ~[javafmllanguage-1.20.1-47.3.7.jar%23365!/:?]
	at net.minecraftforge.fml.ModLoader.lambda$postEventWithWrapInModOrder$33(ModLoader.java:346) ~[fmlcore-1.20.1-47.3.7.jar%23364!/:?]
	at java.lang.Iterable.forEach(Iterable.java:75) ~[?:?]
	at net.minecraftforge.fml.ModList.forEachModInOrder(ModList.java:227) ~[fmlcore-1.20.1-47.3.7.jar%23364!/:?]
	at net.minecraftforge.fml.ModLoader.postEventWithWrapInModOrder(ModLoader.java:344) ~[fmlcore-1.20.1-47.3.7.jar%23364!/:?]
	at net.minecraftforge.fml.ModLoader.postEventWrapContainerInModOrder(ModLoader.java:337) ~[fmlcore-1.20.1-47.3.7.jar%23364!/:?]
	at net.minecraftforge.registries.GameData.postRegisterEvents(GameData.java:329) ~[forge-1.20.1-47.3.7-universal.jar%23368!/:?]
	at net.minecraftforge.common.ForgeStatesProvider.lambda$new$4(ForgeStatesProvider.java:25) ~[forge-1.20.1-47.3.7-universal.jar%23368!/:?]
	at net.minecraftforge.fml.ModLoader.handleInlineTransition(ModLoader.java:217) ~[fmlcore-1.20.1-47.3.7.jar%23364!/:?]
	at net.minecraftforge.fml.ModLoader.lambda$dispatchAndHandleError$19(ModLoader.java:209) ~[fmlcore-1.20.1-47.3.7.jar%23364!/:?]
	at java.util.Optional.ifPresent(Optional.java:178) ~[?:?]
	at net.minecraftforge.fml.ModLoader.dispatchAndHandleError(ModLoader.java:209) ~[fmlcore-1.20.1-47.3.7.jar%23364!/:?]
	at net.minecraftforge.fml.ModLoader.lambda$gatherAndInitializeMods$13(ModLoader.java:183) ~[fmlcore-1.20.1-47.3.7.jar%23364!/:?]
	at java.lang.Iterable.forEach(Iterable.java:75) ~[?:?]
	at net.minecraftforge.fml.ModLoader.gatherAndInitializeMods(ModLoader.java:183) ~[fmlcore-1.20.1-47.3.7.jar%23364!/:?]
	at net.minecraftforge.server.loading.ServerModLoader.load(ServerModLoader.java:30) ~[forge-1.20.1-47.3.7-universal.jar%23368!/:?]
	at net.minecraft.server.Main.main(Main.java:125) ~[server-1.20.1-20230612.114412-srg.jar%23363!/:?]
	at jdk.internal.reflect.NativeMethodAccessorImpl.invoke0(Native Method) ~[?:?]
	at jdk.internal.reflect.NativeMethodAccessorImpl.invoke(NativeMethodAccessorImpl.java:77) ~[?:?]
	at jdk.internal.reflect.DelegatingMethodAccessorImpl.invoke(DelegatingMethodAccessorImpl.java:43) ~[?:?]
	at java.lang.reflect.Method.invoke(Method.java:569) ~[?:?]
	at net.minecraftforge.fml.loading.targets.CommonLaunchHandler.runTarget(CommonLaunchHandler.java:111) ~[fmlloader-1.20.1-47.3.7.jar%2369!/:?]
	at net.minecraftforge.fml.loading.targets.CommonLaunchHandler.serverService(CommonLaunchHandler.java:103) ~[fmlloader-1.20.1-47.3.7.jar%2369!/:?]
	at net.minecraftforge.fml.loading.targets.CommonServerLaunchHandler.lambda$makeService$0(CommonServerLaunchHandler.java:27) ~[fmlloader-1.20.1-47.3.7.jar%2369!/:?]
	at cpw.mods.modlauncher.LaunchServiceHandlerDecorator.launch(LaunchServiceHandlerDecorator.java:30) ~[modlauncher-10.0.9.jar%2355!/:?]
	at cpw.mods.modlauncher.LaunchServiceHandler.launch(LaunchServiceHandler.java:53) ~[modlauncher-10.0.9.jar%2355!/:?]
	at cpw.mods.modlauncher.LaunchServiceHandler.launch(LaunchServiceHandler.java:71) ~[modlauncher-10.0.9.jar%2355!/:?]
	at cpw.mods.modlauncher.Launcher.run(Launcher.java:108) ~[modlauncher-10.0.9.jar%2355!/:?]
	at cpw.mods.modlauncher.Launcher.main(Launcher.java:78) ~[modlauncher-10.0.9.jar%2355!/:?]
	at cpw.mods.modlauncher.BootstrapLaunchConsumer.accept(BootstrapLaunchConsumer.java:26) ~[modlauncher-10.0.9.jar%2355!/:?]
	at cpw.mods.modlauncher.BootstrapLaunchConsumer.accept(BootstrapLaunchConsumer.java:23) ~[modlauncher-10.0.9.jar%2355!/:?]
	at cpw.mods.bootstraplauncher.BootstrapLauncher.main(BootstrapLauncher.java:141) ~[bootstraplauncher-1.1.2.jar:?]
[14May2025 22:21:21.722] [main/WARN] [Radium Class Analysis/]: Radium Class Analysis Error: Class com.cerbon.bosses_of_mass_destruction.block.custom.VoidBlossomBlock cannot be analysed, because getting declared methods crashes with NoClassDefFoundError: net/minecraft/client/particle/TextureSheetParticle. This is usually caused by modded entities declaring methods that have a return type or parameter type that is annotated with @OnlyIn(Dist.CLIENT). Loading the type is not possible, because it only exists in the CLIENT environment. The recommended fix is to annotate the method with this argument or return type with the same annotation. Lithium handles this error by assuming the class cannot be included in some optimizations.
[14May2025 22:21:21.732] [main/ERROR] [net.minecraftforge.eventbus.EventSubclassTransformer/EVENTBUS]: Could not find parent net/minecraft/client/particle/TextureSheetParticle for class com/cerbon/cerbons_api/api/general/particle/SimpleParticle in classloader cpw.mods.modlauncher.TransformingClassLoader@10618775 on thread Thread[main,5,main]
[14May2025 22:21:21.732] [main/ERROR] [net.minecraftforge.eventbus.EventSubclassTransformer/EVENTBUS]: An error occurred building event handler
java.lang.ClassNotFoundException: net.minecraft.client.particle.TextureSheetParticle
	at cpw.mods.cl.ModuleClassLoader.loadClass(ModuleClassLoader.java:141) ~[securejarhandler-2.1.10.jar:?]
	at java.lang.ClassLoader.loadClass(ClassLoader.java:525) ~[?:?]
	at net.minecraftforge.eventbus.EventSubclassTransformer.buildEvents(EventSubclassTransformer.java:97) ~[eventbus-6.0.5.jar%2352!/:?]
	at net.minecraftforge.eventbus.EventSubclassTransformer.transform(EventSubclassTransformer.java:48) ~[eventbus-6.0.5.jar%2352!/:?]
	at net.minecraftforge.eventbus.EventBusEngine.processClass(EventBusEngine.java:26) ~[eventbus-6.0.5.jar%2352!/:?]
	at net.minecraftforge.eventbus.service.ModLauncherService.processClassWithFlags(ModLauncherService.java:32) ~[eventbus-6.0.5.jar%2352!/:6.0.5+6.0.5+master.eb8e549b]
	at cpw.mods.modlauncher.LaunchPluginHandler.offerClassNodeToPlugins(LaunchPluginHandler.java:88) ~[modlauncher-10.0.9.jar%2355!/:?]
	at cpw.mods.modlauncher.ClassTransformer.transform(ClassTransformer.java:120) ~[modlauncher-10.0.9.jar%2355!/:?]
	at cpw.mods.modlauncher.TransformingClassLoader.maybeTransformClassBytes(TransformingClassLoader.java:50) ~[modlauncher-10.0.9.jar%2355!/:?]
	at cpw.mods.cl.ModuleClassLoader.readerToClass(ModuleClassLoader.java:113) ~[securejarhandler-2.1.10.jar:?]
	at cpw.mods.cl.ModuleClassLoader.lambda$findClass$15(ModuleClassLoader.java:219) ~[securejarhandler-2.1.10.jar:?]
	at cpw.mods.cl.ModuleClassLoader.loadFromModule(ModuleClassLoader.java:229) ~[securejarhandler-2.1.10.jar:?]
	at cpw.mods.cl.ModuleClassLoader.findClass(ModuleClassLoader.java:219) ~[securejarhandler-2.1.10.jar:?]
	at cpw.mods.cl.ModuleClassLoader.loadClass(ModuleClassLoader.java:135) ~[securejarhandler-2.1.10.jar:?]
	at java.lang.ClassLoader.loadClass(ClassLoader.java:525) ~[?:?]
	at java.lang.Class.getDeclaredMethods0(Native Method) ~[?:?]
	at java.lang.Class.privateGetDeclaredMethods(Class.java:3402) ~[?:?]
	at java.lang.Class.getDeclaredMethod(Class.java:2673) ~[?:?]
	at me.jellysquid.mods.lithium.common.reflection.ReflectionUtil.hasMethodOverride(ReflectionUtil.java:13) ~[radium-mc1.20.1-0.12.4+git.26c9d8e.jar%23341!/:?]
	at me.jellysquid.mods.lithium.common.ai.pathing.BlockClassChecker.lambda$hasNonstandardImplementation$0(BlockClassChecker.java:30) ~[radium-mc1.20.1-0.12.4+git.26c9d8e.jar%23341!/:?]
	at java.util.concurrent.ConcurrentHashMap.computeIfAbsent(ConcurrentHashMap.java:1740) ~[?:?]
	at me.jellysquid.mods.lithium.common.ai.pathing.BlockClassChecker.shouldUseDynamicTypeCheck(BlockClassChecker.java:22) ~[radium-mc1.20.1-0.12.4+git.26c9d8e.jar%23341!/:?]
	at net.minecraft.world.level.block.Block.handler$bcc000$postConstruct(Block.java:2139) ~[server-1.20.1-20230612.114412-srg.jar%23363!/:?]
	at net.minecraft.world.level.block.Block.<init>(Block.java:181) ~[server-1.20.1-20230612.114412-srg.jar%23363!/:?]
	at net.minecraft.world.level.block.BaseEntityBlock.<init>(BaseEntityBlock.java:15) ~[server-1.20.1-20230612.114412-srg.jar%23363!/:?]
	at com.cerbon.bosses_of_mass_destruction.block.custom.MobWardBlock.<init>(MobWardBlock.java:45) ~[BOMD-Forge-1.20.1-1.1.1.jar%23250!/:1.1.1]
	at com.cerbon.bosses_of_mass_destruction.block.BMDBlocks.lambda$static$10(BMDBlocks.java:42) ~[BOMD-Forge-1.20.1-1.1.1.jar%23250!/:1.1.1]
	at net.minecraftforge.registries.DeferredRegister.lambda$addEntries$1(DeferredRegister.java:386) ~[forge-1.20.1-47.3.7-universal.jar%23368!/:?]
	at net.minecraftforge.registries.RegisterEvent.register(RegisterEvent.java:59) ~[forge-1.20.1-47.3.7-universal.jar%23368!/:?]
	at net.minecraftforge.registries.DeferredRegister.addEntries(DeferredRegister.java:386) ~[forge-1.20.1-47.3.7-universal.jar%23368!/:?]
	at net.minecraftforge.registries.DeferredRegister$EventDispatcher.handleEvent(DeferredRegister.java:328) ~[forge-1.20.1-47.3.7-universal.jar%23368!/:?]
	at net.minecraftforge.registries.__EventDispatcher_handleEvent_RegisterEvent.invoke(.dynamic) ~[forge-1.20.1-47.3.7-universal.jar%23368!/:?]
	at net.minecraftforge.eventbus.ASMEventHandler.invoke(ASMEventHandler.java:73) ~[eventbus-6.0.5.jar%2352!/:?]
	at net.minecraftforge.eventbus.EventBus.post(EventBus.java:315) ~[eventbus-6.0.5.jar%2352!/:?]
	at net.minecraftforge.eventbus.EventBus.post(EventBus.java:296) ~[eventbus-6.0.5.jar%2352!/:?]
	at net.minecraftforge.fml.javafmlmod.FMLModContainer.acceptEvent(FMLModContainer.java:114) ~[javafmllanguage-1.20.1-47.3.7.jar%23365!/:?]
	at net.minecraftforge.fml.ModLoader.lambda$postEventWithWrapInModOrder$33(ModLoader.java:346) ~[fmlcore-1.20.1-47.3.7.jar%23364!/:?]
	at java.lang.Iterable.forEach(Iterable.java:75) ~[?:?]
	at net.minecraftforge.fml.ModList.forEachModInOrder(ModList.java:227) ~[fmlcore-1.20.1-47.3.7.jar%23364!/:?]
	at net.minecraftforge.fml.ModLoader.postEventWithWrapInModOrder(ModLoader.java:344) ~[fmlcore-1.20.1-47.3.7.jar%23364!/:?]
	at net.minecraftforge.fml.ModLoader.postEventWrapContainerInModOrder(ModLoader.java:337) ~[fmlcore-1.20.1-47.3.7.jar%23364!/:?]
	at net.minecraftforge.registries.GameData.postRegisterEvents(GameData.java:329) ~[forge-1.20.1-47.3.7-universal.jar%23368!/:?]
	at net.minecraftforge.common.ForgeStatesProvider.lambda$new$4(ForgeStatesProvider.java:25) ~[forge-1.20.1-47.3.7-universal.jar%23368!/:?]
	at net.minecraftforge.fml.ModLoader.handleInlineTransition(ModLoader.java:217) ~[fmlcore-1.20.1-47.3.7.jar%23364!/:?]
	at net.minecraftforge.fml.ModLoader.lambda$dispatchAndHandleError$19(ModLoader.java:209) ~[fmlcore-1.20.1-47.3.7.jar%23364!/:?]
	at java.util.Optional.ifPresent(Optional.java:178) ~[?:?]
	at net.minecraftforge.fml.ModLoader.dispatchAndHandleError(ModLoader.java:209) ~[fmlcore-1.20.1-47.3.7.jar%23364!/:?]
	at net.minecraftforge.fml.ModLoader.lambda$gatherAndInitializeMods$13(ModLoader.java:183) ~[fmlcore-1.20.1-47.3.7.jar%23364!/:?]
	at java.lang.Iterable.forEach(Iterable.java:75) ~[?:?]
	at net.minecraftforge.fml.ModLoader.gatherAndInitializeMods(ModLoader.java:183) ~[fmlcore-1.20.1-47.3.7.jar%23364!/:?]
	at net.minecraftforge.server.loading.ServerModLoader.load(ServerModLoader.java:30) ~[forge-1.20.1-47.3.7-universal.jar%23368!/:?]
	at net.minecraft.server.Main.main(Main.java:125) ~[server-1.20.1-20230612.114412-srg.jar%23363!/:?]
	at jdk.internal.reflect.NativeMethodAccessorImpl.invoke0(Native Method) ~[?:?]
	at jdk.internal.reflect.NativeMethodAccessorImpl.invoke(NativeMethodAccessorImpl.java:77) ~[?:?]
	at jdk.internal.reflect.DelegatingMethodAccessorImpl.invoke(DelegatingMethodAccessorImpl.java:43) ~[?:?]
	at java.lang.reflect.Method.invoke(Method.java:569) ~[?:?]
	at net.minecraftforge.fml.loading.targets.CommonLaunchHandler.runTarget(CommonLaunchHandler.java:111) ~[fmlloader-1.20.1-47.3.7.jar%2369!/:?]
	at net.minecraftforge.fml.loading.targets.CommonLaunchHandler.serverService(CommonLaunchHandler.java:103) ~[fmlloader-1.20.1-47.3.7.jar%2369!/:?]
	at net.minecraftforge.fml.loading.targets.CommonServerLaunchHandler.lambda$makeService$0(CommonServerLaunchHandler.java:27) ~[fmlloader-1.20.1-47.3.7.jar%2369!/:?]
	at cpw.mods.modlauncher.LaunchServiceHandlerDecorator.launch(LaunchServiceHandlerDecorator.java:30) ~[modlauncher-10.0.9.jar%2355!/:?]
	at cpw.mods.modlauncher.LaunchServiceHandler.launch(LaunchServiceHandler.java:53) ~[modlauncher-10.0.9.jar%2355!/:?]
	at cpw.mods.modlauncher.LaunchServiceHandler.launch(LaunchServiceHandler.java:71) ~[modlauncher-10.0.9.jar%2355!/:?]
	at cpw.mods.modlauncher.Launcher.run(Launcher.java:108) ~[modlauncher-10.0.9.jar%2355!/:?]
	at cpw.mods.modlauncher.Launcher.main(Launcher.java:78) ~[modlauncher-10.0.9.jar%2355!/:?]
	at cpw.mods.modlauncher.BootstrapLaunchConsumer.accept(BootstrapLaunchConsumer.java:26) ~[modlauncher-10.0.9.jar%2355!/:?]
	at cpw.mods.modlauncher.BootstrapLaunchConsumer.accept(BootstrapLaunchConsumer.java:23) ~[modlauncher-10.0.9.jar%2355!/:?]
	at cpw.mods.bootstraplauncher.BootstrapLauncher.main(BootstrapLauncher.java:141) ~[bootstraplauncher-1.1.2.jar:?]
[14May2025 22:21:21.735] [main/WARN] [Radium Class Analysis/]: Radium Class Analysis Error: Class com.cerbon.bosses_of_mass_destruction.block.custom.MobWardBlock cannot be analysed, because getting declared methods crashes with NoClassDefFoundError: net/minecraft/client/particle/TextureSheetParticle. This is usually caused by modded entities declaring methods that have a return type or parameter type that is annotated with @OnlyIn(Dist.CLIENT). Loading the type is not possible, because it only exists in the CLIENT environment. The recommended fix is to annotate the method with this argument or return type with the same annotation. Lithium handles this error by assuming the class cannot be included in some optimizations.
[14May2025 22:21:21.736] [main/ERROR] [net.minecraftforge.eventbus.EventSubclassTransformer/EVENTBUS]: Could not find parent net/minecraft/client/particle/TextureSheetParticle for class com/cerbon/cerbons_api/api/general/particle/SimpleParticle in classloader cpw.mods.modlauncher.TransformingClassLoader@10618775 on thread Thread[main,5,main]
[14May2025 22:21:21.736] [main/ERROR] [net.minecraftforge.eventbus.EventSubclassTransformer/EVENTBUS]: An error occurred building event handler
java.lang.ClassNotFoundException: net.minecraft.client.particle.TextureSheetParticle
	at cpw.mods.cl.ModuleClassLoader.loadClass(ModuleClassLoader.java:141) ~[securejarhandler-2.1.10.jar:?]
	at java.lang.ClassLoader.loadClass(ClassLoader.java:525) ~[?:?]
	at net.minecraftforge.eventbus.EventSubclassTransformer.buildEvents(EventSubclassTransformer.java:97) ~[eventbus-6.0.5.jar%2352!/:?]
	at net.minecraftforge.eventbus.EventSubclassTransformer.transform(EventSubclassTransformer.java:48) ~[eventbus-6.0.5.jar%2352!/:?]
	at net.minecraftforge.eventbus.EventBusEngine.processClass(EventBusEngine.java:26) ~[eventbus-6.0.5.jar%2352!/:?]
	at net.minecraftforge.eventbus.service.ModLauncherService.processClassWithFlags(ModLauncherService.java:32) ~[eventbus-6.0.5.jar%2352!/:6.0.5+6.0.5+master.eb8e549b]
	at cpw.mods.modlauncher.LaunchPluginHandler.offerClassNodeToPlugins(LaunchPluginHandler.java:88) ~[modlauncher-10.0.9.jar%2355!/:?]
	at cpw.mods.modlauncher.ClassTransformer.transform(ClassTransformer.java:120) ~[modlauncher-10.0.9.jar%2355!/:?]
	at cpw.mods.modlauncher.TransformingClassLoader.maybeTransformClassBytes(TransformingClassLoader.java:50) ~[modlauncher-10.0.9.jar%2355!/:?]
	at cpw.mods.cl.ModuleClassLoader.readerToClass(ModuleClassLoader.java:113) ~[securejarhandler-2.1.10.jar:?]
	at cpw.mods.cl.ModuleClassLoader.lambda$findClass$15(ModuleClassLoader.java:219) ~[securejarhandler-2.1.10.jar:?]
	at cpw.mods.cl.ModuleClassLoader.loadFromModule(ModuleClassLoader.java:229) ~[securejarhandler-2.1.10.jar:?]
	at cpw.mods.cl.ModuleClassLoader.findClass(ModuleClassLoader.java:219) ~[securejarhandler-2.1.10.jar:?]
	at cpw.mods.cl.ModuleClassLoader.loadClass(ModuleClassLoader.java:135) ~[securejarhandler-2.1.10.jar:?]
	at java.lang.ClassLoader.loadClass(ClassLoader.java:525) ~[?:?]
	at java.lang.Class.getDeclaredMethods0(Native Method) ~[?:?]
	at java.lang.Class.privateGetDeclaredMethods(Class.java:3402) ~[?:?]
	at java.lang.Class.getDeclaredMethod(Class.java:2673) ~[?:?]
	at me.jellysquid.mods.lithium.common.reflection.ReflectionUtil.hasMethodOverride(ReflectionUtil.java:13) ~[radium-mc1.20.1-0.12.4+git.26c9d8e.jar%23341!/:?]
	at me.jellysquid.mods.lithium.common.ai.pathing.BlockClassChecker.lambda$hasNonstandardImplementation$0(BlockClassChecker.java:30) ~[radium-mc1.20.1-0.12.4+git.26c9d8e.jar%23341!/:?]
	at java.util.concurrent.ConcurrentHashMap.computeIfAbsent(ConcurrentHashMap.java:1740) ~[?:?]
	at me.jellysquid.mods.lithium.common.ai.pathing.BlockClassChecker.shouldUseDynamicBurningCheck(BlockClassChecker.java:26) ~[radium-mc1.20.1-0.12.4+git.26c9d8e.jar%23341!/:?]
	at net.minecraft.world.level.block.Block.handler$bcc000$postConstruct(Block.java:2140) ~[server-1.20.1-20230612.114412-srg.jar%23363!/:?]
	at net.minecraft.world.level.block.Block.<init>(Block.java:181) ~[server-1.20.1-20230612.114412-srg.jar%23363!/:?]
	at net.minecraft.world.level.block.BaseEntityBlock.<init>(BaseEntityBlock.java:15) ~[server-1.20.1-20230612.114412-srg.jar%23363!/:?]
	at com.cerbon.bosses_of_mass_destruction.block.custom.MobWardBlock.<init>(MobWardBlock.java:45) ~[BOMD-Forge-1.20.1-1.1.1.jar%23250!/:1.1.1]
	at com.cerbon.bosses_of_mass_destruction.block.BMDBlocks.lambda$static$10(BMDBlocks.java:42) ~[BOMD-Forge-1.20.1-1.1.1.jar%23250!/:1.1.1]
	at net.minecraftforge.registries.DeferredRegister.lambda$addEntries$1(DeferredRegister.java:386) ~[forge-1.20.1-47.3.7-universal.jar%23368!/:?]
	at net.minecraftforge.registries.RegisterEvent.register(RegisterEvent.java:59) ~[forge-1.20.1-47.3.7-universal.jar%23368!/:?]
	at net.minecraftforge.registries.DeferredRegister.addEntries(DeferredRegister.java:386) ~[forge-1.20.1-47.3.7-universal.jar%23368!/:?]
	at net.minecraftforge.registries.DeferredRegister$EventDispatcher.handleEvent(DeferredRegister.java:328) ~[forge-1.20.1-47.3.7-universal.jar%23368!/:?]
	at net.minecraftforge.registries.__EventDispatcher_handleEvent_RegisterEvent.invoke(.dynamic) ~[forge-1.20.1-47.3.7-universal.jar%23368!/:?]
	at net.minecraftforge.eventbus.ASMEventHandler.invoke(ASMEventHandler.java:73) ~[eventbus-6.0.5.jar%2352!/:?]
	at net.minecraftforge.eventbus.EventBus.post(EventBus.java:315) ~[eventbus-6.0.5.jar%2352!/:?]
	at net.minecraftforge.eventbus.EventBus.post(EventBus.java:296) ~[eventbus-6.0.5.jar%2352!/:?]
	at net.minecraftforge.fml.javafmlmod.FMLModContainer.acceptEvent(FMLModContainer.java:114) ~[javafmllanguage-1.20.1-47.3.7.jar%23365!/:?]
	at net.minecraftforge.fml.ModLoader.lambda$postEventWithWrapInModOrder$33(ModLoader.java:346) ~[fmlcore-1.20.1-47.3.7.jar%23364!/:?]
	at java.lang.Iterable.forEach(Iterable.java:75) ~[?:?]
	at net.minecraftforge.fml.ModList.forEachModInOrder(ModList.java:227) ~[fmlcore-1.20.1-47.3.7.jar%23364!/:?]
	at net.minecraftforge.fml.ModLoader.postEventWithWrapInModOrder(ModLoader.java:344) ~[fmlcore-1.20.1-47.3.7.jar%23364!/:?]
	at net.minecraftforge.fml.ModLoader.postEventWrapContainerInModOrder(ModLoader.java:337) ~[fmlcore-1.20.1-47.3.7.jar%23364!/:?]
	at net.minecraftforge.registries.GameData.postRegisterEvents(GameData.java:329) ~[forge-1.20.1-47.3.7-universal.jar%23368!/:?]
	at net.minecraftforge.common.ForgeStatesProvider.lambda$new$4(ForgeStatesProvider.java:25) ~[forge-1.20.1-47.3.7-universal.jar%23368!/:?]
	at net.minecraftforge.fml.ModLoader.handleInlineTransition(ModLoader.java:217) ~[fmlcore-1.20.1-47.3.7.jar%23364!/:?]
	at net.minecraftforge.fml.ModLoader.lambda$dispatchAndHandleError$19(ModLoader.java:209) ~[fmlcore-1.20.1-47.3.7.jar%23364!/:?]
	at java.util.Optional.ifPresent(Optional.java:178) ~[?:?]
	at net.minecraftforge.fml.ModLoader.dispatchAndHandleError(ModLoader.java:209) ~[fmlcore-1.20.1-47.3.7.jar%23364!/:?]
	at net.minecraftforge.fml.ModLoader.lambda$gatherAndInitializeMods$13(ModLoader.java:183) ~[fmlcore-1.20.1-47.3.7.jar%23364!/:?]
	at java.lang.Iterable.forEach(Iterable.java:75) ~[?:?]
	at net.minecraftforge.fml.ModLoader.gatherAndInitializeMods(ModLoader.java:183) ~[fmlcore-1.20.1-47.3.7.jar%23364!/:?]
	at net.minecraftforge.server.loading.ServerModLoader.load(ServerModLoader.java:30) ~[forge-1.20.1-47.3.7-universal.jar%23368!/:?]
	at net.minecraft.server.Main.main(Main.java:125) ~[server-1.20.1-20230612.114412-srg.jar%23363!/:?]
	at jdk.internal.reflect.NativeMethodAccessorImpl.invoke0(Native Method) ~[?:?]
	at jdk.internal.reflect.NativeMethodAccessorImpl.invoke(NativeMethodAccessorImpl.java:77) ~[?:?]
	at jdk.internal.reflect.DelegatingMethodAccessorImpl.invoke(DelegatingMethodAccessorImpl.java:43) ~[?:?]
	at java.lang.reflect.Method.invoke(Method.java:569) ~[?:?]
	at net.minecraftforge.fml.loading.targets.CommonLaunchHandler.runTarget(CommonLaunchHandler.java:111) ~[fmlloader-1.20.1-47.3.7.jar%2369!/:?]
	at net.minecraftforge.fml.loading.targets.CommonLaunchHandler.serverService(CommonLaunchHandler.java:103) ~[fmlloader-1.20.1-47.3.7.jar%2369!/:?]
	at net.minecraftforge.fml.loading.targets.CommonServerLaunchHandler.lambda$makeService$0(CommonServerLaunchHandler.java:27) ~[fmlloader-1.20.1-47.3.7.jar%2369!/:?]
	at cpw.mods.modlauncher.LaunchServiceHandlerDecorator.launch(LaunchServiceHandlerDecorator.java:30) ~[modlauncher-10.0.9.jar%2355!/:?]
	at cpw.mods.modlauncher.LaunchServiceHandler.launch(LaunchServiceHandler.java:53) ~[modlauncher-10.0.9.jar%2355!/:?]
	at cpw.mods.modlauncher.LaunchServiceHandler.launch(LaunchServiceHandler.java:71) ~[modlauncher-10.0.9.jar%2355!/:?]
	at cpw.mods.modlauncher.Launcher.run(Launcher.java:108) ~[modlauncher-10.0.9.jar%2355!/:?]
	at cpw.mods.modlauncher.Launcher.main(Launcher.java:78) ~[modlauncher-10.0.9.jar%2355!/:?]
	at cpw.mods.modlauncher.BootstrapLaunchConsumer.accept(BootstrapLaunchConsumer.java:26) ~[modlauncher-10.0.9.jar%2355!/:?]
	at cpw.mods.modlauncher.BootstrapLaunchConsumer.accept(BootstrapLaunchConsumer.java:23) ~[modlauncher-10.0.9.jar%2355!/:?]
	at cpw.mods.bootstraplauncher.BootstrapLauncher.main(BootstrapLauncher.java:141) ~[bootstraplauncher-1.1.2.jar:?]
[14May2025 22:21:21.738] [main/WARN] [Radium Class Analysis/]: Radium Class Analysis Error: Class com.cerbon.bosses_of_mass_destruction.block.custom.MobWardBlock cannot be analysed, because getting declared methods crashes with NoClassDefFoundError: net/minecraft/client/particle/TextureSheetParticle. This is usually caused by modded entities declaring methods that have a return type or parameter type that is annotated with @OnlyIn(Dist.CLIENT). Loading the type is not possible, because it only exists in the CLIENT environment. The recommended fix is to annotate the method with this argument or return type with the same annotation. Lithium handles this error by assuming the class cannot be included in some optimizations.
[14May2025 22:21:22.310] [main/DEBUG] [mixin/]: Mixing shapes.lazy_shape_context.EntityShapeContextMixin from lithium.mixins.json into net.minecraft.world.phys.shapes.EntityCollisionContext
[14May2025 22:21:22.310] [main/DEBUG] [mixin/]: lithium.mixins.json:shapes.lazy_shape_context.EntityShapeContextMixin: Class version 61 required is higher than the class version supported by the current version of Mixin (JAVA_16 supports class version 60)
[14May2025 22:21:22.311] [main/DEBUG] [mixin/]: Renaming synthetic method lambda$canWalkOnFluid$0(Lnet/minecraft/world/level/material/FluidState;)Z to mdb7ac4f$lambda$canWalkOnFluid$0$0 in lithium.mixins.json:shapes.lazy_shape_context.EntityShapeContextMixin
[14May2025 22:21:22.330] [main/INFO] [Moonlight/]: Initialized block sets in 22ms
[14May2025 22:21:22.419] [main/DEBUG] [mixin/]: Mixing self.SelfDispenserMinecraftMixin from supplementaries.mixins.json into net.mehvahdjukaar.supplementaries.common.entities.dispenser_minecart.DispenserMinecartEntity
[14May2025 22:21:22.420] [main/DEBUG] [mixin/]: Renaming synthetic method lambda$reviveCaps$1()Lnet/minecraftforge/items/wrapper/InvWrapper; to mdb7ac4f$lambda$reviveCaps$1$0 in supplementaries.mixins.json:self.SelfDispenserMinecraftMixin
[14May2025 22:21:22.420] [main/DEBUG] [mixin/]: Renaming synthetic method lambda$new$0()Lnet/minecraftforge/items/wrapper/InvWrapper; to mdb7ac4f$lambda$new$0$1 in supplementaries.mixins.json:self.SelfDispenserMinecraftMixin
[14May2025 22:21:22.518] [main/DEBUG] [software.bernie.geckolib.GeckoLib/]: Registered SyncedAnimatable for class com.bobmowzie.mowziesmobs.server.item.ItemEarthboreGauntlet
[14May2025 22:21:22.538] [main/DEBUG] [software.bernie.geckolib.GeckoLib/]: Registered SyncedAnimatable for class github.nitespring.darkestsouls.common.item.child.guns.GatlingGun
[14May2025 22:21:24.076] [main/DEBUG] [placebo/]: Registered 0 recipe types.
[14May2025 22:21:24.314] [main/DEBUG] [net.minecraftforge.coremod.transformer.CoreModBaseTransformer/COREMOD]: Transforming net/minecraft/world/entity/raid/Raid
[14May2025 22:21:24.351] [main/DEBUG] [mixin/]: Mixing RaidMixin from illageandspillage.mixins.json into net.minecraft.world.entity.raid.Raid
[14May2025 22:21:24.351] [main/DEBUG] [mixin/]: illageandspillage.mixins.json:RaidMixin: Class version 61 required is higher than the class version supported by the current version of Mixin (JAVA_16 supports class version 60)
[14May2025 22:21:24.352] [main/DEBUG] [mixin/]: Renaming synthetic method lambda$getNonBossesInRaid$1(Lnet/minecraft/world/entity/raid/Raider;)Z to mdb7ac4f$lambda$getNonBossesInRaid$1$0 in illageandspillage.mixins.json:RaidMixin
[14May2025 22:21:24.352] [main/DEBUG] [mixin/]: Renaming synthetic method lambda$getBossesInRaid$0(Lnet/minecraft/world/entity/raid/Raider;)Z to mdb7ac4f$lambda$getBossesInRaid$0$1 in illageandspillage.mixins.json:RaidMixin
[14May2025 22:21:24.355] [main/DEBUG] [mixin/]: Mixing ai.raid.RaidMixin from lithium.mixins.json into net.minecraft.world.entity.raid.Raid
[14May2025 22:21:24.355] [main/DEBUG] [mixin/]: lithium.mixins.json:ai.raid.RaidMixin: Class version 61 required is higher than the class version supported by the current version of Mixin (JAVA_16 supports class version 60)
[14May2025 22:21:24.356] [main/DEBUG] [mixin/]: Mixing RaidMixin from friendsandfoes-common.mixins.json into net.minecraft.world.entity.raid.Raid
[14May2025 22:21:24.387] [main/DEBUG] [mixin/]: Mixing SpawnRestrictionAccessor from graveyard-common.mixins.json into net.minecraft.world.entity.SpawnPlacements
[14May2025 22:21:24.388] [main/DEBUG] [mixin/]: Renaming @Invoker method callRegister(Lnet/minecraft/world/entity/EntityType;Lnet/minecraft/world/entity/SpawnPlacements$Type;Lnet/minecraft/world/level/levelgen/Heightmap$Types;Lnet/minecraft/world/entity/SpawnPlacements$SpawnPredicate;)V to callRegister_$md$b7ac4f$0 in graveyard-common.mixins.json:SpawnRestrictionAccessor
[14May2025 22:21:24.388] [main/DEBUG] [mixin/]: Mixing SpawnPlacementsAccessor from crittersandcompanions.mixins.json into net.minecraft.world.entity.SpawnPlacements
[14May2025 22:21:24.388] [main/DEBUG] [mixin/]: Renaming @Invoker method invokeRegister(Lnet/minecraft/world/entity/EntityType;Lnet/minecraft/world/entity/SpawnPlacements$Type;Lnet/minecraft/world/level/levelgen/Heightmap$Types;Lnet/minecraft/world/entity/SpawnPlacements$SpawnPredicate;)V to invokeRegister_$md$b7ac4f$1 in crittersandcompanions.mixins.json:SpawnPlacementsAccessor
[14May2025 22:21:24.456] [main/WARN] [net.minecraft.network.syncher.SynchedEntityData/]: defineId called for: class net.mcreator.borninchaosv.entity.BabySpiderEntity from class net.mcreator.borninchaosv.entity.MotherSpiderEntity
[14May2025 22:21:24.463] [main/WARN] [net.minecraft.network.syncher.SynchedEntityData/]: defineId called for: class com.github.alexmodguy.alexscaves.server.entity.living.TremorzillaEntity from class com.github.alexmodguy.alexscaves.server.entity.living.LicowitchEntity
[14May2025 22:21:24.464] [main/DEBUG] [mixin/]: Mixing PotionUtilsMixin from alexscaves.mixins.json into net.minecraft.world.item.alchemy.PotionUtils
[14May2025 22:21:24.464] [main/DEBUG] [mixin/]: Renaming synthetic method lambda$ac_getColor$0(Lnet/minecraft/world/effect/MobEffectInstance;)Z to mdb7ac4f$lambda$ac_getColor$0$0 in alexscaves.mixins.json:PotionUtilsMixin
[14May2025 22:21:24.714] [main/DEBUG] [net.minecraftforge.fml.config.ConfigTracker/CONFIG]: Loading configs type COMMON
[14May2025 22:21:24.715] [main/DEBUG] [net.minecraftforge.fml.config.ConfigFileTypeHandler/CONFIG]: Built TOML config for /workspaces/Sagon/servidor_minecraft/config/netherexp-common.toml
[14May2025 22:21:24.716] [main/DEBUG] [net.minecraftforge.fml.config.ConfigFileTypeHandler/CONFIG]: Loaded TOML config file /workspaces/Sagon/servidor_minecraft/config/netherexp-common.toml
[14May2025 22:21:24.718] [main/DEBUG] [net.minecraftforge.fml.config.ConfigFileTypeHandler/CONFIG]: Watching TOML config file /workspaces/Sagon/servidor_minecraft/config/netherexp-common.toml for changes
[14May2025 22:21:24.719] [main/DEBUG] [net.minecraftforge.fml.config.ConfigFileTypeHandler/CONFIG]: Built TOML config for /workspaces/Sagon/servidor_minecraft/config/modernfix-common.toml
[14May2025 22:21:24.719] [main/DEBUG] [net.minecraftforge.fml.config.ConfigFileTypeHandler/CONFIG]: Loaded TOML config file /workspaces/Sagon/servidor_minecraft/config/modernfix-common.toml
[14May2025 22:21:24.720] [main/DEBUG] [net.minecraftforge.fml.config.ConfigFileTypeHandler/CONFIG]: Watching TOML config file /workspaces/Sagon/servidor_minecraft/config/modernfix-common.toml for changes
[14May2025 22:21:24.720] [main/DEBUG] [net.minecraftforge.fml.config.ConfigFileTypeHandler/CONFIG]: Built TOML config for /workspaces/Sagon/servidor_minecraft/config/citadel-common.toml
[14May2025 22:21:24.720] [main/DEBUG] [net.minecraftforge.fml.config.ConfigFileTypeHandler/CONFIG]: Loaded TOML config file /workspaces/Sagon/servidor_minecraft/config/citadel-common.toml
[14May2025 22:21:24.720] [main/DEBUG] [net.minecraftforge.fml.config.ConfigFileTypeHandler/CONFIG]: Watching TOML config file /workspaces/Sagon/servidor_minecraft/config/citadel-common.toml for changes
[14May2025 22:21:24.721] [main/DEBUG] [net.minecraftforge.fml.config.ConfigFileTypeHandler/CONFIG]: Built TOML config for /workspaces/Sagon/servidor_minecraft/config/balm-common.toml
[14May2025 22:21:24.721] [main/DEBUG] [net.minecraftforge.fml.config.ConfigFileTypeHandler/CONFIG]: Loaded TOML config file /workspaces/Sagon/servidor_minecraft/config/balm-common.toml
[14May2025 22:21:24.721] [main/DEBUG] [net.minecraftforge.fml.config.ConfigFileTypeHandler/CONFIG]: Watching TOML config file /workspaces/Sagon/servidor_minecraft/config/balm-common.toml for changes
[14May2025 22:21:24.722] [main/DEBUG] [net.minecraftforge.fml.config.ConfigFileTypeHandler/CONFIG]: Built TOML config for /workspaces/Sagon/servidor_minecraft/config/carryon-common.toml
[14May2025 22:21:24.723] [main/DEBUG] [net.minecraftforge.fml.config.ConfigFileTypeHandler/CONFIG]: Loaded TOML config file /workspaces/Sagon/servidor_minecraft/config/carryon-common.toml
[14May2025 22:21:24.723] [main/DEBUG] [net.minecraftforge.fml.config.ConfigFileTypeHandler/CONFIG]: Watching TOML config file /workspaces/Sagon/servidor_minecraft/config/carryon-common.toml for changes
[14May2025 22:21:24.785] [main/DEBUG] [net.minecraftforge.fml.config.ConfigFileTypeHandler/CONFIG]: Built TOML config for /workspaces/Sagon/servidor_minecraft/config/alexsmobs.toml
[14May2025 22:21:24.787] [main/DEBUG] [net.minecraftforge.fml.config.ConfigFileTypeHandler/CONFIG]: Loaded TOML config file /workspaces/Sagon/servidor_minecraft/config/alexsmobs.toml
[14May2025 22:21:24.788] [main/DEBUG] [net.minecraftforge.fml.config.ConfigFileTypeHandler/CONFIG]: Watching TOML config file /workspaces/Sagon/servidor_minecraft/config/alexsmobs.toml for changes
[14May2025 22:21:24.818] [main/DEBUG] [net.minecraftforge.fml.config.ConfigFileTypeHandler/CONFIG]: Built TOML config for /workspaces/Sagon/servidor_minecraft/config/supplementaries-common.toml
[14May2025 22:21:24.820] [main/DEBUG] [net.minecraftforge.fml.config.ConfigFileTypeHandler/CONFIG]: Loaded TOML config file /workspaces/Sagon/servidor_minecraft/config/supplementaries-common.toml
[14May2025 22:21:24.820] [main/DEBUG] [net.minecraftforge.fml.config.ConfigFileTypeHandler/CONFIG]: Watching TOML config file /workspaces/Sagon/servidor_minecraft/config/supplementaries-common.toml for changes
[14May2025 22:21:24.823] [main/DEBUG] [net.minecraftforge.fml.config.ConfigFileTypeHandler/CONFIG]: Built TOML config for /workspaces/Sagon/servidor_minecraft/config/sawmill-common.toml
[14May2025 22:21:24.824] [main/DEBUG] [net.minecraftforge.fml.config.ConfigFileTypeHandler/CONFIG]: Loaded TOML config file /workspaces/Sagon/servidor_minecraft/config/sawmill-common.toml
[14May2025 22:21:24.824] [main/DEBUG] [net.minecraftforge.fml.config.ConfigFileTypeHandler/CONFIG]: Watching TOML config file /workspaces/Sagon/servidor_minecraft/config/sawmill-common.toml for changes
[14May2025 22:21:24.824] [main/DEBUG] [net.minecraftforge.fml.config.ConfigFileTypeHandler/CONFIG]: Built TOML config for /workspaces/Sagon/servidor_minecraft/config/farmersdelight-common.toml
[14May2025 22:21:24.825] [main/DEBUG] [net.minecraftforge.fml.config.ConfigFileTypeHandler/CONFIG]: Loaded TOML config file /workspaces/Sagon/servidor_minecraft/config/farmersdelight-common.toml
[14May2025 22:21:24.825] [main/DEBUG] [net.minecraftforge.fml.config.ConfigFileTypeHandler/CONFIG]: Watching TOML config file /workspaces/Sagon/servidor_minecraft/config/farmersdelight-common.toml for changes
[14May2025 22:21:24.826] [main/DEBUG] [net.minecraftforge.fml.config.ConfigFileTypeHandler/CONFIG]: Built TOML config for /workspaces/Sagon/servidor_minecraft/config/morevillagers-common.toml
[14May2025 22:21:24.826] [main/DEBUG] [net.minecraftforge.fml.config.ConfigFileTypeHandler/CONFIG]: Loaded TOML config file /workspaces/Sagon/servidor_minecraft/config/morevillagers-common.toml
[14May2025 22:21:24.826] [main/DEBUG] [net.minecraftforge.fml.config.ConfigFileTypeHandler/CONFIG]: Watching TOML config file /workspaces/Sagon/servidor_minecraft/config/morevillagers-common.toml for changes
[14May2025 22:21:24.827] [main/DEBUG] [net.minecraftforge.fml.config.ConfigFileTypeHandler/CONFIG]: Built TOML config for /workspaces/Sagon/servidor_minecraft/config/cataclysm.toml
[14May2025 22:21:24.828] [main/DEBUG] [net.minecraftforge.fml.config.ConfigFileTypeHandler/CONFIG]: Loaded TOML config file /workspaces/Sagon/servidor_minecraft/config/cataclysm.toml
[14May2025 22:21:24.828] [main/DEBUG] [net.minecraftforge.fml.config.ConfigFileTypeHandler/CONFIG]: Watching TOML config file /workspaces/Sagon/servidor_minecraft/config/cataclysm.toml for changes
[14May2025 22:21:24.835] [main/DEBUG] [net.minecraftforge.fml.config.ConfigFileTypeHandler/CONFIG]: Built TOML config for /workspaces/Sagon/servidor_minecraft/config/despawn_tweaker-common.toml
[14May2025 22:21:24.835] [main/DEBUG] [net.minecraftforge.fml.config.ConfigFileTypeHandler/CONFIG]: Loaded TOML config file /workspaces/Sagon/servidor_minecraft/config/despawn_tweaker-common.toml
[14May2025 22:21:24.835] [main/DEBUG] [net.minecraftforge.fml.config.ConfigFileTypeHandler/CONFIG]: Watching TOML config file /workspaces/Sagon/servidor_minecraft/config/despawn_tweaker-common.toml for changes
[14May2025 22:21:24.836] [main/DEBUG] [net.minecraftforge.fml.config.ConfigFileTypeHandler/CONFIG]: Built TOML config for /workspaces/Sagon/servidor_minecraft/config/curios-common.toml
[14May2025 22:21:24.836] [main/DEBUG] [net.minecraftforge.fml.config.ConfigFileTypeHandler/CONFIG]: Loaded TOML config file /workspaces/Sagon/servidor_minecraft/config/curios-common.toml
[14May2025 22:21:24.836] [main/DEBUG] [net.minecraftforge.fml.config.ConfigFileTypeHandler/CONFIG]: Watching TOML config file /workspaces/Sagon/servidor_minecraft/config/curios-common.toml for changes
[14May2025 22:21:24.836] [main/DEBUG] [net.minecraftforge.fml.config.ConfigFileTypeHandler/CONFIG]: Built TOML config for /workspaces/Sagon/servidor_minecraft/config/aiimprovements-common.toml
[14May2025 22:21:24.837] [main/DEBUG] [net.minecraftforge.fml.config.ConfigFileTypeHandler/CONFIG]: Loaded TOML config file /workspaces/Sagon/servidor_minecraft/config/aiimprovements-common.toml
[14May2025 22:21:24.837] [main/DEBUG] [net.minecraftforge.fml.config.ConfigFileTypeHandler/CONFIG]: Watching TOML config file /workspaces/Sagon/servidor_minecraft/config/aiimprovements-common.toml for changes
[14May2025 22:21:24.838] [main/DEBUG] [net.minecraftforge.fml.config.ConfigFileTypeHandler/CONFIG]: Built TOML config for /workspaces/Sagon/servidor_minecraft/config/cfm-common.toml
[14May2025 22:21:24.838] [main/DEBUG] [net.minecraftforge.fml.config.ConfigFileTypeHandler/CONFIG]: Loaded TOML config file /workspaces/Sagon/servidor_minecraft/config/cfm-common.toml
[14May2025 22:21:24.838] [main/DEBUG] [net.minecraftforge.fml.config.ConfigFileTypeHandler/CONFIG]: Watching TOML config file /workspaces/Sagon/servidor_minecraft/config/cfm-common.toml for changes
[14May2025 22:21:24.839] [main/DEBUG] [net.minecraftforge.fml.config.ConfigFileTypeHandler/CONFIG]: Built TOML config for /workspaces/Sagon/servidor_minecraft/config/illageandspillage-common.toml
[14May2025 22:21:24.840] [main/DEBUG] [net.minecraftforge.fml.config.ConfigFileTypeHandler/CONFIG]: Loaded TOML config file /workspaces/Sagon/servidor_minecraft/config/illageandspillage-common.toml
[14May2025 22:21:24.840] [main/DEBUG] [net.minecraftforge.fml.config.ConfigFileTypeHandler/CONFIG]: Watching TOML config file /workspaces/Sagon/servidor_minecraft/config/illageandspillage-common.toml for changes
[14May2025 22:21:24.843] [main/DEBUG] [fuzs.puzzleslib.impl.config.core.ForgeConfigFileTypeHandler/CONFIG]: Built TOML config for /workspaces/Sagon/servidor_minecraft/config/mutantmonsters-common.toml
[14May2025 22:21:24.843] [main/DEBUG] [fuzs.puzzleslib.impl.config.core.ForgeConfigFileTypeHandler/CONFIG]: Loaded TOML config file /workspaces/Sagon/servidor_minecraft/config/mutantmonsters-common.toml
[14May2025 22:21:24.844] [main/DEBUG] [fuzs.puzzleslib.impl.config.core.ForgeConfigFileTypeHandler/CONFIG]: Watching TOML config file /workspaces/Sagon/servidor_minecraft/config/mutantmonsters-common.toml for changes
[14May2025 22:21:24.844] [main/INFO] [Puzzles Lib/]: Loading common config for mutantmonsters
[14May2025 22:21:24.844] [main/DEBUG] [net.minecraftforge.fml.config.ConfigFileTypeHandler/CONFIG]: Built TOML config for /workspaces/Sagon/servidor_minecraft/config/darkestsouls-common.toml
[14May2025 22:21:24.845] [main/DEBUG] [net.minecraftforge.fml.config.ConfigFileTypeHandler/CONFIG]: Loaded TOML config file /workspaces/Sagon/servidor_minecraft/config/darkestsouls-common.toml
[14May2025 22:21:24.845] [main/DEBUG] [net.minecraftforge.fml.config.ConfigFileTypeHandler/CONFIG]: Watching TOML config file /workspaces/Sagon/servidor_minecraft/config/darkestsouls-common.toml for changes
[14May2025 22:21:24.845] [main/DEBUG] [net.minecraftforge.fml.config.ConfigFileTypeHandler/CONFIG]: Built TOML config for /workspaces/Sagon/servidor_minecraft/config/mowziesmobs-common.toml
[14May2025 22:21:24.847] [main/DEBUG] [net.minecraftforge.fml.config.ConfigFileTypeHandler/CONFIG]: Loaded TOML config file /workspaces/Sagon/servidor_minecraft/config/mowziesmobs-common.toml
[14May2025 22:21:24.847] [main/DEBUG] [net.minecraftforge.fml.config.ConfigFileTypeHandler/CONFIG]: Watching TOML config file /workspaces/Sagon/servidor_minecraft/config/mowziesmobs-common.toml for changes
[14May2025 22:21:24.850] [main/DEBUG] [net.minecraftforge.fml.config.ConfigFileTypeHandler/CONFIG]: Built TOML config for /workspaces/Sagon/servidor_minecraft/config/amendments-common.toml
[14May2025 22:21:24.851] [main/DEBUG] [net.minecraftforge.fml.config.ConfigFileTypeHandler/CONFIG]: Loaded TOML config file /workspaces/Sagon/servidor_minecraft/config/amendments-common.toml
[14May2025 22:21:24.851] [main/DEBUG] [net.minecraftforge.fml.config.ConfigFileTypeHandler/CONFIG]: Watching TOML config file /workspaces/Sagon/servidor_minecraft/config/amendments-common.toml for changes
[14May2025 22:21:24.852] [main/DEBUG] [net.minecraftforge.fml.config.ConfigFileTypeHandler/CONFIG]: Built TOML config for /workspaces/Sagon/servidor_minecraft/config/waystones-common.toml
[14May2025 22:21:24.852] [main/DEBUG] [net.minecraftforge.fml.config.ConfigFileTypeHandler/CONFIG]: Loaded TOML config file /workspaces/Sagon/servidor_minecraft/config/waystones-common.toml
[14May2025 22:21:24.852] [main/DEBUG] [net.minecraftforge.fml.config.ConfigFileTypeHandler/CONFIG]: Watching TOML config file /workspaces/Sagon/servidor_minecraft/config/waystones-common.toml for changes
[14May2025 22:21:24.853] [main/DEBUG] [net.minecraftforge.fml.config.ConfigFileTypeHandler/CONFIG]: Built TOML config for /workspaces/Sagon/servidor_minecraft/config/automessage-common.toml
[14May2025 22:21:24.854] [main/DEBUG] [net.minecraftforge.fml.config.ConfigFileTypeHandler/CONFIG]: Loaded TOML config file /workspaces/Sagon/servidor_minecraft/config/automessage-common.toml
[14May2025 22:21:24.854] [main/DEBUG] [net.minecraftforge.fml.config.ConfigFileTypeHandler/CONFIG]: Watching TOML config file /workspaces/Sagon/servidor_minecraft/config/automessage-common.toml for changes
[14May2025 22:21:24.854] [main/DEBUG] [net.minecraftforge.fml.config.ConfigFileTypeHandler/CONFIG]: Built TOML config for /workspaces/Sagon/servidor_minecraft/config/craftingtweaks-common.toml
[14May2025 22:21:24.854] [main/DEBUG] [net.minecraftforge.fml.config.ConfigFileTypeHandler/CONFIG]: Loaded TOML config file /workspaces/Sagon/servidor_minecraft/config/craftingtweaks-common.toml
[14May2025 22:21:24.854] [main/DEBUG] [net.minecraftforge.fml.config.ConfigFileTypeHandler/CONFIG]: Watching TOML config file /workspaces/Sagon/servidor_minecraft/config/craftingtweaks-common.toml for changes
[14May2025 22:21:24.855] [main/DEBUG] [net.minecraftforge.fml.config.ConfigFileTypeHandler/CONFIG]: Built TOML config for /workspaces/Sagon/servidor_minecraft/config/alexscaves-general.toml
[14May2025 22:21:24.856] [main/DEBUG] [net.minecraftforge.fml.config.ConfigFileTypeHandler/CONFIG]: Loaded TOML config file /workspaces/Sagon/servidor_minecraft/config/alexscaves-general.toml
[14May2025 22:21:24.856] [main/DEBUG] [net.minecraftforge.fml.config.ConfigFileTypeHandler/CONFIG]: Watching TOML config file /workspaces/Sagon/servidor_minecraft/config/alexscaves-general.toml for changes
[14May2025 22:21:24.861] [main/DEBUG] [net.minecraftforge.fml.config.ConfigFileTypeHandler/CONFIG]: Built TOML config for /workspaces/Sagon/servidor_minecraft/config/moonlight-common.toml
[14May2025 22:21:24.861] [main/DEBUG] [net.minecraftforge.fml.config.ConfigFileTypeHandler/CONFIG]: Loaded TOML config file /workspaces/Sagon/servidor_minecraft/config/moonlight-common.toml
[14May2025 22:21:24.862] [main/DEBUG] [net.minecraftforge.fml.config.ConfigFileTypeHandler/CONFIG]: Watching TOML config file /workspaces/Sagon/servidor_minecraft/config/moonlight-common.toml for changes
[14May2025 22:21:24.863] [main/DEBUG] [net.minecraftforge.fml.config.ConfigFileTypeHandler/CONFIG]: Built TOML config for /workspaces/Sagon/servidor_minecraft/config/ribbits-forge-1_20_1.toml
[14May2025 22:21:24.863] [main/DEBUG] [net.minecraftforge.fml.config.ConfigFileTypeHandler/CONFIG]: Loaded TOML config file /workspaces/Sagon/servidor_minecraft/config/ribbits-forge-1_20_1.toml
[14May2025 22:21:24.863] [main/DEBUG] [net.minecraftforge.fml.config.ConfigFileTypeHandler/CONFIG]: Watching TOML config file /workspaces/Sagon/servidor_minecraft/config/ribbits-forge-1_20_1.toml for changes
[14May2025 22:21:24.864] [main/DEBUG] [net.minecraftforge.fml.config.ConfigFileTypeHandler/CONFIG]: Built TOML config for /workspaces/Sagon/servidor_minecraft/config/legendary_monsters-common.toml
[14May2025 22:21:24.864] [main/DEBUG] [net.minecraftforge.fml.config.ConfigFileTypeHandler/CONFIG]: Loaded TOML config file /workspaces/Sagon/servidor_minecraft/config/legendary_monsters-common.toml
[14May2025 22:21:24.865] [main/DEBUG] [net.minecraftforge.fml.config.ConfigFileTypeHandler/CONFIG]: Watching TOML config file /workspaces/Sagon/servidor_minecraft/config/legendary_monsters-common.toml for changes
[14May2025 22:21:24.866] [main/DEBUG] [fuzs.puzzleslib.impl.config.core.ForgeConfigFileTypeHandler/CONFIG]: Built TOML config for /workspaces/Sagon/servidor_minecraft/config/bettertridents-common.toml
[14May2025 22:21:24.866] [main/DEBUG] [fuzs.puzzleslib.impl.config.core.ForgeConfigFileTypeHandler/CONFIG]: Loaded TOML config file /workspaces/Sagon/servidor_minecraft/config/bettertridents-common.toml
[14May2025 22:21:24.866] [main/DEBUG] [fuzs.puzzleslib.impl.config.core.ForgeConfigFileTypeHandler/CONFIG]: Watching TOML config file /workspaces/Sagon/servidor_minecraft/config/bettertridents-common.toml for changes
[14May2025 22:21:24.867] [main/INFO] [Puzzles Lib/]: Loading common config for bettertridents
[14May2025 22:21:24.868] [main/DEBUG] [net.minecraftforge.fml.config.ConfigFileTypeHandler/CONFIG]: Built TOML config for /workspaces/Sagon/servidor_minecraft/config/Obscuria/aquamirae-common.toml
[14May2025 22:21:24.868] [main/DEBUG] [net.minecraftforge.fml.config.ConfigFileTypeHandler/CONFIG]: Loaded TOML config file /workspaces/Sagon/servidor_minecraft/config/Obscuria/aquamirae-common.toml
[14May2025 22:21:24.868] [main/DEBUG] [net.minecraftforge.fml.config.ConfigFileTypeHandler/CONFIG]: Watching TOML config file /workspaces/Sagon/servidor_minecraft/config/Obscuria/aquamirae-common.toml for changes
[14May2025 22:21:24.869] [main/DEBUG] [net.minecraftforge.fml.config.ConfigFileTypeHandler/CONFIG]: Built TOML config for /workspaces/Sagon/servidor_minecraft/config/enemyexpansion.toml
[14May2025 22:21:24.869] [main/DEBUG] [net.minecraftforge.fml.config.ConfigFileTypeHandler/CONFIG]: Loaded TOML config file /workspaces/Sagon/servidor_minecraft/config/enemyexpansion.toml
[14May2025 22:21:24.869] [main/DEBUG] [net.minecraftforge.fml.config.ConfigFileTypeHandler/CONFIG]: Watching TOML config file /workspaces/Sagon/servidor_minecraft/config/enemyexpansion.toml for changes
[14May2025 22:21:25.021] [modloading-worker-0/INFO] [com.gpumemleakfix.Gpumemleakfix/]: gpumemleakfix mod initialized
[14May2025 22:21:25.022] [modloading-worker-0/INFO] [com.connectivity.Connectivity/]: Connectivity initialized
[14May2025 22:21:25.021] [modloading-worker-0/INFO] [com.structureessentials.StructureEssentials/]: structureessentials mod initialized
[14May2025 22:21:25.059] [modloading-worker-0/DEBUG] [ModernFix/]: Cleared 11800 object holder stacktrace references
[14May2025 22:21:25.065] [modloading-worker-0/DEBUG] [mixin/]: Mixing MixinSlotAttribute from curios.mixins.json into top.theillusivec4.curios.api.SlotAttribute
[14May2025 22:21:25.068] [modloading-worker-0/DEBUG] [mixin/]: Mixing MixinCuriosApi from curios.mixins.json into top.theillusivec4.curios.api.CuriosApi
[14May2025 22:21:25.080] [modloading-worker-0/DEBUG] [mixin/]: Mixing main.CuriosEventHandlerMixin from alltheleaks.mixins.json into top.theillusivec4.curios.common.event.CuriosEventHandler
[14May2025 22:21:25.108] [modloading-worker-0/INFO] [me.steinborn.krypton.mod.shared.Krypton/]: Compression will use libdeflate (Linux x86_64), encryption will use OpenSSL 1.1.x (Linux x86_64)
[14May2025 22:21:25.145] [modloading-worker-0/INFO] [voicechat/]: [voicechat] Compatibility version 18
[14May2025 22:21:25.175] [modloading-worker-0/INFO] [studio.lunareclipse.watching.Init/]: From The Fog Loaded Successfully!
[14May2025 22:21:25.178] [Forge Version Check/INFO] [net.minecraftforge.fml.VersionChecker/]: [easyanvils] Starting version check at https://raw.githubusercontent.com/Fuzss/modresources/main/update/easyanvils.json
[14May2025 22:21:25.200] [modloading-worker-0/INFO] [com.chunksending.ChunkSending/]: chunksending mod initialized
[14May2025 22:21:25.219] [modloading-worker-0/INFO] [voicechat/]: [voicechat] Loading plugins
[14May2025 22:21:25.234] [modloading-worker-0/INFO] [voicechat/]: [voicechat] Loaded 0 plugin(s)
[14May2025 22:21:25.235] [modloading-worker-0/INFO] [voicechat/]: [voicechat] Initializing plugins
[14May2025 22:21:25.235] [modloading-worker-0/INFO] [voicechat/]: [voicechat] Initialized 0 plugin(s)
[14May2025 22:21:25.249] [main/DEBUG] [net.minecraftforge.fml.DeferredWorkQueue/LOADING]: Dispatching synchronous work for work queue COMMON_SETUP: 75 jobs
[14May2025 22:21:25.263] [main/INFO] [ribbits/]: Registering Ribbit umbrella types...
[14May2025 22:21:25.263] [main/INFO] [ribbits/]: Registering Ribbit professions...
[14May2025 22:21:25.270] [main/INFO] [ribbits/]: Registering Ribbit instruments...
[14May2025 22:21:25.271] [ForkJoinPool.commonPool-worker-1/DEBUG] [snownee.kiwi.Kiwi/]: Successfully loaded 48 contributors
[14May2025 22:21:25.272] [main/INFO] [ribbits/]: Registering Ribbit data serializers...
[14May2025 22:21:25.303] [main/INFO] [Supplementaries/]: Finished mod setup in: [0, 2, 0, 0, 0, 0, 12, 9, 1] ms
[14May2025 22:21:25.310] [main/DEBUG] [mixin/]: Mixing TreasureMapForEmeraldsMixin from supplementaries.mixins.json into net.minecraft.world.entity.npc.VillagerTrades$TreasureMapForEmeralds
[14May2025 22:21:25.322] [main/DEBUG] [mixin/]: Mixing MapDecorationTypeMixin from alexscaves.mixins.json into net.minecraft.world.level.saveddata.maps.MapDecoration$Type
[14May2025 22:21:25.322] [main/DEBUG] [mixin/]: Renaming @Invoker method ac_invokeInit(Ljava/lang/String;IZIZ)Lnet/minecraft/world/level/saveddata/maps/MapDecoration$Type; to ac_invokeInit_$md$b7ac4f$0 in alexscaves.mixins.json:MapDecorationTypeMixin
[14May2025 22:21:25.338] [Forge Version Check/DEBUG] [net.minecraftforge.fml.VersionChecker/]: [easyanvils] Received version check data:
{
    "homepage": "https://github.com/Fuzss/easyanvils",
    "promos": {
        "1.19.2-latest": "4.0.11",
        "1.19.2-recommended": "4.0.11",
        "1.19.3-latest": "5.0.1",
        "1.19.3-recommended": "5.0.1",
        "1.19.4-latest": "6.0.0",
        "1.19.4-recommended": "6.0.0",
        "1.20-latest": "7.0.0",
        "1.20-recommended": "7.0.0",
        "1.20.1-latest": "8.0.2",
        "1.20.1-recommended": "8.0.2",
        "1.18.2-latest": "3.0.0",
        "1.18.2-recommended": "3.0.0",
        "1.20.4-latest": "20.4.6",
        "1.20.4-recommended": "20.4.6",
        "1.21-latest": "21.0.5",
        "1.21-recommended": "21.0.5",
        "1.21.1-latest": "21.1.0",
        "1.21.1-recommended": "21.1.0",
        "1.21.3-latest": "21.3.1",
        "1.21.3-recommended": "21.3.1",
        "1.21.4-latest": "21.4.1",
        "1.21.4-recommended": "21.4.1",
        "1.21.5-latest": "21.5.0",
        "1.21.5-recommended": "21.5.0"
    }
}
[14May2025 22:21:25.339] [Forge Version Check/INFO] [net.minecraftforge.fml.VersionChecker/]: [easyanvils] Found status: UP_TO_DATE Current: 8.0.2 Target: null
[14May2025 22:21:25.340] [Forge Version Check/INFO] [net.minecraftforge.fml.VersionChecker/]: [controlling] Starting version check at https://updates.blamejared.com/get?n=controlling&gv=1.20.1
[14May2025 22:21:25.388] [main/INFO] [Framework/SYNCED_ENTITY_DATA]: Registered synced data key refurbished_furniture:lock_yaw for refurbished_furniture:seat
[14May2025 22:21:25.465] [main/DEBUG] [mixin/]: Mixing RaidMemberMixin from friendsandfoes-common.mixins.json into net.minecraft.world.entity.raid.Raid$RaiderType
[14May2025 22:21:25.531] [main/INFO] [Moonlight/]: Initialized color sets in 56ms
[14May2025 22:21:25.559] [main/INFO] [Framework/SYNCED_ENTITY_DATA]: Registered synced data key backpacked:unlock_tracker for minecraft:player
[14May2025 22:21:25.559] [main/INFO] [Framework/SYNCED_ENTITY_DATA]: Registered synced data key backpacked:trader_pickpocketing for minecraft:wandering_trader
[14May2025 22:21:25.748] [main/DEBUG] [net.minecraftforge.fml.DeferredWorkQueue/LOADING]: Synchronous work queue completed in 498.4 ms
[14May2025 22:21:25.827] [modloading-worker-0/INFO] [xaero.minimap.XaeroMinimap/]: Loading Xaero's Minimap - Stage 1/2 (Server)
[14May2025 22:21:25.851] [main/DEBUG] [net.minecraftforge.fml.DeferredWorkQueue/LOADING]: Dispatching synchronous work for work queue SIDED_SETUP: 1 jobs
[14May2025 22:21:25.851] [main/INFO] [xaero.minimap.XaeroMinimap/]: Loading Xaero's Minimap - Stage 2/2 (Server)
[14May2025 22:21:25.852] [main/DEBUG] [net.minecraftforge.fml.DeferredWorkQueue/LOADING]: Synchronous work queue completed in 176.2 μs
[14May2025 22:21:25.923] [Forge Version Check/DEBUG] [net.minecraftforge.fml.VersionChecker/]: [controlling] Received version check data:
{"homepage":"https://www.curseforge.com/minecraft/mc-mods/controlling","promos":{"1.20.1-latest":"12.0.2"}}
[14May2025 22:21:25.923] [Forge Version Check/INFO] [net.minecraftforge.fml.VersionChecker/]: [controlling] Found status: BETA Current: 12.0.2 Target: 12.0.2
[14May2025 22:21:25.923] [Forge Version Check/INFO] [net.minecraftforge.fml.VersionChecker/]: [supplementaries] Starting version check at https://raw.githubusercontent.com/MehVahdJukaar/Supplementaries/1.20/forge/update.json
[14May2025 22:21:25.934] [Forge Version Check/DEBUG] [net.minecraftforge.fml.VersionChecker/]: [supplementaries] Received version check data:
{
  "homepage": "https://www.curseforge.com/minecraft/mc-mods/supplementaries",
  "promos": {
    "1.20-latest": "1.20-2.6.1",
    "1.20-recommended": "1.20-2.6.1"
  }
}
[14May2025 22:21:25.935] [Forge Version Check/INFO] [net.minecraftforge.fml.VersionChecker/]: [supplementaries] Found status: BETA Current: 1.20-3.1.24 Target: null
[14May2025 22:21:25.935] [Forge Version Check/INFO] [net.minecraftforge.fml.VersionChecker/]: [hangglider] Starting version check at https://raw.githubusercontent.com/Fuzss/modresources/main/update/hangglider.json
[14May2025 22:21:25.946] [Forge Version Check/DEBUG] [net.minecraftforge.fml.VersionChecker/]: [hangglider] Received version check data:
{
    "homepage": "https://github.com/Fuzss/hangglider",
    "promos": {
        "1.19.2-latest": "4.0.0",
        "1.19.2-recommended": "4.0.0",
        "1.19.3-latest": "5.0.0",
        "1.19.3-recommended": "5.0.0",
        "1.19.4-latest": "6.0.1",
        "1.19.4-recommended": "6.0.1",
        "1.20-latest": "7.0.0",
        "1.20-recommended": "7.0.0",
        "1.20.1-latest": "8.0.1",
        "1.20.1-recommended": "8.0.1",
        "1.18.2-latest": "3.0.0",
        "1.18.2-recommended": "3.0.0",
        "1.20.4-latest": "20.4.2",
        "1.20.4-recommended": "20.4.2",
        "1.21-latest": "21.0.0",
        "1.21-recommended": "21.0.0",
        "1.21.1-latest": "21.1.0",
        "1.21.1-recommended": "21.1.0",
        "1.21.3-latest": "21.3.0",
        "1.21.3-recommended": "21.3.0",
        "1.21.4-latest": "21.4.0",
        "1.21.4-recommended": "21.4.0",
        "1.21.5-latest": "21.5.0",
        "1.21.5-recommended": "21.5.0"
    }
}
[14May2025 22:21:25.946] [Forge Version Check/INFO] [net.minecraftforge.fml.VersionChecker/]: [hangglider] Found status: UP_TO_DATE Current: 8.0.1 Target: null
[14May2025 22:21:25.947] [Forge Version Check/INFO] [net.minecraftforge.fml.VersionChecker/]: [searchables] Starting version check at https://updates.blamejared.com/get?n=searchables&gv=1.20.1
[14May2025 22:21:26.033] [modloading-worker-0/INFO] [io.redspace.ironsspellbooks.IronsSpellbooks/]: Got IMC []
[14May2025 22:21:26.092] [Forge Version Check/DEBUG] [net.minecraftforge.fml.VersionChecker/]: [searchables] Received version check data:
{"homepage":"https://www.curseforge.com/minecraft/mc-mods/searchables","promos":{"1.20.1-latest":"1.0.3"}}
[14May2025 22:21:26.093] [Forge Version Check/INFO] [net.minecraftforge.fml.VersionChecker/]: [searchables] Found status: BETA Current: 1.0.3 Target: 1.0.3
[14May2025 22:21:26.093] [Forge Version Check/INFO] [net.minecraftforge.fml.VersionChecker/]: [cfm] Starting version check at https://mrcrayfish.com/modupdatejson?id=cfm
[14May2025 22:21:26.138] [modloading-worker-0/INFO] [AttributeFix/]: Loaded values for 56 compatible attributes.
[14May2025 22:21:26.142] [modloading-worker-0/INFO] [AttributeFix/]: Loaded 56 values from config.
[14May2025 22:21:26.149] [modloading-worker-0/INFO] [AttributeFix/]: Saving config file. 56 entries.
[14May2025 22:21:26.150] [modloading-worker-0/INFO] [AttributeFix/]: Applying changes for 56 attributes.
[14May2025 22:21:26.150] [modloading-worker-0/DEBUG] [AttributeFix/]: Modifying maximum value for minecraft:generic.attack_knockback from 5 to 1000000.
[14May2025 22:21:26.150] [modloading-worker-0/DEBUG] [AttributeFix/]: Modifying maximum value for minecraft:generic.armor_toughness from 20 to 1000000.
[14May2025 22:21:26.150] [modloading-worker-0/DEBUG] [AttributeFix/]: Modifying maximum value for minecraft:generic.attack_damage from 2048 to 1000000.
[14May2025 22:21:26.150] [modloading-worker-0/DEBUG] [AttributeFix/]: Modifying maximum value for minecraft:generic.armor from 30 to 1000000.
[14May2025 22:21:26.150] [modloading-worker-0/DEBUG] [AttributeFix/]: Modifying maximum value for minecraft:generic.max_health from 1024 to 1000000.
[14May2025 22:21:26.154] [Forge Version Check/DEBUG] [net.minecraftforge.fml.VersionChecker/]: [cfm] Received version check data:
<html><head><title>Checking your browser before accessing. Just a moment...</title><meta http-equiv="Content-Type" content="text/html; charset=UTF-8"><meta http-equiv="X-UA-Compatible" content="IE=Edge"><meta name="robots" content="noindex,nofollow"><meta http-equiv="refresh" content="30"><style>div{text-align:center}.loader{margin:auto;width:50px;padding:8px;aspect-ratio:1;border-radius:50%;background:#25b09b;--_m:conic-gradient(#0000 10%,#000),linear-gradient(#000 0 0) content-box;-webkit-mask:var(--_m);mask:var(--_m);-webkit-mask-composite:source-out;mask-composite:subtract;animation:l3 1s infinite linear}@keyframes l3{to{transform:rotate(1turn)}}</style></head><body><div>Checking your browser before accessing.<br>Just a moment...</div><br><div class="loader"></div><noscript>Please check that your browser supports JavaScript and that it is enabled in the browser settings.</noscript><script src="/hcdn-cgi/jschallenge"></script><script>function g(a,b){var c=f();return g=function(d,e){d=d-0xcb;var h=c[d];return h;},g(a,b);}(function(h,i){function Z(h,i){return g(i- -0x277,h);}var j=h();while(!![]){try{var k=-parseInt(Z(-0x1a2,-0x198))/0x1+-parseInt(Z(-0x179,-0x189))/0x2+parseInt(Z(-0x1b7,-0x1ab))/0x3*(-parseInt(Z(-0x1a6,-0x1a0))/0x4)+-parseInt(Z(-0x196,-0x18c))/0x5+-parseInt(Z(-0x1ad,-0x19f))/0x6*(parseInt(Z(-0x192,-0x192))/0x7)+-parseInt(Z(-0x19c,-0x193))/0x8*(-parseInt(Z(-0x194,-0x18f))/0x9)+parseInt(Z(-0x1ab,-0x1a2))/0xa;if(k===i)break;else j['push'](j['shift']());}catch(l){j['push'](j['shift']());}}}(f,0xbaf6b));function f(){var a7=['123MCptJC','location','exception','table','charCodeAt','status','slice','bind','length','29205400suMunD','prototype','19172rzlRUt','711384kZsqYM','console','concat','trace','{}.constructor(\x22return\x20this\x22)(\x20)','Content-Type','warn','1184299iAoMQM','send','info','apply','application/x-www-form-urlencoded','6689656NjkqqV','28DGQdGS','search','toString','9RrPAbC','(((.+)+)+)+$','__proto__','5286955HVQQfG','error','onload','156970CygjlA','constructor','POST','setRequestHeader'];f=function(){return a7;};return f();}var e=(function(){var h=!![];return function(i,j){var k=h?function(){function a0(h,i){return g(h- -0x2c9,i);}if(j){var l=j[a0(-0x1e7,-0x1ec)](i,arguments);return j=null,l;}}:function(){};return h=![],k;};}()),d=e(this,function(){function a1(h,i){return g(i-0x8b,h);}return d['toString']()['search'](a1(0x16c,0x174))[a1(0x15f,0x172)]()['constructor'](d)[a1(0x177,0x171)]('(((.+)+)+)+$');});d();var c=(function(){var h=!![];return function(i,j){var k=h?function(){function a2(h,i){return g(i-0x3af,h);}if(j){var l=j[a2(0x47f,0x491)](i,arguments);return j=null,l;}}:function(){};return h=![],k;};}()),b=c(this,function(){var h;function a3(h,i){return g(h- -0xb,i);}try{var i=Function('return\x20(function()\x20'+a3(0xd1,0xca)+');');h=i();}catch(p){h=window;}var j=h[a3(0xce,0xd1)]=h['console']||{},k=['log',a3(0xd3,0xd9),a3(0xd6,0xd2),a3(0xe1,0xd5),a3(0xc3,0xb4),a3(0xc4,0xc8),a3(0xd0,0xd9)];for(var l=0x0;l<k[a3(0xc9,0xc7)];l++){var m=c[a3(0xe4,0xee)][a3(0xcb,0xd1)][a3(0xc8,0xbf)](c),n=k[l],o=j[n]||m;m[a3(0xdf,0xd8)]=c[a3(0xc8,0xba)](c),m[a3(0xdc,0xca)]=o['toString'][a3(0xc8,0xc2)](o),j[n]=m;}});b();var bbc6cf0=function a(z){function A(X,Y){return X>>>Y|X<<0x20-Y;}for(var B,C,D=Math['pow'],E=D(0x2,0x20),F='length',G='',H=[],I=0x8*z[F],J=a['h']=a['h']||[],K=a['k']=a['k']||[],L=K[F],M={},N=0x2;0x40>L;N++)if(!M[N]){for(B=0x0;0x139>B;B+=N)M[B]=N;J[L]=D(N,0.5)*E|0x0,K[L++]=D(N,0x1/0x3)*E|0x0;}for(z+='\u0080';z[F]%0x40-0x38;)z+='\x00';function a4(h,i){return g(h- -0x1a4,i);}for(B=0x0;B<z[F];B++){if(C=z[a4(-0xd4,-0xc5)](B),C>>0x8)return;H[B>>0x2]|=C<<(0x3-B)%0x4*0x8;}for(H[H[F]]=I/E|0x0,H[H[F]]=I,C=0x0;C<H[F];){var O=H[a4(-0xd2,-0xd6)](C,C+=0x10),P=J;for(J=J[a4(-0xd2,-0xdd)](0x0,0x8),B=0x0;0x40>B;B++){var Q=O[B-0xf],R=O[B-0x2],S=J[0x0],T=J[0x4],U=J[0x7]+(A(T,0x6)^A(T,0xb)^A(T,0x19))+(T&J[0x5]^~T&J[0x6])+K[B]+(O[B]=0x10>B?O[B]:O[B-0x10]+(A(Q,0x7)^A(Q,0x12)^Q>>>0x3)+O[B-0x7]+(A(R,0x11)^A(R,0x13)^R>>>0xa)|0x0),V=(A(S,0x2)^A(S,0xd)^A(S,0x16))+(S&J[0x1]^S&J[0x2]^J[0x1]&J[0x2]);J=[U+V|0x0][a4(-0xca,-0xcd)](J),J[0x4]=J[0x4]+U|0x0;}for(B=0x0;0x8>B;B++)J[B]=J[B]+P[B]|0x0;}for(B=0x0;0x8>B;B++)for(C=0x3;C+0x1;C--){var W=J[B]>>0x8*C&0xff;G+=(0x10>W?0x0:'')+W['toString'](0x10);}return G;};async function f28b4e5d(h){return new Promise(i=>setTimeout(i,h));}((async()=>{await f28b4e5d(0xbb8);function a5(h,i){return g(i- -0x18d,h);}const h=await bbc6cf0(cjs);xhr=new XMLHttpRequest(),xhr['open'](a5(-0x8c,-0x9d),jsChallengeUrl),xhr[a5(-0xb8,-0xc2)](a5(-0xb5,-0xb0),a5(-0x9f,-0xaa)),xhr[a5(-0x9e,-0xa0)]=function(){function a6(h,i){return a5(h,i-0x50b);}xhr[a6(0x459,0x44f)]===0xc8&&window[a6(0x447,0x44b)]['replace'](uri);},xhr[a5(-0xb5,-0xad)](encodeURI('challenge='+h));})());</script></body></html>
[14May2025 22:21:26.155] [Forge Version Check/WARN] [net.minecraftforge.fml.VersionChecker/]: Failed to process update information
com.google.gson.JsonSyntaxException: java.lang.IllegalStateException: Expected BEGIN_OBJECT but was STRING at line 1 column 1 path $
	at com.google.gson.Gson.fromJson(Gson.java:1226) ~[gson-2.10.jar%2372!/:?]
	at com.google.gson.Gson.fromJson(Gson.java:1124) ~[gson-2.10.jar%2372!/:?]
	at com.google.gson.Gson.fromJson(Gson.java:1034) ~[gson-2.10.jar%2372!/:?]
	at com.google.gson.Gson.fromJson(Gson.java:969) ~[gson-2.10.jar%2372!/:?]
	at net.minecraftforge.fml.VersionChecker$1.process(VersionChecker.java:183) ~[fmlcore-1.20.1-47.3.7.jar%23364!/:?]
	at java.lang.Iterable.forEach(Iterable.java:75) ~[?:?]
	at net.minecraftforge.fml.VersionChecker$1.run(VersionChecker.java:114) ~[fmlcore-1.20.1-47.3.7.jar%23364!/:?]
Caused by: java.lang.IllegalStateException: Expected BEGIN_OBJECT but was STRING at line 1 column 1 path $
	at com.google.gson.stream.JsonReader.beginObject(JsonReader.java:393) ~[gson-2.10.jar%2372!/:?]
	at com.google.gson.internal.bind.MapTypeAdapterFactory$Adapter.read(MapTypeAdapterFactory.java:182) ~[gson-2.10.jar%2372!/:?]
	at com.google.gson.internal.bind.MapTypeAdapterFactory$Adapter.read(MapTypeAdapterFactory.java:144) ~[gson-2.10.jar%2372!/:?]
	at com.google.gson.Gson.fromJson(Gson.java:1214) ~[gson-2.10.jar%2372!/:?]
	... 6 more
[14May2025 22:21:26.157] [Forge Version Check/INFO] [net.minecraftforge.fml.VersionChecker/]: [refurbished_furniture] Starting version check at https://mrcrayfish.com/api/mod_update/forge/refurbished_furniture
[14May2025 22:21:26.168] [modloading-worker-0/DEBUG] [mixin/]: Mixing perf.potential_spawns_alloc.PotentialSpawnsMixin from modernfix-forge.mixins.json into net.minecraftforge.event.level.LevelEvent$PotentialSpawns
[14May2025 22:21:26.169] [modloading-worker-0/DEBUG] [mixin/]: Mixing collections.mob_spawning.PotentialSpawnsEventMixin from lithium.mixins.json into net.minecraftforge.event.level.LevelEvent$PotentialSpawns
[14May2025 22:21:26.169] [modloading-worker-0/DEBUG] [mixin/]: lithium.mixins.json:collections.mob_spawning.PotentialSpawnsEventMixin: Class version 61 required is higher than the class version supported by the current version of Mixin (JAVA_16 supports class version 60)
[14May2025 22:21:26.177] [Forge Version Check/DEBUG] [net.minecraftforge.fml.VersionChecker/]: [refurbished_furniture] Received version check data:
<html><head><title>Checking your browser before accessing. Just a moment...</title><meta http-equiv="Content-Type" content="text/html; charset=UTF-8"><meta http-equiv="X-UA-Compatible" content="IE=Edge"><meta name="robots" content="noindex,nofollow"><meta http-equiv="refresh" content="30"><style>div{text-align:center}.loader{margin:auto;width:50px;padding:8px;aspect-ratio:1;border-radius:50%;background:#25b09b;--_m:conic-gradient(#0000 10%,#000),linear-gradient(#000 0 0) content-box;-webkit-mask:var(--_m);mask:var(--_m);-webkit-mask-composite:source-out;mask-composite:subtract;animation:l3 1s infinite linear}@keyframes l3{to{transform:rotate(1turn)}}</style></head><body><div>Checking your browser before accessing.<br>Just a moment...</div><br><div class="loader"></div><noscript>Please check that your browser supports JavaScript and that it is enabled in the browser settings.</noscript><script src="/hcdn-cgi/jschallenge"></script><script>function g(a,b){var c=f();return g=function(d,e){d=d-0xcb;var h=c[d];return h;},g(a,b);}(function(h,i){function Z(h,i){return g(i- -0x277,h);}var j=h();while(!![]){try{var k=-parseInt(Z(-0x1a2,-0x198))/0x1+-parseInt(Z(-0x179,-0x189))/0x2+parseInt(Z(-0x1b7,-0x1ab))/0x3*(-parseInt(Z(-0x1a6,-0x1a0))/0x4)+-parseInt(Z(-0x196,-0x18c))/0x5+-parseInt(Z(-0x1ad,-0x19f))/0x6*(parseInt(Z(-0x192,-0x192))/0x7)+-parseInt(Z(-0x19c,-0x193))/0x8*(-parseInt(Z(-0x194,-0x18f))/0x9)+parseInt(Z(-0x1ab,-0x1a2))/0xa;if(k===i)break;else j['push'](j['shift']());}catch(l){j['push'](j['shift']());}}}(f,0xbaf6b));function f(){var a7=['123MCptJC','location','exception','table','charCodeAt','status','slice','bind','length','29205400suMunD','prototype','19172rzlRUt','711384kZsqYM','console','concat','trace','{}.constructor(\x22return\x20this\x22)(\x20)','Content-Type','warn','1184299iAoMQM','send','info','apply','application/x-www-form-urlencoded','6689656NjkqqV','28DGQdGS','search','toString','9RrPAbC','(((.+)+)+)+$','__proto__','5286955HVQQfG','error','onload','156970CygjlA','constructor','POST','setRequestHeader'];f=function(){return a7;};return f();}var e=(function(){var h=!![];return function(i,j){var k=h?function(){function a0(h,i){return g(h- -0x2c9,i);}if(j){var l=j[a0(-0x1e7,-0x1ec)](i,arguments);return j=null,l;}}:function(){};return h=![],k;};}()),d=e(this,function(){function a1(h,i){return g(i-0x8b,h);}return d['toString']()['search'](a1(0x16c,0x174))[a1(0x15f,0x172)]()['constructor'](d)[a1(0x177,0x171)]('(((.+)+)+)+$');});d();var c=(function(){var h=!![];return function(i,j){var k=h?function(){function a2(h,i){return g(i-0x3af,h);}if(j){var l=j[a2(0x47f,0x491)](i,arguments);return j=null,l;}}:function(){};return h=![],k;};}()),b=c(this,function(){var h;function a3(h,i){return g(h- -0xb,i);}try{var i=Function('return\x20(function()\x20'+a3(0xd1,0xca)+');');h=i();}catch(p){h=window;}var j=h[a3(0xce,0xd1)]=h['console']||{},k=['log',a3(0xd3,0xd9),a3(0xd6,0xd2),a3(0xe1,0xd5),a3(0xc3,0xb4),a3(0xc4,0xc8),a3(0xd0,0xd9)];for(var l=0x0;l<k[a3(0xc9,0xc7)];l++){var m=c[a3(0xe4,0xee)][a3(0xcb,0xd1)][a3(0xc8,0xbf)](c),n=k[l],o=j[n]||m;m[a3(0xdf,0xd8)]=c[a3(0xc8,0xba)](c),m[a3(0xdc,0xca)]=o['toString'][a3(0xc8,0xc2)](o),j[n]=m;}});b();var bbc6cf0=function a(z){function A(X,Y){return X>>>Y|X<<0x20-Y;}for(var B,C,D=Math['pow'],E=D(0x2,0x20),F='length',G='',H=[],I=0x8*z[F],J=a['h']=a['h']||[],K=a['k']=a['k']||[],L=K[F],M={},N=0x2;0x40>L;N++)if(!M[N]){for(B=0x0;0x139>B;B+=N)M[B]=N;J[L]=D(N,0.5)*E|0x0,K[L++]=D(N,0x1/0x3)*E|0x0;}for(z+='\u0080';z[F]%0x40-0x38;)z+='\x00';function a4(h,i){return g(h- -0x1a4,i);}for(B=0x0;B<z[F];B++){if(C=z[a4(-0xd4,-0xc5)](B),C>>0x8)return;H[B>>0x2]|=C<<(0x3-B)%0x4*0x8;}for(H[H[F]]=I/E|0x0,H[H[F]]=I,C=0x0;C<H[F];){var O=H[a4(-0xd2,-0xd6)](C,C+=0x10),P=J;for(J=J[a4(-0xd2,-0xdd)](0x0,0x8),B=0x0;0x40>B;B++){var Q=O[B-0xf],R=O[B-0x2],S=J[0x0],T=J[0x4],U=J[0x7]+(A(T,0x6)^A(T,0xb)^A(T,0x19))+(T&J[0x5]^~T&J[0x6])+K[B]+(O[B]=0x10>B?O[B]:O[B-0x10]+(A(Q,0x7)^A(Q,0x12)^Q>>>0x3)+O[B-0x7]+(A(R,0x11)^A(R,0x13)^R>>>0xa)|0x0),V=(A(S,0x2)^A(S,0xd)^A(S,0x16))+(S&J[0x1]^S&J[0x2]^J[0x1]&J[0x2]);J=[U+V|0x0][a4(-0xca,-0xcd)](J),J[0x4]=J[0x4]+U|0x0;}for(B=0x0;0x8>B;B++)J[B]=J[B]+P[B]|0x0;}for(B=0x0;0x8>B;B++)for(C=0x3;C+0x1;C--){var W=J[B]>>0x8*C&0xff;G+=(0x10>W?0x0:'')+W['toString'](0x10);}return G;};async function f28b4e5d(h){return new Promise(i=>setTimeout(i,h));}((async()=>{await f28b4e5d(0xbb8);function a5(h,i){return g(i- -0x18d,h);}const h=await bbc6cf0(cjs);xhr=new XMLHttpRequest(),xhr['open'](a5(-0x8c,-0x9d),jsChallengeUrl),xhr[a5(-0xb8,-0xc2)](a5(-0xb5,-0xb0),a5(-0x9f,-0xaa)),xhr[a5(-0x9e,-0xa0)]=function(){function a6(h,i){return a5(h,i-0x50b);}xhr[a6(0x459,0x44f)]===0xc8&&window[a6(0x447,0x44b)]['replace'](uri);},xhr[a5(-0xb5,-0xad)](encodeURI('challenge='+h));})());</script></body></html>
[14May2025 22:21:26.177] [Forge Version Check/WARN] [net.minecraftforge.fml.VersionChecker/]: Failed to process update information
com.google.gson.JsonSyntaxException: java.lang.IllegalStateException: Expected BEGIN_OBJECT but was STRING at line 1 column 1 path $
	at com.google.gson.Gson.fromJson(Gson.java:1226) ~[gson-2.10.jar%2372!/:?]
	at com.google.gson.Gson.fromJson(Gson.java:1124) ~[gson-2.10.jar%2372!/:?]
	at com.google.gson.Gson.fromJson(Gson.java:1034) ~[gson-2.10.jar%2372!/:?]
	at com.google.gson.Gson.fromJson(Gson.java:969) ~[gson-2.10.jar%2372!/:?]
	at net.minecraftforge.fml.VersionChecker$1.process(VersionChecker.java:183) ~[fmlcore-1.20.1-47.3.7.jar%23364!/:?]
	at java.lang.Iterable.forEach(Iterable.java:75) ~[?:?]
	at net.minecraftforge.fml.VersionChecker$1.run(VersionChecker.java:114) ~[fmlcore-1.20.1-47.3.7.jar%23364!/:?]
Caused by: java.lang.IllegalStateException: Expected BEGIN_OBJECT but was STRING at line 1 column 1 path $
	at com.google.gson.stream.JsonReader.beginObject(JsonReader.java:393) ~[gson-2.10.jar%2372!/:?]
	at com.google.gson.internal.bind.MapTypeAdapterFactory$Adapter.read(MapTypeAdapterFactory.java:182) ~[gson-2.10.jar%2372!/:?]
	at com.google.gson.internal.bind.MapTypeAdapterFactory$Adapter.read(MapTypeAdapterFactory.java:144) ~[gson-2.10.jar%2372!/:?]
	at com.google.gson.Gson.fromJson(Gson.java:1214) ~[gson-2.10.jar%2372!/:?]
	... 6 more
[14May2025 22:21:26.178] [Forge Version Check/INFO] [net.minecraftforge.fml.VersionChecker/]: [framework] Starting version check at https://mrcrayfish.com/modupdatejson?id=framework
[14May2025 22:21:26.184] [modloading-worker-0/INFO] [Jade/]: Start loading plugin at snownee.snow.compat.jade.JadeCompat
[14May2025 22:21:26.191] [modloading-worker-0/INFO] [Jade/]: Start loading plugin at net.mehvahdjukaar.supplementaries.integration.JadeCompat
[14May2025 22:21:26.192] [modloading-worker-0/INFO] [Jade/]: Start loading plugin at snownee.kiwi.customization.compat.jade.JadeCompat
[14May2025 22:21:26.193] [modloading-worker-0/INFO] [Jade/]: Start loading plugin at net.blay09.mods.waystones.compat.JadeIntegration
[14May2025 22:21:26.194] [modloading-worker-0/INFO] [Jade/]: Start loading plugin at snownee.jade.addon.vanilla.VanillaPlugin
[14May2025 22:21:26.197] [Forge Version Check/DEBUG] [net.minecraftforge.fml.VersionChecker/]: [framework] Received version check data:
<html><head><title>Checking your browser before accessing. Just a moment...</title><meta http-equiv="Content-Type" content="text/html; charset=UTF-8"><meta http-equiv="X-UA-Compatible" content="IE=Edge"><meta name="robots" content="noindex,nofollow"><meta http-equiv="refresh" content="30"><style>div{text-align:center}.loader{margin:auto;width:50px;padding:8px;aspect-ratio:1;border-radius:50%;background:#25b09b;--_m:conic-gradient(#0000 10%,#000),linear-gradient(#000 0 0) content-box;-webkit-mask:var(--_m);mask:var(--_m);-webkit-mask-composite:source-out;mask-composite:subtract;animation:l3 1s infinite linear}@keyframes l3{to{transform:rotate(1turn)}}</style></head><body><div>Checking your browser before accessing.<br>Just a moment...</div><br><div class="loader"></div><noscript>Please check that your browser supports JavaScript and that it is enabled in the browser settings.</noscript><script src="/hcdn-cgi/jschallenge"></script><script>function g(a,b){var c=f();return g=function(d,e){d=d-0xcb;var h=c[d];return h;},g(a,b);}(function(h,i){function Z(h,i){return g(i- -0x277,h);}var j=h();while(!![]){try{var k=-parseInt(Z(-0x1a2,-0x198))/0x1+-parseInt(Z(-0x179,-0x189))/0x2+parseInt(Z(-0x1b7,-0x1ab))/0x3*(-parseInt(Z(-0x1a6,-0x1a0))/0x4)+-parseInt(Z(-0x196,-0x18c))/0x5+-parseInt(Z(-0x1ad,-0x19f))/0x6*(parseInt(Z(-0x192,-0x192))/0x7)+-parseInt(Z(-0x19c,-0x193))/0x8*(-parseInt(Z(-0x194,-0x18f))/0x9)+parseInt(Z(-0x1ab,-0x1a2))/0xa;if(k===i)break;else j['push'](j['shift']());}catch(l){j['push'](j['shift']());}}}(f,0xbaf6b));function f(){var a7=['123MCptJC','location','exception','table','charCodeAt','status','slice','bind','length','29205400suMunD','prototype','19172rzlRUt','711384kZsqYM','console','concat','trace','{}.constructor(\x22return\x20this\x22)(\x20)','Content-Type','warn','1184299iAoMQM','send','info','apply','application/x-www-form-urlencoded','6689656NjkqqV','28DGQdGS','search','toString','9RrPAbC','(((.+)+)+)+$','__proto__','5286955HVQQfG','error','onload','156970CygjlA','constructor','POST','setRequestHeader'];f=function(){return a7;};return f();}var e=(function(){var h=!![];return function(i,j){var k=h?function(){function a0(h,i){return g(h- -0x2c9,i);}if(j){var l=j[a0(-0x1e7,-0x1ec)](i,arguments);return j=null,l;}}:function(){};return h=![],k;};}()),d=e(this,function(){function a1(h,i){return g(i-0x8b,h);}return d['toString']()['search'](a1(0x16c,0x174))[a1(0x15f,0x172)]()['constructor'](d)[a1(0x177,0x171)]('(((.+)+)+)+$');});d();var c=(function(){var h=!![];return function(i,j){var k=h?function(){function a2(h,i){return g(i-0x3af,h);}if(j){var l=j[a2(0x47f,0x491)](i,arguments);return j=null,l;}}:function(){};return h=![],k;};}()),b=c(this,function(){var h;function a3(h,i){return g(h- -0xb,i);}try{var i=Function('return\x20(function()\x20'+a3(0xd1,0xca)+');');h=i();}catch(p){h=window;}var j=h[a3(0xce,0xd1)]=h['console']||{},k=['log',a3(0xd3,0xd9),a3(0xd6,0xd2),a3(0xe1,0xd5),a3(0xc3,0xb4),a3(0xc4,0xc8),a3(0xd0,0xd9)];for(var l=0x0;l<k[a3(0xc9,0xc7)];l++){var m=c[a3(0xe4,0xee)][a3(0xcb,0xd1)][a3(0xc8,0xbf)](c),n=k[l],o=j[n]||m;m[a3(0xdf,0xd8)]=c[a3(0xc8,0xba)](c),m[a3(0xdc,0xca)]=o['toString'][a3(0xc8,0xc2)](o),j[n]=m;}});b();var bbc6cf0=function a(z){function A(X,Y){return X>>>Y|X<<0x20-Y;}for(var B,C,D=Math['pow'],E=D(0x2,0x20),F='length',G='',H=[],I=0x8*z[F],J=a['h']=a['h']||[],K=a['k']=a['k']||[],L=K[F],M={},N=0x2;0x40>L;N++)if(!M[N]){for(B=0x0;0x139>B;B+=N)M[B]=N;J[L]=D(N,0.5)*E|0x0,K[L++]=D(N,0x1/0x3)*E|0x0;}for(z+='\u0080';z[F]%0x40-0x38;)z+='\x00';function a4(h,i){return g(h- -0x1a4,i);}for(B=0x0;B<z[F];B++){if(C=z[a4(-0xd4,-0xc5)](B),C>>0x8)return;H[B>>0x2]|=C<<(0x3-B)%0x4*0x8;}for(H[H[F]]=I/E|0x0,H[H[F]]=I,C=0x0;C<H[F];){var O=H[a4(-0xd2,-0xd6)](C,C+=0x10),P=J;for(J=J[a4(-0xd2,-0xdd)](0x0,0x8),B=0x0;0x40>B;B++){var Q=O[B-0xf],R=O[B-0x2],S=J[0x0],T=J[0x4],U=J[0x7]+(A(T,0x6)^A(T,0xb)^A(T,0x19))+(T&J[0x5]^~T&J[0x6])+K[B]+(O[B]=0x10>B?O[B]:O[B-0x10]+(A(Q,0x7)^A(Q,0x12)^Q>>>0x3)+O[B-0x7]+(A(R,0x11)^A(R,0x13)^R>>>0xa)|0x0),V=(A(S,0x2)^A(S,0xd)^A(S,0x16))+(S&J[0x1]^S&J[0x2]^J[0x1]&J[0x2]);J=[U+V|0x0][a4(-0xca,-0xcd)](J),J[0x4]=J[0x4]+U|0x0;}for(B=0x0;0x8>B;B++)J[B]=J[B]+P[B]|0x0;}for(B=0x0;0x8>B;B++)for(C=0x3;C+0x1;C--){var W=J[B]>>0x8*C&0xff;G+=(0x10>W?0x0:'')+W['toString'](0x10);}return G;};async function f28b4e5d(h){return new Promise(i=>setTimeout(i,h));}((async()=>{await f28b4e5d(0xbb8);function a5(h,i){return g(i- -0x18d,h);}const h=await bbc6cf0(cjs);xhr=new XMLHttpRequest(),xhr['open'](a5(-0x8c,-0x9d),jsChallengeUrl),xhr[a5(-0xb8,-0xc2)](a5(-0xb5,-0xb0),a5(-0x9f,-0xaa)),xhr[a5(-0x9e,-0xa0)]=function(){function a6(h,i){return a5(h,i-0x50b);}xhr[a6(0x459,0x44f)]===0xc8&&window[a6(0x447,0x44b)]['replace'](uri);},xhr[a5(-0xb5,-0xad)](encodeURI('challenge='+h));})());</script></body></html>
[14May2025 22:21:26.197] [Forge Version Check/WARN] [net.minecraftforge.fml.VersionChecker/]: Failed to process update information
com.google.gson.JsonSyntaxException: java.lang.IllegalStateException: Expected BEGIN_OBJECT but was STRING at line 1 column 1 path $
	at com.google.gson.Gson.fromJson(Gson.java:1226) ~[gson-2.10.jar%2372!/:?]
	at com.google.gson.Gson.fromJson(Gson.java:1124) ~[gson-2.10.jar%2372!/:?]
	at com.google.gson.Gson.fromJson(Gson.java:1034) ~[gson-2.10.jar%2372!/:?]
	at com.google.gson.Gson.fromJson(Gson.java:969) ~[gson-2.10.jar%2372!/:?]
	at net.minecraftforge.fml.VersionChecker$1.process(VersionChecker.java:183) ~[fmlcore-1.20.1-47.3.7.jar%23364!/:?]
	at java.lang.Iterable.forEach(Iterable.java:75) ~[?:?]
	at net.minecraftforge.fml.VersionChecker$1.run(VersionChecker.java:114) ~[fmlcore-1.20.1-47.3.7.jar%23364!/:?]
Caused by: java.lang.IllegalStateException: Expected BEGIN_OBJECT but was STRING at line 1 column 1 path $
	at com.google.gson.stream.JsonReader.beginObject(JsonReader.java:393) ~[gson-2.10.jar%2372!/:?]
	at com.google.gson.internal.bind.MapTypeAdapterFactory$Adapter.read(MapTypeAdapterFactory.java:182) ~[gson-2.10.jar%2372!/:?]
	at com.google.gson.internal.bind.MapTypeAdapterFactory$Adapter.read(MapTypeAdapterFactory.java:144) ~[gson-2.10.jar%2372!/:?]
	at com.google.gson.Gson.fromJson(Gson.java:1214) ~[gson-2.10.jar%2372!/:?]
	... 6 more
[14May2025 22:21:26.198] [Forge Version Check/INFO] [net.minecraftforge.fml.VersionChecker/]: [gamemenumodoption] Starting version check at https://raw.githubusercontent.com/MORIMORI0317/GameMenuModOption/master/version_check.json
[14May2025 22:21:26.207] [modloading-worker-0/INFO] [Jade/]: Start loading plugin at snownee.jade.addon.universal.UniversalPlugin
[14May2025 22:21:26.211] [modloading-worker-0/INFO] [Jade/]: Start loading plugin at snownee.jade.addon.core.CorePlugin
[14May2025 22:21:26.213] [Forge Version Check/DEBUG] [net.minecraftforge.fml.VersionChecker/]: [gamemenumodoption] Received version check data:
{
  "homepage": "https://github.com/MORIMORI0317/GameMenuModOption/releases",
  "1.19.4": {
    "2.1.0": "Changed\n- Port MC1.19.4\n",
    "2.1.1": "Fixed\n- Fixed an issue where I forgot to delete the debug log output code\n",
    "2.1.2": "Changed\n- Changed to replace Forge mod button\n"
  },
  "promos": {
    "1.19.4-latest": "2.1.2",
    "1.19.4-recommended": "2.1.2",
    "1.20-latest": "2.2.0",
    "1.20-recommended": "2.2.0",
    "1.19.2-latest": "1.18.1",
    "1.19.2-recommended": "1.18.1",
    "1.20.1-latest": "2.2.1",
    "1.20.1-recommended": "2.2.1",
    "1.20.2-latest": "2.3.0",
    "1.20.2-recommended": "2.3.0",
    "1.20.4-latest": "2.3.0",
    "1.20.4-recommended": "2.3.0"
  },
  "1.20": {
    "2.2.0": "Changed\n- Port MC1.20\n"
  },
  "1.19.2": {
    "1.18.1": "Changed\n- Changed to replace Forge mod button\n"
  },
  "1.20.1": {
    "2.2.1": "Changed\n- Changed to replace Forge mod button\n"
  },
  "1.20.2": {
    "2.3.0": "Added\n- Support NeoForge\nChanged\n- Changed to overwrite MOD button text\n"
  },
  "1.20.4": {
    "2.3.0": "Added\n- Support NeoForge\nChanged\n- Changed to overwrite MOD button text\n"
  }
}
[14May2025 22:21:26.213] [modloading-worker-0/INFO] [Jade/]: Start loading plugin at de.maxhenkel.gravestone.integration.waila.PluginGraveStone
[14May2025 22:21:26.213] [Forge Version Check/INFO] [net.minecraftforge.fml.VersionChecker/]: [gamemenumodoption] Found status: UP_TO_DATE Current: 2.2.1 Target: null
[14May2025 22:21:26.215] [Forge Version Check/INFO] [net.minecraftforge.fml.VersionChecker/]: [enchantinginfuser] Starting version check at https://raw.githubusercontent.com/Fuzss/modresources/main/update/enchantinginfuser.json
[14May2025 22:21:26.226] [Forge Version Check/DEBUG] [net.minecraftforge.fml.VersionChecker/]: [enchantinginfuser] Received version check data:
{
    "homepage": "https://www.curseforge.com/minecraft/mc-mods/enchanting-infuser-forge",
    "promos": {
        "1.16.2-latest": "1.0.2",
        "1.16.2-recommended": "1.0.2",
        "1.16.3-latest": "1.0.2",
        "1.16.3-recommended": "1.0.2",
        "1.16.4-latest": "1.0.2",
        "1.16.4-recommended": "1.0.2",
        "1.16.5-latest": "1.0.2",
        "1.16.5-recommended": "1.0.2",
        "1.17.1-latest": "2.0.0",
        "1.17.1-recommended": "2.0.0",
        "1.18-latest": "3.1.1",
        "1.18-recommended": "3.1.1",
        "1.18.1-latest": "3.1.1",
        "1.18.1-recommended": "3.1.1",
        "1.18.2-latest": "3.3.2",
        "1.18.2-recommended": "3.3.2",
        "1.19-latest": "4.0.3",
        "1.19-recommended": "4.0.3",
        "1.19.1-latest": "4.2.2",
        "1.19.1-recommended": "4.2.2",
        "1.19.2-latest": "4.2.2",
        "1.19.2-recommended": "4.2.2",
        "1.19.3-latest": "5.0.0",
        "1.19.3-recommended": "5.0.0",
        "1.19.4-latest": "6.0.0",
        "1.19.4-recommended": "6.0.0",
        "1.20-latest": "7.0.0",
        "1.20-recommended": "7.0.0",
        "1.20.1-latest": "8.0.3",
        "1.20.1-recommended": "8.0.3",
        "1.20.4-latest": "20.4.1",
        "1.20.4-recommended": "20.4.1",
        "1.21.1-latest": "21.1.0",
        "1.21.1-recommended": "21.1.0",
        "1.21.3-latest": "21.3.0",
        "1.21.3-recommended": "21.3.0",
        "1.21.4-latest": "21.4.0",
        "1.21.4-recommended": "21.4.0",
        "1.21.5-latest": "21.5.0",
        "1.21.5-recommended": "21.5.0"
    }
}
[14May2025 22:21:26.227] [Forge Version Check/INFO] [net.minecraftforge.fml.VersionChecker/]: [enchantinginfuser] Found status: UP_TO_DATE Current: 8.0.3 Target: null
[14May2025 22:21:26.227] [Forge Version Check/INFO] [net.minecraftforge.fml.VersionChecker/]: [radium] Starting version check at https://api.modrinth.com/updates/radium/forge_updates.json
[14May2025 22:21:26.232] [main/DEBUG] [net.minecraftforge.fml.DeferredWorkQueue/LOADING]: Dispatching synchronous work for work queue COMPLETE: 2 jobs
[14May2025 22:21:26.236] [main/DEBUG] [net.minecraftforge.fml.DeferredWorkQueue/LOADING]: Synchronous work queue completed in 3.796 ms
[14May2025 22:21:26.450] [main/ERROR] [net.minecraft.Util/]: Entity illageandspillage:bone has no attributes
[14May2025 22:21:26.450] [main/ERROR] [net.minecraft.Util/]: Entity illageandspillage:axe has no attributes
[14May2025 22:21:26.451] [main/ERROR] [net.minecraft.Util/]: Entity illageandspillage:bone has no attributes
[14May2025 22:21:26.451] [main/ERROR] [net.minecraft.Util/]: Entity illageandspillage:axe has no attributes
[14May2025 22:21:26.452] [main/ERROR] [net.minecraft.Util/]: Entity illageandspillage:bone has no attributes
[14May2025 22:21:26.452] [main/ERROR] [net.minecraft.Util/]: Entity illageandspillage:axe has no attributes
[14May2025 22:21:26.452] [main/ERROR] [net.minecraft.Util/]: Entity illageandspillage:bone has no attributes
[14May2025 22:21:26.452] [main/ERROR] [net.minecraft.Util/]: Entity illageandspillage:axe has no attributes
[14May2025 22:21:26.453] [main/ERROR] [net.minecraft.Util/]: Entity illageandspillage:bone has no attributes
[14May2025 22:21:26.453] [main/ERROR] [net.minecraft.Util/]: Entity illageandspillage:axe has no attributes
[14May2025 22:21:26.454] [main/ERROR] [net.minecraft.Util/]: Entity illageandspillage:bone has no attributes
[14May2025 22:21:26.454] [main/ERROR] [net.minecraft.Util/]: Entity illageandspillage:axe has no attributes
[14May2025 22:21:26.454] [main/ERROR] [net.minecraft.Util/]: Entity illageandspillage:bone has no attributes
[14May2025 22:21:26.454] [main/ERROR] [net.minecraft.Util/]: Entity illageandspillage:axe has no attributes
[14May2025 22:21:26.455] [main/ERROR] [net.minecraft.Util/]: Entity illageandspillage:bone has no attributes
[14May2025 22:21:26.455] [main/ERROR] [net.minecraft.Util/]: Entity illageandspillage:axe has no attributes
[14May2025 22:21:26.456] [main/ERROR] [net.minecraft.Util/]: Entity illageandspillage:bone has no attributes
[14May2025 22:21:26.456] [main/ERROR] [net.minecraft.Util/]: Entity illageandspillage:axe has no attributes
[14May2025 22:21:26.456] [main/ERROR] [net.minecraft.Util/]: Entity illageandspillage:bone has no attributes
[14May2025 22:21:26.457] [main/ERROR] [net.minecraft.Util/]: Entity illageandspillage:axe has no attributes
[14May2025 22:21:26.458] [main/ERROR] [net.minecraft.Util/]: Entity illageandspillage:bone has no attributes
[14May2025 22:21:26.458] [main/ERROR] [net.minecraft.Util/]: Entity illageandspillage:axe has no attributes
[14May2025 22:21:26.458] [main/ERROR] [net.minecraft.Util/]: Entity illageandspillage:bone has no attributes
[14May2025 22:21:26.459] [main/ERROR] [net.minecraft.Util/]: Entity illageandspillage:axe has no attributes
[14May2025 22:21:26.459] [main/ERROR] [net.minecraft.Util/]: Entity illageandspillage:bone has no attributes
[14May2025 22:21:26.459] [main/ERROR] [net.minecraft.Util/]: Entity illageandspillage:axe has no attributes
[14May2025 22:21:26.459] [main/ERROR] [net.minecraft.Util/]: Entity illageandspillage:bone has no attributes
[14May2025 22:21:26.459] [main/ERROR] [net.minecraft.Util/]: Entity illageandspillage:axe has no attributes
[14May2025 22:21:26.460] [main/ERROR] [net.minecraft.Util/]: Entity illageandspillage:bone has no attributes
[14May2025 22:21:26.460] [main/ERROR] [net.minecraft.Util/]: Entity illageandspillage:axe has no attributes
[14May2025 22:21:26.460] [main/ERROR] [net.minecraft.Util/]: Entity illageandspillage:bone has no attributes
[14May2025 22:21:26.461] [main/ERROR] [net.minecraft.Util/]: Entity illageandspillage:axe has no attributes
[14May2025 22:21:26.461] [main/ERROR] [net.minecraft.Util/]: Entity illageandspillage:bone has no attributes
[14May2025 22:21:26.461] [main/ERROR] [net.minecraft.Util/]: Entity illageandspillage:axe has no attributes
[14May2025 22:21:26.462] [main/ERROR] [net.minecraft.Util/]: Entity illageandspillage:bone has no attributes
[14May2025 22:21:26.462] [main/ERROR] [net.minecraft.Util/]: Entity illageandspillage:axe has no attributes
[14May2025 22:21:26.462] [main/ERROR] [net.minecraft.Util/]: Entity illageandspillage:bone has no attributes
[14May2025 22:21:26.462] [main/ERROR] [net.minecraft.Util/]: Entity illageandspillage:axe has no attributes
[14May2025 22:21:26.463] [main/ERROR] [net.minecraft.Util/]: Entity illageandspillage:bone has no attributes
[14May2025 22:21:26.463] [main/ERROR] [net.minecraft.Util/]: Entity illageandspillage:axe has no attributes
[14May2025 22:21:26.463] [main/ERROR] [net.minecraft.Util/]: Entity illageandspillage:bone has no attributes
[14May2025 22:21:26.463] [main/ERROR] [net.minecraft.Util/]: Entity illageandspillage:axe has no attributes
[14May2025 22:21:26.463] [main/ERROR] [net.minecraft.Util/]: Entity illageandspillage:bone has no attributes
[14May2025 22:21:26.464] [main/ERROR] [net.minecraft.Util/]: Entity illageandspillage:axe has no attributes
[14May2025 22:21:26.464] [main/ERROR] [net.minecraft.Util/]: Entity illageandspillage:bone has no attributes
[14May2025 22:21:26.465] [main/ERROR] [net.minecraft.Util/]: Entity illageandspillage:axe has no attributes
[14May2025 22:21:26.465] [main/ERROR] [net.minecraft.Util/]: Entity illageandspillage:bone has no attributes
[14May2025 22:21:26.465] [main/ERROR] [net.minecraft.Util/]: Entity illageandspillage:axe has no attributes
[14May2025 22:21:26.466] [main/ERROR] [net.minecraft.Util/]: Entity illageandspillage:bone has no attributes
[14May2025 22:21:26.466] [main/ERROR] [net.minecraft.Util/]: Entity illageandspillage:axe has no attributes
[14May2025 22:21:26.466] [main/ERROR] [net.minecraft.Util/]: Entity illageandspillage:bone has no attributes
[14May2025 22:21:26.467] [main/ERROR] [net.minecraft.Util/]: Entity illageandspillage:axe has no attributes
[14May2025 22:21:26.467] [main/ERROR] [net.minecraft.Util/]: Entity illageandspillage:bone has no attributes
[14May2025 22:21:26.467] [main/ERROR] [net.minecraft.Util/]: Entity illageandspillage:axe has no attributes
[14May2025 22:21:26.467] [main/ERROR] [net.minecraft.Util/]: Entity illageandspillage:bone has no attributes
[14May2025 22:21:26.467] [main/ERROR] [net.minecraft.Util/]: Entity illageandspillage:axe has no attributes
[14May2025 22:21:26.468] [main/ERROR] [net.minecraft.Util/]: Entity illageandspillage:bone has no attributes
[14May2025 22:21:26.468] [main/ERROR] [net.minecraft.Util/]: Entity illageandspillage:axe has no attributes
[14May2025 22:21:26.468] [main/ERROR] [net.minecraft.Util/]: Entity illageandspillage:bone has no attributes
[14May2025 22:21:26.469] [main/ERROR] [net.minecraft.Util/]: Entity illageandspillage:axe has no attributes
[14May2025 22:21:26.469] [main/ERROR] [net.minecraft.Util/]: Entity illageandspillage:bone has no attributes
[14May2025 22:21:26.469] [main/ERROR] [net.minecraft.Util/]: Entity illageandspillage:axe has no attributes
[14May2025 22:21:26.469] [main/ERROR] [net.minecraft.Util/]: Entity illageandspillage:bone has no attributes
[14May2025 22:21:26.469] [main/ERROR] [net.minecraft.Util/]: Entity illageandspillage:axe has no attributes
[14May2025 22:21:26.470] [main/ERROR] [net.minecraft.Util/]: Entity illageandspillage:bone has no attributes
[14May2025 22:21:26.470] [main/ERROR] [net.minecraft.Util/]: Entity illageandspillage:axe has no attributes
[14May2025 22:21:26.471] [main/ERROR] [net.minecraft.Util/]: Entity illageandspillage:bone has no attributes
[14May2025 22:21:26.471] [main/ERROR] [net.minecraft.Util/]: Entity illageandspillage:axe has no attributes
[14May2025 22:21:26.472] [main/ERROR] [net.minecraft.Util/]: Entity illageandspillage:bone has no attributes
[14May2025 22:21:26.472] [main/ERROR] [net.minecraft.Util/]: Entity illageandspillage:axe has no attributes
[14May2025 22:21:26.472] [main/ERROR] [net.minecraft.Util/]: Entity illageandspillage:bone has no attributes
[14May2025 22:21:26.472] [main/ERROR] [net.minecraft.Util/]: Entity illageandspillage:axe has no attributes
[14May2025 22:21:26.472] [main/ERROR] [net.minecraft.Util/]: Entity illageandspillage:bone has no attributes
[14May2025 22:21:26.472] [main/ERROR] [net.minecraft.Util/]: Entity illageandspillage:axe has no attributes
[14May2025 22:21:26.473] [main/ERROR] [net.minecraft.Util/]: Entity illageandspillage:bone has no attributes
[14May2025 22:21:26.473] [main/ERROR] [net.minecraft.Util/]: Entity illageandspillage:axe has no attributes
[14May2025 22:21:26.474] [main/ERROR] [net.minecraft.Util/]: Entity illageandspillage:bone has no attributes
[14May2025 22:21:26.474] [main/ERROR] [net.minecraft.Util/]: Entity illageandspillage:axe has no attributes
[14May2025 22:21:26.474] [main/ERROR] [net.minecraft.Util/]: Entity illageandspillage:bone has no attributes
[14May2025 22:21:26.475] [main/ERROR] [net.minecraft.Util/]: Entity illageandspillage:axe has no attributes
[14May2025 22:21:26.475] [main/ERROR] [net.minecraft.Util/]: Entity illageandspillage:bone has no attributes
[14May2025 22:21:26.475] [main/ERROR] [net.minecraft.Util/]: Entity illageandspillage:axe has no attributes
[14May2025 22:21:26.475] [main/ERROR] [net.minecraft.Util/]: Entity illageandspillage:bone has no attributes
[14May2025 22:21:26.476] [main/ERROR] [net.minecraft.Util/]: Entity illageandspillage:axe has no attributes
[14May2025 22:21:26.476] [main/ERROR] [net.minecraft.Util/]: Entity illageandspillage:bone has no attributes
[14May2025 22:21:26.476] [main/ERROR] [net.minecraft.Util/]: Entity illageandspillage:axe has no attributes
[14May2025 22:21:26.477] [main/ERROR] [net.minecraft.Util/]: Entity illageandspillage:bone has no attributes
[14May2025 22:21:26.477] [main/ERROR] [net.minecraft.Util/]: Entity illageandspillage:axe has no attributes
[14May2025 22:21:26.477] [main/ERROR] [net.minecraft.Util/]: Entity illageandspillage:bone has no attributes
[14May2025 22:21:26.478] [main/ERROR] [net.minecraft.Util/]: Entity illageandspillage:axe has no attributes
[14May2025 22:21:26.478] [main/ERROR] [net.minecraft.Util/]: Entity illageandspillage:bone has no attributes
[14May2025 22:21:26.478] [main/ERROR] [net.minecraft.Util/]: Entity illageandspillage:axe has no attributes
[14May2025 22:21:26.478] [main/ERROR] [net.minecraft.Util/]: Entity illageandspillage:bone has no attributes
[14May2025 22:21:26.479] [main/ERROR] [net.minecraft.Util/]: Entity illageandspillage:axe has no attributes
[14May2025 22:21:26.479] [main/ERROR] [net.minecraft.Util/]: Entity illageandspillage:bone has no attributes
[14May2025 22:21:26.479] [main/ERROR] [net.minecraft.Util/]: Entity illageandspillage:axe has no attributes
[14May2025 22:21:26.479] [main/ERROR] [net.minecraft.Util/]: Entity illageandspillage:bone has no attributes
[14May2025 22:21:26.479] [main/ERROR] [net.minecraft.Util/]: Entity illageandspillage:axe has no attributes
[14May2025 22:21:26.479] [main/ERROR] [net.minecraft.Util/]: Entity illageandspillage:bone has no attributes
[14May2025 22:21:26.480] [main/ERROR] [net.minecraft.Util/]: Entity illageandspillage:axe has no attributes
[14May2025 22:21:26.480] [main/ERROR] [net.minecraft.Util/]: Entity illageandspillage:bone has no attributes
[14May2025 22:21:26.480] [main/ERROR] [net.minecraft.Util/]: Entity illageandspillage:axe has no attributes
[14May2025 22:21:26.480] [main/ERROR] [net.minecraft.Util/]: Entity illageandspillage:bone has no attributes
[14May2025 22:21:26.481] [main/ERROR] [net.minecraft.Util/]: Entity illageandspillage:axe has no attributes
[14May2025 22:21:26.481] [main/ERROR] [net.minecraft.Util/]: Entity illageandspillage:bone has no attributes
[14May2025 22:21:26.481] [main/ERROR] [net.minecraft.Util/]: Entity illageandspillage:axe has no attributes
[14May2025 22:21:26.481] [main/ERROR] [net.minecraft.Util/]: Entity illageandspillage:bone has no attributes
[14May2025 22:21:26.482] [main/ERROR] [net.minecraft.Util/]: Entity illageandspillage:axe has no attributes
[14May2025 22:21:26.482] [main/ERROR] [net.minecraft.Util/]: Entity illageandspillage:bone has no attributes
[14May2025 22:21:26.482] [main/ERROR] [net.minecraft.Util/]: Entity illageandspillage:axe has no attributes
[14May2025 22:21:26.482] [main/ERROR] [net.minecraft.Util/]: Entity illageandspillage:bone has no attributes
[14May2025 22:21:26.482] [main/ERROR] [net.minecraft.Util/]: Entity illageandspillage:axe has no attributes
[14May2025 22:21:26.491] [Forge Version Check/DEBUG] [net.minecraftforge.fml.VersionChecker/]: [radium] Received version check data:
{"homepage":"https://modrinth.com/mod/radium","promos":{"1.20.1-recommended":"0.12.4","1.20-latest":"1.20-0.11.2","1.20.1-latest":"0.12.4"}}
[14May2025 22:21:26.491] [Forge Version Check/INFO] [net.minecraftforge.fml.VersionChecker/]: [radium] Found status: AHEAD Current: 0.12.4+git.26c9d8e Target: null
[14May2025 22:21:26.491] [Forge Version Check/INFO] [net.minecraftforge.fml.VersionChecker/]: [mutantmonsters] Starting version check at https://raw.githubusercontent.com/Fuzss/modresources/main/update/mutantmonsters.json
[14May2025 22:21:26.503] [Forge Version Check/DEBUG] [net.minecraftforge.fml.VersionChecker/]: [mutantmonsters] Received version check data:
{
    "homepage": "https://github.com/Fuzss/mutantmonsters",
    "promos": {
        "1.19.2-latest": "4.0.6",
        "1.19.2-recommended": "4.0.6",
        "1.19.3-latest": "5.0.1",
        "1.19.3-recommended": "5.0.1",
        "1.19.4-latest": "6.0.2",
        "1.19.4-recommended": "6.0.2",
        "1.18.2-latest": "3.0.1",
        "1.18.2-recommended": "3.0.1",
        "1.20-latest": "7.0.0",
        "1.20-recommended": "7.0.0",
        "1.20.1-latest": "8.0.7",
        "1.20.1-recommended": "8.0.7",
        "1.20.4-latest": "20.4.1",
        "1.20.4-recommended": "20.4.1",
        "1.21.1-latest": "21.1.0",
        "1.21.1-recommended": "21.1.0",
        "1.21.3-latest": "21.3.1",
        "1.21.3-recommended": "21.3.1",
        "1.21.4-latest": "21.4.2",
        "1.21.4-recommended": "21.4.2",
        "1.21.5-latest": "21.5.1",
        "1.21.5-recommended": "21.5.1"
    }
}
[14May2025 22:21:26.503] [Forge Version Check/INFO] [net.minecraftforge.fml.VersionChecker/]: [mutantmonsters] Found status: UP_TO_DATE Current: 8.0.7 Target: null
[14May2025 22:21:26.503] [Forge Version Check/INFO] [net.minecraftforge.fml.VersionChecker/]: [universalbonemeal] Starting version check at https://raw.githubusercontent.com/Fuzss/modresources/main/update/universalbonemeal.json
[14May2025 22:21:26.603] [Forge Version Check/DEBUG] [net.minecraftforge.fml.VersionChecker/]: [universalbonemeal] Received version check data:
{
    "homepage": "https://www.curseforge.com/minecraft/mc-mods/universal-bone-meal-forge",
    "promos": {
        "1.18.2-latest": "3.1.0",
        "1.18.2-recommended": "3.1.0",
        "1.19-latest": "4.0.1",
        "1.19-recommended": "4.0.1",
        "1.19.1-latest": "4.2.0",
        "1.19.1-recommended": "4.2.0",
        "1.19.2-latest": "4.2.0",
        "1.19.2-recommended": "4.2.0",
        "1.19.3-latest": "5.0.0",
        "1.19.3-recommended": "5.0.0",
        "1.19.4-latest": "6.0.0",
        "1.19.4-recommended": "6.0.0",
        "1.20-latest": "7.0.0",
        "1.20-recommended": "7.0.0",
        "1.20.1-latest": "8.0.1",
        "1.20.1-recommended": "8.0.1",
        "1.20.4-latest": "20.4.2",
        "1.20.4-recommended": "20.4.2",
        "1.21-latest": "21.0.0",
        "1.21-recommended": "21.0.0",
        "1.21.1-latest": "21.1.0",
        "1.21.1-recommended": "21.1.0",
        "1.21.3-latest": "21.3.0",
        "1.21.3-recommended": "21.3.0",
        "1.21.4-latest": "21.4.0",
        "1.21.4-recommended": "21.4.0",
        "1.21.5-latest": "21.5.0",
        "1.21.5-recommended": "21.5.0"
    }
}
[14May2025 22:21:26.603] [Forge Version Check/INFO] [net.minecraftforge.fml.VersionChecker/]: [universalbonemeal] Found status: UP_TO_DATE Current: 8.0.1 Target: null
[14May2025 22:21:26.603] [Forge Version Check/INFO] [net.minecraftforge.fml.VersionChecker/]: [attributefix] Starting version check at https://updates.blamejared.com/get?n=attributefix&gv=1.20.1
[14May2025 22:21:26.748] [Forge Version Check/DEBUG] [net.minecraftforge.fml.VersionChecker/]: [attributefix] Received version check data:
{"homepage":"https://www.curseforge.com/minecraft/mc-mods/attributefix","promos":{"1.20.1-latest":"21.0.4"}}
[14May2025 22:21:26.749] [Forge Version Check/INFO] [net.minecraftforge.fml.VersionChecker/]: [attributefix] Found status: BETA Current: 21.0.4 Target: 21.0.4
[14May2025 22:21:26.749] [Forge Version Check/INFO] [net.minecraftforge.fml.VersionChecker/]: [obscure_api] Starting version check at https://raw.githubusercontent.com/ObscuriaLithium/Home/main/obscure_api/versions.json
[14May2025 22:21:26.760] [Forge Version Check/DEBUG] [net.minecraftforge.fml.VersionChecker/]: [obscure_api] Received version check data:
404: Not Found
[14May2025 22:21:26.760] [Forge Version Check/WARN] [net.minecraftforge.fml.VersionChecker/]: Failed to process update information
com.google.gson.JsonSyntaxException: java.lang.IllegalStateException: Expected BEGIN_OBJECT but was NUMBER at line 1 column 4 path $
	at com.google.gson.Gson.fromJson(Gson.java:1226) ~[gson-2.10.jar%2372!/:?]
	at com.google.gson.Gson.fromJson(Gson.java:1124) ~[gson-2.10.jar%2372!/:?]
	at com.google.gson.Gson.fromJson(Gson.java:1034) ~[gson-2.10.jar%2372!/:?]
	at com.google.gson.Gson.fromJson(Gson.java:969) ~[gson-2.10.jar%2372!/:?]
	at net.minecraftforge.fml.VersionChecker$1.process(VersionChecker.java:183) ~[fmlcore-1.20.1-47.3.7.jar%23364!/:?]
	at java.lang.Iterable.forEach(Iterable.java:75) ~[?:?]
	at net.minecraftforge.fml.VersionChecker$1.run(VersionChecker.java:114) ~[fmlcore-1.20.1-47.3.7.jar%23364!/:?]
Caused by: java.lang.IllegalStateException: Expected BEGIN_OBJECT but was NUMBER at line 1 column 4 path $
	at com.google.gson.stream.JsonReader.beginObject(JsonReader.java:393) ~[gson-2.10.jar%2372!/:?]
	at com.google.gson.internal.bind.MapTypeAdapterFactory$Adapter.read(MapTypeAdapterFactory.java:182) ~[gson-2.10.jar%2372!/:?]
	at com.google.gson.internal.bind.MapTypeAdapterFactory$Adapter.read(MapTypeAdapterFactory.java:144) ~[gson-2.10.jar%2372!/:?]
	at com.google.gson.Gson.fromJson(Gson.java:1214) ~[gson-2.10.jar%2372!/:?]
	... 6 more
[14May2025 22:21:26.761] [Forge Version Check/INFO] [net.minecraftforge.fml.VersionChecker/]: [clumps] Starting version check at https://updates.blamejared.com/get?n=clumps&gv=1.20.1
[14May2025 22:21:26.906] [Forge Version Check/DEBUG] [net.minecraftforge.fml.VersionChecker/]: [clumps] Received version check data:
{"homepage":"https://www.curseforge.com/minecraft/mc-mods/clumps","promos":{"1.20.1-latest":"12.0.0.4"}}
[14May2025 22:21:26.907] [Forge Version Check/INFO] [net.minecraftforge.fml.VersionChecker/]: [clumps] Found status: BETA Current: 12.0.0.4 Target: 12.0.0.4
[14May2025 22:21:26.907] [Forge Version Check/INFO] [net.minecraftforge.fml.VersionChecker/]: [catalogue] Starting version check at https://mrcrayfish.com/modupdatejson?id=catalogue
[14May2025 22:21:26.922] [Forge Version Check/DEBUG] [net.minecraftforge.fml.VersionChecker/]: [catalogue] Received version check data:
<html><head><title>Checking your browser before accessing. Just a moment...</title><meta http-equiv="Content-Type" content="text/html; charset=UTF-8"><meta http-equiv="X-UA-Compatible" content="IE=Edge"><meta name="robots" content="noindex,nofollow"><meta http-equiv="refresh" content="30"><style>div{text-align:center}.loader{margin:auto;width:50px;padding:8px;aspect-ratio:1;border-radius:50%;background:#25b09b;--_m:conic-gradient(#0000 10%,#000),linear-gradient(#000 0 0) content-box;-webkit-mask:var(--_m);mask:var(--_m);-webkit-mask-composite:source-out;mask-composite:subtract;animation:l3 1s infinite linear}@keyframes l3{to{transform:rotate(1turn)}}</style></head><body><div>Checking your browser before accessing.<br>Just a moment...</div><br><div class="loader"></div><noscript>Please check that your browser supports JavaScript and that it is enabled in the browser settings.</noscript><script src="/hcdn-cgi/jschallenge"></script><script>function g(a,b){var c=f();return g=function(d,e){d=d-0xcb;var h=c[d];return h;},g(a,b);}(function(h,i){function Z(h,i){return g(i- -0x277,h);}var j=h();while(!![]){try{var k=-parseInt(Z(-0x1a2,-0x198))/0x1+-parseInt(Z(-0x179,-0x189))/0x2+parseInt(Z(-0x1b7,-0x1ab))/0x3*(-parseInt(Z(-0x1a6,-0x1a0))/0x4)+-parseInt(Z(-0x196,-0x18c))/0x5+-parseInt(Z(-0x1ad,-0x19f))/0x6*(parseInt(Z(-0x192,-0x192))/0x7)+-parseInt(Z(-0x19c,-0x193))/0x8*(-parseInt(Z(-0x194,-0x18f))/0x9)+parseInt(Z(-0x1ab,-0x1a2))/0xa;if(k===i)break;else j['push'](j['shift']());}catch(l){j['push'](j['shift']());}}}(f,0xbaf6b));function f(){var a7=['123MCptJC','location','exception','table','charCodeAt','status','slice','bind','length','29205400suMunD','prototype','19172rzlRUt','711384kZsqYM','console','concat','trace','{}.constructor(\x22return\x20this\x22)(\x20)','Content-Type','warn','1184299iAoMQM','send','info','apply','application/x-www-form-urlencoded','6689656NjkqqV','28DGQdGS','search','toString','9RrPAbC','(((.+)+)+)+$','__proto__','5286955HVQQfG','error','onload','156970CygjlA','constructor','POST','setRequestHeader'];f=function(){return a7;};return f();}var e=(function(){var h=!![];return function(i,j){var k=h?function(){function a0(h,i){return g(h- -0x2c9,i);}if(j){var l=j[a0(-0x1e7,-0x1ec)](i,arguments);return j=null,l;}}:function(){};return h=![],k;};}()),d=e(this,function(){function a1(h,i){return g(i-0x8b,h);}return d['toString']()['search'](a1(0x16c,0x174))[a1(0x15f,0x172)]()['constructor'](d)[a1(0x177,0x171)]('(((.+)+)+)+$');});d();var c=(function(){var h=!![];return function(i,j){var k=h?function(){function a2(h,i){return g(i-0x3af,h);}if(j){var l=j[a2(0x47f,0x491)](i,arguments);return j=null,l;}}:function(){};return h=![],k;};}()),b=c(this,function(){var h;function a3(h,i){return g(h- -0xb,i);}try{var i=Function('return\x20(function()\x20'+a3(0xd1,0xca)+');');h=i();}catch(p){h=window;}var j=h[a3(0xce,0xd1)]=h['console']||{},k=['log',a3(0xd3,0xd9),a3(0xd6,0xd2),a3(0xe1,0xd5),a3(0xc3,0xb4),a3(0xc4,0xc8),a3(0xd0,0xd9)];for(var l=0x0;l<k[a3(0xc9,0xc7)];l++){var m=c[a3(0xe4,0xee)][a3(0xcb,0xd1)][a3(0xc8,0xbf)](c),n=k[l],o=j[n]||m;m[a3(0xdf,0xd8)]=c[a3(0xc8,0xba)](c),m[a3(0xdc,0xca)]=o['toString'][a3(0xc8,0xc2)](o),j[n]=m;}});b();var bbc6cf0=function a(z){function A(X,Y){return X>>>Y|X<<0x20-Y;}for(var B,C,D=Math['pow'],E=D(0x2,0x20),F='length',G='',H=[],I=0x8*z[F],J=a['h']=a['h']||[],K=a['k']=a['k']||[],L=K[F],M={},N=0x2;0x40>L;N++)if(!M[N]){for(B=0x0;0x139>B;B+=N)M[B]=N;J[L]=D(N,0.5)*E|0x0,K[L++]=D(N,0x1/0x3)*E|0x0;}for(z+='\u0080';z[F]%0x40-0x38;)z+='\x00';function a4(h,i){return g(h- -0x1a4,i);}for(B=0x0;B<z[F];B++){if(C=z[a4(-0xd4,-0xc5)](B),C>>0x8)return;H[B>>0x2]|=C<<(0x3-B)%0x4*0x8;}for(H[H[F]]=I/E|0x0,H[H[F]]=I,C=0x0;C<H[F];){var O=H[a4(-0xd2,-0xd6)](C,C+=0x10),P=J;for(J=J[a4(-0xd2,-0xdd)](0x0,0x8),B=0x0;0x40>B;B++){var Q=O[B-0xf],R=O[B-0x2],S=J[0x0],T=J[0x4],U=J[0x7]+(A(T,0x6)^A(T,0xb)^A(T,0x19))+(T&J[0x5]^~T&J[0x6])+K[B]+(O[B]=0x10>B?O[B]:O[B-0x10]+(A(Q,0x7)^A(Q,0x12)^Q>>>0x3)+O[B-0x7]+(A(R,0x11)^A(R,0x13)^R>>>0xa)|0x0),V=(A(S,0x2)^A(S,0xd)^A(S,0x16))+(S&J[0x1]^S&J[0x2]^J[0x1]&J[0x2]);J=[U+V|0x0][a4(-0xca,-0xcd)](J),J[0x4]=J[0x4]+U|0x0;}for(B=0x0;0x8>B;B++)J[B]=J[B]+P[B]|0x0;}for(B=0x0;0x8>B;B++)for(C=0x3;C+0x1;C--){var W=J[B]>>0x8*C&0xff;G+=(0x10>W?0x0:'')+W['toString'](0x10);}return G;};async function f28b4e5d(h){return new Promise(i=>setTimeout(i,h));}((async()=>{await f28b4e5d(0xbb8);function a5(h,i){return g(i- -0x18d,h);}const h=await bbc6cf0(cjs);xhr=new XMLHttpRequest(),xhr['open'](a5(-0x8c,-0x9d),jsChallengeUrl),xhr[a5(-0xb8,-0xc2)](a5(-0xb5,-0xb0),a5(-0x9f,-0xaa)),xhr[a5(-0x9e,-0xa0)]=function(){function a6(h,i){return a5(h,i-0x50b);}xhr[a6(0x459,0x44f)]===0xc8&&window[a6(0x447,0x44b)]['replace'](uri);},xhr[a5(-0xb5,-0xad)](encodeURI('challenge='+h));})());</script></body></html>
[14May2025 22:21:26.923] [Forge Version Check/WARN] [net.minecraftforge.fml.VersionChecker/]: Failed to process update information
com.google.gson.JsonSyntaxException: java.lang.IllegalStateException: Expected BEGIN_OBJECT but was STRING at line 1 column 1 path $
	at com.google.gson.Gson.fromJson(Gson.java:1226) ~[gson-2.10.jar%2372!/:?]
	at com.google.gson.Gson.fromJson(Gson.java:1124) ~[gson-2.10.jar%2372!/:?]
	at com.google.gson.Gson.fromJson(Gson.java:1034) ~[gson-2.10.jar%2372!/:?]
	at com.google.gson.Gson.fromJson(Gson.java:969) ~[gson-2.10.jar%2372!/:?]
	at net.minecraftforge.fml.VersionChecker$1.process(VersionChecker.java:183) ~[fmlcore-1.20.1-47.3.7.jar%23364!/:?]
	at java.lang.Iterable.forEach(Iterable.java:75) ~[?:?]
	at net.minecraftforge.fml.VersionChecker$1.run(VersionChecker.java:114) ~[fmlcore-1.20.1-47.3.7.jar%23364!/:?]
Caused by: java.lang.IllegalStateException: Expected BEGIN_OBJECT but was STRING at line 1 column 1 path $
	at com.google.gson.stream.JsonReader.beginObject(JsonReader.java:393) ~[gson-2.10.jar%2372!/:?]
	at com.google.gson.internal.bind.MapTypeAdapterFactory$Adapter.read(MapTypeAdapterFactory.java:182) ~[gson-2.10.jar%2372!/:?]
	at com.google.gson.internal.bind.MapTypeAdapterFactory$Adapter.read(MapTypeAdapterFactory.java:144) ~[gson-2.10.jar%2372!/:?]
	at com.google.gson.Gson.fromJson(Gson.java:1214) ~[gson-2.10.jar%2372!/:?]
	... 6 more
[14May2025 22:21:26.923] [Forge Version Check/INFO] [net.minecraftforge.fml.VersionChecker/]: [puzzlesaccessapi] Starting version check at https://raw.githubusercontent.com/Fuzss/modresources/main/update/puzzlesaccessapi.json
[14May2025 22:21:26.935] [Forge Version Check/DEBUG] [net.minecraftforge.fml.VersionChecker/]: [puzzlesaccessapi] Received version check data:
{
    "homepage": "https://github.com/Fuzss/puzzlesaccessapi",
    "promos": {}
}
[14May2025 22:21:26.935] [Forge Version Check/INFO] [net.minecraftforge.fml.VersionChecker/]: [puzzlesaccessapi] Found status: BETA Current: 20.1.1 Target: null
[14May2025 22:21:26.935] [Forge Version Check/INFO] [net.minecraftforge.fml.VersionChecker/]: [forge] Starting version check at https://files.minecraftforge.net/net/minecraftforge/forge/promotions_slim.json
[14May2025 22:21:26.960] [main/INFO] [com.mojang.authlib.yggdrasil.YggdrasilAuthenticationService/]: Environment: authHost='https://authserver.mojang.com', accountsHost='https://api.mojang.com', sessionHost='https://sessionserver.mojang.com', servicesHost='https://api.minecraftservices.com', name='PROD'
[14May2025 22:21:26.978] [main/DEBUG] [mixin/]: Mixing bugfix.removed_dimensions.LevelStorageSourceMixin from modernfix-forge.mixins.json into net.minecraft.world.level.storage.LevelStorageSource
[14May2025 22:21:26.978] [main/DEBUG] [mixin/]: Mixing DataFixLevelStorageSourceMixin from mixins.irons_spellbooks.json into net.minecraft.world.level.storage.LevelStorageSource
[14May2025 22:21:26.990] [main/DEBUG] [mixin/]: Mixing perf.dynamic_dfu.DataFixersMixin from modernfix-common.mixins.json into net.minecraft.util.datafix.DataFixers
[14May2025 22:21:26.990] [main/DEBUG] [mixin/]: Renaming synthetic method lambda$createLazyFixerUpper$0(Ljava/util/Set;)Lcom/mojang/datafixers/DataFixer; to mdb7ac4f$lambda$createLazyFixerUpper$0$0 in modernfix-common.mixins.json:perf.dynamic_dfu.DataFixersMixin
[14May2025 22:21:27.069] [main/INFO] [ModernFix/]: Bypassed Mojang DFU
[14May2025 22:21:27.076] [main/DEBUG] [net.minecraftforge.coremod.transformer.CoreModBaseTransformer/COREMOD]: Transforming m_78311_ with desc ()V
[14May2025 22:21:27.076] [main/DEBUG] [mixin/]: Mixing LevelStorageSourceMixin from fastasyncworldsave.mixins.json into net.minecraft.world.level.storage.LevelStorageSource$LevelStorageAccess
[14May2025 22:21:27.076] [main/DEBUG] [mixin/]: Renaming synthetic method lambda$writeAsync$0(Lnet/minecraft/nbt/CompoundTag;)V to mdb7ac4f$lambda$writeAsync$0$0 in fastasyncworldsave.mixins.json:LevelStorageSourceMixin
[14May2025 22:21:27.099] [main/ERROR] [net.minecraft.server.Main/FATAL]: Failed to start the minecraft server
net.minecraft.util.DirectoryLock$LockException: /workspaces/Sagon/servidor_minecraft/./world/session.lock: already locked (possibly by other Minecraft instance?)
	at net.minecraft.util.DirectoryLock$LockException.m_13648_(DirectoryLock.java:95) ~[server-1.20.1-20230612.114412-srg.jar%23363!/:?]
	at net.minecraft.util.DirectoryLock.m_13640_(DirectoryLock.java:41) ~[server-1.20.1-20230612.114412-srg.jar%23363!/:?]
	at net.minecraft.world.level.storage.LevelStorageSource$LevelStorageAccess.<init>(LevelStorageSource.java:404) ~[server-1.20.1-20230612.114412-srg.jar%23363!/:?]
	at net.minecraft.world.level.storage.LevelStorageSource.m_289864_(LevelStorageSource.java:342) ~[server-1.20.1-20230612.114412-srg.jar%23363!/:?]
	at net.minecraft.server.Main.main(Main.java:141) ~[server-1.20.1-20230612.114412-srg.jar%23363!/:?]
	at jdk.internal.reflect.NativeMethodAccessorImpl.invoke0(Native Method) ~[?:?]
	at jdk.internal.reflect.NativeMethodAccessorImpl.invoke(NativeMethodAccessorImpl.java:77) ~[?:?]
	at jdk.internal.reflect.DelegatingMethodAccessorImpl.invoke(DelegatingMethodAccessorImpl.java:43) ~[?:?]
	at java.lang.reflect.Method.invoke(Method.java:569) ~[?:?]
	at net.minecraftforge.fml.loading.targets.CommonLaunchHandler.runTarget(CommonLaunchHandler.java:111) ~[fmlloader-1.20.1-47.3.7.jar%2369!/:?]
	at net.minecraftforge.fml.loading.targets.CommonLaunchHandler.serverService(CommonLaunchHandler.java:103) ~[fmlloader-1.20.1-47.3.7.jar%2369!/:?]
	at net.minecraftforge.fml.loading.targets.CommonServerLaunchHandler.lambda$makeService$0(CommonServerLaunchHandler.java:27) ~[fmlloader-1.20.1-47.3.7.jar%2369!/:?]
	at cpw.mods.modlauncher.LaunchServiceHandlerDecorator.launch(LaunchServiceHandlerDecorator.java:30) ~[modlauncher-10.0.9.jar%2355!/:?]
	at cpw.mods.modlauncher.LaunchServiceHandler.launch(LaunchServiceHandler.java:53) ~[modlauncher-10.0.9.jar%2355!/:?]
	at cpw.mods.modlauncher.LaunchServiceHandler.launch(LaunchServiceHandler.java:71) ~[modlauncher-10.0.9.jar%2355!/:?]
	at cpw.mods.modlauncher.Launcher.run(Launcher.java:108) ~[modlauncher-10.0.9.jar%2355!/:?]
	at cpw.mods.modlauncher.Launcher.main(Launcher.java:78) ~[modlauncher-10.0.9.jar%2355!/:?]
	at cpw.mods.modlauncher.BootstrapLaunchConsumer.accept(BootstrapLaunchConsumer.java:26) ~[modlauncher-10.0.9.jar%2355!/:?]
	at cpw.mods.modlauncher.BootstrapLaunchConsumer.accept(BootstrapLaunchConsumer.java:23) ~[modlauncher-10.0.9.jar%2355!/:?]
	at cpw.mods.bootstraplauncher.BootstrapLauncher.main(BootstrapLauncher.java:141) ~[bootstraplauncher-1.1.2.jar:?]
[14May2025 22:21:27.103] [Forge Version Check/DEBUG] [net.minecraftforge.fml.VersionChecker/]: [forge] Received version check data:
{
  "homepage": "https://files.minecraftforge.net/net/minecraftforge/forge/",
  "promos": {
    "1.1-latest": "1.3.4.29",
    "1.2.3-latest": "1.4.1.64",
    "1.2.4-latest": "2.0.0.68",
    "1.2.5-latest": "3.4.9.171",
    "1.3.2-latest": "4.3.5.318",
    "1.4.0-latest": "5.0.0.326",
    "1.4.1-latest": "6.0.0.329",
    "1.4.2-latest": "6.0.1.355",
    "1.4.3-latest": "6.2.1.358",
    "1.4.4-latest": "6.3.0.378",
    "1.4.5-latest": "6.4.2.448",
    "1.4.6-latest": "6.5.0.489",
    "1.4.7-latest": "6.6.2.534",
    "1.5-latest": "7.7.0.598",
    "1.5.1-latest": "7.7.2.682",
    "1.5.2-latest": "7.8.1.738",
    "1.5.2-recommended": "7.8.1.738",
    "1.6.1-latest": "8.9.0.775",
    "1.6.2-latest": "9.10.1.871",
    "1.6.2-recommended": "9.10.1.871",
    "1.6.3-latest": "9.11.0.878",
    "1.6.4-latest": "9.11.1.1345",
    "1.6.4-recommended": "9.11.1.1345",
    "1.7.2-latest": "10.12.2.1161",
    "1.7.2-recommended": "10.12.2.1161",
    "1.7.10_pre4-latest": "10.12.2.1149",
    "1.7.10-latest": "10.13.4.1614",
    "1.7.10-recommended": "10.13.4.1614",
    "1.8-latest": "11.14.4.1577",
    "1.8-recommended": "11.14.4.1563",
    "1.8.8-latest": "11.15.0.1655",
    "1.8.9-latest": "11.15.1.2318",
    "1.8.9-recommended": "11.15.1.2318",
    "1.9-latest": "12.16.1.1938",
    "1.9-recommended": "12.16.1.1887",
    "1.9.4-latest": "12.17.0.2317",
    "1.9.4-recommended": "12.17.0.2317",
    "1.10-latest": "12.18.0.2000",
    "1.10.2-latest": "12.18.3.2511",
    "1.10.2-recommended": "12.18.3.2511",
    "1.11-latest": "13.19.1.2199",
    "1.11-recommended": "13.19.1.2189",
    "1.11.2-latest": "13.20.1.2588",
    "1.11.2-recommended": "13.20.1.2588",
    "1.12-latest": "14.21.1.2443",
    "1.12-recommended": "14.21.1.2387",
    "1.12.1-latest": "14.22.1.2485",
    "1.12.1-recommended": "14.22.1.2478",
    "1.12.2-latest": "14.23.5.2860",
    "1.12.2-recommended": "14.23.5.2859",
    "1.13.2-latest": "25.0.223",
    "1.14.2-latest": "26.0.63",
    "1.14.3-latest": "27.0.60",
    "1.14.4-latest": "28.2.26",
    "1.14.4-recommended": "28.2.26",
    "1.15-latest": "29.0.4",
    "1.15.1-latest": "30.0.51",
    "1.15.2-latest": "31.2.57",
    "1.15.2-recommended": "31.2.57",
    "1.16.1-latest": "32.0.108",
    "1.16.2-latest": "33.0.61",
    "1.16.3-latest": "34.1.42",
    "1.16.3-recommended": "34.1.0",
    "1.16.4-latest": "35.1.37",
    "1.16.4-recommended": "35.1.4",
    "1.16.5-latest": "36.2.42",
    "1.16.5-recommended": "36.2.34",
    "1.17.1-latest": "37.1.1",
    "1.17.1-recommended": "37.1.1",
    "1.18-latest": "38.0.17",
    "1.18.1-latest": "39.1.2",
    "1.18.1-recommended": "39.1.0",
    "1.18.2-recommended": "40.3.0",
    "1.18.2-latest": "40.3.10",
    "1.19-latest": "41.1.0",
    "1.19-recommended": "41.1.0",
    "1.19.1-latest": "42.0.9",
    "1.19.2-recommended": "43.5.0",
    "1.19.2-latest": "43.5.0",
    "1.19.3-latest": "44.1.23",
    "1.19.3-recommended": "44.1.0",
    "1.19.4-recommended": "45.4.0",
    "1.19.4-latest": "45.4.0",
    "1.20-latest": "46.0.14",
    "1.20.1-recommended": "47.4.0",
    "1.20.1-latest": "47.4.0",
    "1.20.2-latest": "48.1.0",
    "1.20.2-recommended": "48.1.0",
    "1.20.3-latest": "49.0.2",
    "1.20.4-latest": "49.2.0",
    "1.20.4-recommended": "49.2.0",
    "1.20.6-latest": "50.2.0",
    "1.20.6-recommended": "50.2.0",
    "1.21-latest": "51.0.33",
    "1.21.1-latest": "52.1.1",
    "1.21.1-recommended": "52.1.0",
    "1.21.3-latest": "53.1.1",
    "1.21.3-recommended": "53.1.0",
    "1.21.4-latest": "54.1.3",
    "1.21.4-recommended": "54.1.0",
    "1.21.5-latest": "55.0.14"
  }
}
[14May2025 22:21:27.103] [Forge Version Check/INFO] [net.minecraftforge.fml.VersionChecker/]: [forge] Found status: OUTDATED Current: 47.3.7 Target: 47.4.0
[14May2025 22:21:27.104] [Forge Version Check/INFO] [net.minecraftforge.fml.VersionChecker/]: [voicechat] Starting version check at https://update.maxhenkel.de/forge/voicechat
