[11May2025 01:00:37.973] [main/INFO] [cpw.mods.modlauncher.Launcher/MODLAUNCHER]: ModLauncher running: args [--launchTarget, forgeserver, --fml.forgeVersion, 47.3.7, --fml.mcVersion, 1.20.1, --fml.forgeGroup, net.minecraftforge, --fml.mcpVersion, 20230612.114412, nogui]
[11May2025 01:00:37.981] [main/INFO] [cpw.mods.modlauncher.Launcher/MODLAUNCHER]: ModLauncher 10.0.9+10.0.9+main.dcd20f30 starting: java version 17.0.15 by Ubuntu; OS Linux arch amd64 version 6.8.0-1027-azure
[11May2025 01:00:40.032] [main/INFO] [net.minecraftforge.fml.loading.ImmediateWindowHandler/]: ImmediateWindowProvider not loading because launch target is forgeserver
[11May2025 01:00:40.096] [main/INFO] [mixin/]: SpongePowered MIXIN Subsystem Version=0.8.5 Source=union:/workspaces/Sagon/servidor_minecraft/libraries/org/spongepowered/mixin/0.8.5/mixin-0.8.5.jar%2365!/ Service=ModLauncher Env=SERVER
[11May2025 01:00:40.595] [main/WARN] [net.minecraftforge.fml.loading.moddiscovery.ModFileParser/LOADING]: Mod file /workspaces/Sagon/servidor_minecraft/libraries/net/minecraftforge/fmlcore/1.20.1-47.3.7/fmlcore-1.20.1-47.3.7.jar is missing mods.toml file
[11May2025 01:00:40.596] [main/WARN] [net.minecraftforge.fml.loading.moddiscovery.ModFileParser/LOADING]: Mod file /workspaces/Sagon/servidor_minecraft/libraries/net/minecraftforge/javafmllanguage/1.20.1-47.3.7/javafmllanguage-1.20.1-47.3.7.jar is missing mods.toml file
[11May2025 01:00:40.597] [main/WARN] [net.minecraftforge.fml.loading.moddiscovery.ModFileParser/LOADING]: Mod file /workspaces/Sagon/servidor_minecraft/libraries/net/minecraftforge/lowcodelanguage/1.20.1-47.3.7/lowcodelanguage-1.20.1-47.3.7.jar is missing mods.toml file
[11May2025 01:00:40.598] [main/WARN] [net.minecraftforge.fml.loading.moddiscovery.ModFileParser/LOADING]: Mod file /workspaces/Sagon/servidor_minecraft/libraries/net/minecraftforge/mclanguage/1.20.1-47.3.7/mclanguage-1.20.1-47.3.7.jar is missing mods.toml file
[11May2025 01:00:41.193] [main/WARN] [net.minecraftforge.jarjar.selection.JarSelector/]: Attempted to select two dependency jars from JarJar which have the same identification: Mod File:  and Mod File: . Using Mod File: 
[11May2025 01:00:41.196] [main/WARN] [net.minecraftforge.jarjar.selection.JarSelector/]: Attempted to select a dependency jar for JarJar which was passed in as source: playeranimator. Using Mod File: /workspaces/Sagon/servidor_minecraft/mods/player-animation-lib-forge-1.0.2-rc1+1.20.jar
[11May2025 01:00:41.196] [main/INFO] [net.minecraftforge.fml.loading.moddiscovery.JarInJarDependencyLocator/]: Found 24 dependencies adding them to mods collection
[11May2025 01:00:44.699] [main/INFO] [mixin/]: Compatibility level set to JAVA_17
[11May2025 01:00:44.858] [main/ERROR] [mixin/]: Mixin config entity_model_features.mixins.json does not specify "minVersion" property
[11May2025 01:00:45.179] [main/INFO] [cpw.mods.modlauncher.LaunchServiceHandler/MODLAUNCHER]: Launching target 'forgeserver' with arguments [nogui]
[11May2025 01:00:45.362] [main/INFO] [ModernFix/]: Loaded configuration file for ModernFix 5.20.2+mc1.20.1: 87 options available, 0 override(s) found
[11May2025 01:00:45.363] [main/INFO] [ModernFix/]: Applying Nashorn fix
[11May2025 01:00:45.380] [main/INFO] [ModernFix/]: Applied Forge config corruption patch
[11May2025 01:00:45.524] [main/INFO] [Embeddium/]: Loaded configuration file for Embeddium: 185 options available, 0 override(s) found
[11May2025 01:00:45.564] [main/WARN] [mixin/]: Reference map 'morevillagers-forge-forge-refmap.json' for morevillagers.mixins.json could not be read. If this is a development environment you can ignore this message
[11May2025 01:00:45.616] [main/WARN] [mixin/]: Reference map 'enderitemod-forge-refmap.json' for enderitemod.mixins.json could not be read. If this is a development environment you can ignore this message
[11May2025 01:00:45.752] [main/INFO] [Radium Config/]: Loaded configuration file for Radium: 125 options available, 1 override(s) found
[11May2025 01:00:45.789] [main/WARN] [mixin/]: Reference map 'graveyard-FORGE-forge-refmap.json' for graveyard-forge.mixins.json could not be read. If this is a development environment you can ignore this message
[11May2025 01:00:45.823] [main/WARN] [mixin/]: Reference map 'puzzlesaccessapi.common.refmap.json' for puzzlesaccessapi.common.mixins.json could not be read. If this is a development environment you can ignore this message
[11May2025 01:00:46.021] [main/INFO] [Puzzles Lib/]: Loading 140 mods:
	- aiimprovements 0.5.2
	- alexscaves 2.0.2
	- alexsmobs 1.22.9
	- alltheleaks 0.1.0-beta+1.20.1-forge
		\-- mixinsquared 0.2.0
	- alternate_current 1.7.0
	- amendments 1.20-1.2.19
	- animation_overhaul 1.3.1
	- aquamirae 6.API15
	- architectury 9.2.14
	- attributefix 21.0.4
	- automessage 2.2.0
	- automobility 0.4.2+1.20.1-forge
	- backpacked 3.0.0-beta.9
	- badoptimizations 2.2.1
	- balm 7.3.11
		\-- kuma_api 20.1.9-SNAPSHOT
	- bettercombat 1.8.6+1.20.1
	- bettertridents 8.0.1
	- bhmenu 2.4.2
	- boatbreakfix 1.0.2
	- born_in_chaos_v1 1.6.3
	- bosses_of_mass_destruction 1.1.1
	- caelus 3.2.0+1.20.1
	- carryon 2.1.2.7
		\-- mixinextras 0.2.0-beta.6
	- cataclysm 2.47
	- cataclysmiccombat 1.4
	- catalogue 1.8.0
	- cerbons_api 1.0.0
	- cfm 7.0.0-pre36
	- charmofundying 6.5.0+1.20.1
		\-- spectrelib 0.13.15+1.20.1
	- chat_heads 0.13.11
	- chunksending 1.20.1-2.8
	- citadel 2.6.1
	- cloth_config 11.1.136
	- clumps 12.0.0.4
	- connectivity 1.20.1-6.5
	- controlling 12.0.2
	- craftingtweaks 18.2.5
	- creativecore 2.12.31
	- creeperoverhaul 3.0.2
		\-- resourcefullib 2.1.20
	- crittersandcompanions 2.2.2
	- cupboard 1.20.1-2.7
	- curios 5.11.1+1.20.1
	- darkestsouls 1.2.2.5
	- defaultoptions 18.0.1
	- despawn_tweaker 1.20.1-1.0.0
	- deuf 1.20.1-1.3
	- dungeons_arise 2.1.58-1.20.x
	- easyanvils 8.0.2
	- elysium_api 1.0.2
	- embeddium 0.3.31+mc1.20.1
		\-- rubidium 0.7.1
	- embeddiumplus 1.2.13
	- enchantinginfuser 8.0.3
	- enderitemod 1.5.1
	- enemyexpansion 2.3.1
	- entity_model_features 2.4.1
	- entity_texture_features 6.2.9
	- entityculling 1.7.2
	- fancymenu 3.3.2
	- farmersdelight 1.20.1-1.2.7
	- fastasyncworldsave 1.20.1-2.3
	- fastleafdecay 32
	- ferritecore 6.0.1
	- forge 47.3.7
	- forgeconfigscreens 8.0.2
	- framework 0.7.12
	- friendsandfoes 3.0.9
	- gamemenumodoption 2.2.1
	- geckolib 4.7.1.2
	- gpumemleakfix 1.20.1-1.8
	- gravestone 1.20.1-1.0.24
	- graveyard 3.1
	- hangglider 8.0.1
	- illageandspillage 1.2.8
	- immediatelyfast 1.3.4+1.20.4
	- immersive_aircraft 1.2.2+1.20.1
	- irons_spellbooks 1.20.1-3.4.0.7
	- jade 11.12.3+forge
	- jei 15.12.2.51
	- kiwi 11.8.29+forge
	- konkrete 1.8.0
	- krypton 0.2.3
	- legendary_monsters 1.20.1
	- lionfishapi 2.4-Fix
	- loadingbackgrounds 1.5.0
	- loadmyresources 1.0.4
	- melody 1.0.2
	- minecraft 1.20.1
	- moa_decor_electronics 1.20.1.
	- modernfix 5.20.2+mc1.20.1
	- monolib 2.0.0
	- moonlight 1.20-2.13.79
	- morevillagers 5.0.0
	- mousetweaks 2.25.1
	- mowziesmobs 1.6.4
	- mutantmonsters 8.0.7
	- myserveriscompatible 1.0
	- necronomicon 1.6.0
	- neruina 2.1.2
	- netherexp 2.2.1
	- netherportalfix 13.0.1
	- nethersdelight 1.20.1-4.0
	- nfm 2024.12.20
	- nochatreports 1.20.1-v2.2.2
	- noisium 2.3.0+mc1.20-1.20.1
	- obscure_api 15
	- placebo 8.6.2
	- playeranimator 1.0.2-rc1+1.20
	- playerrevive 2.0.31
	- puzzleslib 8.1.32
		\-- puzzlesaccessapi 20.1.1
	- radium 0.12.4+git.26c9d8e
	- redeco 1.14.1
	- refurbished_furniture 1.0.12
	- resourcefulconfig 2.1.2
	- ribbits 1.20.1-Forge-3.0.4
	- sawmill 1.20-1.4.6
	- searchables 1.0.3
	- smoothchunk 1.20.1-4.0
	- snowrealmagic 10.6.1
		|-- fabric_api_base 0.4.31+ef105b4977
		|-- fabric_renderer_api_v1 3.2.1+1d29b44577
		\-- fabric_renderer_indigo 1.5.2+b5b2da4177
	- spark 1.10.53
	- stackable_stew_and_soup 2.0.1
	- startinv 1.0.0
	- structureessentials 1.20.1-4.2
	- supplementaries 1.20-3.1.24
	- timeondisplay 2.0.0
	- universalbonemeal 8.0.1
	- visuality 2.0.2
	- voicechat 1.20.1-2.5.26
	- watching 1.9.2
	- waystones 14.1.8
	- xaerominimap 25.0.0
	- yungsapi 1.20-Forge-4.0.6
[11May2025 01:00:46.037] [main/WARN] [mixin/]: Reference map 'Aquamirae.refmap.json' for aquamirae.mixins.json could not be read. If this is a development environment you can ignore this message
[11May2025 01:00:46.767] [main/INFO] [net.minecraftforge.coremod.CoreMod.placebo/COREMODLOG]: Patching IForgeItemStack#getEnchantmentLevel
[11May2025 01:00:46.784] [main/INFO] [net.minecraftforge.coremod.CoreMod.placebo/COREMODLOG]: Patching IForgeItemStack#getEnchantmentLevel
[11May2025 01:00:46.866] [main/INFO] [com.cupboard.Cupboard/]: Loaded config for: structureessentials.json
[11May2025 01:00:47.145] [main/WARN] [mixin/]: Error loading class: sereneseasons/season/RandomUpdateHandler (java.lang.ClassNotFoundException: sereneseasons.season.RandomUpdateHandler)
[11May2025 01:00:47.145] [main/WARN] [mixin/]: @Mixin target sereneseasons.season.RandomUpdateHandler was not found snowrealmagic.mixins.json:sereneseasons.RandomUpdateHandlerMixin
[11May2025 01:00:47.744] [main/WARN] [Radium Config/]: Force-disabling mixin 'alloc.blockstate.StateMixin' as option 'mixin.alloc.blockstate' (added by mods [ferritecore]) disables it and children
[11May2025 01:00:50.777] [main/INFO] [dev.uncandango.alltheleaks.AllTheLeaks/]: Skipping issue ItemStackCreationStatistics from mod jei as it's dev only!
[11May2025 01:00:50.778] [main/INFO] [dev.uncandango.alltheleaks.AllTheLeaks/]: Class dev.uncandango.alltheleaks.leaks.common.mods.travelersbackpack.UntrackedIssue001 will NOT be loaded as mod travelersbackpack is not present
[11May2025 01:00:50.779] [main/INFO] [dev.uncandango.alltheleaks.AllTheLeaks/]: Class dev.uncandango.alltheleaks.leaks.common.mods.toolbelt.UntrackedIssue001 will NOT be loaded as mod toolbelt is not present
[11May2025 01:00:50.779] [main/INFO] [dev.uncandango.alltheleaks.AllTheLeaks/]: Class dev.uncandango.alltheleaks.leaks.common.mods.tfcthermaldeposits.UntrackedIssue001 will NOT be loaded as mod tfcthermaldeposits is not present
[11May2025 01:00:50.779] [main/INFO] [dev.uncandango.alltheleaks.AllTheLeaks/]: Class dev.uncandango.alltheleaks.leaks.common.mods.smallships.UntrackedIssue001 will NOT be loaded as mod smallships is not present
[11May2025 01:00:50.780] [main/INFO] [dev.uncandango.alltheleaks.AllTheLeaks/]: Class dev.uncandango.alltheleaks.leaks.common.mods.railcraft.UntrackedIssue001 will NOT be loaded as mod railcraft is not present
[11May2025 01:00:50.780] [main/INFO] [dev.uncandango.alltheleaks.AllTheLeaks/]: Class dev.uncandango.alltheleaks.leaks.common.mods.pneumaticcraft.UntrackedIssue001 will NOT be loaded as mod pneumaticcraft is not present
[11May2025 01:00:50.781] [main/INFO] [dev.uncandango.alltheleaks.AllTheLeaks/]: Class dev.uncandango.alltheleaks.leaks.common.mods.occultism.UntrackedIssue001 will NOT be loaded as mod occultism is not present
[11May2025 01:00:50.781] [main/INFO] [dev.uncandango.alltheleaks.AllTheLeaks/]: Class dev.uncandango.alltheleaks.leaks.common.mods.minecraft.UntrackedIssue002 will be loaded as it matches versions: 1.20.1 in 1.20.1
[11May2025 01:00:50.781] [main/INFO] [dev.uncandango.alltheleaks.AllTheLeaks/]: Mixins added to allowed list: [main.EntityTickListMixin]
[11May2025 01:00:50.782] [main/INFO] [dev.uncandango.alltheleaks.AllTheLeaks/]: Class dev.uncandango.alltheleaks.leaks.common.mods.minecraft.UntrackedIssue001 will be loaded as it matches versions: 1.20.1 in 1.20.1
[11May2025 01:00:50.783] [main/INFO] [dev.uncandango.alltheleaks.AllTheLeaks/]: Class dev.uncandango.alltheleaks.leaks.common.mods.irons_spellbooks.UntrackedIssue001 will be loaded as it matches versions: 1.20.1-3.4.0.7 in [1.20.1-3.4.0,)
[11May2025 01:00:50.784] [main/INFO] [dev.uncandango.alltheleaks.AllTheLeaks/]: Mixins added to allowed list: [main.ServerPlayerEventsMixin]
[11May2025 01:00:50.785] [main/INFO] [dev.uncandango.alltheleaks.AllTheLeaks/]: Class dev.uncandango.alltheleaks.leaks.common.mods.forge.UntrackedIssue003 will be loaded as it matches versions: 47.3.7 in [47.2,)
[11May2025 01:00:50.786] [main/INFO] [dev.uncandango.alltheleaks.AllTheLeaks/]: Class dev.uncandango.alltheleaks.leaks.common.mods.forge.UntrackedIssue002 will be loaded as it matches versions: 47.3.7 in [47.2,)
[11May2025 01:00:50.787] [main/INFO] [dev.uncandango.alltheleaks.AllTheLeaks/]: Mixins added to allowed list: [accessor.FakePlayerNetHandlerAccessor, accessor.ConnectionAccessor]
[11May2025 01:00:50.788] [main/INFO] [dev.uncandango.alltheleaks.AllTheLeaks/]: Class dev.uncandango.alltheleaks.leaks.common.mods.forge.UntrackedIssue001 will be loaded as it matches versions: 47.3.7 in [47.2,)
[11May2025 01:00:50.788] [main/INFO] [dev.uncandango.alltheleaks.AllTheLeaks/]: Mixins added to allowed list: [main.ServerPlayerMixin, main.PlayerListMixin]
[11May2025 01:00:50.789] [main/INFO] [dev.uncandango.alltheleaks.AllTheLeaks/]: Class dev.uncandango.alltheleaks.leaks.common.mods.forbidden_arcanus.UntrackedIssue001 will NOT be loaded as mod forbidden_arcanus is not present
[11May2025 01:00:50.790] [main/INFO] [dev.uncandango.alltheleaks.AllTheLeaks/]: Class dev.uncandango.alltheleaks.leaks.common.mods.curios.UntrackedIssue001 will be loaded as it matches versions: 5.11.1+1.20.1 in [5.9.1,)
[11May2025 01:00:50.791] [main/INFO] [dev.uncandango.alltheleaks.AllTheLeaks/]: Mixins added to allowed list: [main.CuriosEventHandlerMixin]
[11May2025 01:00:50.792] [main/INFO] [dev.uncandango.alltheleaks.AllTheLeaks/]: Class dev.uncandango.alltheleaks.leaks.common.mods.createaddition.UntrackedIssue001 will NOT be loaded as mod createaddition is not present
[11May2025 01:00:50.792] [main/INFO] [dev.uncandango.alltheleaks.AllTheLeaks/]: Class dev.uncandango.alltheleaks.leaks.common.mods.create.UntrackedIssue001 will NOT be loaded as mod create is not present
[11May2025 01:00:50.793] [main/INFO] [dev.uncandango.alltheleaks.AllTheLeaks/]: Class dev.uncandango.alltheleaks.leaks.common.mods.citadel.UntrackedIssue001 will be loaded as it matches versions: 2.6.1 in [2.5.4,)
[11May2025 01:00:50.794] [main/INFO] [dev.uncandango.alltheleaks.AllTheLeaks/]: Class dev.uncandango.alltheleaks.leaks.common.mods.betterf3.UntrackedIssue001 will NOT be loaded as mod betterf3 is not present
[11May2025 01:00:50.794] [main/INFO] [dev.uncandango.alltheleaks.AllTheLeaks/]: Class dev.uncandango.alltheleaks.leaks.common.mods.badpackets.UntrackedIssue001 will NOT be loaded as mod badpackets is not present
[11May2025 01:00:50.795] [main/INFO] [dev.uncandango.alltheleaks.AllTheLeaks/]: Class dev.uncandango.alltheleaks.leaks.common.mods.ars_nouveau.UntrackedIssue002 will NOT be loaded as mod ars_nouveau is not present
[11May2025 01:00:50.796] [main/INFO] [dev.uncandango.alltheleaks.AllTheLeaks/]: Class dev.uncandango.alltheleaks.leaks.common.mods.ars_nouveau.UntrackedIssue001 will NOT be loaded as mod ars_nouveau is not present
[11May2025 01:00:50.797] [main/INFO] [dev.uncandango.alltheleaks.AllTheLeaks/]: Class dev.uncandango.alltheleaks.leaks.common.mods.architectury.UntrackedIssue001 will be loaded as it matches versions: 9.2.14 in [9.0.8,)
[11May2025 01:00:50.797] [main/INFO] [dev.uncandango.alltheleaks.AllTheLeaks/]: Class dev.uncandango.alltheleaks.leaks.common.mods.aether.UntrackedIssue001 will NOT be loaded as mod aether is not present
[11May2025 01:00:50.798] [main/INFO] [dev.uncandango.alltheleaks.AllTheLeaks/]: Class dev.uncandango.alltheleaks.leaks.common.mods.ae2wtlib.UntrackedIssue001 will NOT be loaded as mod ae2wtlib is not present
[11May2025 01:00:50.798] [main/INFO] [dev.uncandango.alltheleaks.AllTheLeaks/]: Skipping issue [untracked] from mod twilightforest as it is client side only!
[11May2025 01:00:50.799] [main/INFO] [dev.uncandango.alltheleaks.AllTheLeaks/]: Skipping issue [untracked] from mod travelersbackpack as it is client side only!
[11May2025 01:00:50.800] [main/INFO] [dev.uncandango.alltheleaks.AllTheLeaks/]: Skipping issue [untracked] from mod tombstone as it is client side only!
[11May2025 01:00:50.800] [main/INFO] [dev.uncandango.alltheleaks.AllTheLeaks/]: Skipping issue [untracked] from mod pneumaticcraft as it is client side only!
[11May2025 01:00:50.801] [main/INFO] [dev.uncandango.alltheleaks.AllTheLeaks/]: Skipping issue [untracked] from mod nuclearcraft as it is client side only!
[11May2025 01:00:50.801] [main/INFO] [dev.uncandango.alltheleaks.AllTheLeaks/]: Skipping issue [untracked] from mod mousetweaks as it is client side only!
[11May2025 01:00:50.802] [main/INFO] [dev.uncandango.alltheleaks.AllTheLeaks/]: Skipping issue [untracked] from mod minecraft as it is client side only!
[11May2025 01:00:50.802] [main/INFO] [dev.uncandango.alltheleaks.AllTheLeaks/]: Skipping issue [untracked] from mod minecraft as mod modernfix is present!
[11May2025 01:00:50.803] [main/INFO] [dev.uncandango.alltheleaks.AllTheLeaks/]: Skipping issue [untracked] from mod minecolonies as it is client side only!
[11May2025 01:00:50.804] [main/INFO] [dev.uncandango.alltheleaks.AllTheLeaks/]: Skipping issue [untracked] from mod ldlib as it is client side only!
[11May2025 01:00:50.804] [main/INFO] [dev.uncandango.alltheleaks.AllTheLeaks/]: Skipping issue [untracked] from mod journeymap as it is client side only!
[11May2025 01:00:50.805] [main/INFO] [dev.uncandango.alltheleaks.AllTheLeaks/]: Skipping issue [untracked] from mod jeresources as it is client side only!
[11May2025 01:00:50.805] [main/INFO] [dev.uncandango.alltheleaks.AllTheLeaks/]: Skipping issue [untracked] from mod jei as it is client side only!
[11May2025 01:00:50.806] [main/INFO] [dev.uncandango.alltheleaks.AllTheLeaks/]: Skipping issue [untracked] from mod jei as it is client side only!
[11May2025 01:00:50.807] [main/INFO] [dev.uncandango.alltheleaks.AllTheLeaks/]: Skipping issue [untracked] from mod irons_spellbooks as it is client side only!
[11May2025 01:00:50.807] [main/INFO] [dev.uncandango.alltheleaks.AllTheLeaks/]: Skipping issue [untracked] from mod iceberg as it is client side only!
[11May2025 01:00:50.808] [main/INFO] [dev.uncandango.alltheleaks.AllTheLeaks/]: Skipping issue [untracked] from mod iceberg as it is client side only!
[11May2025 01:00:50.809] [main/INFO] [dev.uncandango.alltheleaks.AllTheLeaks/]: Skipping issue [untracked] from mod iceberg as it is client side only!
[11May2025 01:00:50.809] [main/INFO] [dev.uncandango.alltheleaks.AllTheLeaks/]: Skipping issue [untracked] from mod geckolib as it is client side only!
[11May2025 01:00:50.811] [main/INFO] [dev.uncandango.alltheleaks.AllTheLeaks/]: Skipping issue [untracked] from mod ftblibrary as it is client side only!
[11May2025 01:00:50.811] [main/INFO] [dev.uncandango.alltheleaks.AllTheLeaks/]: Skipping issue [untracked] from mod flywheel as it is client side only!
[11May2025 01:00:50.811] [main/INFO] [dev.uncandango.alltheleaks.AllTheLeaks/]: Skipping issue [untracked] from mod findme as it is client side only!
[11May2025 01:00:50.811] [main/INFO] [dev.uncandango.alltheleaks.AllTheLeaks/]: Skipping issue [untracked] from mod emi_loot as it is client side only!
[11May2025 01:00:50.814] [main/INFO] [dev.uncandango.alltheleaks.AllTheLeaks/]: Skipping issue [untracked] from mod emi as it is client side only!
[11May2025 01:00:50.814] [main/INFO] [dev.uncandango.alltheleaks.AllTheLeaks/]: Skipping issue [untracked] from mod easy_villagers as it is client side only!
[11May2025 01:00:50.815] [main/INFO] [dev.uncandango.alltheleaks.AllTheLeaks/]: Skipping issue [untracked] from mod difficultylock as it is client side only!
[11May2025 01:00:50.815] [main/INFO] [dev.uncandango.alltheleaks.AllTheLeaks/]: Skipping issue [untracked] from mod cyclopscore as it is client side only!
[11May2025 01:00:50.816] [main/INFO] [dev.uncandango.alltheleaks.AllTheLeaks/]: Skipping issue [untracked] from mod corpse as it is client side only!
[11May2025 01:00:50.816] [main/INFO] [dev.uncandango.alltheleaks.AllTheLeaks/]: Skipping issue [untracked] from mod blue_skies as it is client side only!
[11May2025 01:00:50.817] [main/INFO] [dev.uncandango.alltheleaks.AllTheLeaks/]: Skipping issue [untracked] from mod badpackets as it is client side only!
[11May2025 01:00:50.818] [main/INFO] [dev.uncandango.alltheleaks.AllTheLeaks/]: Skipping issue [untracked] from mod ae2wtlib as it is client side only!
[11May2025 01:00:50.818] [main/INFO] [dev.uncandango.alltheleaks.AllTheLeaks/]: Skipping issue [untracked] from mod ae2wtlib as it is client side only!
[11May2025 01:00:50.818] [main/INFO] [dev.uncandango.alltheleaks.AllTheLeaks/]: Class dev.uncandango.alltheleaks.fix.common.mods.modernfix.CancelRLMixin will be loaded as it matches versions: 5.20.2+mc1.20.1 in [5.0.0,)
[11May2025 01:00:50.819] [main/INFO] [dev.uncandango.alltheleaks.AllTheLeaks/]: Mixins added to cancel list: [org.embeddedt.modernfix.common.mixin.perf.deduplicate_location.MixinResourceLocation]
[11May2025 01:00:50.824] [main/INFO] [dev.uncandango.alltheleaks.AllTheLeaks/]: Skipping feature ResourceLocation Deduplication from mod minecraft as it's feature flag is not activated!
[11May2025 01:00:50.825] [main/INFO] [dev.uncandango.alltheleaks.AllTheLeaks/]: Skipping feature Ingredient Deduplication from mod minecraft as it's feature flag is not activated!
[11May2025 01:00:50.825] [main/INFO] [dev.uncandango.alltheleaks.AllTheLeaks/]: Skipping feature Prevent Search Ignored Items from mod jei as it's feature flag is not activated!
[11May2025 01:00:51.247] [main/INFO] [MixinExtras|Service/]: Initializing MixinExtras via com.llamalad7.mixinextras.service.MixinExtrasServiceImpl(version=0.4.1).
[11May2025 01:00:51.371] [main/INFO] [mixin/]: Mixing server.MixinDedicatedServer from mixins/common/nochatreports.mixins.json into net.minecraft.server.dedicated.DedicatedServer
[11May2025 01:00:51.941] [main/INFO] [net.minecraft.server.Bootstrap/]: ModernFix reached bootstrap stage (16.49 s after launch)
[11May2025 01:00:52.077] [main/WARN] [mixin/]: @Final field delegatesByName:Ljava/util/Map; in modernfix-forge.mixins.json:perf.forge_registry_alloc.ForgeRegistryMixin should be final
[11May2025 01:00:52.078] [main/WARN] [mixin/]: @Final field delegatesByValue:Ljava/util/Map; in modernfix-forge.mixins.json:perf.forge_registry_alloc.ForgeRegistryMixin should be final
[11May2025 01:00:52.272] [main/INFO] [ModernFix/]: Injecting BlockStateBase cache population hook into getNeighborPathNodeType from me.jellysquid.mods.lithium.mixin.ai.pathing.AbstractBlockStateMixin
[11May2025 01:00:52.273] [main/INFO] [ModernFix/]: Injecting BlockStateBase cache population hook into getPathNodeType from me.jellysquid.mods.lithium.mixin.ai.pathing.AbstractBlockStateMixin
[11May2025 01:00:52.273] [main/INFO] [ModernFix/]: Injecting BlockStateBase cache population hook into getAllFlags from me.jellysquid.mods.lithium.mixin.util.block_tracking.AbstractBlockStateMixin
[11May2025 01:00:52.846] [main/INFO] [net.minecraftforge.coremod.CoreMod.placebo/COREMODLOG]: Patching IForgeItemStack#getEnchantmentLevel
[11May2025 01:00:52.848] [main/INFO] [net.minecraftforge.coremod.CoreMod.placebo/COREMODLOG]: Patching IForgeItemStack#getEnchantmentLevel
[11May2025 01:00:52.982] [main/WARN] [mixin/]: @Inject(@At("INVOKE")) Shift.BY=1 on crittersandcompanions.mixins.json:LivingEntityMixin::handler$cdm000$onDie exceeds the maximum allowed value: 0. Increase the value of maxShiftBy to suppress this warning.
[11May2025 01:00:54.341] [main/INFO] [net.minecraftforge.coremod.CoreMod.placebo/COREMODLOG]: Patching IForgeItemStack#getEnchantmentLevel
[11May2025 01:00:54.342] [main/INFO] [net.minecraftforge.coremod.CoreMod.placebo/COREMODLOG]: Patching IForgeItemStack#getEnchantmentLevel
[11May2025 01:00:54.412] [main/INFO] [net.minecraft.server.Bootstrap/]: Vanilla bootstrap took 2467 milliseconds
[11May2025 01:00:54.491] [main/INFO] [mixin/]: Mixing common.MixinFriendlyByteBuf from mixins/common/nochatreports.mixins.json into net.minecraft.network.FriendlyByteBuf
[11May2025 01:00:54.492] [main/INFO] [mixin/]: Renaming synthetic method lambda$onWriteJsonWithCodec$1(Ljava/lang/Object;Ljava/lang/String;)Lio/netty/handler/codec/EncoderException; to mda74fb1$lambda$onWriteJsonWithCodec$1$0 in mixins/common/nochatreports.mixins.json:common.MixinFriendlyByteBuf
[11May2025 01:00:54.493] [main/INFO] [mixin/]: Renaming synthetic method lambda$onReadJsonWithCodec$0(Ljava/lang/String;)Lio/netty/handler/codec/DecoderException; to mda74fb1$lambda$onReadJsonWithCodec$0$1 in mixins/common/nochatreports.mixins.json:common.MixinFriendlyByteBuf
[11May2025 01:00:55.622] [main/WARN] [mixin/]: @Inject(@At("INVOKE_ASSIGN")) Shift.BY=2 on refurbished_furniture.common.mixins.json:LevelChunkMixin::handler$baj000$refurbishedFurniture$AfterRemoveBlockEntity exceeds the maximum allowed value: 0. Increase the value of maxShiftBy to suppress this warning.
[11May2025 01:00:56.187] [main/WARN] [mixin/]: Method overwrite conflict for m_7380_ in supplementaries-common.mixins.json:StrayMixin, previously written by net.jadenxgamer.netherexp.mixin.entity.StrayMixin. Skipping method.
[11May2025 01:00:56.188] [main/WARN] [mixin/]: Method overwrite conflict for m_7378_ in supplementaries-common.mixins.json:StrayMixin, previously written by net.jadenxgamer.netherexp.mixin.entity.StrayMixin. Skipping method.
[11May2025 01:00:56.449] [main/INFO] [mixin/]: Mixing server.MixinServerGamePacketListenerImpl from mixins/common/nochatreports.mixins.json into net.minecraft.server.network.ServerGamePacketListenerImpl
[11May2025 01:00:57.082] [main/WARN] [mixin/]: Mixin alexscaves.mixins.json:SwampHutPieceMixin has multiple constructors, (Lnet/minecraft/world/level/levelgen/structure/pieces/StructurePieceType;IIIIIILnet/minecraft/core/Direction;)V was selected

[11May2025 01:00:57.237] [main/WARN] [mixin/]: Method overwrite conflict for m_47505_ in lithium.mixins.json:world.temperature_cache.BiomeMixin, previously written by org.embeddedt.modernfix.common.mixin.perf.remove_biome_temperature_cache.BiomeMixin. Skipping method.
[11May2025 01:00:57.800] [modloading-worker-0/INFO] [necronomicon/]: File exists, reading config for elocindev.animation_overhaul.config.AnimationsConfig.
[11May2025 01:00:57.812] [modloading-worker-0/INFO] [necronomicon/]: Config for elocindev.animation_overhaul.config.AnimationsConfig read successfully.
[11May2025 01:00:57.826] [modloading-worker-0/INFO] [necronomicon/]: File exists, reading config for elocindev.animation_overhaul.config.PlayerConfig.
[11May2025 01:00:57.826] [modloading-worker-0/INFO] [necronomicon/]: Config for elocindev.animation_overhaul.config.PlayerConfig read successfully.
[11May2025 01:00:57.828] [modloading-worker-0/INFO] [animation_overhaul/]: Animation Overhaul's Config initialized
[11May2025 01:00:57.846] [modloading-worker-0/INFO] [Puzzles Lib/]: Constructing common components for easyanvils:main
[11May2025 01:00:57.945] [modloading-worker-0/INFO] [mixin/]: Mixing server.MixinPlayerList from mixins/common/nochatreports.mixins.json into net.minecraft.server.players.PlayerList
[11May2025 01:00:58.213] [modloading-worker-0/INFO] [de.keksuccino.melody.Melody/]: [MELODY] Disabling Melody since it's loaded server-side.
[11May2025 01:00:58.343] [modloading-worker-0/INFO] [de.keksuccino.konkrete.Konkrete/]: [KONKRETE] Successfully initialized!
[11May2025 01:00:58.343] [modloading-worker-0/INFO] [de.keksuccino.konkrete.Konkrete/]: [KONKRETE] Server-side libs ready to use!
[11May2025 01:00:58.434] [modloading-worker-0/INFO] [Puzzles Lib/]: Constructing common components for hangglider:main
[11May2025 01:00:58.653] [modloading-worker-0/INFO] [noisium/]: Loading Noisium.
[11May2025 01:00:58.787] [modloading-worker-0/INFO] [dev.architectury.networking.forge.NetworkManagerImpl/]: Registering C2S receiver with id architectury:sync_ids
[11May2025 01:00:58.907] [modloading-worker-0/INFO] [com.cupboard.Cupboard/]: Loaded config for: cupboard.json
[11May2025 01:00:59.012] [modloading-worker-0/INFO] [Puzzles Lib/]: Constructing common components for enchantinginfuser:main
[11May2025 01:00:59.031] [modloading-worker-0/INFO] [TimeOnDisplay/]: Hello Forge world!
[11May2025 01:00:59.036] [modloading-worker-0/INFO] [TimeOnDisplay/]: Hello from TimeOnDisplay Common init on Forge! we are currently in a production environment!
[11May2025 01:00:59.037] [modloading-worker-0/INFO] [TimeOnDisplay/]: The ID for diamonds is minecraft:diamond
[11May2025 01:00:59.037] [modloading-worker-0/INFO] [TimeOnDisplay/]: Hello to TimeOnDisplay
[11May2025 01:00:59.182] [modloading-worker-0/INFO] [Puzzles Lib/]: Constructing common components for mutantmonsters:main
[11May2025 01:00:59.449] [modloading-worker-0/INFO] [snownee.kiwi.Kiwi/INIT]: Processing 6 KiwiModule annotations
[11May2025 01:00:59.488] [modloading-worker-0/INFO] [Puzzles Lib/]: Constructing common components for universalbonemeal:main
[11May2025 01:00:59.559] [modloading-worker-0/ERROR] [net.minecraftforge.eventbus.EventSubclassTransformer/EVENTBUS]: Could not find parent net/minecraft/client/renderer/entity/layers/RenderLayer for class com/obscuria/obscureapi/client/renderer/PatreonLayer in classloader cpw.mods.modlauncher.TransformingClassLoader@18cf5c52 on thread Thread[modloading-worker-0,5,main]
[11May2025 01:00:59.560] [modloading-worker-0/ERROR] [net.minecraftforge.eventbus.EventSubclassTransformer/EVENTBUS]: An error occurred building event handler
java.lang.ClassNotFoundException: net.minecraft.client.renderer.entity.layers.RenderLayer
	at cpw.mods.cl.ModuleClassLoader.loadClass(ModuleClassLoader.java:141) ~[securejarhandler-2.1.10.jar:?]
	at java.lang.ClassLoader.loadClass(ClassLoader.java:525) ~[?:?]
	at net.minecraftforge.eventbus.EventSubclassTransformer.buildEvents(EventSubclassTransformer.java:97) ~[eventbus-6.0.5.jar%2352!/:?]
	at net.minecraftforge.eventbus.EventSubclassTransformer.transform(EventSubclassTransformer.java:48) ~[eventbus-6.0.5.jar%2352!/:?]
	at net.minecraftforge.eventbus.EventBusEngine.processClass(EventBusEngine.java:26) ~[eventbus-6.0.5.jar%2352!/:?]
	at net.minecraftforge.eventbus.service.ModLauncherService.processClassWithFlags(ModLauncherService.java:32) ~[eventbus-6.0.5.jar%2352!/:6.0.5+6.0.5+master.eb8e549b]
	at cpw.mods.modlauncher.LaunchPluginHandler.offerClassNodeToPlugins(LaunchPluginHandler.java:88) ~[modlauncher-10.0.9.jar%2355!/:?]
	at cpw.mods.modlauncher.ClassTransformer.transform(ClassTransformer.java:120) ~[modlauncher-10.0.9.jar%2355!/:?]
	at cpw.mods.modlauncher.TransformingClassLoader.maybeTransformClassBytes(TransformingClassLoader.java:50) ~[modlauncher-10.0.9.jar%2355!/:?]
	at cpw.mods.cl.ModuleClassLoader.readerToClass(ModuleClassLoader.java:113) ~[securejarhandler-2.1.10.jar:?]
	at cpw.mods.cl.ModuleClassLoader.lambda$findClass$15(ModuleClassLoader.java:219) ~[securejarhandler-2.1.10.jar:?]
	at cpw.mods.cl.ModuleClassLoader.loadFromModule(ModuleClassLoader.java:229) ~[securejarhandler-2.1.10.jar:?]
	at cpw.mods.cl.ModuleClassLoader.findClass(ModuleClassLoader.java:219) ~[securejarhandler-2.1.10.jar:?]
	at cpw.mods.cl.ModuleClassLoader.loadClass(ModuleClassLoader.java:135) ~[securejarhandler-2.1.10.jar:?]
	at java.lang.ClassLoader.loadClass(ClassLoader.java:525) ~[?:?]
	at java.lang.ClassLoader.defineClass0(Native Method) ~[?:?]
	at java.lang.System$2.defineClass(System.java:2324) ~[?:?]
	at java.lang.invoke.MethodHandles$Lookup$ClassDefiner.defineClass(MethodHandles.java:2439) ~[?:?]
	at java.lang.invoke.MethodHandles$Lookup$ClassDefiner.defineClassAsLookup(MethodHandles.java:2420) ~[?:?]
	at java.lang.invoke.MethodHandles$Lookup.defineHiddenClass(MethodHandles.java:2127) ~[?:?]
	at java.lang.invoke.InnerClassLambdaMetafactory.generateInnerClass(InnerClassLambdaMetafactory.java:407) ~[?:?]
	at java.lang.invoke.InnerClassLambdaMetafactory.spinInnerClass(InnerClassLambdaMetafactory.java:315) ~[?:?]
	at java.lang.invoke.InnerClassLambdaMetafactory.buildCallSite(InnerClassLambdaMetafactory.java:228) ~[?:?]
	at java.lang.invoke.LambdaMetafactory.metafactory(LambdaMetafactory.java:341) ~[?:?]
	at java.lang.invoke.BootstrapMethodInvoker.invoke(BootstrapMethodInvoker.java:134) ~[?:?]
	at java.lang.invoke.CallSite.makeSite(CallSite.java:315) ~[?:?]
	at java.lang.invoke.MethodHandleNatives.linkCallSiteImpl(MethodHandleNatives.java:281) ~[?:?]
	at java.lang.invoke.MethodHandleNatives.linkCallSite(MethodHandleNatives.java:271) ~[?:?]
	at com.obscuria.obscureapi.client.renderer.PatreonLayer$Mode.<clinit>(PatreonLayer.java:55) ~[obscure_api-15.jar%23334!/:com.obscuria]
	at com.obscuria.obscureapi.ObscureAPIConfig$Client.<clinit>(ObscureAPIConfig.java:28) ~[obscure_api-15.jar%23334!/:com.obscuria]
	at com.obscuria.obscureapi.ObscureAPIConfig.register(ObscureAPIConfig.java:46) ~[obscure_api-15.jar%23334!/:com.obscuria]
	at com.obscuria.obscureapi.ObscureAPI.<init>(ObscureAPI.java:69) ~[obscure_api-15.jar%23334!/:com.obscuria]
	at jdk.internal.reflect.NativeConstructorAccessorImpl.newInstance0(Native Method) ~[?:?]
	at jdk.internal.reflect.NativeConstructorAccessorImpl.newInstance(NativeConstructorAccessorImpl.java:77) ~[?:?]
	at jdk.internal.reflect.DelegatingConstructorAccessorImpl.newInstance(DelegatingConstructorAccessorImpl.java:45) ~[?:?]
	at java.lang.reflect.Constructor.newInstanceWithCaller(Constructor.java:500) ~[?:?]
	at java.lang.reflect.Constructor.newInstance(Constructor.java:481) ~[?:?]
	at net.minecraftforge.fml.javafmlmod.FMLModContainer.constructMod(FMLModContainer.java:70) ~[javafmllanguage-1.20.1-47.3.7.jar%23365!/:?]
	at net.minecraftforge.fml.ModContainer.lambda$buildTransitionHandler$4(ModContainer.java:124) ~[fmlcore-1.20.1-47.3.7.jar%23364!/:?]
	at java.util.concurrent.CompletableFuture$AsyncRun.run(CompletableFuture.java:1804) ~[?:?]
	at java.util.concurrent.CompletableFuture$AsyncRun.exec(CompletableFuture.java:1796) ~[?:?]
	at java.util.concurrent.ForkJoinTask.doExec(ForkJoinTask.java:373) ~[?:?]
	at java.util.concurrent.ForkJoinPool$WorkQueue.topLevelExec(ForkJoinPool.java:1182) ~[?:?]
	at java.util.concurrent.ForkJoinPool.scan(ForkJoinPool.java:1655) ~[?:?]
	at java.util.concurrent.ForkJoinPool.runWorker(ForkJoinPool.java:1622) ~[?:?]
	at java.util.concurrent.ForkJoinWorkerThread.run(ForkJoinWorkerThread.java:165) ~[?:?]
[11May2025 01:00:59.564] [modloading-worker-0/ERROR] [net.minecraftforge.fml.loading.RuntimeDistCleaner/DISTXFORM]: Attempted to load class com/obscuria/obscureapi/client/renderer/PatreonLayer for invalid dist DEDICATED_SERVER
[11May2025 01:00:59.702] [modloading-worker-0/INFO] [AutoMessage/]: Hello Forge world!
[11May2025 01:00:59.705] [modloading-worker-0/INFO] [AutoMessage/]: Hello from AutoMessage Common init on Forge! we are currently in a production environment!
[11May2025 01:00:59.705] [modloading-worker-0/INFO] [AutoMessage/]: The ID for diamonds is minecraft:diamond
[11May2025 01:00:59.706] [modloading-worker-0/INFO] [AutoMessage/]: Hello to AutoMessage
[11May2025 01:00:59.826] [modloading-worker-0/INFO] [net.minecraftforge.common.ForgeMod/FORGEMOD]: Forge mod loading, version 47.3.7, for MC 1.20.1 with MCP 20230612.114412
[11May2025 01:00:59.827] [modloading-worker-0/INFO] [net.minecraftforge.common.MinecraftForge/FORGE]: MinecraftForge v47.3.7 Initialized
[11May2025 01:00:59.831] [modloading-worker-0/INFO] [graveyard/]: Registered JSON trade offer adapter.
[11May2025 01:01:00.075] [modloading-worker-0/INFO] [necronomicon/]: Necronomicon Initialized
[11May2025 01:01:00.079] [modloading-worker-0/INFO] [necronomicon/]: File exists, reading config for elocindev.necronomicon.NecronomiconConfig.
[11May2025 01:01:00.086] [modloading-worker-0/INFO] [necronomicon/]: Config for elocindev.necronomicon.NecronomiconConfig read successfully.
[11May2025 01:01:00.088] [modloading-worker-0/INFO] [necronomicon/]: there is a brick about to fall through your roof at terminal velocity
[11May2025 01:01:00.097] [modloading-worker-0/INFO] [NoChatReports/]: KONNICHIWA ZA WARUDO!
[11May2025 01:01:00.097] [modloading-worker-0/INFO] [NoChatReports/]: Default JVM text encoding is: UTF-8
[11May2025 01:01:00.100] [modloading-worker-0/INFO] [NoChatReports/]: Reading config file NoChatReports/NCR-Common.json...
[11May2025 01:01:00.101] [modloading-worker-0/INFO] [NoChatReports/]: Writing config file NoChatReports/NCR-Common.json...
[11May2025 01:01:00.789] [modloading-worker-0/INFO] [de.keksuccino.fancymenu.FancyMenu/]: [FANCYMENU] Loading v3.3.2 in server-side mode on FORGE!
[11May2025 01:01:00.814] [modloading-worker-0/INFO] [Puzzles Lib/]: Constructing common components for bettertridents:main
[11May2025 01:01:00.971] [modloading-worker-0/WARN] [Visuality/]: Visuality is installed on a dedicated server, skip loading...
[11May2025 01:01:01.021] [modloading-worker-0/ERROR] [BadOptimizations/]: BadOptimizations is a client-only mod, this will have no effect on a server.
[11May2025 01:01:01.034] [modloading-worker-0/INFO] [Puzzles Lib/]: Constructing common components for puzzleslib:main
[11May2025 01:01:01.064] [modloading-worker-0/WARN] [de.keksuccino.loadmyresources.LoadMyResources/]: ## WARNING ## 'Load My Resources' is a client mod and has no effect when loaded on a server!
[11May2025 01:01:02.118] [main/INFO] [snownee.kiwi.Kiwi/INIT]: Module [snowrealmagic:core] initialized
[11May2025 01:01:02.120] [main/INFO] [snownee.kiwi.Kiwi/INIT]: 		block: 7, block_entity_type: 2, entity_type: 1, loot_pool_entry_type: 1
[11May2025 01:01:02.121] [main/INFO] [snownee.kiwi.Kiwi/INIT]: Module [kiwi:block_templates] initialized
[11May2025 01:01:02.121] [main/INFO] [snownee.kiwi.Kiwi/INIT]: Module [kiwi:block_components] initialized
[11May2025 01:01:02.122] [main/INFO] [snownee.kiwi.Kiwi/INIT]: Module [kiwi:data] initialized
[11May2025 01:01:02.122] [main/INFO] [snownee.kiwi.Kiwi/INIT]: 		recipe_serializer: 3
[11May2025 01:01:02.122] [main/INFO] [snownee.kiwi.Kiwi/INIT]: Module [kiwi:item_templates] initialized
[11May2025 01:01:03.120] [main/ERROR] [net.minecraftforge.fml.loading.RuntimeDistCleaner/DISTXFORM]: Attempted to load class com/mojang/blaze3d/vertex/PoseStack for invalid dist DEDICATED_SERVER
[11May2025 01:01:03.121] [main/WARN] [Radium Class Analysis/]: Radium Class Analysis Error: Class net.mehvahdjukaar.supplementaries.common.block.blocks.CannonBlock cannot be analysed, because getting declared methods crashes with RuntimeException: Attempted to load class com/mojang/blaze3d/vertex/PoseStack for invalid dist DEDICATED_SERVER. This is usually caused by modded entities declaring methods that have a return type or parameter type that is annotated with @OnlyIn(Dist.CLIENT). Loading the type is not possible, because it only exists in the CLIENT environment. The recommended fix is to annotate the method with this argument or return type with the same annotation. Lithium handles this error by assuming the class cannot be included in some optimizations.
[11May2025 01:01:03.121] [main/ERROR] [net.minecraftforge.fml.loading.RuntimeDistCleaner/DISTXFORM]: Attempted to load class com/mojang/blaze3d/vertex/PoseStack for invalid dist DEDICATED_SERVER
[11May2025 01:01:03.121] [main/WARN] [Radium Class Analysis/]: Radium Class Analysis Error: Class net.mehvahdjukaar.supplementaries.common.block.blocks.CannonBlock cannot be analysed, because getting declared methods crashes with RuntimeException: Attempted to load class com/mojang/blaze3d/vertex/PoseStack for invalid dist DEDICATED_SERVER. This is usually caused by modded entities declaring methods that have a return type or parameter type that is annotated with @OnlyIn(Dist.CLIENT). Loading the type is not possible, because it only exists in the CLIENT environment. The recommended fix is to annotate the method with this argument or return type with the same annotation. Lithium handles this error by assuming the class cannot be included in some optimizations.
[11May2025 01:01:03.895] [main/ERROR] [net.minecraftforge.eventbus.EventSubclassTransformer/EVENTBUS]: Could not find parent net/minecraft/client/particle/TextureSheetParticle for class com/cerbon/cerbons_api/api/general/particle/SimpleParticle in classloader cpw.mods.modlauncher.TransformingClassLoader@18cf5c52 on thread Thread[main,5,main]
[11May2025 01:01:03.895] [main/ERROR] [net.minecraftforge.eventbus.EventSubclassTransformer/EVENTBUS]: An error occurred building event handler
java.lang.ClassNotFoundException: net.minecraft.client.particle.TextureSheetParticle
	at cpw.mods.cl.ModuleClassLoader.loadClass(ModuleClassLoader.java:141) ~[securejarhandler-2.1.10.jar:?]
	at java.lang.ClassLoader.loadClass(ClassLoader.java:525) ~[?:?]
	at net.minecraftforge.eventbus.EventSubclassTransformer.buildEvents(EventSubclassTransformer.java:97) ~[eventbus-6.0.5.jar%2352!/:?]
	at net.minecraftforge.eventbus.EventSubclassTransformer.transform(EventSubclassTransformer.java:48) ~[eventbus-6.0.5.jar%2352!/:?]
	at net.minecraftforge.eventbus.EventBusEngine.processClass(EventBusEngine.java:26) ~[eventbus-6.0.5.jar%2352!/:?]
	at net.minecraftforge.eventbus.service.ModLauncherService.processClassWithFlags(ModLauncherService.java:32) ~[eventbus-6.0.5.jar%2352!/:6.0.5+6.0.5+master.eb8e549b]
	at cpw.mods.modlauncher.LaunchPluginHandler.offerClassNodeToPlugins(LaunchPluginHandler.java:88) ~[modlauncher-10.0.9.jar%2355!/:?]
	at cpw.mods.modlauncher.ClassTransformer.transform(ClassTransformer.java:120) ~[modlauncher-10.0.9.jar%2355!/:?]
	at cpw.mods.modlauncher.TransformingClassLoader.maybeTransformClassBytes(TransformingClassLoader.java:50) ~[modlauncher-10.0.9.jar%2355!/:?]
	at cpw.mods.cl.ModuleClassLoader.readerToClass(ModuleClassLoader.java:113) ~[securejarhandler-2.1.10.jar:?]
	at cpw.mods.cl.ModuleClassLoader.lambda$findClass$15(ModuleClassLoader.java:219) ~[securejarhandler-2.1.10.jar:?]
	at cpw.mods.cl.ModuleClassLoader.loadFromModule(ModuleClassLoader.java:229) ~[securejarhandler-2.1.10.jar:?]
	at cpw.mods.cl.ModuleClassLoader.findClass(ModuleClassLoader.java:219) ~[securejarhandler-2.1.10.jar:?]
	at cpw.mods.cl.ModuleClassLoader.loadClass(ModuleClassLoader.java:135) ~[securejarhandler-2.1.10.jar:?]
	at java.lang.ClassLoader.loadClass(ClassLoader.java:525) ~[?:?]
	at java.lang.Class.getDeclaredMethods0(Native Method) ~[?:?]
	at java.lang.Class.privateGetDeclaredMethods(Class.java:3402) ~[?:?]
	at java.lang.Class.getDeclaredMethod(Class.java:2673) ~[?:?]
	at me.jellysquid.mods.lithium.common.reflection.ReflectionUtil.hasMethodOverride(ReflectionUtil.java:13) ~[radium-mc1.20.1-0.12.4+git.26c9d8e.jar%23341!/:?]
	at me.jellysquid.mods.lithium.common.ai.pathing.BlockClassChecker.lambda$hasNonstandardImplementation$0(BlockClassChecker.java:30) ~[radium-mc1.20.1-0.12.4+git.26c9d8e.jar%23341!/:?]
	at java.util.concurrent.ConcurrentHashMap.computeIfAbsent(ConcurrentHashMap.java:1708) ~[?:?]
	at me.jellysquid.mods.lithium.common.ai.pathing.BlockClassChecker.shouldUseDynamicTypeCheck(BlockClassChecker.java:22) ~[radium-mc1.20.1-0.12.4+git.26c9d8e.jar%23341!/:?]
	at net.minecraft.world.level.block.Block.handler$bcc000$postConstruct(Block.java:2139) ~[server-1.20.1-20230612.114412-srg.jar%23363!/:?]
	at net.minecraft.world.level.block.Block.<init>(Block.java:181) ~[server-1.20.1-20230612.114412-srg.jar%23363!/:?]
	at com.cerbon.bosses_of_mass_destruction.block.custom.VoidBlossomBlock.<init>(VoidBlossomBlock.java:49) ~[BOMD-Forge-1.20.1-1.1.1.jar%23250!/:1.1.1]
	at com.cerbon.bosses_of_mass_destruction.block.BMDBlocks.lambda$static$2(BMDBlocks.java:24) ~[BOMD-Forge-1.20.1-1.1.1.jar%23250!/:1.1.1]
	at net.minecraftforge.registries.DeferredRegister.lambda$addEntries$1(DeferredRegister.java:386) ~[forge-1.20.1-47.3.7-universal.jar%23368!/:?]
	at net.minecraftforge.registries.RegisterEvent.register(RegisterEvent.java:59) ~[forge-1.20.1-47.3.7-universal.jar%23368!/:?]
	at net.minecraftforge.registries.DeferredRegister.addEntries(DeferredRegister.java:386) ~[forge-1.20.1-47.3.7-universal.jar%23368!/:?]
	at net.minecraftforge.registries.DeferredRegister$EventDispatcher.handleEvent(DeferredRegister.java:328) ~[forge-1.20.1-47.3.7-universal.jar%23368!/:?]
	at net.minecraftforge.registries.__EventDispatcher_handleEvent_RegisterEvent.invoke(.dynamic) ~[forge-1.20.1-47.3.7-universal.jar%23368!/:?]
	at net.minecraftforge.eventbus.ASMEventHandler.invoke(ASMEventHandler.java:73) ~[eventbus-6.0.5.jar%2352!/:?]
	at net.minecraftforge.eventbus.EventBus.post(EventBus.java:315) ~[eventbus-6.0.5.jar%2352!/:?]
	at net.minecraftforge.eventbus.EventBus.post(EventBus.java:296) ~[eventbus-6.0.5.jar%2352!/:?]
	at net.minecraftforge.fml.javafmlmod.FMLModContainer.acceptEvent(FMLModContainer.java:114) ~[javafmllanguage-1.20.1-47.3.7.jar%23365!/:?]
	at net.minecraftforge.fml.ModLoader.lambda$postEventWithWrapInModOrder$33(ModLoader.java:346) ~[fmlcore-1.20.1-47.3.7.jar%23364!/:?]
	at java.lang.Iterable.forEach(Iterable.java:75) ~[?:?]
	at net.minecraftforge.fml.ModList.forEachModInOrder(ModList.java:227) ~[fmlcore-1.20.1-47.3.7.jar%23364!/:?]
	at net.minecraftforge.fml.ModLoader.postEventWithWrapInModOrder(ModLoader.java:344) ~[fmlcore-1.20.1-47.3.7.jar%23364!/:?]
	at net.minecraftforge.fml.ModLoader.postEventWrapContainerInModOrder(ModLoader.java:337) ~[fmlcore-1.20.1-47.3.7.jar%23364!/:?]
	at net.minecraftforge.registries.GameData.postRegisterEvents(GameData.java:329) ~[forge-1.20.1-47.3.7-universal.jar%23368!/:?]
	at net.minecraftforge.common.ForgeStatesProvider.lambda$new$4(ForgeStatesProvider.java:25) ~[forge-1.20.1-47.3.7-universal.jar%23368!/:?]
	at net.minecraftforge.fml.ModLoader.handleInlineTransition(ModLoader.java:217) ~[fmlcore-1.20.1-47.3.7.jar%23364!/:?]
	at net.minecraftforge.fml.ModLoader.lambda$dispatchAndHandleError$19(ModLoader.java:209) ~[fmlcore-1.20.1-47.3.7.jar%23364!/:?]
	at java.util.Optional.ifPresent(Optional.java:178) ~[?:?]
	at net.minecraftforge.fml.ModLoader.dispatchAndHandleError(ModLoader.java:209) ~[fmlcore-1.20.1-47.3.7.jar%23364!/:?]
	at net.minecraftforge.fml.ModLoader.lambda$gatherAndInitializeMods$13(ModLoader.java:183) ~[fmlcore-1.20.1-47.3.7.jar%23364!/:?]
	at java.lang.Iterable.forEach(Iterable.java:75) ~[?:?]
	at net.minecraftforge.fml.ModLoader.gatherAndInitializeMods(ModLoader.java:183) ~[fmlcore-1.20.1-47.3.7.jar%23364!/:?]
	at net.minecraftforge.server.loading.ServerModLoader.load(ServerModLoader.java:30) ~[forge-1.20.1-47.3.7-universal.jar%23368!/:?]
	at net.minecraft.server.Main.main(Main.java:125) ~[server-1.20.1-20230612.114412-srg.jar%23363!/:?]
	at jdk.internal.reflect.NativeMethodAccessorImpl.invoke0(Native Method) ~[?:?]
	at jdk.internal.reflect.NativeMethodAccessorImpl.invoke(NativeMethodAccessorImpl.java:77) ~[?:?]
	at jdk.internal.reflect.DelegatingMethodAccessorImpl.invoke(DelegatingMethodAccessorImpl.java:43) ~[?:?]
	at java.lang.reflect.Method.invoke(Method.java:569) ~[?:?]
	at net.minecraftforge.fml.loading.targets.CommonLaunchHandler.runTarget(CommonLaunchHandler.java:111) ~[fmlloader-1.20.1-47.3.7.jar%2369!/:?]
	at net.minecraftforge.fml.loading.targets.CommonLaunchHandler.serverService(CommonLaunchHandler.java:103) ~[fmlloader-1.20.1-47.3.7.jar%2369!/:?]
	at net.minecraftforge.fml.loading.targets.CommonServerLaunchHandler.lambda$makeService$0(CommonServerLaunchHandler.java:27) ~[fmlloader-1.20.1-47.3.7.jar%2369!/:?]
	at cpw.mods.modlauncher.LaunchServiceHandlerDecorator.launch(LaunchServiceHandlerDecorator.java:30) ~[modlauncher-10.0.9.jar%2355!/:?]
	at cpw.mods.modlauncher.LaunchServiceHandler.launch(LaunchServiceHandler.java:53) ~[modlauncher-10.0.9.jar%2355!/:?]
	at cpw.mods.modlauncher.LaunchServiceHandler.launch(LaunchServiceHandler.java:71) ~[modlauncher-10.0.9.jar%2355!/:?]
	at cpw.mods.modlauncher.Launcher.run(Launcher.java:108) ~[modlauncher-10.0.9.jar%2355!/:?]
	at cpw.mods.modlauncher.Launcher.main(Launcher.java:78) ~[modlauncher-10.0.9.jar%2355!/:?]
	at cpw.mods.modlauncher.BootstrapLaunchConsumer.accept(BootstrapLaunchConsumer.java:26) ~[modlauncher-10.0.9.jar%2355!/:?]
	at cpw.mods.modlauncher.BootstrapLaunchConsumer.accept(BootstrapLaunchConsumer.java:23) ~[modlauncher-10.0.9.jar%2355!/:?]
	at cpw.mods.bootstraplauncher.BootstrapLauncher.main(BootstrapLauncher.java:141) ~[bootstraplauncher-1.1.2.jar:?]
[11May2025 01:01:03.898] [main/WARN] [Radium Class Analysis/]: Radium Class Analysis Error: Class com.cerbon.bosses_of_mass_destruction.block.custom.VoidBlossomBlock cannot be analysed, because getting declared methods crashes with NoClassDefFoundError: net/minecraft/client/particle/TextureSheetParticle. This is usually caused by modded entities declaring methods that have a return type or parameter type that is annotated with @OnlyIn(Dist.CLIENT). Loading the type is not possible, because it only exists in the CLIENT environment. The recommended fix is to annotate the method with this argument or return type with the same annotation. Lithium handles this error by assuming the class cannot be included in some optimizations.
[11May2025 01:01:03.899] [main/ERROR] [net.minecraftforge.eventbus.EventSubclassTransformer/EVENTBUS]: Could not find parent net/minecraft/client/particle/TextureSheetParticle for class com/cerbon/cerbons_api/api/general/particle/SimpleParticle in classloader cpw.mods.modlauncher.TransformingClassLoader@18cf5c52 on thread Thread[main,5,main]
[11May2025 01:01:03.899] [main/ERROR] [net.minecraftforge.eventbus.EventSubclassTransformer/EVENTBUS]: An error occurred building event handler
java.lang.ClassNotFoundException: net.minecraft.client.particle.TextureSheetParticle
	at cpw.mods.cl.ModuleClassLoader.loadClass(ModuleClassLoader.java:141) ~[securejarhandler-2.1.10.jar:?]
	at java.lang.ClassLoader.loadClass(ClassLoader.java:525) ~[?:?]
	at net.minecraftforge.eventbus.EventSubclassTransformer.buildEvents(EventSubclassTransformer.java:97) ~[eventbus-6.0.5.jar%2352!/:?]
	at net.minecraftforge.eventbus.EventSubclassTransformer.transform(EventSubclassTransformer.java:48) ~[eventbus-6.0.5.jar%2352!/:?]
	at net.minecraftforge.eventbus.EventBusEngine.processClass(EventBusEngine.java:26) ~[eventbus-6.0.5.jar%2352!/:?]
	at net.minecraftforge.eventbus.service.ModLauncherService.processClassWithFlags(ModLauncherService.java:32) ~[eventbus-6.0.5.jar%2352!/:6.0.5+6.0.5+master.eb8e549b]
	at cpw.mods.modlauncher.LaunchPluginHandler.offerClassNodeToPlugins(LaunchPluginHandler.java:88) ~[modlauncher-10.0.9.jar%2355!/:?]
	at cpw.mods.modlauncher.ClassTransformer.transform(ClassTransformer.java:120) ~[modlauncher-10.0.9.jar%2355!/:?]
	at cpw.mods.modlauncher.TransformingClassLoader.maybeTransformClassBytes(TransformingClassLoader.java:50) ~[modlauncher-10.0.9.jar%2355!/:?]
	at cpw.mods.cl.ModuleClassLoader.readerToClass(ModuleClassLoader.java:113) ~[securejarhandler-2.1.10.jar:?]
	at cpw.mods.cl.ModuleClassLoader.lambda$findClass$15(ModuleClassLoader.java:219) ~[securejarhandler-2.1.10.jar:?]
	at cpw.mods.cl.ModuleClassLoader.loadFromModule(ModuleClassLoader.java:229) ~[securejarhandler-2.1.10.jar:?]
	at cpw.mods.cl.ModuleClassLoader.findClass(ModuleClassLoader.java:219) ~[securejarhandler-2.1.10.jar:?]
	at cpw.mods.cl.ModuleClassLoader.loadClass(ModuleClassLoader.java:135) ~[securejarhandler-2.1.10.jar:?]
	at java.lang.ClassLoader.loadClass(ClassLoader.java:525) ~[?:?]
	at java.lang.Class.getDeclaredMethods0(Native Method) ~[?:?]
	at java.lang.Class.privateGetDeclaredMethods(Class.java:3402) ~[?:?]
	at java.lang.Class.getDeclaredMethod(Class.java:2673) ~[?:?]
	at me.jellysquid.mods.lithium.common.reflection.ReflectionUtil.hasMethodOverride(ReflectionUtil.java:13) ~[radium-mc1.20.1-0.12.4+git.26c9d8e.jar%23341!/:?]
	at me.jellysquid.mods.lithium.common.ai.pathing.BlockClassChecker.lambda$hasNonstandardImplementation$0(BlockClassChecker.java:30) ~[radium-mc1.20.1-0.12.4+git.26c9d8e.jar%23341!/:?]
	at java.util.concurrent.ConcurrentHashMap.computeIfAbsent(ConcurrentHashMap.java:1708) ~[?:?]
	at me.jellysquid.mods.lithium.common.ai.pathing.BlockClassChecker.shouldUseDynamicBurningCheck(BlockClassChecker.java:26) ~[radium-mc1.20.1-0.12.4+git.26c9d8e.jar%23341!/:?]
	at net.minecraft.world.level.block.Block.handler$bcc000$postConstruct(Block.java:2140) ~[server-1.20.1-20230612.114412-srg.jar%23363!/:?]
	at net.minecraft.world.level.block.Block.<init>(Block.java:181) ~[server-1.20.1-20230612.114412-srg.jar%23363!/:?]
	at com.cerbon.bosses_of_mass_destruction.block.custom.VoidBlossomBlock.<init>(VoidBlossomBlock.java:49) ~[BOMD-Forge-1.20.1-1.1.1.jar%23250!/:1.1.1]
	at com.cerbon.bosses_of_mass_destruction.block.BMDBlocks.lambda$static$2(BMDBlocks.java:24) ~[BOMD-Forge-1.20.1-1.1.1.jar%23250!/:1.1.1]
	at net.minecraftforge.registries.DeferredRegister.lambda$addEntries$1(DeferredRegister.java:386) ~[forge-1.20.1-47.3.7-universal.jar%23368!/:?]
	at net.minecraftforge.registries.RegisterEvent.register(RegisterEvent.java:59) ~[forge-1.20.1-47.3.7-universal.jar%23368!/:?]
	at net.minecraftforge.registries.DeferredRegister.addEntries(DeferredRegister.java:386) ~[forge-1.20.1-47.3.7-universal.jar%23368!/:?]
	at net.minecraftforge.registries.DeferredRegister$EventDispatcher.handleEvent(DeferredRegister.java:328) ~[forge-1.20.1-47.3.7-universal.jar%23368!/:?]
	at net.minecraftforge.registries.__EventDispatcher_handleEvent_RegisterEvent.invoke(.dynamic) ~[forge-1.20.1-47.3.7-universal.jar%23368!/:?]
	at net.minecraftforge.eventbus.ASMEventHandler.invoke(ASMEventHandler.java:73) ~[eventbus-6.0.5.jar%2352!/:?]
	at net.minecraftforge.eventbus.EventBus.post(EventBus.java:315) ~[eventbus-6.0.5.jar%2352!/:?]
	at net.minecraftforge.eventbus.EventBus.post(EventBus.java:296) ~[eventbus-6.0.5.jar%2352!/:?]
	at net.minecraftforge.fml.javafmlmod.FMLModContainer.acceptEvent(FMLModContainer.java:114) ~[javafmllanguage-1.20.1-47.3.7.jar%23365!/:?]
	at net.minecraftforge.fml.ModLoader.lambda$postEventWithWrapInModOrder$33(ModLoader.java:346) ~[fmlcore-1.20.1-47.3.7.jar%23364!/:?]
	at java.lang.Iterable.forEach(Iterable.java:75) ~[?:?]
	at net.minecraftforge.fml.ModList.forEachModInOrder(ModList.java:227) ~[fmlcore-1.20.1-47.3.7.jar%23364!/:?]
	at net.minecraftforge.fml.ModLoader.postEventWithWrapInModOrder(ModLoader.java:344) ~[fmlcore-1.20.1-47.3.7.jar%23364!/:?]
	at net.minecraftforge.fml.ModLoader.postEventWrapContainerInModOrder(ModLoader.java:337) ~[fmlcore-1.20.1-47.3.7.jar%23364!/:?]
	at net.minecraftforge.registries.GameData.postRegisterEvents(GameData.java:329) ~[forge-1.20.1-47.3.7-universal.jar%23368!/:?]
	at net.minecraftforge.common.ForgeStatesProvider.lambda$new$4(ForgeStatesProvider.java:25) ~[forge-1.20.1-47.3.7-universal.jar%23368!/:?]
	at net.minecraftforge.fml.ModLoader.handleInlineTransition(ModLoader.java:217) ~[fmlcore-1.20.1-47.3.7.jar%23364!/:?]
	at net.minecraftforge.fml.ModLoader.lambda$dispatchAndHandleError$19(ModLoader.java:209) ~[fmlcore-1.20.1-47.3.7.jar%23364!/:?]
	at java.util.Optional.ifPresent(Optional.java:178) ~[?:?]
	at net.minecraftforge.fml.ModLoader.dispatchAndHandleError(ModLoader.java:209) ~[fmlcore-1.20.1-47.3.7.jar%23364!/:?]
	at net.minecraftforge.fml.ModLoader.lambda$gatherAndInitializeMods$13(ModLoader.java:183) ~[fmlcore-1.20.1-47.3.7.jar%23364!/:?]
	at java.lang.Iterable.forEach(Iterable.java:75) ~[?:?]
	at net.minecraftforge.fml.ModLoader.gatherAndInitializeMods(ModLoader.java:183) ~[fmlcore-1.20.1-47.3.7.jar%23364!/:?]
	at net.minecraftforge.server.loading.ServerModLoader.load(ServerModLoader.java:30) ~[forge-1.20.1-47.3.7-universal.jar%23368!/:?]
	at net.minecraft.server.Main.main(Main.java:125) ~[server-1.20.1-20230612.114412-srg.jar%23363!/:?]
	at jdk.internal.reflect.NativeMethodAccessorImpl.invoke0(Native Method) ~[?:?]
	at jdk.internal.reflect.NativeMethodAccessorImpl.invoke(NativeMethodAccessorImpl.java:77) ~[?:?]
	at jdk.internal.reflect.DelegatingMethodAccessorImpl.invoke(DelegatingMethodAccessorImpl.java:43) ~[?:?]
	at java.lang.reflect.Method.invoke(Method.java:569) ~[?:?]
	at net.minecraftforge.fml.loading.targets.CommonLaunchHandler.runTarget(CommonLaunchHandler.java:111) ~[fmlloader-1.20.1-47.3.7.jar%2369!/:?]
	at net.minecraftforge.fml.loading.targets.CommonLaunchHandler.serverService(CommonLaunchHandler.java:103) ~[fmlloader-1.20.1-47.3.7.jar%2369!/:?]
	at net.minecraftforge.fml.loading.targets.CommonServerLaunchHandler.lambda$makeService$0(CommonServerLaunchHandler.java:27) ~[fmlloader-1.20.1-47.3.7.jar%2369!/:?]
	at cpw.mods.modlauncher.LaunchServiceHandlerDecorator.launch(LaunchServiceHandlerDecorator.java:30) ~[modlauncher-10.0.9.jar%2355!/:?]
	at cpw.mods.modlauncher.LaunchServiceHandler.launch(LaunchServiceHandler.java:53) ~[modlauncher-10.0.9.jar%2355!/:?]
	at cpw.mods.modlauncher.LaunchServiceHandler.launch(LaunchServiceHandler.java:71) ~[modlauncher-10.0.9.jar%2355!/:?]
	at cpw.mods.modlauncher.Launcher.run(Launcher.java:108) ~[modlauncher-10.0.9.jar%2355!/:?]
	at cpw.mods.modlauncher.Launcher.main(Launcher.java:78) ~[modlauncher-10.0.9.jar%2355!/:?]
	at cpw.mods.modlauncher.BootstrapLaunchConsumer.accept(BootstrapLaunchConsumer.java:26) ~[modlauncher-10.0.9.jar%2355!/:?]
	at cpw.mods.modlauncher.BootstrapLaunchConsumer.accept(BootstrapLaunchConsumer.java:23) ~[modlauncher-10.0.9.jar%2355!/:?]
	at cpw.mods.bootstraplauncher.BootstrapLauncher.main(BootstrapLauncher.java:141) ~[bootstraplauncher-1.1.2.jar:?]
[11May2025 01:01:03.901] [main/WARN] [Radium Class Analysis/]: Radium Class Analysis Error: Class com.cerbon.bosses_of_mass_destruction.block.custom.VoidBlossomBlock cannot be analysed, because getting declared methods crashes with NoClassDefFoundError: net/minecraft/client/particle/TextureSheetParticle. This is usually caused by modded entities declaring methods that have a return type or parameter type that is annotated with @OnlyIn(Dist.CLIENT). Loading the type is not possible, because it only exists in the CLIENT environment. The recommended fix is to annotate the method with this argument or return type with the same annotation. Lithium handles this error by assuming the class cannot be included in some optimizations.
[11May2025 01:01:03.906] [main/ERROR] [net.minecraftforge.eventbus.EventSubclassTransformer/EVENTBUS]: Could not find parent net/minecraft/client/particle/TextureSheetParticle for class com/cerbon/cerbons_api/api/general/particle/SimpleParticle in classloader cpw.mods.modlauncher.TransformingClassLoader@18cf5c52 on thread Thread[main,5,main]
[11May2025 01:01:03.907] [main/ERROR] [net.minecraftforge.eventbus.EventSubclassTransformer/EVENTBUS]: An error occurred building event handler
java.lang.ClassNotFoundException: net.minecraft.client.particle.TextureSheetParticle
	at cpw.mods.cl.ModuleClassLoader.loadClass(ModuleClassLoader.java:141) ~[securejarhandler-2.1.10.jar:?]
	at java.lang.ClassLoader.loadClass(ClassLoader.java:525) ~[?:?]
	at net.minecraftforge.eventbus.EventSubclassTransformer.buildEvents(EventSubclassTransformer.java:97) ~[eventbus-6.0.5.jar%2352!/:?]
	at net.minecraftforge.eventbus.EventSubclassTransformer.transform(EventSubclassTransformer.java:48) ~[eventbus-6.0.5.jar%2352!/:?]
	at net.minecraftforge.eventbus.EventBusEngine.processClass(EventBusEngine.java:26) ~[eventbus-6.0.5.jar%2352!/:?]
	at net.minecraftforge.eventbus.service.ModLauncherService.processClassWithFlags(ModLauncherService.java:32) ~[eventbus-6.0.5.jar%2352!/:6.0.5+6.0.5+master.eb8e549b]
	at cpw.mods.modlauncher.LaunchPluginHandler.offerClassNodeToPlugins(LaunchPluginHandler.java:88) ~[modlauncher-10.0.9.jar%2355!/:?]
	at cpw.mods.modlauncher.ClassTransformer.transform(ClassTransformer.java:120) ~[modlauncher-10.0.9.jar%2355!/:?]
	at cpw.mods.modlauncher.TransformingClassLoader.maybeTransformClassBytes(TransformingClassLoader.java:50) ~[modlauncher-10.0.9.jar%2355!/:?]
	at cpw.mods.cl.ModuleClassLoader.readerToClass(ModuleClassLoader.java:113) ~[securejarhandler-2.1.10.jar:?]
	at cpw.mods.cl.ModuleClassLoader.lambda$findClass$15(ModuleClassLoader.java:219) ~[securejarhandler-2.1.10.jar:?]
	at cpw.mods.cl.ModuleClassLoader.loadFromModule(ModuleClassLoader.java:229) ~[securejarhandler-2.1.10.jar:?]
	at cpw.mods.cl.ModuleClassLoader.findClass(ModuleClassLoader.java:219) ~[securejarhandler-2.1.10.jar:?]
	at cpw.mods.cl.ModuleClassLoader.loadClass(ModuleClassLoader.java:135) ~[securejarhandler-2.1.10.jar:?]
	at java.lang.ClassLoader.loadClass(ClassLoader.java:525) ~[?:?]
	at java.lang.Class.getDeclaredMethods0(Native Method) ~[?:?]
	at java.lang.Class.privateGetDeclaredMethods(Class.java:3402) ~[?:?]
	at java.lang.Class.getDeclaredMethod(Class.java:2673) ~[?:?]
	at me.jellysquid.mods.lithium.common.reflection.ReflectionUtil.hasMethodOverride(ReflectionUtil.java:13) ~[radium-mc1.20.1-0.12.4+git.26c9d8e.jar%23341!/:?]
	at me.jellysquid.mods.lithium.common.ai.pathing.BlockClassChecker.lambda$hasNonstandardImplementation$0(BlockClassChecker.java:30) ~[radium-mc1.20.1-0.12.4+git.26c9d8e.jar%23341!/:?]
	at java.util.concurrent.ConcurrentHashMap.computeIfAbsent(ConcurrentHashMap.java:1708) ~[?:?]
	at me.jellysquid.mods.lithium.common.ai.pathing.BlockClassChecker.shouldUseDynamicTypeCheck(BlockClassChecker.java:22) ~[radium-mc1.20.1-0.12.4+git.26c9d8e.jar%23341!/:?]
	at net.minecraft.world.level.block.Block.handler$bcc000$postConstruct(Block.java:2139) ~[server-1.20.1-20230612.114412-srg.jar%23363!/:?]
	at net.minecraft.world.level.block.Block.<init>(Block.java:181) ~[server-1.20.1-20230612.114412-srg.jar%23363!/:?]
	at net.minecraft.world.level.block.BaseEntityBlock.<init>(BaseEntityBlock.java:15) ~[server-1.20.1-20230612.114412-srg.jar%23363!/:?]
	at com.cerbon.bosses_of_mass_destruction.block.custom.MobWardBlock.<init>(MobWardBlock.java:45) ~[BOMD-Forge-1.20.1-1.1.1.jar%23250!/:1.1.1]
	at com.cerbon.bosses_of_mass_destruction.block.BMDBlocks.lambda$static$10(BMDBlocks.java:42) ~[BOMD-Forge-1.20.1-1.1.1.jar%23250!/:1.1.1]
	at net.minecraftforge.registries.DeferredRegister.lambda$addEntries$1(DeferredRegister.java:386) ~[forge-1.20.1-47.3.7-universal.jar%23368!/:?]
	at net.minecraftforge.registries.RegisterEvent.register(RegisterEvent.java:59) ~[forge-1.20.1-47.3.7-universal.jar%23368!/:?]
	at net.minecraftforge.registries.DeferredRegister.addEntries(DeferredRegister.java:386) ~[forge-1.20.1-47.3.7-universal.jar%23368!/:?]
	at net.minecraftforge.registries.DeferredRegister$EventDispatcher.handleEvent(DeferredRegister.java:328) ~[forge-1.20.1-47.3.7-universal.jar%23368!/:?]
	at net.minecraftforge.registries.__EventDispatcher_handleEvent_RegisterEvent.invoke(.dynamic) ~[forge-1.20.1-47.3.7-universal.jar%23368!/:?]
	at net.minecraftforge.eventbus.ASMEventHandler.invoke(ASMEventHandler.java:73) ~[eventbus-6.0.5.jar%2352!/:?]
	at net.minecraftforge.eventbus.EventBus.post(EventBus.java:315) ~[eventbus-6.0.5.jar%2352!/:?]
	at net.minecraftforge.eventbus.EventBus.post(EventBus.java:296) ~[eventbus-6.0.5.jar%2352!/:?]
	at net.minecraftforge.fml.javafmlmod.FMLModContainer.acceptEvent(FMLModContainer.java:114) ~[javafmllanguage-1.20.1-47.3.7.jar%23365!/:?]
	at net.minecraftforge.fml.ModLoader.lambda$postEventWithWrapInModOrder$33(ModLoader.java:346) ~[fmlcore-1.20.1-47.3.7.jar%23364!/:?]
	at java.lang.Iterable.forEach(Iterable.java:75) ~[?:?]
	at net.minecraftforge.fml.ModList.forEachModInOrder(ModList.java:227) ~[fmlcore-1.20.1-47.3.7.jar%23364!/:?]
	at net.minecraftforge.fml.ModLoader.postEventWithWrapInModOrder(ModLoader.java:344) ~[fmlcore-1.20.1-47.3.7.jar%23364!/:?]
	at net.minecraftforge.fml.ModLoader.postEventWrapContainerInModOrder(ModLoader.java:337) ~[fmlcore-1.20.1-47.3.7.jar%23364!/:?]
	at net.minecraftforge.registries.GameData.postRegisterEvents(GameData.java:329) ~[forge-1.20.1-47.3.7-universal.jar%23368!/:?]
	at net.minecraftforge.common.ForgeStatesProvider.lambda$new$4(ForgeStatesProvider.java:25) ~[forge-1.20.1-47.3.7-universal.jar%23368!/:?]
	at net.minecraftforge.fml.ModLoader.handleInlineTransition(ModLoader.java:217) ~[fmlcore-1.20.1-47.3.7.jar%23364!/:?]
	at net.minecraftforge.fml.ModLoader.lambda$dispatchAndHandleError$19(ModLoader.java:209) ~[fmlcore-1.20.1-47.3.7.jar%23364!/:?]
	at java.util.Optional.ifPresent(Optional.java:178) ~[?:?]
	at net.minecraftforge.fml.ModLoader.dispatchAndHandleError(ModLoader.java:209) ~[fmlcore-1.20.1-47.3.7.jar%23364!/:?]
	at net.minecraftforge.fml.ModLoader.lambda$gatherAndInitializeMods$13(ModLoader.java:183) ~[fmlcore-1.20.1-47.3.7.jar%23364!/:?]
	at java.lang.Iterable.forEach(Iterable.java:75) ~[?:?]
	at net.minecraftforge.fml.ModLoader.gatherAndInitializeMods(ModLoader.java:183) ~[fmlcore-1.20.1-47.3.7.jar%23364!/:?]
	at net.minecraftforge.server.loading.ServerModLoader.load(ServerModLoader.java:30) ~[forge-1.20.1-47.3.7-universal.jar%23368!/:?]
	at net.minecraft.server.Main.main(Main.java:125) ~[server-1.20.1-20230612.114412-srg.jar%23363!/:?]
	at jdk.internal.reflect.NativeMethodAccessorImpl.invoke0(Native Method) ~[?:?]
	at jdk.internal.reflect.NativeMethodAccessorImpl.invoke(NativeMethodAccessorImpl.java:77) ~[?:?]
	at jdk.internal.reflect.DelegatingMethodAccessorImpl.invoke(DelegatingMethodAccessorImpl.java:43) ~[?:?]
	at java.lang.reflect.Method.invoke(Method.java:569) ~[?:?]
	at net.minecraftforge.fml.loading.targets.CommonLaunchHandler.runTarget(CommonLaunchHandler.java:111) ~[fmlloader-1.20.1-47.3.7.jar%2369!/:?]
	at net.minecraftforge.fml.loading.targets.CommonLaunchHandler.serverService(CommonLaunchHandler.java:103) ~[fmlloader-1.20.1-47.3.7.jar%2369!/:?]
	at net.minecraftforge.fml.loading.targets.CommonServerLaunchHandler.lambda$makeService$0(CommonServerLaunchHandler.java:27) ~[fmlloader-1.20.1-47.3.7.jar%2369!/:?]
	at cpw.mods.modlauncher.LaunchServiceHandlerDecorator.launch(LaunchServiceHandlerDecorator.java:30) ~[modlauncher-10.0.9.jar%2355!/:?]
	at cpw.mods.modlauncher.LaunchServiceHandler.launch(LaunchServiceHandler.java:53) ~[modlauncher-10.0.9.jar%2355!/:?]
	at cpw.mods.modlauncher.LaunchServiceHandler.launch(LaunchServiceHandler.java:71) ~[modlauncher-10.0.9.jar%2355!/:?]
	at cpw.mods.modlauncher.Launcher.run(Launcher.java:108) ~[modlauncher-10.0.9.jar%2355!/:?]
	at cpw.mods.modlauncher.Launcher.main(Launcher.java:78) ~[modlauncher-10.0.9.jar%2355!/:?]
	at cpw.mods.modlauncher.BootstrapLaunchConsumer.accept(BootstrapLaunchConsumer.java:26) ~[modlauncher-10.0.9.jar%2355!/:?]
	at cpw.mods.modlauncher.BootstrapLaunchConsumer.accept(BootstrapLaunchConsumer.java:23) ~[modlauncher-10.0.9.jar%2355!/:?]
	at cpw.mods.bootstraplauncher.BootstrapLauncher.main(BootstrapLauncher.java:141) ~[bootstraplauncher-1.1.2.jar:?]
[11May2025 01:01:03.910] [main/WARN] [Radium Class Analysis/]: Radium Class Analysis Error: Class com.cerbon.bosses_of_mass_destruction.block.custom.MobWardBlock cannot be analysed, because getting declared methods crashes with NoClassDefFoundError: net/minecraft/client/particle/TextureSheetParticle. This is usually caused by modded entities declaring methods that have a return type or parameter type that is annotated with @OnlyIn(Dist.CLIENT). Loading the type is not possible, because it only exists in the CLIENT environment. The recommended fix is to annotate the method with this argument or return type with the same annotation. Lithium handles this error by assuming the class cannot be included in some optimizations.
[11May2025 01:01:03.911] [main/ERROR] [net.minecraftforge.eventbus.EventSubclassTransformer/EVENTBUS]: Could not find parent net/minecraft/client/particle/TextureSheetParticle for class com/cerbon/cerbons_api/api/general/particle/SimpleParticle in classloader cpw.mods.modlauncher.TransformingClassLoader@18cf5c52 on thread Thread[main,5,main]
[11May2025 01:01:03.912] [main/ERROR] [net.minecraftforge.eventbus.EventSubclassTransformer/EVENTBUS]: An error occurred building event handler
java.lang.ClassNotFoundException: net.minecraft.client.particle.TextureSheetParticle
	at cpw.mods.cl.ModuleClassLoader.loadClass(ModuleClassLoader.java:141) ~[securejarhandler-2.1.10.jar:?]
	at java.lang.ClassLoader.loadClass(ClassLoader.java:525) ~[?:?]
	at net.minecraftforge.eventbus.EventSubclassTransformer.buildEvents(EventSubclassTransformer.java:97) ~[eventbus-6.0.5.jar%2352!/:?]
	at net.minecraftforge.eventbus.EventSubclassTransformer.transform(EventSubclassTransformer.java:48) ~[eventbus-6.0.5.jar%2352!/:?]
	at net.minecraftforge.eventbus.EventBusEngine.processClass(EventBusEngine.java:26) ~[eventbus-6.0.5.jar%2352!/:?]
	at net.minecraftforge.eventbus.service.ModLauncherService.processClassWithFlags(ModLauncherService.java:32) ~[eventbus-6.0.5.jar%2352!/:6.0.5+6.0.5+master.eb8e549b]
	at cpw.mods.modlauncher.LaunchPluginHandler.offerClassNodeToPlugins(LaunchPluginHandler.java:88) ~[modlauncher-10.0.9.jar%2355!/:?]
	at cpw.mods.modlauncher.ClassTransformer.transform(ClassTransformer.java:120) ~[modlauncher-10.0.9.jar%2355!/:?]
	at cpw.mods.modlauncher.TransformingClassLoader.maybeTransformClassBytes(TransformingClassLoader.java:50) ~[modlauncher-10.0.9.jar%2355!/:?]
	at cpw.mods.cl.ModuleClassLoader.readerToClass(ModuleClassLoader.java:113) ~[securejarhandler-2.1.10.jar:?]
	at cpw.mods.cl.ModuleClassLoader.lambda$findClass$15(ModuleClassLoader.java:219) ~[securejarhandler-2.1.10.jar:?]
	at cpw.mods.cl.ModuleClassLoader.loadFromModule(ModuleClassLoader.java:229) ~[securejarhandler-2.1.10.jar:?]
	at cpw.mods.cl.ModuleClassLoader.findClass(ModuleClassLoader.java:219) ~[securejarhandler-2.1.10.jar:?]
	at cpw.mods.cl.ModuleClassLoader.loadClass(ModuleClassLoader.java:135) ~[securejarhandler-2.1.10.jar:?]
	at java.lang.ClassLoader.loadClass(ClassLoader.java:525) ~[?:?]
	at java.lang.Class.getDeclaredMethods0(Native Method) ~[?:?]
	at java.lang.Class.privateGetDeclaredMethods(Class.java:3402) ~[?:?]
	at java.lang.Class.getDeclaredMethod(Class.java:2673) ~[?:?]
	at me.jellysquid.mods.lithium.common.reflection.ReflectionUtil.hasMethodOverride(ReflectionUtil.java:13) ~[radium-mc1.20.1-0.12.4+git.26c9d8e.jar%23341!/:?]
	at me.jellysquid.mods.lithium.common.ai.pathing.BlockClassChecker.lambda$hasNonstandardImplementation$0(BlockClassChecker.java:30) ~[radium-mc1.20.1-0.12.4+git.26c9d8e.jar%23341!/:?]
	at java.util.concurrent.ConcurrentHashMap.computeIfAbsent(ConcurrentHashMap.java:1708) ~[?:?]
	at me.jellysquid.mods.lithium.common.ai.pathing.BlockClassChecker.shouldUseDynamicBurningCheck(BlockClassChecker.java:26) ~[radium-mc1.20.1-0.12.4+git.26c9d8e.jar%23341!/:?]
	at net.minecraft.world.level.block.Block.handler$bcc000$postConstruct(Block.java:2140) ~[server-1.20.1-20230612.114412-srg.jar%23363!/:?]
	at net.minecraft.world.level.block.Block.<init>(Block.java:181) ~[server-1.20.1-20230612.114412-srg.jar%23363!/:?]
	at net.minecraft.world.level.block.BaseEntityBlock.<init>(BaseEntityBlock.java:15) ~[server-1.20.1-20230612.114412-srg.jar%23363!/:?]
	at com.cerbon.bosses_of_mass_destruction.block.custom.MobWardBlock.<init>(MobWardBlock.java:45) ~[BOMD-Forge-1.20.1-1.1.1.jar%23250!/:1.1.1]
	at com.cerbon.bosses_of_mass_destruction.block.BMDBlocks.lambda$static$10(BMDBlocks.java:42) ~[BOMD-Forge-1.20.1-1.1.1.jar%23250!/:1.1.1]
	at net.minecraftforge.registries.DeferredRegister.lambda$addEntries$1(DeferredRegister.java:386) ~[forge-1.20.1-47.3.7-universal.jar%23368!/:?]
	at net.minecraftforge.registries.RegisterEvent.register(RegisterEvent.java:59) ~[forge-1.20.1-47.3.7-universal.jar%23368!/:?]
	at net.minecraftforge.registries.DeferredRegister.addEntries(DeferredRegister.java:386) ~[forge-1.20.1-47.3.7-universal.jar%23368!/:?]
	at net.minecraftforge.registries.DeferredRegister$EventDispatcher.handleEvent(DeferredRegister.java:328) ~[forge-1.20.1-47.3.7-universal.jar%23368!/:?]
	at net.minecraftforge.registries.__EventDispatcher_handleEvent_RegisterEvent.invoke(.dynamic) ~[forge-1.20.1-47.3.7-universal.jar%23368!/:?]
	at net.minecraftforge.eventbus.ASMEventHandler.invoke(ASMEventHandler.java:73) ~[eventbus-6.0.5.jar%2352!/:?]
	at net.minecraftforge.eventbus.EventBus.post(EventBus.java:315) ~[eventbus-6.0.5.jar%2352!/:?]
	at net.minecraftforge.eventbus.EventBus.post(EventBus.java:296) ~[eventbus-6.0.5.jar%2352!/:?]
	at net.minecraftforge.fml.javafmlmod.FMLModContainer.acceptEvent(FMLModContainer.java:114) ~[javafmllanguage-1.20.1-47.3.7.jar%23365!/:?]
	at net.minecraftforge.fml.ModLoader.lambda$postEventWithWrapInModOrder$33(ModLoader.java:346) ~[fmlcore-1.20.1-47.3.7.jar%23364!/:?]
	at java.lang.Iterable.forEach(Iterable.java:75) ~[?:?]
	at net.minecraftforge.fml.ModList.forEachModInOrder(ModList.java:227) ~[fmlcore-1.20.1-47.3.7.jar%23364!/:?]
	at net.minecraftforge.fml.ModLoader.postEventWithWrapInModOrder(ModLoader.java:344) ~[fmlcore-1.20.1-47.3.7.jar%23364!/:?]
	at net.minecraftforge.fml.ModLoader.postEventWrapContainerInModOrder(ModLoader.java:337) ~[fmlcore-1.20.1-47.3.7.jar%23364!/:?]
	at net.minecraftforge.registries.GameData.postRegisterEvents(GameData.java:329) ~[forge-1.20.1-47.3.7-universal.jar%23368!/:?]
	at net.minecraftforge.common.ForgeStatesProvider.lambda$new$4(ForgeStatesProvider.java:25) ~[forge-1.20.1-47.3.7-universal.jar%23368!/:?]
	at net.minecraftforge.fml.ModLoader.handleInlineTransition(ModLoader.java:217) ~[fmlcore-1.20.1-47.3.7.jar%23364!/:?]
	at net.minecraftforge.fml.ModLoader.lambda$dispatchAndHandleError$19(ModLoader.java:209) ~[fmlcore-1.20.1-47.3.7.jar%23364!/:?]
	at java.util.Optional.ifPresent(Optional.java:178) ~[?:?]
	at net.minecraftforge.fml.ModLoader.dispatchAndHandleError(ModLoader.java:209) ~[fmlcore-1.20.1-47.3.7.jar%23364!/:?]
	at net.minecraftforge.fml.ModLoader.lambda$gatherAndInitializeMods$13(ModLoader.java:183) ~[fmlcore-1.20.1-47.3.7.jar%23364!/:?]
	at java.lang.Iterable.forEach(Iterable.java:75) ~[?:?]
	at net.minecraftforge.fml.ModLoader.gatherAndInitializeMods(ModLoader.java:183) ~[fmlcore-1.20.1-47.3.7.jar%23364!/:?]
	at net.minecraftforge.server.loading.ServerModLoader.load(ServerModLoader.java:30) ~[forge-1.20.1-47.3.7-universal.jar%23368!/:?]
	at net.minecraft.server.Main.main(Main.java:125) ~[server-1.20.1-20230612.114412-srg.jar%23363!/:?]
	at jdk.internal.reflect.NativeMethodAccessorImpl.invoke0(Native Method) ~[?:?]
	at jdk.internal.reflect.NativeMethodAccessorImpl.invoke(NativeMethodAccessorImpl.java:77) ~[?:?]
	at jdk.internal.reflect.DelegatingMethodAccessorImpl.invoke(DelegatingMethodAccessorImpl.java:43) ~[?:?]
	at java.lang.reflect.Method.invoke(Method.java:569) ~[?:?]
	at net.minecraftforge.fml.loading.targets.CommonLaunchHandler.runTarget(CommonLaunchHandler.java:111) ~[fmlloader-1.20.1-47.3.7.jar%2369!/:?]
	at net.minecraftforge.fml.loading.targets.CommonLaunchHandler.serverService(CommonLaunchHandler.java:103) ~[fmlloader-1.20.1-47.3.7.jar%2369!/:?]
	at net.minecraftforge.fml.loading.targets.CommonServerLaunchHandler.lambda$makeService$0(CommonServerLaunchHandler.java:27) ~[fmlloader-1.20.1-47.3.7.jar%2369!/:?]
	at cpw.mods.modlauncher.LaunchServiceHandlerDecorator.launch(LaunchServiceHandlerDecorator.java:30) ~[modlauncher-10.0.9.jar%2355!/:?]
	at cpw.mods.modlauncher.LaunchServiceHandler.launch(LaunchServiceHandler.java:53) ~[modlauncher-10.0.9.jar%2355!/:?]
	at cpw.mods.modlauncher.LaunchServiceHandler.launch(LaunchServiceHandler.java:71) ~[modlauncher-10.0.9.jar%2355!/:?]
	at cpw.mods.modlauncher.Launcher.run(Launcher.java:108) ~[modlauncher-10.0.9.jar%2355!/:?]
	at cpw.mods.modlauncher.Launcher.main(Launcher.java:78) ~[modlauncher-10.0.9.jar%2355!/:?]
	at cpw.mods.modlauncher.BootstrapLaunchConsumer.accept(BootstrapLaunchConsumer.java:26) ~[modlauncher-10.0.9.jar%2355!/:?]
	at cpw.mods.modlauncher.BootstrapLaunchConsumer.accept(BootstrapLaunchConsumer.java:23) ~[modlauncher-10.0.9.jar%2355!/:?]
	at cpw.mods.bootstraplauncher.BootstrapLauncher.main(BootstrapLauncher.java:141) ~[bootstraplauncher-1.1.2.jar:?]
[11May2025 01:01:03.915] [main/WARN] [Radium Class Analysis/]: Radium Class Analysis Error: Class com.cerbon.bosses_of_mass_destruction.block.custom.MobWardBlock cannot be analysed, because getting declared methods crashes with NoClassDefFoundError: net/minecraft/client/particle/TextureSheetParticle. This is usually caused by modded entities declaring methods that have a return type or parameter type that is annotated with @OnlyIn(Dist.CLIENT). Loading the type is not possible, because it only exists in the CLIENT environment. The recommended fix is to annotate the method with this argument or return type with the same annotation. Lithium handles this error by assuming the class cannot be included in some optimizations.
[11May2025 01:01:04.591] [main/INFO] [Moonlight/]: Initialized block sets in 22ms
[11May2025 01:01:06.535] [main/WARN] [net.minecraft.network.syncher.SynchedEntityData/]: defineId called for: class net.mcreator.borninchaosv.entity.BabySpiderEntity from class net.mcreator.borninchaosv.entity.MotherSpiderEntity
[11May2025 01:01:06.546] [main/WARN] [net.minecraft.network.syncher.SynchedEntityData/]: defineId called for: class com.github.alexmodguy.alexscaves.server.entity.living.TremorzillaEntity from class com.github.alexmodguy.alexscaves.server.entity.living.LicowitchEntity
[11May2025 01:01:07.024] [main/INFO] [Puzzles Lib/]: Loading common config for mutantmonsters
[11May2025 01:01:07.062] [main/INFO] [Puzzles Lib/]: Loading common config for bettertridents
[11May2025 01:01:07.218] [modloading-worker-0/INFO] [com.gpumemleakfix.Gpumemleakfix/]: gpumemleakfix mod initialized
[11May2025 01:01:07.218] [modloading-worker-0/INFO] [com.structureessentials.StructureEssentials/]: structureessentials mod initialized
[11May2025 01:01:07.217] [modloading-worker-0/INFO] [com.connectivity.Connectivity/]: Connectivity initialized
[11May2025 01:01:07.255] [Thread-0/INFO] [ModernFix/]: Please use /mfsrc to reload any changed mod config files
[11May2025 01:01:07.321] [modloading-worker-0/INFO] [me.steinborn.krypton.mod.shared.Krypton/]: Compression will use libdeflate (Linux x86_64), encryption will use OpenSSL 1.1.x (Linux x86_64)
[11May2025 01:01:07.367] [modloading-worker-0/INFO] [voicechat/]: [voicechat] Compatibility version 18
[11May2025 01:01:07.383] [modloading-worker-0/INFO] [studio.lunareclipse.watching.Init/]: From The Fog Loaded Successfully!
[11May2025 01:01:07.396] [Forge Version Check/INFO] [net.minecraftforge.fml.VersionChecker/]: [easyanvils] Starting version check at https://raw.githubusercontent.com/Fuzss/modresources/main/update/easyanvils.json
[11May2025 01:01:07.423] [modloading-worker-0/INFO] [com.chunksending.ChunkSending/]: chunksending mod initialized
[11May2025 01:01:07.450] [modloading-worker-0/INFO] [voicechat/]: [voicechat] Loading plugins
[11May2025 01:01:07.460] [modloading-worker-0/INFO] [voicechat/]: [voicechat] Loaded 0 plugin(s)
[11May2025 01:01:07.461] [modloading-worker-0/INFO] [voicechat/]: [voicechat] Initializing plugins
[11May2025 01:01:07.461] [modloading-worker-0/INFO] [voicechat/]: [voicechat] Initialized 0 plugin(s)
[11May2025 01:01:07.484] [main/INFO] [ribbits/]: Registering Ribbit umbrella types...
[11May2025 01:01:07.484] [main/INFO] [ribbits/]: Registering Ribbit professions...
[11May2025 01:01:07.485] [main/INFO] [ribbits/]: Registering Ribbit instruments...
[11May2025 01:01:07.486] [main/INFO] [ribbits/]: Registering Ribbit data serializers...
[11May2025 01:01:07.513] [main/INFO] [Supplementaries/]: Finished mod setup in: [0, 2, 0, 0, 0, 0, 11, 5, 1] ms
[11May2025 01:01:07.562] [Forge Version Check/INFO] [net.minecraftforge.fml.VersionChecker/]: [easyanvils] Found status: UP_TO_DATE Current: 8.0.2 Target: null
[11May2025 01:01:07.562] [Forge Version Check/INFO] [net.minecraftforge.fml.VersionChecker/]: [controlling] Starting version check at https://updates.blamejared.com/get?n=controlling&gv=1.20.1
[11May2025 01:01:07.597] [main/INFO] [Framework/SYNCED_ENTITY_DATA]: Registered synced data key refurbished_furniture:lock_yaw for refurbished_furniture:seat
[11May2025 01:01:07.735] [main/INFO] [Moonlight/]: Initialized color sets in 52ms
[11May2025 01:01:07.766] [main/INFO] [Framework/SYNCED_ENTITY_DATA]: Registered synced data key backpacked:unlock_tracker for minecraft:player
[11May2025 01:01:07.766] [main/INFO] [Framework/SYNCED_ENTITY_DATA]: Registered synced data key backpacked:trader_pickpocketing for minecraft:wandering_trader
[11May2025 01:01:07.892] [modloading-worker-0/INFO] [xaero.minimap.XaeroMinimap/]: Loading Xaero's Minimap - Stage 1/2 (Server)
[11May2025 01:01:07.917] [main/INFO] [xaero.minimap.XaeroMinimap/]: Loading Xaero's Minimap - Stage 2/2 (Server)
[11May2025 01:01:08.097] [Forge Version Check/INFO] [net.minecraftforge.fml.VersionChecker/]: [controlling] Found status: BETA Current: 12.0.2 Target: 12.0.2
[11May2025 01:01:08.098] [Forge Version Check/INFO] [net.minecraftforge.fml.VersionChecker/]: [supplementaries] Starting version check at https://raw.githubusercontent.com/MehVahdJukaar/Supplementaries/1.20/forge/update.json
[11May2025 01:01:08.099] [modloading-worker-0/INFO] [io.redspace.ironsspellbooks.IronsSpellbooks/]: Got IMC []
[11May2025 01:01:08.109] [Forge Version Check/INFO] [net.minecraftforge.fml.VersionChecker/]: [supplementaries] Found status: BETA Current: 1.20-3.1.24 Target: null
[11May2025 01:01:08.109] [Forge Version Check/INFO] [net.minecraftforge.fml.VersionChecker/]: [hangglider] Starting version check at https://raw.githubusercontent.com/Fuzss/modresources/main/update/hangglider.json
[11May2025 01:01:08.120] [Forge Version Check/INFO] [net.minecraftforge.fml.VersionChecker/]: [hangglider] Found status: UP_TO_DATE Current: 8.0.1 Target: null
[11May2025 01:01:08.120] [Forge Version Check/INFO] [net.minecraftforge.fml.VersionChecker/]: [searchables] Starting version check at https://updates.blamejared.com/get?n=searchables&gv=1.20.1
[11May2025 01:01:08.200] [modloading-worker-0/INFO] [AttributeFix/]: Loaded values for 56 compatible attributes.
[11May2025 01:01:08.204] [modloading-worker-0/INFO] [AttributeFix/]: Loaded 56 values from config.
[11May2025 01:01:08.213] [modloading-worker-0/INFO] [AttributeFix/]: Saving config file. 56 entries.
[11May2025 01:01:08.214] [modloading-worker-0/INFO] [AttributeFix/]: Applying changes for 56 attributes.
[11May2025 01:01:08.240] [modloading-worker-0/INFO] [Jade/]: Start loading plugin at snownee.snow.compat.jade.JadeCompat
[11May2025 01:01:08.246] [modloading-worker-0/INFO] [Jade/]: Start loading plugin at net.mehvahdjukaar.supplementaries.integration.JadeCompat
[11May2025 01:01:08.247] [modloading-worker-0/INFO] [Jade/]: Start loading plugin at snownee.kiwi.customization.compat.jade.JadeCompat
[11May2025 01:01:08.248] [modloading-worker-0/INFO] [Jade/]: Start loading plugin at net.blay09.mods.waystones.compat.JadeIntegration
[11May2025 01:01:08.248] [modloading-worker-0/INFO] [Jade/]: Start loading plugin at snownee.jade.addon.vanilla.VanillaPlugin
[11May2025 01:01:08.258] [modloading-worker-0/INFO] [Jade/]: Start loading plugin at snownee.jade.addon.universal.UniversalPlugin
[11May2025 01:01:08.261] [modloading-worker-0/INFO] [Jade/]: Start loading plugin at snownee.jade.addon.core.CorePlugin
[11May2025 01:01:08.262] [modloading-worker-0/INFO] [Jade/]: Start loading plugin at de.maxhenkel.gravestone.integration.waila.PluginGraveStone
[11May2025 01:01:08.268] [Forge Version Check/INFO] [net.minecraftforge.fml.VersionChecker/]: [searchables] Found status: BETA Current: 1.0.3 Target: 1.0.3
[11May2025 01:01:08.268] [Forge Version Check/INFO] [net.minecraftforge.fml.VersionChecker/]: [cfm] Starting version check at https://mrcrayfish.com/modupdatejson?id=cfm
[11May2025 01:01:08.555] [Forge Version Check/WARN] [net.minecraftforge.fml.VersionChecker/]: Failed to process update information
com.google.gson.JsonSyntaxException: java.lang.IllegalStateException: Expected BEGIN_OBJECT but was STRING at line 1 column 1 path $
	at com.google.gson.Gson.fromJson(Gson.java:1226) ~[gson-2.10.jar%2372!/:?]
	at com.google.gson.Gson.fromJson(Gson.java:1124) ~[gson-2.10.jar%2372!/:?]
	at com.google.gson.Gson.fromJson(Gson.java:1034) ~[gson-2.10.jar%2372!/:?]
	at com.google.gson.Gson.fromJson(Gson.java:969) ~[gson-2.10.jar%2372!/:?]
	at net.minecraftforge.fml.VersionChecker$1.process(VersionChecker.java:183) ~[fmlcore-1.20.1-47.3.7.jar%23364!/:?]
	at java.lang.Iterable.forEach(Iterable.java:75) ~[?:?]
	at net.minecraftforge.fml.VersionChecker$1.run(VersionChecker.java:114) ~[fmlcore-1.20.1-47.3.7.jar%23364!/:?]
Caused by: java.lang.IllegalStateException: Expected BEGIN_OBJECT but was STRING at line 1 column 1 path $
	at com.google.gson.stream.JsonReader.beginObject(JsonReader.java:393) ~[gson-2.10.jar%2372!/:?]
	at com.google.gson.internal.bind.MapTypeAdapterFactory$Adapter.read(MapTypeAdapterFactory.java:182) ~[gson-2.10.jar%2372!/:?]
	at com.google.gson.internal.bind.MapTypeAdapterFactory$Adapter.read(MapTypeAdapterFactory.java:144) ~[gson-2.10.jar%2372!/:?]
	at com.google.gson.Gson.fromJson(Gson.java:1214) ~[gson-2.10.jar%2372!/:?]
	... 6 more
[11May2025 01:01:08.557] [Forge Version Check/INFO] [net.minecraftforge.fml.VersionChecker/]: [refurbished_furniture] Starting version check at https://mrcrayfish.com/api/mod_update/forge/refurbished_furniture
[11May2025 01:01:08.569] [main/ERROR] [net.minecraft.Util/]: Entity illageandspillage:bone has no attributes
[11May2025 01:01:08.570] [main/ERROR] [net.minecraft.Util/]: Entity illageandspillage:axe has no attributes
[11May2025 01:01:08.570] [main/ERROR] [net.minecraft.Util/]: Entity illageandspillage:bone has no attributes
[11May2025 01:01:08.571] [main/ERROR] [net.minecraft.Util/]: Entity illageandspillage:axe has no attributes
[11May2025 01:01:08.571] [main/ERROR] [net.minecraft.Util/]: Entity illageandspillage:bone has no attributes
[11May2025 01:01:08.572] [main/ERROR] [net.minecraft.Util/]: Entity illageandspillage:axe has no attributes
[11May2025 01:01:08.572] [main/ERROR] [net.minecraft.Util/]: Entity illageandspillage:bone has no attributes
[11May2025 01:01:08.573] [main/ERROR] [net.minecraft.Util/]: Entity illageandspillage:axe has no attributes
[11May2025 01:01:08.573] [main/ERROR] [net.minecraft.Util/]: Entity illageandspillage:bone has no attributes
[11May2025 01:01:08.573] [main/ERROR] [net.minecraft.Util/]: Entity illageandspillage:axe has no attributes
[11May2025 01:01:08.573] [Forge Version Check/WARN] [net.minecraftforge.fml.VersionChecker/]: Failed to process update information
com.google.gson.JsonSyntaxException: java.lang.IllegalStateException: Expected BEGIN_OBJECT but was STRING at line 1 column 1 path $
	at com.google.gson.Gson.fromJson(Gson.java:1226) ~[gson-2.10.jar%2372!/:?]
	at com.google.gson.Gson.fromJson(Gson.java:1124) ~[gson-2.10.jar%2372!/:?]
	at com.google.gson.Gson.fromJson(Gson.java:1034) ~[gson-2.10.jar%2372!/:?]
	at com.google.gson.Gson.fromJson(Gson.java:969) ~[gson-2.10.jar%2372!/:?]
	at net.minecraftforge.fml.VersionChecker$1.process(VersionChecker.java:183) ~[fmlcore-1.20.1-47.3.7.jar%23364!/:?]
	at java.lang.Iterable.forEach(Iterable.java:75) ~[?:?]
	at net.minecraftforge.fml.VersionChecker$1.run(VersionChecker.java:114) ~[fmlcore-1.20.1-47.3.7.jar%23364!/:?]
Caused by: java.lang.IllegalStateException: Expected BEGIN_OBJECT but was STRING at line 1 column 1 path $
	at com.google.gson.stream.JsonReader.beginObject(JsonReader.java:393) ~[gson-2.10.jar%2372!/:?]
	at com.google.gson.internal.bind.MapTypeAdapterFactory$Adapter.read(MapTypeAdapterFactory.java:182) ~[gson-2.10.jar%2372!/:?]
	at com.google.gson.internal.bind.MapTypeAdapterFactory$Adapter.read(MapTypeAdapterFactory.java:144) ~[gson-2.10.jar%2372!/:?]
	at com.google.gson.Gson.fromJson(Gson.java:1214) ~[gson-2.10.jar%2372!/:?]
	... 6 more
[11May2025 01:01:08.574] [Forge Version Check/INFO] [net.minecraftforge.fml.VersionChecker/]: [framework] Starting version check at https://mrcrayfish.com/modupdatejson?id=framework
[11May2025 01:01:08.574] [main/ERROR] [net.minecraft.Util/]: Entity illageandspillage:bone has no attributes
[11May2025 01:01:08.575] [main/ERROR] [net.minecraft.Util/]: Entity illageandspillage:axe has no attributes
[11May2025 01:01:08.576] [main/ERROR] [net.minecraft.Util/]: Entity illageandspillage:bone has no attributes
[11May2025 01:01:08.577] [main/ERROR] [net.minecraft.Util/]: Entity illageandspillage:axe has no attributes
[11May2025 01:01:08.578] [main/ERROR] [net.minecraft.Util/]: Entity illageandspillage:bone has no attributes
[11May2025 01:01:08.578] [main/ERROR] [net.minecraft.Util/]: Entity illageandspillage:axe has no attributes
[11May2025 01:01:08.578] [main/ERROR] [net.minecraft.Util/]: Entity illageandspillage:bone has no attributes
[11May2025 01:01:08.579] [main/ERROR] [net.minecraft.Util/]: Entity illageandspillage:axe has no attributes
[11May2025 01:01:08.579] [main/ERROR] [net.minecraft.Util/]: Entity illageandspillage:bone has no attributes
[11May2025 01:01:08.580] [main/ERROR] [net.minecraft.Util/]: Entity illageandspillage:axe has no attributes
[11May2025 01:01:08.581] [main/ERROR] [net.minecraft.Util/]: Entity illageandspillage:bone has no attributes
[11May2025 01:01:08.581] [main/ERROR] [net.minecraft.Util/]: Entity illageandspillage:axe has no attributes
[11May2025 01:01:08.581] [main/ERROR] [net.minecraft.Util/]: Entity illageandspillage:bone has no attributes
[11May2025 01:01:08.582] [main/ERROR] [net.minecraft.Util/]: Entity illageandspillage:axe has no attributes
[11May2025 01:01:08.582] [main/ERROR] [net.minecraft.Util/]: Entity illageandspillage:bone has no attributes
[11May2025 01:01:08.582] [main/ERROR] [net.minecraft.Util/]: Entity illageandspillage:axe has no attributes
[11May2025 01:01:08.583] [main/ERROR] [net.minecraft.Util/]: Entity illageandspillage:bone has no attributes
[11May2025 01:01:08.583] [main/ERROR] [net.minecraft.Util/]: Entity illageandspillage:axe has no attributes
[11May2025 01:01:08.584] [main/ERROR] [net.minecraft.Util/]: Entity illageandspillage:bone has no attributes
[11May2025 01:01:08.584] [main/ERROR] [net.minecraft.Util/]: Entity illageandspillage:axe has no attributes
[11May2025 01:01:08.584] [main/ERROR] [net.minecraft.Util/]: Entity illageandspillage:bone has no attributes
[11May2025 01:01:08.584] [main/ERROR] [net.minecraft.Util/]: Entity illageandspillage:axe has no attributes
[11May2025 01:01:08.585] [main/ERROR] [net.minecraft.Util/]: Entity illageandspillage:bone has no attributes
[11May2025 01:01:08.585] [main/ERROR] [net.minecraft.Util/]: Entity illageandspillage:axe has no attributes
[11May2025 01:01:08.585] [main/ERROR] [net.minecraft.Util/]: Entity illageandspillage:bone has no attributes
[11May2025 01:01:08.586] [main/ERROR] [net.minecraft.Util/]: Entity illageandspillage:axe has no attributes
[11May2025 01:01:08.586] [main/ERROR] [net.minecraft.Util/]: Entity illageandspillage:bone has no attributes
[11May2025 01:01:08.586] [main/ERROR] [net.minecraft.Util/]: Entity illageandspillage:axe has no attributes
[11May2025 01:01:08.586] [main/ERROR] [net.minecraft.Util/]: Entity illageandspillage:bone has no attributes
[11May2025 01:01:08.587] [main/ERROR] [net.minecraft.Util/]: Entity illageandspillage:axe has no attributes
[11May2025 01:01:08.587] [main/ERROR] [net.minecraft.Util/]: Entity illageandspillage:bone has no attributes
[11May2025 01:01:08.588] [main/ERROR] [net.minecraft.Util/]: Entity illageandspillage:axe has no attributes
[11May2025 01:01:08.589] [main/ERROR] [net.minecraft.Util/]: Entity illageandspillage:bone has no attributes
[11May2025 01:01:08.589] [main/ERROR] [net.minecraft.Util/]: Entity illageandspillage:axe has no attributes
[11May2025 01:01:08.589] [main/ERROR] [net.minecraft.Util/]: Entity illageandspillage:bone has no attributes
[11May2025 01:01:08.589] [main/ERROR] [net.minecraft.Util/]: Entity illageandspillage:axe has no attributes
[11May2025 01:01:08.589] [main/ERROR] [net.minecraft.Util/]: Entity illageandspillage:bone has no attributes
[11May2025 01:01:08.589] [main/ERROR] [net.minecraft.Util/]: Entity illageandspillage:axe has no attributes
[11May2025 01:01:08.590] [main/ERROR] [net.minecraft.Util/]: Entity illageandspillage:bone has no attributes
[11May2025 01:01:08.590] [main/ERROR] [net.minecraft.Util/]: Entity illageandspillage:axe has no attributes
[11May2025 01:01:08.591] [main/ERROR] [net.minecraft.Util/]: Entity illageandspillage:bone has no attributes
[11May2025 01:01:08.591] [main/ERROR] [net.minecraft.Util/]: Entity illageandspillage:axe has no attributes
[11May2025 01:01:08.592] [main/ERROR] [net.minecraft.Util/]: Entity illageandspillage:bone has no attributes
[11May2025 01:01:08.592] [main/ERROR] [net.minecraft.Util/]: Entity illageandspillage:axe has no attributes
[11May2025 01:01:08.592] [main/ERROR] [net.minecraft.Util/]: Entity illageandspillage:bone has no attributes
[11May2025 01:01:08.593] [main/ERROR] [net.minecraft.Util/]: Entity illageandspillage:axe has no attributes
[11May2025 01:01:08.594] [main/ERROR] [net.minecraft.Util/]: Entity illageandspillage:bone has no attributes
[11May2025 01:01:08.594] [main/ERROR] [net.minecraft.Util/]: Entity illageandspillage:axe has no attributes
[11May2025 01:01:08.595] [main/ERROR] [net.minecraft.Util/]: Entity illageandspillage:bone has no attributes
[11May2025 01:01:08.596] [main/ERROR] [net.minecraft.Util/]: Entity illageandspillage:axe has no attributes
[11May2025 01:01:08.596] [main/ERROR] [net.minecraft.Util/]: Entity illageandspillage:bone has no attributes
[11May2025 01:01:08.597] [main/ERROR] [net.minecraft.Util/]: Entity illageandspillage:axe has no attributes
[11May2025 01:01:08.597] [main/ERROR] [net.minecraft.Util/]: Entity illageandspillage:bone has no attributes
[11May2025 01:01:08.598] [main/ERROR] [net.minecraft.Util/]: Entity illageandspillage:axe has no attributes
[11May2025 01:01:08.599] [main/ERROR] [net.minecraft.Util/]: Entity illageandspillage:bone has no attributes
[11May2025 01:01:08.597] [Forge Version Check/WARN] [net.minecraftforge.fml.VersionChecker/]: Failed to process update information
com.google.gson.JsonSyntaxException: java.lang.IllegalStateException: Expected BEGIN_OBJECT but was STRING at line 1 column 1 path $
	at com.google.gson.Gson.fromJson(Gson.java:1226) ~[gson-2.10.jar%2372!/:?]
	at com.google.gson.Gson.fromJson(Gson.java:1124) ~[gson-2.10.jar%2372!/:?]
	at com.google.gson.Gson.fromJson(Gson.java:1034) ~[gson-2.10.jar%2372!/:?]
	at com.google.gson.Gson.fromJson(Gson.java:969) ~[gson-2.10.jar%2372!/:?]
	at net.minecraftforge.fml.VersionChecker$1.process(VersionChecker.java:183) ~[fmlcore-1.20.1-47.3.7.jar%23364!/:?]
	at java.lang.Iterable.forEach(Iterable.java:75) ~[?:?]
	at net.minecraftforge.fml.VersionChecker$1.run(VersionChecker.java:114) ~[fmlcore-1.20.1-47.3.7.jar%23364!/:?]
Caused by: java.lang.IllegalStateException: Expected BEGIN_OBJECT but was STRING at line 1 column 1 path $
	at com.google.gson.stream.JsonReader.beginObject(JsonReader.java:393) ~[gson-2.10.jar%2372!/:?]
	at com.google.gson.internal.bind.MapTypeAdapterFactory$Adapter.read(MapTypeAdapterFactory.java:182) ~[gson-2.10.jar%2372!/:?]
	at com.google.gson.internal.bind.MapTypeAdapterFactory$Adapter.read(MapTypeAdapterFactory.java:144) ~[gson-2.10.jar%2372!/:?]
	at com.google.gson.Gson.fromJson(Gson.java:1214) ~[gson-2.10.jar%2372!/:?]
	... 6 more
[11May2025 01:01:08.599] [main/ERROR] [net.minecraft.Util/]: Entity illageandspillage:axe has no attributes
[11May2025 01:01:08.600] [main/ERROR] [net.minecraft.Util/]: Entity illageandspillage:bone has no attributes
[11May2025 01:01:08.600] [Forge Version Check/INFO] [net.minecraftforge.fml.VersionChecker/]: [gamemenumodoption] Starting version check at https://raw.githubusercontent.com/MORIMORI0317/GameMenuModOption/master/version_check.json
[11May2025 01:01:08.601] [main/ERROR] [net.minecraft.Util/]: Entity illageandspillage:axe has no attributes
[11May2025 01:01:08.601] [main/ERROR] [net.minecraft.Util/]: Entity illageandspillage:bone has no attributes
[11May2025 01:01:08.602] [main/ERROR] [net.minecraft.Util/]: Entity illageandspillage:axe has no attributes
[11May2025 01:01:08.602] [main/ERROR] [net.minecraft.Util/]: Entity illageandspillage:bone has no attributes
[11May2025 01:01:08.603] [main/ERROR] [net.minecraft.Util/]: Entity illageandspillage:axe has no attributes
[11May2025 01:01:08.603] [main/ERROR] [net.minecraft.Util/]: Entity illageandspillage:bone has no attributes
[11May2025 01:01:08.604] [main/ERROR] [net.minecraft.Util/]: Entity illageandspillage:axe has no attributes
[11May2025 01:01:08.604] [main/ERROR] [net.minecraft.Util/]: Entity illageandspillage:bone has no attributes
[11May2025 01:01:08.605] [main/ERROR] [net.minecraft.Util/]: Entity illageandspillage:axe has no attributes
[11May2025 01:01:08.606] [main/ERROR] [net.minecraft.Util/]: Entity illageandspillage:bone has no attributes
[11May2025 01:01:08.606] [main/ERROR] [net.minecraft.Util/]: Entity illageandspillage:axe has no attributes
[11May2025 01:01:08.606] [main/ERROR] [net.minecraft.Util/]: Entity illageandspillage:bone has no attributes
[11May2025 01:01:08.607] [main/ERROR] [net.minecraft.Util/]: Entity illageandspillage:axe has no attributes
[11May2025 01:01:08.607] [main/ERROR] [net.minecraft.Util/]: Entity illageandspillage:bone has no attributes
[11May2025 01:01:08.608] [main/ERROR] [net.minecraft.Util/]: Entity illageandspillage:axe has no attributes
[11May2025 01:01:08.608] [main/ERROR] [net.minecraft.Util/]: Entity illageandspillage:bone has no attributes
[11May2025 01:01:08.608] [main/ERROR] [net.minecraft.Util/]: Entity illageandspillage:axe has no attributes
[11May2025 01:01:08.609] [main/ERROR] [net.minecraft.Util/]: Entity illageandspillage:bone has no attributes
[11May2025 01:01:08.609] [main/ERROR] [net.minecraft.Util/]: Entity illageandspillage:axe has no attributes
[11May2025 01:01:08.610] [main/ERROR] [net.minecraft.Util/]: Entity illageandspillage:bone has no attributes
[11May2025 01:01:08.610] [main/ERROR] [net.minecraft.Util/]: Entity illageandspillage:axe has no attributes
[11May2025 01:01:08.610] [main/ERROR] [net.minecraft.Util/]: Entity illageandspillage:bone has no attributes
[11May2025 01:01:08.611] [main/ERROR] [net.minecraft.Util/]: Entity illageandspillage:axe has no attributes
[11May2025 01:01:08.611] [main/ERROR] [net.minecraft.Util/]: Entity illageandspillage:bone has no attributes
[11May2025 01:01:08.611] [main/ERROR] [net.minecraft.Util/]: Entity illageandspillage:axe has no attributes
[11May2025 01:01:08.612] [main/ERROR] [net.minecraft.Util/]: Entity illageandspillage:bone has no attributes
[11May2025 01:01:08.612] [main/ERROR] [net.minecraft.Util/]: Entity illageandspillage:axe has no attributes
[11May2025 01:01:08.613] [main/ERROR] [net.minecraft.Util/]: Entity illageandspillage:bone has no attributes
[11May2025 01:01:08.613] [main/ERROR] [net.minecraft.Util/]: Entity illageandspillage:axe has no attributes
[11May2025 01:01:08.614] [main/ERROR] [net.minecraft.Util/]: Entity illageandspillage:bone has no attributes
[11May2025 01:01:08.614] [main/ERROR] [net.minecraft.Util/]: Entity illageandspillage:axe has no attributes
[11May2025 01:01:08.615] [main/ERROR] [net.minecraft.Util/]: Entity illageandspillage:bone has no attributes
[11May2025 01:01:08.615] [main/ERROR] [net.minecraft.Util/]: Entity illageandspillage:axe has no attributes
[11May2025 01:01:08.615] [main/ERROR] [net.minecraft.Util/]: Entity illageandspillage:bone has no attributes
[11May2025 01:01:08.616] [main/ERROR] [net.minecraft.Util/]: Entity illageandspillage:axe has no attributes
[11May2025 01:01:08.616] [Forge Version Check/INFO] [net.minecraftforge.fml.VersionChecker/]: [gamemenumodoption] Found status: UP_TO_DATE Current: 2.2.1 Target: null
[11May2025 01:01:08.617] [main/ERROR] [net.minecraft.Util/]: Entity illageandspillage:bone has no attributes
[11May2025 01:01:08.617] [main/ERROR] [net.minecraft.Util/]: Entity illageandspillage:axe has no attributes
[11May2025 01:01:08.618] [main/ERROR] [net.minecraft.Util/]: Entity illageandspillage:bone has no attributes
[11May2025 01:01:08.618] [main/ERROR] [net.minecraft.Util/]: Entity illageandspillage:axe has no attributes
[11May2025 01:01:08.618] [main/ERROR] [net.minecraft.Util/]: Entity illageandspillage:bone has no attributes
[11May2025 01:01:08.619] [main/ERROR] [net.minecraft.Util/]: Entity illageandspillage:axe has no attributes
[11May2025 01:01:08.619] [main/ERROR] [net.minecraft.Util/]: Entity illageandspillage:bone has no attributes
[11May2025 01:01:08.619] [main/ERROR] [net.minecraft.Util/]: Entity illageandspillage:axe has no attributes
[11May2025 01:01:08.620] [main/ERROR] [net.minecraft.Util/]: Entity illageandspillage:bone has no attributes
[11May2025 01:01:08.620] [main/ERROR] [net.minecraft.Util/]: Entity illageandspillage:axe has no attributes
[11May2025 01:01:08.620] [Forge Version Check/INFO] [net.minecraftforge.fml.VersionChecker/]: [enchantinginfuser] Starting version check at https://raw.githubusercontent.com/Fuzss/modresources/main/update/enchantinginfuser.json
[11May2025 01:01:08.641] [Forge Version Check/INFO] [net.minecraftforge.fml.VersionChecker/]: [enchantinginfuser] Found status: UP_TO_DATE Current: 8.0.3 Target: null
[11May2025 01:01:08.641] [Forge Version Check/INFO] [net.minecraftforge.fml.VersionChecker/]: [radium] Starting version check at https://api.modrinth.com/updates/radium/forge_updates.json
[11May2025 01:01:08.967] [Forge Version Check/INFO] [net.minecraftforge.fml.VersionChecker/]: [radium] Found status: AHEAD Current: 0.12.4+git.26c9d8e Target: null
[11May2025 01:01:08.967] [Forge Version Check/INFO] [net.minecraftforge.fml.VersionChecker/]: [mutantmonsters] Starting version check at https://raw.githubusercontent.com/Fuzss/modresources/main/update/mutantmonsters.json
[11May2025 01:01:08.978] [Forge Version Check/INFO] [net.minecraftforge.fml.VersionChecker/]: [mutantmonsters] Found status: UP_TO_DATE Current: 8.0.7 Target: null
[11May2025 01:01:08.979] [Forge Version Check/INFO] [net.minecraftforge.fml.VersionChecker/]: [universalbonemeal] Starting version check at https://raw.githubusercontent.com/Fuzss/modresources/main/update/universalbonemeal.json
[11May2025 01:01:08.991] [Forge Version Check/INFO] [net.minecraftforge.fml.VersionChecker/]: [universalbonemeal] Found status: UP_TO_DATE Current: 8.0.1 Target: null
[11May2025 01:01:08.991] [Forge Version Check/INFO] [net.minecraftforge.fml.VersionChecker/]: [attributefix] Starting version check at https://updates.blamejared.com/get?n=attributefix&gv=1.20.1
[11May2025 01:01:09.110] [main/INFO] [com.mojang.authlib.yggdrasil.YggdrasilAuthenticationService/]: Environment: authHost='https://authserver.mojang.com', accountsHost='https://api.mojang.com', sessionHost='https://sessionserver.mojang.com', servicesHost='https://api.minecraftservices.com', name='PROD'
[11May2025 01:01:09.138] [Forge Version Check/INFO] [net.minecraftforge.fml.VersionChecker/]: [attributefix] Found status: BETA Current: 21.0.4 Target: 21.0.4
[11May2025 01:01:09.138] [Forge Version Check/INFO] [net.minecraftforge.fml.VersionChecker/]: [obscure_api] Starting version check at https://raw.githubusercontent.com/ObscuriaLithium/Home/main/obscure_api/versions.json
[11May2025 01:01:09.151] [Forge Version Check/WARN] [net.minecraftforge.fml.VersionChecker/]: Failed to process update information
com.google.gson.JsonSyntaxException: java.lang.IllegalStateException: Expected BEGIN_OBJECT but was NUMBER at line 1 column 4 path $
	at com.google.gson.Gson.fromJson(Gson.java:1226) ~[gson-2.10.jar%2372!/:?]
	at com.google.gson.Gson.fromJson(Gson.java:1124) ~[gson-2.10.jar%2372!/:?]
	at com.google.gson.Gson.fromJson(Gson.java:1034) ~[gson-2.10.jar%2372!/:?]
	at com.google.gson.Gson.fromJson(Gson.java:969) ~[gson-2.10.jar%2372!/:?]
	at net.minecraftforge.fml.VersionChecker$1.process(VersionChecker.java:183) ~[fmlcore-1.20.1-47.3.7.jar%23364!/:?]
	at java.lang.Iterable.forEach(Iterable.java:75) ~[?:?]
	at net.minecraftforge.fml.VersionChecker$1.run(VersionChecker.java:114) ~[fmlcore-1.20.1-47.3.7.jar%23364!/:?]
Caused by: java.lang.IllegalStateException: Expected BEGIN_OBJECT but was NUMBER at line 1 column 4 path $
	at com.google.gson.stream.JsonReader.beginObject(JsonReader.java:393) ~[gson-2.10.jar%2372!/:?]
	at com.google.gson.internal.bind.MapTypeAdapterFactory$Adapter.read(MapTypeAdapterFactory.java:182) ~[gson-2.10.jar%2372!/:?]
	at com.google.gson.internal.bind.MapTypeAdapterFactory$Adapter.read(MapTypeAdapterFactory.java:144) ~[gson-2.10.jar%2372!/:?]
	at com.google.gson.Gson.fromJson(Gson.java:1214) ~[gson-2.10.jar%2372!/:?]
	... 6 more
[11May2025 01:01:09.152] [Forge Version Check/INFO] [net.minecraftforge.fml.VersionChecker/]: [clumps] Starting version check at https://updates.blamejared.com/get?n=clumps&gv=1.20.1
[11May2025 01:01:09.222] [main/INFO] [ModernFix/]: Bypassed Mojang DFU
[11May2025 01:01:09.301] [Forge Version Check/INFO] [net.minecraftforge.fml.VersionChecker/]: [clumps] Found status: BETA Current: 12.0.0.4 Target: 12.0.0.4
[11May2025 01:01:09.301] [Forge Version Check/INFO] [net.minecraftforge.fml.VersionChecker/]: [catalogue] Starting version check at https://mrcrayfish.com/modupdatejson?id=catalogue
[11May2025 01:01:09.318] [Forge Version Check/WARN] [net.minecraftforge.fml.VersionChecker/]: Failed to process update information
com.google.gson.JsonSyntaxException: java.lang.IllegalStateException: Expected BEGIN_OBJECT but was STRING at line 1 column 1 path $
	at com.google.gson.Gson.fromJson(Gson.java:1226) ~[gson-2.10.jar%2372!/:?]
	at com.google.gson.Gson.fromJson(Gson.java:1124) ~[gson-2.10.jar%2372!/:?]
	at com.google.gson.Gson.fromJson(Gson.java:1034) ~[gson-2.10.jar%2372!/:?]
	at com.google.gson.Gson.fromJson(Gson.java:969) ~[gson-2.10.jar%2372!/:?]
	at net.minecraftforge.fml.VersionChecker$1.process(VersionChecker.java:183) ~[fmlcore-1.20.1-47.3.7.jar%23364!/:?]
	at java.lang.Iterable.forEach(Iterable.java:75) ~[?:?]
	at net.minecraftforge.fml.VersionChecker$1.run(VersionChecker.java:114) ~[fmlcore-1.20.1-47.3.7.jar%23364!/:?]
Caused by: java.lang.IllegalStateException: Expected BEGIN_OBJECT but was STRING at line 1 column 1 path $
	at com.google.gson.stream.JsonReader.beginObject(JsonReader.java:393) ~[gson-2.10.jar%2372!/:?]
	at com.google.gson.internal.bind.MapTypeAdapterFactory$Adapter.read(MapTypeAdapterFactory.java:182) ~[gson-2.10.jar%2372!/:?]
	at com.google.gson.internal.bind.MapTypeAdapterFactory$Adapter.read(MapTypeAdapterFactory.java:144) ~[gson-2.10.jar%2372!/:?]
	at com.google.gson.Gson.fromJson(Gson.java:1214) ~[gson-2.10.jar%2372!/:?]
	... 6 more
[11May2025 01:01:09.320] [Forge Version Check/INFO] [net.minecraftforge.fml.VersionChecker/]: [puzzlesaccessapi] Starting version check at https://raw.githubusercontent.com/Fuzss/modresources/main/update/puzzlesaccessapi.json
[11May2025 01:01:09.337] [Forge Version Check/INFO] [net.minecraftforge.fml.VersionChecker/]: [puzzlesaccessapi] Found status: BETA Current: 20.1.1 Target: null
[11May2025 01:01:09.337] [Forge Version Check/INFO] [net.minecraftforge.fml.VersionChecker/]: [forge] Starting version check at https://files.minecraftforge.net/net/minecraftforge/forge/promotions_slim.json
[11May2025 01:01:09.447] [main/ERROR] [net.minecraft.Util/]: Entity illageandspillage:bone has no attributes
[11May2025 01:01:09.447] [main/ERROR] [net.minecraft.Util/]: Entity illageandspillage:axe has no attributes
[11May2025 01:01:09.448] [main/ERROR] [net.minecraft.Util/]: Entity illageandspillage:bone has no attributes
[11May2025 01:01:09.448] [main/ERROR] [net.minecraft.Util/]: Entity illageandspillage:axe has no attributes
[11May2025 01:01:09.448] [main/ERROR] [net.minecraft.Util/]: Entity illageandspillage:bone has no attributes
[11May2025 01:01:09.448] [main/ERROR] [net.minecraft.Util/]: Entity illageandspillage:axe has no attributes
[11May2025 01:01:09.449] [main/ERROR] [net.minecraft.Util/]: Entity illageandspillage:bone has no attributes
[11May2025 01:01:09.449] [main/ERROR] [net.minecraft.Util/]: Entity illageandspillage:axe has no attributes
[11May2025 01:01:09.449] [main/ERROR] [net.minecraft.Util/]: Entity illageandspillage:bone has no attributes
[11May2025 01:01:09.449] [main/ERROR] [net.minecraft.Util/]: Entity illageandspillage:axe has no attributes
[11May2025 01:01:09.449] [main/ERROR] [net.minecraft.Util/]: Entity illageandspillage:bone has no attributes
[11May2025 01:01:09.449] [main/ERROR] [net.minecraft.Util/]: Entity illageandspillage:axe has no attributes
[11May2025 01:01:09.449] [main/ERROR] [net.minecraft.Util/]: Entity illageandspillage:bone has no attributes
[11May2025 01:01:09.449] [main/ERROR] [net.minecraft.Util/]: Entity illageandspillage:axe has no attributes
[11May2025 01:01:09.450] [main/ERROR] [net.minecraft.Util/]: Entity illageandspillage:bone has no attributes
[11May2025 01:01:09.450] [main/ERROR] [net.minecraft.Util/]: Entity illageandspillage:axe has no attributes
[11May2025 01:01:09.450] [main/ERROR] [net.minecraft.Util/]: Entity illageandspillage:bone has no attributes
[11May2025 01:01:09.450] [main/ERROR] [net.minecraft.Util/]: Entity illageandspillage:axe has no attributes
[11May2025 01:01:09.450] [main/ERROR] [net.minecraft.Util/]: Entity illageandspillage:bone has no attributes
[11May2025 01:01:09.450] [main/ERROR] [net.minecraft.Util/]: Entity illageandspillage:axe has no attributes
[11May2025 01:01:09.452] [main/ERROR] [net.minecraft.Util/]: Entity illageandspillage:bone has no attributes
[11May2025 01:01:09.452] [main/ERROR] [net.minecraft.Util/]: Entity illageandspillage:axe has no attributes
[11May2025 01:01:09.452] [main/ERROR] [net.minecraft.Util/]: Entity illageandspillage:bone has no attributes
[11May2025 01:01:09.452] [main/ERROR] [net.minecraft.Util/]: Entity illageandspillage:axe has no attributes
[11May2025 01:01:09.452] [main/ERROR] [net.minecraft.Util/]: Entity illageandspillage:bone has no attributes
[11May2025 01:01:09.452] [main/ERROR] [net.minecraft.Util/]: Entity illageandspillage:axe has no attributes
[11May2025 01:01:09.452] [main/ERROR] [net.minecraft.Util/]: Entity illageandspillage:bone has no attributes
[11May2025 01:01:09.452] [main/ERROR] [net.minecraft.Util/]: Entity illageandspillage:axe has no attributes
[11May2025 01:01:09.453] [main/ERROR] [net.minecraft.Util/]: Entity illageandspillage:bone has no attributes
[11May2025 01:01:09.453] [main/ERROR] [net.minecraft.Util/]: Entity illageandspillage:axe has no attributes
[11May2025 01:01:09.453] [main/ERROR] [net.minecraft.Util/]: Entity illageandspillage:bone has no attributes
[11May2025 01:01:09.453] [main/ERROR] [net.minecraft.Util/]: Entity illageandspillage:axe has no attributes
[11May2025 01:01:09.453] [main/ERROR] [net.minecraft.Util/]: Entity illageandspillage:bone has no attributes
[11May2025 01:01:09.453] [main/ERROR] [net.minecraft.Util/]: Entity illageandspillage:axe has no attributes
[11May2025 01:01:09.453] [main/ERROR] [net.minecraft.Util/]: Entity illageandspillage:bone has no attributes
[11May2025 01:01:09.453] [main/ERROR] [net.minecraft.Util/]: Entity illageandspillage:axe has no attributes
[11May2025 01:01:09.454] [main/ERROR] [net.minecraft.Util/]: Entity illageandspillage:bone has no attributes
[11May2025 01:01:09.454] [main/ERROR] [net.minecraft.Util/]: Entity illageandspillage:axe has no attributes
[11May2025 01:01:09.454] [main/ERROR] [net.minecraft.Util/]: Entity illageandspillage:bone has no attributes
[11May2025 01:01:09.454] [main/ERROR] [net.minecraft.Util/]: Entity illageandspillage:axe has no attributes
[11May2025 01:01:09.454] [main/ERROR] [net.minecraft.Util/]: Entity illageandspillage:bone has no attributes
[11May2025 01:01:09.456] [main/ERROR] [net.minecraft.Util/]: Entity illageandspillage:axe has no attributes
[11May2025 01:01:09.456] [main/ERROR] [net.minecraft.Util/]: Entity illageandspillage:bone has no attributes
[11May2025 01:01:09.456] [main/ERROR] [net.minecraft.Util/]: Entity illageandspillage:axe has no attributes
[11May2025 01:01:09.456] [main/ERROR] [net.minecraft.Util/]: Entity illageandspillage:bone has no attributes
[11May2025 01:01:09.456] [main/ERROR] [net.minecraft.Util/]: Entity illageandspillage:axe has no attributes
[11May2025 01:01:09.457] [main/ERROR] [net.minecraft.Util/]: Entity illageandspillage:bone has no attributes
[11May2025 01:01:09.457] [main/ERROR] [net.minecraft.Util/]: Entity illageandspillage:axe has no attributes
[11May2025 01:01:09.457] [main/ERROR] [net.minecraft.Util/]: Entity illageandspillage:bone has no attributes
[11May2025 01:01:09.457] [main/ERROR] [net.minecraft.Util/]: Entity illageandspillage:axe has no attributes
[11May2025 01:01:09.457] [main/ERROR] [net.minecraft.Util/]: Entity illageandspillage:bone has no attributes
[11May2025 01:01:09.457] [main/ERROR] [net.minecraft.Util/]: Entity illageandspillage:axe has no attributes
[11May2025 01:01:09.458] [main/ERROR] [net.minecraft.Util/]: Entity illageandspillage:bone has no attributes
[11May2025 01:01:09.458] [main/ERROR] [net.minecraft.Util/]: Entity illageandspillage:axe has no attributes
[11May2025 01:01:09.458] [main/ERROR] [net.minecraft.Util/]: Entity illageandspillage:bone has no attributes
[11May2025 01:01:09.458] [main/ERROR] [net.minecraft.Util/]: Entity illageandspillage:axe has no attributes
[11May2025 01:01:09.458] [main/ERROR] [net.minecraft.Util/]: Entity illageandspillage:bone has no attributes
[11May2025 01:01:09.458] [main/ERROR] [net.minecraft.Util/]: Entity illageandspillage:axe has no attributes
[11May2025 01:01:09.458] [main/ERROR] [net.minecraft.Util/]: Entity illageandspillage:bone has no attributes
[11May2025 01:01:09.458] [main/ERROR] [net.minecraft.Util/]: Entity illageandspillage:axe has no attributes
[11May2025 01:01:09.458] [main/ERROR] [net.minecraft.Util/]: Entity illageandspillage:bone has no attributes
[11May2025 01:01:09.458] [main/ERROR] [net.minecraft.Util/]: Entity illageandspillage:axe has no attributes
[11May2025 01:01:09.459] [main/ERROR] [net.minecraft.Util/]: Entity illageandspillage:bone has no attributes
[11May2025 01:01:09.459] [main/ERROR] [net.minecraft.Util/]: Entity illageandspillage:axe has no attributes
[11May2025 01:01:09.459] [main/ERROR] [net.minecraft.Util/]: Entity illageandspillage:bone has no attributes
[11May2025 01:01:09.459] [main/ERROR] [net.minecraft.Util/]: Entity illageandspillage:axe has no attributes
[11May2025 01:01:09.459] [main/ERROR] [net.minecraft.Util/]: Entity illageandspillage:bone has no attributes
[11May2025 01:01:09.459] [main/ERROR] [net.minecraft.Util/]: Entity illageandspillage:axe has no attributes
[11May2025 01:01:09.459] [main/ERROR] [net.minecraft.Util/]: Entity illageandspillage:bone has no attributes
[11May2025 01:01:09.459] [main/ERROR] [net.minecraft.Util/]: Entity illageandspillage:axe has no attributes
[11May2025 01:01:09.459] [main/ERROR] [net.minecraft.Util/]: Entity illageandspillage:bone has no attributes
[11May2025 01:01:09.459] [main/ERROR] [net.minecraft.Util/]: Entity illageandspillage:axe has no attributes
[11May2025 01:01:09.459] [main/ERROR] [net.minecraft.Util/]: Entity illageandspillage:bone has no attributes
[11May2025 01:01:09.460] [main/ERROR] [net.minecraft.Util/]: Entity illageandspillage:axe has no attributes
[11May2025 01:01:09.460] [main/ERROR] [net.minecraft.Util/]: Entity illageandspillage:bone has no attributes
[11May2025 01:01:09.460] [main/ERROR] [net.minecraft.Util/]: Entity illageandspillage:axe has no attributes
[11May2025 01:01:09.460] [main/ERROR] [net.minecraft.Util/]: Entity illageandspillage:bone has no attributes
[11May2025 01:01:09.460] [main/ERROR] [net.minecraft.Util/]: Entity illageandspillage:axe has no attributes
[11May2025 01:01:09.460] [main/ERROR] [net.minecraft.Util/]: Entity illageandspillage:bone has no attributes
[11May2025 01:01:09.460] [main/ERROR] [net.minecraft.Util/]: Entity illageandspillage:axe has no attributes
[11May2025 01:01:09.460] [main/ERROR] [net.minecraft.Util/]: Entity illageandspillage:bone has no attributes
[11May2025 01:01:09.461] [main/ERROR] [net.minecraft.Util/]: Entity illageandspillage:axe has no attributes
[11May2025 01:01:09.461] [main/ERROR] [net.minecraft.Util/]: Entity illageandspillage:bone has no attributes
[11May2025 01:01:09.461] [main/ERROR] [net.minecraft.Util/]: Entity illageandspillage:axe has no attributes
[11May2025 01:01:09.461] [main/ERROR] [net.minecraft.Util/]: Entity illageandspillage:bone has no attributes
[11May2025 01:01:09.461] [main/ERROR] [net.minecraft.Util/]: Entity illageandspillage:axe has no attributes
[11May2025 01:01:09.461] [main/ERROR] [net.minecraft.Util/]: Entity illageandspillage:bone has no attributes
[11May2025 01:01:09.461] [main/ERROR] [net.minecraft.Util/]: Entity illageandspillage:axe has no attributes
[11May2025 01:01:09.462] [main/ERROR] [net.minecraft.Util/]: Entity illageandspillage:bone has no attributes
[11May2025 01:01:09.462] [main/ERROR] [net.minecraft.Util/]: Entity illageandspillage:axe has no attributes
[11May2025 01:01:09.462] [main/ERROR] [net.minecraft.Util/]: Entity illageandspillage:bone has no attributes
[11May2025 01:01:09.462] [main/ERROR] [net.minecraft.Util/]: Entity illageandspillage:axe has no attributes
[11May2025 01:01:09.462] [main/ERROR] [net.minecraft.Util/]: Entity illageandspillage:bone has no attributes
[11May2025 01:01:09.462] [main/ERROR] [net.minecraft.Util/]: Entity illageandspillage:axe has no attributes
[11May2025 01:01:09.463] [main/ERROR] [net.minecraft.Util/]: Entity illageandspillage:bone has no attributes
[11May2025 01:01:09.463] [main/ERROR] [net.minecraft.Util/]: Entity illageandspillage:axe has no attributes
[11May2025 01:01:09.463] [main/ERROR] [net.minecraft.Util/]: Entity illageandspillage:bone has no attributes
[11May2025 01:01:09.463] [main/ERROR] [net.minecraft.Util/]: Entity illageandspillage:axe has no attributes
[11May2025 01:01:09.463] [main/ERROR] [net.minecraft.Util/]: Entity illageandspillage:bone has no attributes
[11May2025 01:01:09.463] [main/ERROR] [net.minecraft.Util/]: Entity illageandspillage:axe has no attributes
[11May2025 01:01:09.463] [main/ERROR] [net.minecraft.Util/]: Entity illageandspillage:bone has no attributes
[11May2025 01:01:09.463] [main/ERROR] [net.minecraft.Util/]: Entity illageandspillage:axe has no attributes
[11May2025 01:01:09.464] [main/ERROR] [net.minecraft.Util/]: Entity illageandspillage:bone has no attributes
[11May2025 01:01:09.464] [main/ERROR] [net.minecraft.Util/]: Entity illageandspillage:axe has no attributes
[11May2025 01:01:09.464] [main/ERROR] [net.minecraft.Util/]: Entity illageandspillage:bone has no attributes
[11May2025 01:01:09.464] [main/ERROR] [net.minecraft.Util/]: Entity illageandspillage:axe has no attributes
[11May2025 01:01:09.464] [main/ERROR] [net.minecraft.Util/]: Entity illageandspillage:bone has no attributes
[11May2025 01:01:09.464] [main/ERROR] [net.minecraft.Util/]: Entity illageandspillage:axe has no attributes
[11May2025 01:01:09.465] [main/ERROR] [net.minecraft.Util/]: Entity illageandspillage:bone has no attributes
[11May2025 01:01:09.465] [main/ERROR] [net.minecraft.Util/]: Entity illageandspillage:axe has no attributes
[11May2025 01:01:09.465] [main/ERROR] [net.minecraft.Util/]: Entity illageandspillage:bone has no attributes
[11May2025 01:01:09.465] [main/ERROR] [net.minecraft.Util/]: Entity illageandspillage:axe has no attributes
[11May2025 01:01:09.564] [Forge Version Check/INFO] [net.minecraftforge.fml.VersionChecker/]: [forge] Found status: OUTDATED Current: 47.3.7 Target: 47.4.0
[11May2025 01:01:09.564] [Forge Version Check/INFO] [net.minecraftforge.fml.VersionChecker/]: [voicechat] Starting version check at https://update.maxhenkel.de/forge/voicechat
[11May2025 01:01:09.594] [main/ERROR] [net.minecraft.Util/]: Entity illageandspillage:bone has no attributes
[11May2025 01:01:09.594] [main/ERROR] [net.minecraft.Util/]: Entity illageandspillage:axe has no attributes
[11May2025 01:01:09.594] [main/ERROR] [net.minecraft.Util/]: Entity illageandspillage:bone has no attributes
[11May2025 01:01:09.594] [main/ERROR] [net.minecraft.Util/]: Entity illageandspillage:axe has no attributes
[11May2025 01:01:09.595] [main/ERROR] [net.minecraft.Util/]: Entity illageandspillage:bone has no attributes
[11May2025 01:01:09.595] [main/ERROR] [net.minecraft.Util/]: Entity illageandspillage:axe has no attributes
[11May2025 01:01:09.595] [main/ERROR] [net.minecraft.Util/]: Entity illageandspillage:bone has no attributes
[11May2025 01:01:09.595] [main/ERROR] [net.minecraft.Util/]: Entity illageandspillage:axe has no attributes
[11May2025 01:01:09.595] [main/ERROR] [net.minecraft.Util/]: Entity illageandspillage:bone has no attributes
[11May2025 01:01:09.595] [main/ERROR] [net.minecraft.Util/]: Entity illageandspillage:axe has no attributes
[11May2025 01:01:09.595] [main/ERROR] [net.minecraft.Util/]: Entity illageandspillage:bone has no attributes
[11May2025 01:01:09.595] [main/ERROR] [net.minecraft.Util/]: Entity illageandspillage:axe has no attributes
[11May2025 01:01:09.596] [main/ERROR] [net.minecraft.Util/]: Entity illageandspillage:bone has no attributes
[11May2025 01:01:09.596] [main/ERROR] [net.minecraft.Util/]: Entity illageandspillage:axe has no attributes
[11May2025 01:01:09.596] [main/ERROR] [net.minecraft.Util/]: Entity illageandspillage:bone has no attributes
[11May2025 01:01:09.596] [main/ERROR] [net.minecraft.Util/]: Entity illageandspillage:axe has no attributes
[11May2025 01:01:09.596] [main/ERROR] [net.minecraft.Util/]: Entity illageandspillage:bone has no attributes
[11May2025 01:01:09.596] [main/ERROR] [net.minecraft.Util/]: Entity illageandspillage:axe has no attributes
[11May2025 01:01:09.596] [main/ERROR] [net.minecraft.Util/]: Entity illageandspillage:bone has no attributes
[11May2025 01:01:09.596] [main/ERROR] [net.minecraft.Util/]: Entity illageandspillage:axe has no attributes
[11May2025 01:01:09.597] [main/ERROR] [net.minecraft.Util/]: Entity illageandspillage:bone has no attributes
[11May2025 01:01:09.597] [main/ERROR] [net.minecraft.Util/]: Entity illageandspillage:axe has no attributes
[11May2025 01:01:09.597] [main/ERROR] [net.minecraft.Util/]: Entity illageandspillage:bone has no attributes
[11May2025 01:01:09.597] [main/ERROR] [net.minecraft.Util/]: Entity illageandspillage:axe has no attributes
[11May2025 01:01:09.597] [main/ERROR] [net.minecraft.Util/]: Entity illageandspillage:bone has no attributes
[11May2025 01:01:09.597] [main/ERROR] [net.minecraft.Util/]: Entity illageandspillage:axe has no attributes
[11May2025 01:01:09.597] [main/ERROR] [net.minecraft.Util/]: Entity illageandspillage:bone has no attributes
[11May2025 01:01:09.597] [main/ERROR] [net.minecraft.Util/]: Entity illageandspillage:axe has no attributes
[11May2025 01:01:09.597] [main/ERROR] [net.minecraft.Util/]: Entity illageandspillage:bone has no attributes
[11May2025 01:01:09.598] [main/ERROR] [net.minecraft.Util/]: Entity illageandspillage:axe has no attributes
[11May2025 01:01:09.598] [main/ERROR] [net.minecraft.Util/]: Entity illageandspillage:bone has no attributes
[11May2025 01:01:09.598] [main/ERROR] [net.minecraft.Util/]: Entity illageandspillage:axe has no attributes
[11May2025 01:01:09.598] [main/ERROR] [net.minecraft.Util/]: Entity illageandspillage:bone has no attributes
[11May2025 01:01:09.598] [main/ERROR] [net.minecraft.Util/]: Entity illageandspillage:axe has no attributes
[11May2025 01:01:09.598] [main/ERROR] [net.minecraft.Util/]: Entity illageandspillage:bone has no attributes
[11May2025 01:01:09.598] [main/ERROR] [net.minecraft.Util/]: Entity illageandspillage:axe has no attributes
[11May2025 01:01:09.598] [main/ERROR] [net.minecraft.Util/]: Entity illageandspillage:bone has no attributes
[11May2025 01:01:09.599] [main/ERROR] [net.minecraft.Util/]: Entity illageandspillage:axe has no attributes
[11May2025 01:01:09.599] [main/ERROR] [net.minecraft.Util/]: Entity illageandspillage:bone has no attributes
[11May2025 01:01:09.599] [main/ERROR] [net.minecraft.Util/]: Entity illageandspillage:axe has no attributes
[11May2025 01:01:09.599] [main/ERROR] [net.minecraft.Util/]: Entity illageandspillage:bone has no attributes
[11May2025 01:01:09.599] [main/ERROR] [net.minecraft.Util/]: Entity illageandspillage:axe has no attributes
[11May2025 01:01:09.599] [main/ERROR] [net.minecraft.Util/]: Entity illageandspillage:bone has no attributes
[11May2025 01:01:09.599] [main/ERROR] [net.minecraft.Util/]: Entity illageandspillage:axe has no attributes
[11May2025 01:01:09.600] [main/ERROR] [net.minecraft.Util/]: Entity illageandspillage:bone has no attributes
[11May2025 01:01:09.600] [main/ERROR] [net.minecraft.Util/]: Entity illageandspillage:axe has no attributes
[11May2025 01:01:09.600] [main/ERROR] [net.minecraft.Util/]: Entity illageandspillage:bone has no attributes
[11May2025 01:01:09.600] [main/ERROR] [net.minecraft.Util/]: Entity illageandspillage:axe has no attributes
[11May2025 01:01:09.600] [main/ERROR] [net.minecraft.Util/]: Entity illageandspillage:bone has no attributes
[11May2025 01:01:09.600] [main/ERROR] [net.minecraft.Util/]: Entity illageandspillage:axe has no attributes
[11May2025 01:01:09.601] [main/ERROR] [net.minecraft.Util/]: Entity illageandspillage:bone has no attributes
[11May2025 01:01:09.601] [main/ERROR] [net.minecraft.Util/]: Entity illageandspillage:axe has no attributes
[11May2025 01:01:09.601] [main/ERROR] [net.minecraft.Util/]: Entity illageandspillage:bone has no attributes
[11May2025 01:01:09.601] [main/ERROR] [net.minecraft.Util/]: Entity illageandspillage:axe has no attributes
[11May2025 01:01:09.601] [main/ERROR] [net.minecraft.Util/]: Entity illageandspillage:bone has no attributes
[11May2025 01:01:09.601] [main/ERROR] [net.minecraft.Util/]: Entity illageandspillage:axe has no attributes
[11May2025 01:01:09.601] [main/ERROR] [net.minecraft.Util/]: Entity illageandspillage:bone has no attributes
[11May2025 01:01:09.602] [main/ERROR] [net.minecraft.Util/]: Entity illageandspillage:axe has no attributes
[11May2025 01:01:09.602] [main/ERROR] [net.minecraft.Util/]: Entity illageandspillage:bone has no attributes
[11May2025 01:01:09.602] [main/ERROR] [net.minecraft.Util/]: Entity illageandspillage:axe has no attributes
[11May2025 01:01:09.602] [main/ERROR] [net.minecraft.Util/]: Entity illageandspillage:bone has no attributes
[11May2025 01:01:09.602] [main/ERROR] [net.minecraft.Util/]: Entity illageandspillage:axe has no attributes
[11May2025 01:01:09.602] [main/ERROR] [net.minecraft.Util/]: Entity illageandspillage:bone has no attributes
[11May2025 01:01:09.602] [main/ERROR] [net.minecraft.Util/]: Entity illageandspillage:axe has no attributes
[11May2025 01:01:09.603] [main/ERROR] [net.minecraft.Util/]: Entity illageandspillage:bone has no attributes
[11May2025 01:01:09.603] [main/ERROR] [net.minecraft.Util/]: Entity illageandspillage:axe has no attributes
[11May2025 01:01:09.603] [main/ERROR] [net.minecraft.Util/]: Entity illageandspillage:bone has no attributes
[11May2025 01:01:09.603] [main/ERROR] [net.minecraft.Util/]: Entity illageandspillage:axe has no attributes
[11May2025 01:01:09.603] [main/ERROR] [net.minecraft.Util/]: Entity illageandspillage:bone has no attributes
[11May2025 01:01:09.603] [main/ERROR] [net.minecraft.Util/]: Entity illageandspillage:axe has no attributes
[11May2025 01:01:09.604] [main/ERROR] [net.minecraft.Util/]: Entity illageandspillage:bone has no attributes
[11May2025 01:01:09.604] [main/ERROR] [net.minecraft.Util/]: Entity illageandspillage:axe has no attributes
[11May2025 01:01:09.604] [main/ERROR] [net.minecraft.Util/]: Entity illageandspillage:bone has no attributes
[11May2025 01:01:09.604] [main/ERROR] [net.minecraft.Util/]: Entity illageandspillage:axe has no attributes
[11May2025 01:01:09.604] [main/ERROR] [net.minecraft.Util/]: Entity illageandspillage:bone has no attributes
[11May2025 01:01:09.604] [main/ERROR] [net.minecraft.Util/]: Entity illageandspillage:axe has no attributes
[11May2025 01:01:09.604] [main/ERROR] [net.minecraft.Util/]: Entity illageandspillage:bone has no attributes
[11May2025 01:01:09.605] [main/ERROR] [net.minecraft.Util/]: Entity illageandspillage:axe has no attributes
[11May2025 01:01:09.605] [main/ERROR] [net.minecraft.Util/]: Entity illageandspillage:bone has no attributes
[11May2025 01:01:09.605] [main/ERROR] [net.minecraft.Util/]: Entity illageandspillage:axe has no attributes
[11May2025 01:01:09.605] [main/ERROR] [net.minecraft.Util/]: Entity illageandspillage:bone has no attributes
[11May2025 01:01:09.605] [main/ERROR] [net.minecraft.Util/]: Entity illageandspillage:axe has no attributes
[11May2025 01:01:09.605] [main/ERROR] [net.minecraft.Util/]: Entity illageandspillage:bone has no attributes
[11May2025 01:01:09.605] [main/ERROR] [net.minecraft.Util/]: Entity illageandspillage:axe has no attributes
[11May2025 01:01:09.606] [main/ERROR] [net.minecraft.Util/]: Entity illageandspillage:bone has no attributes
[11May2025 01:01:09.606] [main/ERROR] [net.minecraft.Util/]: Entity illageandspillage:axe has no attributes
[11May2025 01:01:09.606] [main/ERROR] [net.minecraft.Util/]: Entity illageandspillage:bone has no attributes
[11May2025 01:01:09.606] [main/ERROR] [net.minecraft.Util/]: Entity illageandspillage:axe has no attributes
[11May2025 01:01:09.606] [main/ERROR] [net.minecraft.Util/]: Entity illageandspillage:bone has no attributes
[11May2025 01:01:09.606] [main/ERROR] [net.minecraft.Util/]: Entity illageandspillage:axe has no attributes
[11May2025 01:01:09.606] [main/ERROR] [net.minecraft.Util/]: Entity illageandspillage:bone has no attributes
[11May2025 01:01:09.606] [main/ERROR] [net.minecraft.Util/]: Entity illageandspillage:axe has no attributes
[11May2025 01:01:09.607] [main/ERROR] [net.minecraft.Util/]: Entity illageandspillage:bone has no attributes
[11May2025 01:01:09.607] [main/ERROR] [net.minecraft.Util/]: Entity illageandspillage:axe has no attributes
[11May2025 01:01:09.607] [main/ERROR] [net.minecraft.Util/]: Entity illageandspillage:bone has no attributes
[11May2025 01:01:09.607] [main/ERROR] [net.minecraft.Util/]: Entity illageandspillage:axe has no attributes
[11May2025 01:01:09.607] [main/ERROR] [net.minecraft.Util/]: Entity illageandspillage:bone has no attributes
[11May2025 01:01:09.607] [main/ERROR] [net.minecraft.Util/]: Entity illageandspillage:axe has no attributes
[11May2025 01:01:09.608] [main/ERROR] [net.minecraft.Util/]: Entity illageandspillage:bone has no attributes
[11May2025 01:01:09.608] [main/ERROR] [net.minecraft.Util/]: Entity illageandspillage:axe has no attributes
[11May2025 01:01:09.608] [main/ERROR] [net.minecraft.Util/]: Entity illageandspillage:bone has no attributes
[11May2025 01:01:09.608] [main/ERROR] [net.minecraft.Util/]: Entity illageandspillage:axe has no attributes
[11May2025 01:01:09.608] [main/ERROR] [net.minecraft.Util/]: Entity illageandspillage:bone has no attributes
[11May2025 01:01:09.609] [main/ERROR] [net.minecraft.Util/]: Entity illageandspillage:axe has no attributes
[11May2025 01:01:09.609] [main/ERROR] [net.minecraft.Util/]: Entity illageandspillage:bone has no attributes
[11May2025 01:01:09.609] [main/ERROR] [net.minecraft.Util/]: Entity illageandspillage:axe has no attributes
[11May2025 01:01:09.609] [main/ERROR] [net.minecraft.Util/]: Entity illageandspillage:bone has no attributes
[11May2025 01:01:09.609] [main/ERROR] [net.minecraft.Util/]: Entity illageandspillage:axe has no attributes
[11May2025 01:01:09.610] [main/ERROR] [net.minecraft.Util/]: Entity illageandspillage:bone has no attributes
[11May2025 01:01:09.610] [main/ERROR] [net.minecraft.Util/]: Entity illageandspillage:axe has no attributes
[11May2025 01:01:09.610] [main/ERROR] [net.minecraft.Util/]: Entity illageandspillage:bone has no attributes
[11May2025 01:01:09.610] [main/ERROR] [net.minecraft.Util/]: Entity illageandspillage:axe has no attributes
[11May2025 01:01:09.878] [main/WARN] [net.minecraft.server.packs.VanillaPackResourcesBuilder/]: Assets URL 'union:/workspaces/Sagon/servidor_minecraft/libraries/net/minecraft/server/1.20.1-20230612.114412/server-1.20.1-20230612.114412-srg.jar%23363!/assets/.mcassetsroot' uses unexpected schema
[11May2025 01:01:09.878] [main/WARN] [net.minecraft.server.packs.VanillaPackResourcesBuilder/]: Assets URL 'union:/workspaces/Sagon/servidor_minecraft/libraries/net/minecraft/server/1.20.1-20230612.114412/server-1.20.1-20230612.114412-srg.jar%23363!/data/.mcassetsroot' uses unexpected schema
[11May2025 01:01:10.042] [main/INFO] [Sawmill/]: Generated runtime SERVER_DATA for pack Sawmill Sawmill Recipes (sawmill) in: 0 ms (debug resource dump on)
[11May2025 01:01:10.142] [main/INFO] [Supplementaries/]: Generated runtime SERVER_DATA for pack Supplementaries Generated Pack (supplementaries) in: 99 ms
[11May2025 01:01:10.256] [Forge Version Check/INFO] [net.minecraftforge.fml.VersionChecker/]: [voicechat] Found status: OUTDATED Current: 1.20.1-2.5.26 Target: 1.20.1-2.5.30
[11May2025 01:01:10.257] [Forge Version Check/INFO] [net.minecraftforge.fml.VersionChecker/]: [moonlight] Starting version check at https://raw.githubusercontent.com/MehVahdJukaar/Moonlight/multi-loader/forge/update.json
[11May2025 01:01:10.270] [Forge Version Check/INFO] [net.minecraftforge.fml.VersionChecker/]: [moonlight] Found status: BETA Current: 1.20-2.13.79 Target: null
[11May2025 01:01:10.270] [Forge Version Check/INFO] [net.minecraftforge.fml.VersionChecker/]: [forgeconfigscreens] Starting version check at https://raw.githubusercontent.com/Fuzss/modresources/main/update/forgeconfigscreens.json
[11May2025 01:01:10.284] [Forge Version Check/INFO] [net.minecraftforge.fml.VersionChecker/]: [forgeconfigscreens] Found status: UP_TO_DATE Current: 8.0.2 Target: null
[11May2025 01:01:10.285] [Forge Version Check/INFO] [net.minecraftforge.fml.VersionChecker/]: [gravestone] Starting version check at https://update.maxhenkel.de/forge/gravestone
[11May2025 01:01:10.430] [Forge Version Check/INFO] [net.minecraftforge.fml.VersionChecker/]: [gravestone] Found status: AHEAD Current: 1.20.1-1.0.24 Target: null
[11May2025 01:01:10.430] [Forge Version Check/INFO] [net.minecraftforge.fml.VersionChecker/]: [crittersandcompanions] Starting version check at https://api.modrinth.com/updates/critters-and-companions/forge_updates.json
[11May2025 01:01:10.573] [Forge Version Check/INFO] [net.minecraftforge.fml.VersionChecker/]: [crittersandcompanions] Found status: UP_TO_DATE Current: 2.2.2 Target: null
[11May2025 01:01:10.573] [Forge Version Check/INFO] [net.minecraftforge.fml.VersionChecker/]: [backpacked] Starting version check at https://mrcrayfish.com/modupdatejson?id=backpacked
[11May2025 01:01:10.589] [Forge Version Check/WARN] [net.minecraftforge.fml.VersionChecker/]: Failed to process update information
com.google.gson.JsonSyntaxException: java.lang.IllegalStateException: Expected BEGIN_OBJECT but was STRING at line 1 column 1 path $
	at com.google.gson.Gson.fromJson(Gson.java:1226) ~[gson-2.10.jar%2372!/:?]
	at com.google.gson.Gson.fromJson(Gson.java:1124) ~[gson-2.10.jar%2372!/:?]
	at com.google.gson.Gson.fromJson(Gson.java:1034) ~[gson-2.10.jar%2372!/:?]
	at com.google.gson.Gson.fromJson(Gson.java:969) ~[gson-2.10.jar%2372!/:?]
	at net.minecraftforge.fml.VersionChecker$1.process(VersionChecker.java:183) ~[fmlcore-1.20.1-47.3.7.jar%23364!/:?]
	at java.lang.Iterable.forEach(Iterable.java:75) ~[?:?]
	at net.minecraftforge.fml.VersionChecker$1.run(VersionChecker.java:114) ~[fmlcore-1.20.1-47.3.7.jar%23364!/:?]
Caused by: java.lang.IllegalStateException: Expected BEGIN_OBJECT but was STRING at line 1 column 1 path $
	at com.google.gson.stream.JsonReader.beginObject(JsonReader.java:393) ~[gson-2.10.jar%2372!/:?]
	at com.google.gson.internal.bind.MapTypeAdapterFactory$Adapter.read(MapTypeAdapterFactory.java:182) ~[gson-2.10.jar%2372!/:?]
	at com.google.gson.internal.bind.MapTypeAdapterFactory$Adapter.read(MapTypeAdapterFactory.java:144) ~[gson-2.10.jar%2372!/:?]
	at com.google.gson.Gson.fromJson(Gson.java:1214) ~[gson-2.10.jar%2372!/:?]
	... 6 more
[11May2025 01:01:10.590] [Forge Version Check/INFO] [net.minecraftforge.fml.VersionChecker/]: [bettertridents] Starting version check at https://raw.githubusercontent.com/Fuzss/modresources/main/update/bettertridents.json
[11May2025 01:01:10.601] [Forge Version Check/INFO] [net.minecraftforge.fml.VersionChecker/]: [bettertridents] Found status: UP_TO_DATE Current: 8.0.1 Target: null
[11May2025 01:01:10.601] [Forge Version Check/INFO] [net.minecraftforge.fml.VersionChecker/]: [puzzleslib] Starting version check at https://raw.githubusercontent.com/Fuzss/modresources/main/update/puzzleslib.json
[11May2025 01:01:10.617] [Forge Version Check/INFO] [net.minecraftforge.fml.VersionChecker/]: [puzzleslib] Found status: UP_TO_DATE Current: 8.1.32 Target: null
[11May2025 01:01:10.617] [Forge Version Check/INFO] [net.minecraftforge.fml.VersionChecker/]: [aquamirae] Starting version check at https://raw.githubusercontent.com/ObscuriaLithium/Home/main/aquamirae/versions.json
[11May2025 01:01:10.628] [Forge Version Check/WARN] [net.minecraftforge.fml.VersionChecker/]: Failed to process update information
com.google.gson.JsonSyntaxException: java.lang.IllegalStateException: Expected BEGIN_OBJECT but was NUMBER at line 1 column 4 path $
	at com.google.gson.Gson.fromJson(Gson.java:1226) ~[gson-2.10.jar%2372!/:?]
	at com.google.gson.Gson.fromJson(Gson.java:1124) ~[gson-2.10.jar%2372!/:?]
	at com.google.gson.Gson.fromJson(Gson.java:1034) ~[gson-2.10.jar%2372!/:?]
	at com.google.gson.Gson.fromJson(Gson.java:969) ~[gson-2.10.jar%2372!/:?]
	at net.minecraftforge.fml.VersionChecker$1.process(VersionChecker.java:183) ~[fmlcore-1.20.1-47.3.7.jar%23364!/:?]
	at java.lang.Iterable.forEach(Iterable.java:75) ~[?:?]
	at net.minecraftforge.fml.VersionChecker$1.run(VersionChecker.java:114) ~[fmlcore-1.20.1-47.3.7.jar%23364!/:?]
Caused by: java.lang.IllegalStateException: Expected BEGIN_OBJECT but was NUMBER at line 1 column 4 path $
	at com.google.gson.stream.JsonReader.beginObject(JsonReader.java:393) ~[gson-2.10.jar%2372!/:?]
	at com.google.gson.internal.bind.MapTypeAdapterFactory$Adapter.read(MapTypeAdapterFactory.java:182) ~[gson-2.10.jar%2372!/:?]
	at com.google.gson.internal.bind.MapTypeAdapterFactory$Adapter.read(MapTypeAdapterFactory.java:144) ~[gson-2.10.jar%2372!/:?]
	at com.google.gson.Gson.fromJson(Gson.java:1214) ~[gson-2.10.jar%2372!/:?]
	... 6 more
[11May2025 01:01:11.044] [main/INFO] [com.cupboard.Cupboard/]: Loaded config for: connectivity.json
[11May2025 01:01:12.577] [main/INFO] [com.github.alexthe666.alexsmobs.AlexsMobs/]: Adding datapack listener capsid_recipes
[11May2025 01:01:12.687] [Worker-Main-3/ERROR] [net.minecraft.tags.TagLoader/]: Couldn't load tag legendary_monsters:ancient_stronghold_biomes as it is missing following references: minecraft:spruce_forest (from legendarymonsters-1.9.3 MC 1.20.1.jar)
[11May2025 01:01:12.689] [Worker-Main-3/ERROR] [net.minecraft.tags.TagLoader/]: Couldn't load tag forge:is_eyestalker as it is missing following references: #forge:is_end (from enemyexpansion-2.3.1-forge-1.20.1.jar)
[11May2025 01:01:13.350] [Worker-Main-3/ERROR] [net.minecraftforge.common.ForgeHooks/]: Couldn't parse element loot_tables:nfm:blocks/beige_wall_cabinet
com.google.gson.JsonSyntaxException: Expected name to be an item, was unknown string 'nfm:beige_wall_cabinet'
	at net.minecraft.util.GsonHelper.m_13866_(GsonHelper.java:145) ~[server-1.20.1-20230612.114412-srg.jar%23363!/:?]
	at java.util.Optional.orElseThrow(Optional.java:403) ~[?:?]
	at net.minecraft.util.GsonHelper.m_13874_(GsonHelper.java:145) ~[server-1.20.1-20230612.114412-srg.jar%23363!/:?]
	at net.minecraft.util.GsonHelper.m_13909_(GsonHelper.java:153) ~[server-1.20.1-20230612.114412-srg.jar%23363!/:?]
	at net.minecraft.world.level.storage.loot.entries.LootItem$Serializer.m_7267_(LootItem.java:55) ~[server-1.20.1-20230612.114412-srg.jar%23363!/:?]
	at net.minecraft.world.level.storage.loot.entries.LootItem$Serializer.m_7267_(LootItem.java:40) ~[server-1.20.1-20230612.114412-srg.jar%23363!/:?]
	at net.minecraft.world.level.storage.loot.entries.LootPoolSingletonContainer$Serializer.m_5921_(LootPoolSingletonContainer.java:151) ~[server-1.20.1-20230612.114412-srg.jar%23363!/:?]
	at net.minecraft.world.level.storage.loot.entries.LootPoolSingletonContainer$Serializer.m_5921_(LootPoolSingletonContainer.java:129) ~[server-1.20.1-20230612.114412-srg.jar%23363!/:?]
	at net.minecraft.world.level.storage.loot.entries.LootPoolEntryContainer$Serializer.m_7561_(LootPoolEntryContainer.java:86) ~[server-1.20.1-20230612.114412-srg.jar%23363!/:?]
	at net.minecraft.world.level.storage.loot.entries.LootPoolEntryContainer$Serializer.m_7561_(LootPoolEntryContainer.java:74) ~[server-1.20.1-20230612.114412-srg.jar%23363!/:?]
	at net.minecraft.world.level.storage.loot.GsonAdapterFactory$JsonAdapter.deserialize(GsonAdapterFactory.java:102) ~[server-1.20.1-20230612.114412-srg.jar%23363!/:?]
	at com.google.gson.internal.bind.TreeTypeAdapter.read(TreeTypeAdapter.java:76) ~[gson-2.10.jar%2372!/:?]
	at com.google.gson.internal.bind.TypeAdapterRuntimeTypeWrapper.read(TypeAdapterRuntimeTypeWrapper.java:40) ~[gson-2.10.jar%2372!/:?]
	at com.google.gson.internal.bind.ArrayTypeAdapter.read(ArrayTypeAdapter.java:72) ~[gson-2.10.jar%2372!/:?]
	at com.google.gson.Gson.fromJson(Gson.java:1214) ~[gson-2.10.jar%2372!/:?]
	at com.google.gson.Gson.fromJson(Gson.java:1319) ~[gson-2.10.jar%2372!/:?]
	at com.google.gson.Gson.fromJson(Gson.java:1290) ~[gson-2.10.jar%2372!/:?]
	at com.google.gson.internal.bind.TreeTypeAdapter$GsonContextImpl.deserialize(TreeTypeAdapter.java:179) ~[gson-2.10.jar%2372!/:?]
	at net.minecraft.util.GsonHelper.m_13808_(GsonHelper.java:463) ~[server-1.20.1-20230612.114412-srg.jar%23363!/:?]
	at net.minecraft.util.GsonHelper.m_13836_(GsonHelper.java:471) ~[server-1.20.1-20230612.114412-srg.jar%23363!/:?]
	at net.minecraft.world.level.storage.loot.LootPool$Serializer.deserialize(LootPool.java:192) ~[server-1.20.1-20230612.114412-srg.jar%23363!/:?]
	at net.minecraft.world.level.storage.loot.LootPool$Serializer.deserialize(LootPool.java:189) ~[server-1.20.1-20230612.114412-srg.jar%23363!/:?]
	at com.google.gson.internal.bind.TreeTypeAdapter.read(TreeTypeAdapter.java:76) ~[gson-2.10.jar%2372!/:?]
	at com.google.gson.internal.bind.TypeAdapterRuntimeTypeWrapper.read(TypeAdapterRuntimeTypeWrapper.java:40) ~[gson-2.10.jar%2372!/:?]
	at com.google.gson.internal.bind.ArrayTypeAdapter.read(ArrayTypeAdapter.java:72) ~[gson-2.10.jar%2372!/:?]
	at com.google.gson.Gson.fromJson(Gson.java:1214) ~[gson-2.10.jar%2372!/:?]
	at com.google.gson.Gson.fromJson(Gson.java:1319) ~[gson-2.10.jar%2372!/:?]
	at com.google.gson.Gson.fromJson(Gson.java:1290) ~[gson-2.10.jar%2372!/:?]
	at com.google.gson.internal.bind.TreeTypeAdapter$GsonContextImpl.deserialize(TreeTypeAdapter.java:179) ~[gson-2.10.jar%2372!/:?]
	at net.minecraft.util.GsonHelper.m_13808_(GsonHelper.java:463) ~[server-1.20.1-20230612.114412-srg.jar%23363!/:?]
	at net.minecraft.util.GsonHelper.m_13845_(GsonHelper.java:481) ~[server-1.20.1-20230612.114412-srg.jar%23363!/:?]
	at net.minecraft.world.level.storage.loot.LootTable$Serializer.deserialize(LootTable.java:294) ~[server-1.20.1-20230612.114412-srg.jar%23363!/:?]
	at net.minecraft.world.level.storage.loot.LootTable$Serializer.deserialize(LootTable.java:291) ~[server-1.20.1-20230612.114412-srg.jar%23363!/:?]
	at com.google.gson.internal.bind.TreeTypeAdapter.read(TreeTypeAdapter.java:76) ~[gson-2.10.jar%2372!/:?]
	at com.google.gson.Gson.fromJson(Gson.java:1214) ~[gson-2.10.jar%2372!/:?]
	at com.google.gson.Gson.fromJson(Gson.java:1319) ~[gson-2.10.jar%2372!/:?]
	at com.google.gson.Gson.fromJson(Gson.java:1261) ~[gson-2.10.jar%2372!/:?]
	at net.minecraftforge.common.ForgeHooks.loadLootTable(ForgeHooks.java:871) ~[forge-1.20.1-47.3.7-universal.jar%23368!/:?]
	at net.minecraftforge.common.ForgeHooks.lambda$getLootTableDeserializer$3(ForgeHooks.java:848) ~[forge-1.20.1-47.3.7-universal.jar%23368!/:?]
	at net.minecraft.world.level.storage.loot.LootDataType.deserialize(LootDataType.java:45) ~[server-1.20.1-20230612.114412-srg.jar%23363!/:?]
	at net.minecraft.world.level.storage.loot.LootDataManager.lambda$scheduleElementParse$4(LootDataManager.java:56) ~[server-1.20.1-20230612.114412-srg.jar%23363!/:?]
	at java.util.HashMap.forEach(HashMap.java:1421) ~[?:?]
	at net.minecraft.world.level.storage.loot.LootDataManager.m_278660_(LootDataManager.java:55) ~[server-1.20.1-20230612.114412-srg.jar%23363!/:?]
	at java.util.concurrent.CompletableFuture$AsyncRun.run(CompletableFuture.java:1804) ~[?:?]
	at java.util.concurrent.CompletableFuture$AsyncRun.exec(CompletableFuture.java:1796) ~[?:?]
	at java.util.concurrent.ForkJoinTask.doExec(ForkJoinTask.java:373) ~[?:?]
	at java.util.concurrent.ForkJoinPool$WorkQueue.topLevelExec(ForkJoinPool.java:1182) ~[?:?]
	at java.util.concurrent.ForkJoinPool.scan(ForkJoinPool.java:1655) ~[?:?]
	at java.util.concurrent.ForkJoinPool.runWorker(ForkJoinPool.java:1622) ~[?:?]
	at java.util.concurrent.ForkJoinWorkerThread.run(ForkJoinWorkerThread.java:165) ~[?:?]
[11May2025 01:01:13.378] [Worker-Main-1/ERROR] [net.minecraft.server.packs.resources.SimpleJsonResourceReloadListener/]: Couldn't parse data file supplementaries:betteranimalsplus_flying_fish from supplementaries:catchable_mobs_properties/betteranimalsplus_flying_fish.json
com.google.gson.JsonParseException: com.google.gson.stream.MalformedJsonException: Use JsonReader.setLenient(true) to accept malformed JSON at line 2 column 37 path $.force_fluid
	at net.minecraft.util.GsonHelper.m_13780_(GsonHelper.java:526) ~[server-1.20.1-20230612.114412-srg.jar%23363!/:?]
	at net.minecraft.util.GsonHelper.m_263475_(GsonHelper.java:531) ~[server-1.20.1-20230612.114412-srg.jar%23363!/:?]
	at net.minecraft.util.GsonHelper.m_13776_(GsonHelper.java:581) ~[server-1.20.1-20230612.114412-srg.jar%23363!/:?]
	at net.minecraft.server.packs.resources.SimpleJsonResourceReloadListener.m_278771_(SimpleJsonResourceReloadListener.java:41) ~[server-1.20.1-20230612.114412-srg.jar%23363!/:?]
	at net.minecraft.server.packs.resources.SimpleJsonResourceReloadListener.m_5944_(SimpleJsonResourceReloadListener.java:29) ~[server-1.20.1-20230612.114412-srg.jar%23363!/:?]
	at net.mehvahdjukaar.supplementaries.common.misc.mob_container.CapturedMobHandler.m_5944_(CapturedMobHandler.java:24) ~[supplementaries-1.20-3.1.24.jar%23353!/:?]
	at net.minecraft.server.packs.resources.SimplePreparableReloadListener.m_10786_(SimplePreparableReloadListener.java:11) ~[server-1.20.1-20230612.114412-srg.jar%23363!/:?]
	at java.util.concurrent.CompletableFuture$AsyncSupply.run(CompletableFuture.java:1768) ~[?:?]
	at java.util.concurrent.CompletableFuture$AsyncSupply.exec(CompletableFuture.java:1760) ~[?:?]
	at java.util.concurrent.ForkJoinTask.doExec(ForkJoinTask.java:373) ~[?:?]
	at java.util.concurrent.ForkJoinPool$WorkQueue.topLevelExec(ForkJoinPool.java:1182) ~[?:?]
	at java.util.concurrent.ForkJoinPool.scan(ForkJoinPool.java:1655) ~[?:?]
	at java.util.concurrent.ForkJoinPool.runWorker(ForkJoinPool.java:1622) ~[?:?]
	at java.util.concurrent.ForkJoinWorkerThread.run(ForkJoinWorkerThread.java:165) ~[?:?]
Caused by: com.google.gson.stream.MalformedJsonException: Use JsonReader.setLenient(true) to accept malformed JSON at line 2 column 37 path $.force_fluid
	at com.google.gson.stream.JsonReader.syntaxError(JsonReader.java:1657) ~[gson-2.10.jar%2372!/:?]
	at com.google.gson.stream.JsonReader.checkLenient(JsonReader.java:1463) ~[gson-2.10.jar%2372!/:?]
	at com.google.gson.stream.JsonReader.doPeek(JsonReader.java:517) ~[gson-2.10.jar%2372!/:?]
	at com.google.gson.stream.JsonReader.hasNext(JsonReader.java:422) ~[gson-2.10.jar%2372!/:?]
	at com.google.gson.internal.bind.TypeAdapters$28.read(TypeAdapters.java:779) ~[gson-2.10.jar%2372!/:?]
	at com.google.gson.internal.bind.TypeAdapters$28.read(TypeAdapters.java:725) ~[gson-2.10.jar%2372!/:?]
	at com.google.gson.internal.bind.TypeAdapters$34$1.read(TypeAdapters.java:1007) ~[gson-2.10.jar%2372!/:?]
	at net.minecraft.util.GsonHelper.m_13780_(GsonHelper.java:524) ~[server-1.20.1-20230612.114412-srg.jar%23363!/:?]
	... 13 more
[11May2025 01:01:13.430] [Worker-Main-3/ERROR] [net.minecraftforge.common.ForgeHooks/]: Couldn't parse element loot_tables:nfm:blocks/beige_modern_desk_cabinet
com.google.gson.JsonSyntaxException: Expected name to be an item, was unknown string 'nfm:beige_modern_desk_cabinet'
	at net.minecraft.util.GsonHelper.m_13866_(GsonHelper.java:145) ~[server-1.20.1-20230612.114412-srg.jar%23363!/:?]
	at java.util.Optional.orElseThrow(Optional.java:403) ~[?:?]
	at net.minecraft.util.GsonHelper.m_13874_(GsonHelper.java:145) ~[server-1.20.1-20230612.114412-srg.jar%23363!/:?]
	at net.minecraft.util.GsonHelper.m_13909_(GsonHelper.java:153) ~[server-1.20.1-20230612.114412-srg.jar%23363!/:?]
	at net.minecraft.world.level.storage.loot.entries.LootItem$Serializer.m_7267_(LootItem.java:55) ~[server-1.20.1-20230612.114412-srg.jar%23363!/:?]
	at net.minecraft.world.level.storage.loot.entries.LootItem$Serializer.m_7267_(LootItem.java:40) ~[server-1.20.1-20230612.114412-srg.jar%23363!/:?]
	at net.minecraft.world.level.storage.loot.entries.LootPoolSingletonContainer$Serializer.m_5921_(LootPoolSingletonContainer.java:151) ~[server-1.20.1-20230612.114412-srg.jar%23363!/:?]
	at net.minecraft.world.level.storage.loot.entries.LootPoolSingletonContainer$Serializer.m_5921_(LootPoolSingletonContainer.java:129) ~[server-1.20.1-20230612.114412-srg.jar%23363!/:?]
	at net.minecraft.world.level.storage.loot.entries.LootPoolEntryContainer$Serializer.m_7561_(LootPoolEntryContainer.java:86) ~[server-1.20.1-20230612.114412-srg.jar%23363!/:?]
	at net.minecraft.world.level.storage.loot.entries.LootPoolEntryContainer$Serializer.m_7561_(LootPoolEntryContainer.java:74) ~[server-1.20.1-20230612.114412-srg.jar%23363!/:?]
	at net.minecraft.world.level.storage.loot.GsonAdapterFactory$JsonAdapter.deserialize(GsonAdapterFactory.java:102) ~[server-1.20.1-20230612.114412-srg.jar%23363!/:?]
	at com.google.gson.internal.bind.TreeTypeAdapter.read(TreeTypeAdapter.java:76) ~[gson-2.10.jar%2372!/:?]
	at com.google.gson.internal.bind.TypeAdapterRuntimeTypeWrapper.read(TypeAdapterRuntimeTypeWrapper.java:40) ~[gson-2.10.jar%2372!/:?]
	at com.google.gson.internal.bind.ArrayTypeAdapter.read(ArrayTypeAdapter.java:72) ~[gson-2.10.jar%2372!/:?]
	at com.google.gson.Gson.fromJson(Gson.java:1214) ~[gson-2.10.jar%2372!/:?]
	at com.google.gson.Gson.fromJson(Gson.java:1319) ~[gson-2.10.jar%2372!/:?]
	at com.google.gson.Gson.fromJson(Gson.java:1290) ~[gson-2.10.jar%2372!/:?]
	at com.google.gson.internal.bind.TreeTypeAdapter$GsonContextImpl.deserialize(TreeTypeAdapter.java:179) ~[gson-2.10.jar%2372!/:?]
	at net.minecraft.util.GsonHelper.m_13808_(GsonHelper.java:463) ~[server-1.20.1-20230612.114412-srg.jar%23363!/:?]
	at net.minecraft.util.GsonHelper.m_13836_(GsonHelper.java:471) ~[server-1.20.1-20230612.114412-srg.jar%23363!/:?]
	at net.minecraft.world.level.storage.loot.LootPool$Serializer.deserialize(LootPool.java:192) ~[server-1.20.1-20230612.114412-srg.jar%23363!/:?]
	at net.minecraft.world.level.storage.loot.LootPool$Serializer.deserialize(LootPool.java:189) ~[server-1.20.1-20230612.114412-srg.jar%23363!/:?]
	at com.google.gson.internal.bind.TreeTypeAdapter.read(TreeTypeAdapter.java:76) ~[gson-2.10.jar%2372!/:?]
	at com.google.gson.internal.bind.TypeAdapterRuntimeTypeWrapper.read(TypeAdapterRuntimeTypeWrapper.java:40) ~[gson-2.10.jar%2372!/:?]
	at com.google.gson.internal.bind.ArrayTypeAdapter.read(ArrayTypeAdapter.java:72) ~[gson-2.10.jar%2372!/:?]
	at com.google.gson.Gson.fromJson(Gson.java:1214) ~[gson-2.10.jar%2372!/:?]
	at com.google.gson.Gson.fromJson(Gson.java:1319) ~[gson-2.10.jar%2372!/:?]
	at com.google.gson.Gson.fromJson(Gson.java:1290) ~[gson-2.10.jar%2372!/:?]
	at com.google.gson.internal.bind.TreeTypeAdapter$GsonContextImpl.deserialize(TreeTypeAdapter.java:179) ~[gson-2.10.jar%2372!/:?]
	at net.minecraft.util.GsonHelper.m_13808_(GsonHelper.java:463) ~[server-1.20.1-20230612.114412-srg.jar%23363!/:?]
	at net.minecraft.util.GsonHelper.m_13845_(GsonHelper.java:481) ~[server-1.20.1-20230612.114412-srg.jar%23363!/:?]
	at net.minecraft.world.level.storage.loot.LootTable$Serializer.deserialize(LootTable.java:294) ~[server-1.20.1-20230612.114412-srg.jar%23363!/:?]
	at net.minecraft.world.level.storage.loot.LootTable$Serializer.deserialize(LootTable.java:291) ~[server-1.20.1-20230612.114412-srg.jar%23363!/:?]
	at com.google.gson.internal.bind.TreeTypeAdapter.read(TreeTypeAdapter.java:76) ~[gson-2.10.jar%2372!/:?]
	at com.google.gson.Gson.fromJson(Gson.java:1214) ~[gson-2.10.jar%2372!/:?]
	at com.google.gson.Gson.fromJson(Gson.java:1319) ~[gson-2.10.jar%2372!/:?]
	at com.google.gson.Gson.fromJson(Gson.java:1261) ~[gson-2.10.jar%2372!/:?]
	at net.minecraftforge.common.ForgeHooks.loadLootTable(ForgeHooks.java:871) ~[forge-1.20.1-47.3.7-universal.jar%23368!/:?]
	at net.minecraftforge.common.ForgeHooks.lambda$getLootTableDeserializer$3(ForgeHooks.java:848) ~[forge-1.20.1-47.3.7-universal.jar%23368!/:?]
	at net.minecraft.world.level.storage.loot.LootDataType.deserialize(LootDataType.java:45) ~[server-1.20.1-20230612.114412-srg.jar%23363!/:?]
	at net.minecraft.world.level.storage.loot.LootDataManager.lambda$scheduleElementParse$4(LootDataManager.java:56) ~[server-1.20.1-20230612.114412-srg.jar%23363!/:?]
	at java.util.HashMap.forEach(HashMap.java:1421) ~[?:?]
	at net.minecraft.world.level.storage.loot.LootDataManager.m_278660_(LootDataManager.java:55) ~[server-1.20.1-20230612.114412-srg.jar%23363!/:?]
	at java.util.concurrent.CompletableFuture$AsyncRun.run(CompletableFuture.java:1804) ~[?:?]
	at java.util.concurrent.CompletableFuture$AsyncRun.exec(CompletableFuture.java:1796) ~[?:?]
	at java.util.concurrent.ForkJoinTask.doExec(ForkJoinTask.java:373) ~[?:?]
	at java.util.concurrent.ForkJoinPool$WorkQueue.topLevelExec(ForkJoinPool.java:1182) ~[?:?]
	at java.util.concurrent.ForkJoinPool.scan(ForkJoinPool.java:1655) ~[?:?]
	at java.util.concurrent.ForkJoinPool.runWorker(ForkJoinPool.java:1622) ~[?:?]
	at java.util.concurrent.ForkJoinWorkerThread.run(ForkJoinWorkerThread.java:165) ~[?:?]
[11May2025 01:01:13.443] [Worker-Main-3/ERROR] [net.minecraftforge.common.ForgeHooks/]: Couldn't parse element loot_tables:nfm:blocks/beige_modern_desk
com.google.gson.JsonSyntaxException: Expected name to be an item, was unknown string 'nfm:beige_modern_desk'
	at net.minecraft.util.GsonHelper.m_13866_(GsonHelper.java:145) ~[server-1.20.1-20230612.114412-srg.jar%23363!/:?]
	at java.util.Optional.orElseThrow(Optional.java:403) ~[?:?]
	at net.minecraft.util.GsonHelper.m_13874_(GsonHelper.java:145) ~[server-1.20.1-20230612.114412-srg.jar%23363!/:?]
	at net.minecraft.util.GsonHelper.m_13909_(GsonHelper.java:153) ~[server-1.20.1-20230612.114412-srg.jar%23363!/:?]
	at net.minecraft.world.level.storage.loot.entries.LootItem$Serializer.m_7267_(LootItem.java:55) ~[server-1.20.1-20230612.114412-srg.jar%23363!/:?]
	at net.minecraft.world.level.storage.loot.entries.LootItem$Serializer.m_7267_(LootItem.java:40) ~[server-1.20.1-20230612.114412-srg.jar%23363!/:?]
	at net.minecraft.world.level.storage.loot.entries.LootPoolSingletonContainer$Serializer.m_5921_(LootPoolSingletonContainer.java:151) ~[server-1.20.1-20230612.114412-srg.jar%23363!/:?]
	at net.minecraft.world.level.storage.loot.entries.LootPoolSingletonContainer$Serializer.m_5921_(LootPoolSingletonContainer.java:129) ~[server-1.20.1-20230612.114412-srg.jar%23363!/:?]
	at net.minecraft.world.level.storage.loot.entries.LootPoolEntryContainer$Serializer.m_7561_(LootPoolEntryContainer.java:86) ~[server-1.20.1-20230612.114412-srg.jar%23363!/:?]
	at net.minecraft.world.level.storage.loot.entries.LootPoolEntryContainer$Serializer.m_7561_(LootPoolEntryContainer.java:74) ~[server-1.20.1-20230612.114412-srg.jar%23363!/:?]
	at net.minecraft.world.level.storage.loot.GsonAdapterFactory$JsonAdapter.deserialize(GsonAdapterFactory.java:102) ~[server-1.20.1-20230612.114412-srg.jar%23363!/:?]
	at com.google.gson.internal.bind.TreeTypeAdapter.read(TreeTypeAdapter.java:76) ~[gson-2.10.jar%2372!/:?]
	at com.google.gson.internal.bind.TypeAdapterRuntimeTypeWrapper.read(TypeAdapterRuntimeTypeWrapper.java:40) ~[gson-2.10.jar%2372!/:?]
	at com.google.gson.internal.bind.ArrayTypeAdapter.read(ArrayTypeAdapter.java:72) ~[gson-2.10.jar%2372!/:?]
	at com.google.gson.Gson.fromJson(Gson.java:1214) ~[gson-2.10.jar%2372!/:?]
	at com.google.gson.Gson.fromJson(Gson.java:1319) ~[gson-2.10.jar%2372!/:?]
	at com.google.gson.Gson.fromJson(Gson.java:1290) ~[gson-2.10.jar%2372!/:?]
	at com.google.gson.internal.bind.TreeTypeAdapter$GsonContextImpl.deserialize(TreeTypeAdapter.java:179) ~[gson-2.10.jar%2372!/:?]
	at net.minecraft.util.GsonHelper.m_13808_(GsonHelper.java:463) ~[server-1.20.1-20230612.114412-srg.jar%23363!/:?]
	at net.minecraft.util.GsonHelper.m_13836_(GsonHelper.java:471) ~[server-1.20.1-20230612.114412-srg.jar%23363!/:?]
	at net.minecraft.world.level.storage.loot.LootPool$Serializer.deserialize(LootPool.java:192) ~[server-1.20.1-20230612.114412-srg.jar%23363!/:?]
	at net.minecraft.world.level.storage.loot.LootPool$Serializer.deserialize(LootPool.java:189) ~[server-1.20.1-20230612.114412-srg.jar%23363!/:?]
	at com.google.gson.internal.bind.TreeTypeAdapter.read(TreeTypeAdapter.java:76) ~[gson-2.10.jar%2372!/:?]
	at com.google.gson.internal.bind.TypeAdapterRuntimeTypeWrapper.read(TypeAdapterRuntimeTypeWrapper.java:40) ~[gson-2.10.jar%2372!/:?]
	at com.google.gson.internal.bind.ArrayTypeAdapter.read(ArrayTypeAdapter.java:72) ~[gson-2.10.jar%2372!/:?]
	at com.google.gson.Gson.fromJson(Gson.java:1214) ~[gson-2.10.jar%2372!/:?]
	at com.google.gson.Gson.fromJson(Gson.java:1319) ~[gson-2.10.jar%2372!/:?]
	at com.google.gson.Gson.fromJson(Gson.java:1290) ~[gson-2.10.jar%2372!/:?]
	at com.google.gson.internal.bind.TreeTypeAdapter$GsonContextImpl.deserialize(TreeTypeAdapter.java:179) ~[gson-2.10.jar%2372!/:?]
	at net.minecraft.util.GsonHelper.m_13808_(GsonHelper.java:463) ~[server-1.20.1-20230612.114412-srg.jar%23363!/:?]
	at net.minecraft.util.GsonHelper.m_13845_(GsonHelper.java:481) ~[server-1.20.1-20230612.114412-srg.jar%23363!/:?]
	at net.minecraft.world.level.storage.loot.LootTable$Serializer.deserialize(LootTable.java:294) ~[server-1.20.1-20230612.114412-srg.jar%23363!/:?]
	at net.minecraft.world.level.storage.loot.LootTable$Serializer.deserialize(LootTable.java:291) ~[server-1.20.1-20230612.114412-srg.jar%23363!/:?]
	at com.google.gson.internal.bind.TreeTypeAdapter.read(TreeTypeAdapter.java:76) ~[gson-2.10.jar%2372!/:?]
	at com.google.gson.Gson.fromJson(Gson.java:1214) ~[gson-2.10.jar%2372!/:?]
	at com.google.gson.Gson.fromJson(Gson.java:1319) ~[gson-2.10.jar%2372!/:?]
	at com.google.gson.Gson.fromJson(Gson.java:1261) ~[gson-2.10.jar%2372!/:?]
	at net.minecraftforge.common.ForgeHooks.loadLootTable(ForgeHooks.java:871) ~[forge-1.20.1-47.3.7-universal.jar%23368!/:?]
	at net.minecraftforge.common.ForgeHooks.lambda$getLootTableDeserializer$3(ForgeHooks.java:848) ~[forge-1.20.1-47.3.7-universal.jar%23368!/:?]
	at net.minecraft.world.level.storage.loot.LootDataType.deserialize(LootDataType.java:45) ~[server-1.20.1-20230612.114412-srg.jar%23363!/:?]
	at net.minecraft.world.level.storage.loot.LootDataManager.lambda$scheduleElementParse$4(LootDataManager.java:56) ~[server-1.20.1-20230612.114412-srg.jar%23363!/:?]
	at java.util.HashMap.forEach(HashMap.java:1421) ~[?:?]
	at net.minecraft.world.level.storage.loot.LootDataManager.m_278660_(LootDataManager.java:55) ~[server-1.20.1-20230612.114412-srg.jar%23363!/:?]
	at java.util.concurrent.CompletableFuture$AsyncRun.run(CompletableFuture.java:1804) ~[?:?]
	at java.util.concurrent.CompletableFuture$AsyncRun.exec(CompletableFuture.java:1796) ~[?:?]
	at java.util.concurrent.ForkJoinTask.doExec(ForkJoinTask.java:373) ~[?:?]
	at java.util.concurrent.ForkJoinPool$WorkQueue.topLevelExec(ForkJoinPool.java:1182) ~[?:?]
	at java.util.concurrent.ForkJoinPool.scan(ForkJoinPool.java:1655) ~[?:?]
	at java.util.concurrent.ForkJoinPool.runWorker(ForkJoinPool.java:1622) ~[?:?]
	at java.util.concurrent.ForkJoinWorkerThread.run(ForkJoinWorkerThread.java:165) ~[?:?]
[11May2025 01:01:13.465] [Worker-Main-3/ERROR] [net.minecraftforge.common.ForgeHooks/]: Couldn't parse element loot_tables:nfm:blocks/beige_modern_chair
com.google.gson.JsonSyntaxException: Expected name to be an item, was unknown string 'nfm:beige_modern_chair'
	at net.minecraft.util.GsonHelper.m_13866_(GsonHelper.java:145) ~[server-1.20.1-20230612.114412-srg.jar%23363!/:?]
	at java.util.Optional.orElseThrow(Optional.java:403) ~[?:?]
	at net.minecraft.util.GsonHelper.m_13874_(GsonHelper.java:145) ~[server-1.20.1-20230612.114412-srg.jar%23363!/:?]
	at net.minecraft.util.GsonHelper.m_13909_(GsonHelper.java:153) ~[server-1.20.1-20230612.114412-srg.jar%23363!/:?]
	at net.minecraft.world.level.storage.loot.entries.LootItem$Serializer.m_7267_(LootItem.java:55) ~[server-1.20.1-20230612.114412-srg.jar%23363!/:?]
	at net.minecraft.world.level.storage.loot.entries.LootItem$Serializer.m_7267_(LootItem.java:40) ~[server-1.20.1-20230612.114412-srg.jar%23363!/:?]
	at net.minecraft.world.level.storage.loot.entries.LootPoolSingletonContainer$Serializer.m_5921_(LootPoolSingletonContainer.java:151) ~[server-1.20.1-20230612.114412-srg.jar%23363!/:?]
	at net.minecraft.world.level.storage.loot.entries.LootPoolSingletonContainer$Serializer.m_5921_(LootPoolSingletonContainer.java:129) ~[server-1.20.1-20230612.114412-srg.jar%23363!/:?]
	at net.minecraft.world.level.storage.loot.entries.LootPoolEntryContainer$Serializer.m_7561_(LootPoolEntryContainer.java:86) ~[server-1.20.1-20230612.114412-srg.jar%23363!/:?]
	at net.minecraft.world.level.storage.loot.entries.LootPoolEntryContainer$Serializer.m_7561_(LootPoolEntryContainer.java:74) ~[server-1.20.1-20230612.114412-srg.jar%23363!/:?]
	at net.minecraft.world.level.storage.loot.GsonAdapterFactory$JsonAdapter.deserialize(GsonAdapterFactory.java:102) ~[server-1.20.1-20230612.114412-srg.jar%23363!/:?]
	at com.google.gson.internal.bind.TreeTypeAdapter.read(TreeTypeAdapter.java:76) ~[gson-2.10.jar%2372!/:?]
	at com.google.gson.internal.bind.TypeAdapterRuntimeTypeWrapper.read(TypeAdapterRuntimeTypeWrapper.java:40) ~[gson-2.10.jar%2372!/:?]
	at com.google.gson.internal.bind.ArrayTypeAdapter.read(ArrayTypeAdapter.java:72) ~[gson-2.10.jar%2372!/:?]
	at com.google.gson.Gson.fromJson(Gson.java:1214) ~[gson-2.10.jar%2372!/:?]
	at com.google.gson.Gson.fromJson(Gson.java:1319) ~[gson-2.10.jar%2372!/:?]
	at com.google.gson.Gson.fromJson(Gson.java:1290) ~[gson-2.10.jar%2372!/:?]
	at com.google.gson.internal.bind.TreeTypeAdapter$GsonContextImpl.deserialize(TreeTypeAdapter.java:179) ~[gson-2.10.jar%2372!/:?]
	at net.minecraft.util.GsonHelper.m_13808_(GsonHelper.java:463) ~[server-1.20.1-20230612.114412-srg.jar%23363!/:?]
	at net.minecraft.util.GsonHelper.m_13836_(GsonHelper.java:471) ~[server-1.20.1-20230612.114412-srg.jar%23363!/:?]
	at net.minecraft.world.level.storage.loot.LootPool$Serializer.deserialize(LootPool.java:192) ~[server-1.20.1-20230612.114412-srg.jar%23363!/:?]
	at net.minecraft.world.level.storage.loot.LootPool$Serializer.deserialize(LootPool.java:189) ~[server-1.20.1-20230612.114412-srg.jar%23363!/:?]
	at com.google.gson.internal.bind.TreeTypeAdapter.read(TreeTypeAdapter.java:76) ~[gson-2.10.jar%2372!/:?]
	at com.google.gson.internal.bind.TypeAdapterRuntimeTypeWrapper.read(TypeAdapterRuntimeTypeWrapper.java:40) ~[gson-2.10.jar%2372!/:?]
	at com.google.gson.internal.bind.ArrayTypeAdapter.read(ArrayTypeAdapter.java:72) ~[gson-2.10.jar%2372!/:?]
	at com.google.gson.Gson.fromJson(Gson.java:1214) ~[gson-2.10.jar%2372!/:?]
	at com.google.gson.Gson.fromJson(Gson.java:1319) ~[gson-2.10.jar%2372!/:?]
	at com.google.gson.Gson.fromJson(Gson.java:1290) ~[gson-2.10.jar%2372!/:?]
	at com.google.gson.internal.bind.TreeTypeAdapter$GsonContextImpl.deserialize(TreeTypeAdapter.java:179) ~[gson-2.10.jar%2372!/:?]
	at net.minecraft.util.GsonHelper.m_13808_(GsonHelper.java:463) ~[server-1.20.1-20230612.114412-srg.jar%23363!/:?]
	at net.minecraft.util.GsonHelper.m_13845_(GsonHelper.java:481) ~[server-1.20.1-20230612.114412-srg.jar%23363!/:?]
	at net.minecraft.world.level.storage.loot.LootTable$Serializer.deserialize(LootTable.java:294) ~[server-1.20.1-20230612.114412-srg.jar%23363!/:?]
	at net.minecraft.world.level.storage.loot.LootTable$Serializer.deserialize(LootTable.java:291) ~[server-1.20.1-20230612.114412-srg.jar%23363!/:?]
	at com.google.gson.internal.bind.TreeTypeAdapter.read(TreeTypeAdapter.java:76) ~[gson-2.10.jar%2372!/:?]
	at com.google.gson.Gson.fromJson(Gson.java:1214) ~[gson-2.10.jar%2372!/:?]
	at com.google.gson.Gson.fromJson(Gson.java:1319) ~[gson-2.10.jar%2372!/:?]
	at com.google.gson.Gson.fromJson(Gson.java:1261) ~[gson-2.10.jar%2372!/:?]
	at net.minecraftforge.common.ForgeHooks.loadLootTable(ForgeHooks.java:871) ~[forge-1.20.1-47.3.7-universal.jar%23368!/:?]
	at net.minecraftforge.common.ForgeHooks.lambda$getLootTableDeserializer$3(ForgeHooks.java:848) ~[forge-1.20.1-47.3.7-universal.jar%23368!/:?]
	at net.minecraft.world.level.storage.loot.LootDataType.deserialize(LootDataType.java:45) ~[server-1.20.1-20230612.114412-srg.jar%23363!/:?]
	at net.minecraft.world.level.storage.loot.LootDataManager.lambda$scheduleElementParse$4(LootDataManager.java:56) ~[server-1.20.1-20230612.114412-srg.jar%23363!/:?]
	at java.util.HashMap.forEach(HashMap.java:1421) ~[?:?]
	at net.minecraft.world.level.storage.loot.LootDataManager.m_278660_(LootDataManager.java:55) ~[server-1.20.1-20230612.114412-srg.jar%23363!/:?]
	at java.util.concurrent.CompletableFuture$AsyncRun.run(CompletableFuture.java:1804) ~[?:?]
	at java.util.concurrent.CompletableFuture$AsyncRun.exec(CompletableFuture.java:1796) ~[?:?]
	at java.util.concurrent.ForkJoinTask.doExec(ForkJoinTask.java:373) ~[?:?]
	at java.util.concurrent.ForkJoinPool$WorkQueue.topLevelExec(ForkJoinPool.java:1182) ~[?:?]
	at java.util.concurrent.ForkJoinPool.scan(ForkJoinPool.java:1655) ~[?:?]
	at java.util.concurrent.ForkJoinPool.runWorker(ForkJoinPool.java:1622) ~[?:?]
	at java.util.concurrent.ForkJoinWorkerThread.run(ForkJoinWorkerThread.java:165) ~[?:?]
[11May2025 01:01:13.476] [Worker-Main-3/ERROR] [net.minecraftforge.common.ForgeHooks/]: Couldn't parse element loot_tables:nfm:blocks/beige_modern_coffee_table
com.google.gson.JsonSyntaxException: Expected name to be an item, was unknown string 'nfm:beige_modern_coffee_table'
	at net.minecraft.util.GsonHelper.m_13866_(GsonHelper.java:145) ~[server-1.20.1-20230612.114412-srg.jar%23363!/:?]
	at java.util.Optional.orElseThrow(Optional.java:403) ~[?:?]
	at net.minecraft.util.GsonHelper.m_13874_(GsonHelper.java:145) ~[server-1.20.1-20230612.114412-srg.jar%23363!/:?]
	at net.minecraft.util.GsonHelper.m_13909_(GsonHelper.java:153) ~[server-1.20.1-20230612.114412-srg.jar%23363!/:?]
	at net.minecraft.world.level.storage.loot.entries.LootItem$Serializer.m_7267_(LootItem.java:55) ~[server-1.20.1-20230612.114412-srg.jar%23363!/:?]
	at net.minecraft.world.level.storage.loot.entries.LootItem$Serializer.m_7267_(LootItem.java:40) ~[server-1.20.1-20230612.114412-srg.jar%23363!/:?]
	at net.minecraft.world.level.storage.loot.entries.LootPoolSingletonContainer$Serializer.m_5921_(LootPoolSingletonContainer.java:151) ~[server-1.20.1-20230612.114412-srg.jar%23363!/:?]
	at net.minecraft.world.level.storage.loot.entries.LootPoolSingletonContainer$Serializer.m_5921_(LootPoolSingletonContainer.java:129) ~[server-1.20.1-20230612.114412-srg.jar%23363!/:?]
	at net.minecraft.world.level.storage.loot.entries.LootPoolEntryContainer$Serializer.m_7561_(LootPoolEntryContainer.java:86) ~[server-1.20.1-20230612.114412-srg.jar%23363!/:?]
	at net.minecraft.world.level.storage.loot.entries.LootPoolEntryContainer$Serializer.m_7561_(LootPoolEntryContainer.java:74) ~[server-1.20.1-20230612.114412-srg.jar%23363!/:?]
	at net.minecraft.world.level.storage.loot.GsonAdapterFactory$JsonAdapter.deserialize(GsonAdapterFactory.java:102) ~[server-1.20.1-20230612.114412-srg.jar%23363!/:?]
	at com.google.gson.internal.bind.TreeTypeAdapter.read(TreeTypeAdapter.java:76) ~[gson-2.10.jar%2372!/:?]
	at com.google.gson.internal.bind.TypeAdapterRuntimeTypeWrapper.read(TypeAdapterRuntimeTypeWrapper.java:40) ~[gson-2.10.jar%2372!/:?]
	at com.google.gson.internal.bind.ArrayTypeAdapter.read(ArrayTypeAdapter.java:72) ~[gson-2.10.jar%2372!/:?]
	at com.google.gson.Gson.fromJson(Gson.java:1214) ~[gson-2.10.jar%2372!/:?]
	at com.google.gson.Gson.fromJson(Gson.java:1319) ~[gson-2.10.jar%2372!/:?]
	at com.google.gson.Gson.fromJson(Gson.java:1290) ~[gson-2.10.jar%2372!/:?]
	at com.google.gson.internal.bind.TreeTypeAdapter$GsonContextImpl.deserialize(TreeTypeAdapter.java:179) ~[gson-2.10.jar%2372!/:?]
	at net.minecraft.util.GsonHelper.m_13808_(GsonHelper.java:463) ~[server-1.20.1-20230612.114412-srg.jar%23363!/:?]
	at net.minecraft.util.GsonHelper.m_13836_(GsonHelper.java:471) ~[server-1.20.1-20230612.114412-srg.jar%23363!/:?]
	at net.minecraft.world.level.storage.loot.LootPool$Serializer.deserialize(LootPool.java:192) ~[server-1.20.1-20230612.114412-srg.jar%23363!/:?]
	at net.minecraft.world.level.storage.loot.LootPool$Serializer.deserialize(LootPool.java:189) ~[server-1.20.1-20230612.114412-srg.jar%23363!/:?]
	at com.google.gson.internal.bind.TreeTypeAdapter.read(TreeTypeAdapter.java:76) ~[gson-2.10.jar%2372!/:?]
	at com.google.gson.internal.bind.TypeAdapterRuntimeTypeWrapper.read(TypeAdapterRuntimeTypeWrapper.java:40) ~[gson-2.10.jar%2372!/:?]
	at com.google.gson.internal.bind.ArrayTypeAdapter.read(ArrayTypeAdapter.java:72) ~[gson-2.10.jar%2372!/:?]
	at com.google.gson.Gson.fromJson(Gson.java:1214) ~[gson-2.10.jar%2372!/:?]
	at com.google.gson.Gson.fromJson(Gson.java:1319) ~[gson-2.10.jar%2372!/:?]
	at com.google.gson.Gson.fromJson(Gson.java:1290) ~[gson-2.10.jar%2372!/:?]
	at com.google.gson.internal.bind.TreeTypeAdapter$GsonContextImpl.deserialize(TreeTypeAdapter.java:179) ~[gson-2.10.jar%2372!/:?]
	at net.minecraft.util.GsonHelper.m_13808_(GsonHelper.java:463) ~[server-1.20.1-20230612.114412-srg.jar%23363!/:?]
	at net.minecraft.util.GsonHelper.m_13845_(GsonHelper.java:481) ~[server-1.20.1-20230612.114412-srg.jar%23363!/:?]
	at net.minecraft.world.level.storage.loot.LootTable$Serializer.deserialize(LootTable.java:294) ~[server-1.20.1-20230612.114412-srg.jar%23363!/:?]
	at net.minecraft.world.level.storage.loot.LootTable$Serializer.deserialize(LootTable.java:291) ~[server-1.20.1-20230612.114412-srg.jar%23363!/:?]
	at com.google.gson.internal.bind.TreeTypeAdapter.read(TreeTypeAdapter.java:76) ~[gson-2.10.jar%2372!/:?]
	at com.google.gson.Gson.fromJson(Gson.java:1214) ~[gson-2.10.jar%2372!/:?]
	at com.google.gson.Gson.fromJson(Gson.java:1319) ~[gson-2.10.jar%2372!/:?]
	at com.google.gson.Gson.fromJson(Gson.java:1261) ~[gson-2.10.jar%2372!/:?]
	at net.minecraftforge.common.ForgeHooks.loadLootTable(ForgeHooks.java:871) ~[forge-1.20.1-47.3.7-universal.jar%23368!/:?]
	at net.minecraftforge.common.ForgeHooks.lambda$getLootTableDeserializer$3(ForgeHooks.java:848) ~[forge-1.20.1-47.3.7-universal.jar%23368!/:?]
	at net.minecraft.world.level.storage.loot.LootDataType.deserialize(LootDataType.java:45) ~[server-1.20.1-20230612.114412-srg.jar%23363!/:?]
	at net.minecraft.world.level.storage.loot.LootDataManager.lambda$scheduleElementParse$4(LootDataManager.java:56) ~[server-1.20.1-20230612.114412-srg.jar%23363!/:?]
	at java.util.HashMap.forEach(HashMap.java:1421) ~[?:?]
	at net.minecraft.world.level.storage.loot.LootDataManager.m_278660_(LootDataManager.java:55) ~[server-1.20.1-20230612.114412-srg.jar%23363!/:?]
	at java.util.concurrent.CompletableFuture$AsyncRun.run(CompletableFuture.java:1804) ~[?:?]
	at java.util.concurrent.CompletableFuture$AsyncRun.exec(CompletableFuture.java:1796) ~[?:?]
	at java.util.concurrent.ForkJoinTask.doExec(ForkJoinTask.java:373) ~[?:?]
	at java.util.concurrent.ForkJoinPool$WorkQueue.topLevelExec(ForkJoinPool.java:1182) ~[?:?]
	at java.util.concurrent.ForkJoinPool.scan(ForkJoinPool.java:1655) ~[?:?]
	at java.util.concurrent.ForkJoinPool.runWorker(ForkJoinPool.java:1622) ~[?:?]
	at java.util.concurrent.ForkJoinWorkerThread.run(ForkJoinWorkerThread.java:165) ~[?:?]
[11May2025 01:01:13.514] [Worker-Main-3/ERROR] [net.minecraftforge.common.ForgeHooks/]: Couldn't parse element loot_tables:nfm:blocks/beige_modern_bedside_cabinet
com.google.gson.JsonSyntaxException: Expected name to be an item, was unknown string 'nfm:beige_modern_bedside_cabinet'
	at net.minecraft.util.GsonHelper.m_13866_(GsonHelper.java:145) ~[server-1.20.1-20230612.114412-srg.jar%23363!/:?]
	at java.util.Optional.orElseThrow(Optional.java:403) ~[?:?]
	at net.minecraft.util.GsonHelper.m_13874_(GsonHelper.java:145) ~[server-1.20.1-20230612.114412-srg.jar%23363!/:?]
	at net.minecraft.util.GsonHelper.m_13909_(GsonHelper.java:153) ~[server-1.20.1-20230612.114412-srg.jar%23363!/:?]
	at net.minecraft.world.level.storage.loot.entries.LootItem$Serializer.m_7267_(LootItem.java:55) ~[server-1.20.1-20230612.114412-srg.jar%23363!/:?]
	at net.minecraft.world.level.storage.loot.entries.LootItem$Serializer.m_7267_(LootItem.java:40) ~[server-1.20.1-20230612.114412-srg.jar%23363!/:?]
	at net.minecraft.world.level.storage.loot.entries.LootPoolSingletonContainer$Serializer.m_5921_(LootPoolSingletonContainer.java:151) ~[server-1.20.1-20230612.114412-srg.jar%23363!/:?]
	at net.minecraft.world.level.storage.loot.entries.LootPoolSingletonContainer$Serializer.m_5921_(LootPoolSingletonContainer.java:129) ~[server-1.20.1-20230612.114412-srg.jar%23363!/:?]
	at net.minecraft.world.level.storage.loot.entries.LootPoolEntryContainer$Serializer.m_7561_(LootPoolEntryContainer.java:86) ~[server-1.20.1-20230612.114412-srg.jar%23363!/:?]
	at net.minecraft.world.level.storage.loot.entries.LootPoolEntryContainer$Serializer.m_7561_(LootPoolEntryContainer.java:74) ~[server-1.20.1-20230612.114412-srg.jar%23363!/:?]
	at net.minecraft.world.level.storage.loot.GsonAdapterFactory$JsonAdapter.deserialize(GsonAdapterFactory.java:102) ~[server-1.20.1-20230612.114412-srg.jar%23363!/:?]
	at com.google.gson.internal.bind.TreeTypeAdapter.read(TreeTypeAdapter.java:76) ~[gson-2.10.jar%2372!/:?]
	at com.google.gson.internal.bind.TypeAdapterRuntimeTypeWrapper.read(TypeAdapterRuntimeTypeWrapper.java:40) ~[gson-2.10.jar%2372!/:?]
	at com.google.gson.internal.bind.ArrayTypeAdapter.read(ArrayTypeAdapter.java:72) ~[gson-2.10.jar%2372!/:?]
	at com.google.gson.Gson.fromJson(Gson.java:1214) ~[gson-2.10.jar%2372!/:?]
	at com.google.gson.Gson.fromJson(Gson.java:1319) ~[gson-2.10.jar%2372!/:?]
	at com.google.gson.Gson.fromJson(Gson.java:1290) ~[gson-2.10.jar%2372!/:?]
	at com.google.gson.internal.bind.TreeTypeAdapter$GsonContextImpl.deserialize(TreeTypeAdapter.java:179) ~[gson-2.10.jar%2372!/:?]
	at net.minecraft.util.GsonHelper.m_13808_(GsonHelper.java:463) ~[server-1.20.1-20230612.114412-srg.jar%23363!/:?]
	at net.minecraft.util.GsonHelper.m_13836_(GsonHelper.java:471) ~[server-1.20.1-20230612.114412-srg.jar%23363!/:?]
	at net.minecraft.world.level.storage.loot.LootPool$Serializer.deserialize(LootPool.java:192) ~[server-1.20.1-20230612.114412-srg.jar%23363!/:?]
	at net.minecraft.world.level.storage.loot.LootPool$Serializer.deserialize(LootPool.java:189) ~[server-1.20.1-20230612.114412-srg.jar%23363!/:?]
	at com.google.gson.internal.bind.TreeTypeAdapter.read(TreeTypeAdapter.java:76) ~[gson-2.10.jar%2372!/:?]
	at com.google.gson.internal.bind.TypeAdapterRuntimeTypeWrapper.read(TypeAdapterRuntimeTypeWrapper.java:40) ~[gson-2.10.jar%2372!/:?]
	at com.google.gson.internal.bind.ArrayTypeAdapter.read(ArrayTypeAdapter.java:72) ~[gson-2.10.jar%2372!/:?]
	at com.google.gson.Gson.fromJson(Gson.java:1214) ~[gson-2.10.jar%2372!/:?]
	at com.google.gson.Gson.fromJson(Gson.java:1319) ~[gson-2.10.jar%2372!/:?]
	at com.google.gson.Gson.fromJson(Gson.java:1290) ~[gson-2.10.jar%2372!/:?]
	at com.google.gson.internal.bind.TreeTypeAdapter$GsonContextImpl.deserialize(TreeTypeAdapter.java:179) ~[gson-2.10.jar%2372!/:?]
	at net.minecraft.util.GsonHelper.m_13808_(GsonHelper.java:463) ~[server-1.20.1-20230612.114412-srg.jar%23363!/:?]
	at net.minecraft.util.GsonHelper.m_13845_(GsonHelper.java:481) ~[server-1.20.1-20230612.114412-srg.jar%23363!/:?]
	at net.minecraft.world.level.storage.loot.LootTable$Serializer.deserialize(LootTable.java:294) ~[server-1.20.1-20230612.114412-srg.jar%23363!/:?]
	at net.minecraft.world.level.storage.loot.LootTable$Serializer.deserialize(LootTable.java:291) ~[server-1.20.1-20230612.114412-srg.jar%23363!/:?]
	at com.google.gson.internal.bind.TreeTypeAdapter.read(TreeTypeAdapter.java:76) ~[gson-2.10.jar%2372!/:?]
	at com.google.gson.Gson.fromJson(Gson.java:1214) ~[gson-2.10.jar%2372!/:?]
	at com.google.gson.Gson.fromJson(Gson.java:1319) ~[gson-2.10.jar%2372!/:?]
	at com.google.gson.Gson.fromJson(Gson.java:1261) ~[gson-2.10.jar%2372!/:?]
	at net.minecraftforge.common.ForgeHooks.loadLootTable(ForgeHooks.java:871) ~[forge-1.20.1-47.3.7-universal.jar%23368!/:?]
	at net.minecraftforge.common.ForgeHooks.lambda$getLootTableDeserializer$3(ForgeHooks.java:848) ~[forge-1.20.1-47.3.7-universal.jar%23368!/:?]
	at net.minecraft.world.level.storage.loot.LootDataType.deserialize(LootDataType.java:45) ~[server-1.20.1-20230612.114412-srg.jar%23363!/:?]
	at net.minecraft.world.level.storage.loot.LootDataManager.lambda$scheduleElementParse$4(LootDataManager.java:56) ~[server-1.20.1-20230612.114412-srg.jar%23363!/:?]
	at java.util.HashMap.forEach(HashMap.java:1421) ~[?:?]
	at net.minecraft.world.level.storage.loot.LootDataManager.m_278660_(LootDataManager.java:55) ~[server-1.20.1-20230612.114412-srg.jar%23363!/:?]
	at java.util.concurrent.CompletableFuture$AsyncRun.run(CompletableFuture.java:1804) ~[?:?]
	at java.util.concurrent.CompletableFuture$AsyncRun.exec(CompletableFuture.java:1796) ~[?:?]
	at java.util.concurrent.ForkJoinTask.doExec(ForkJoinTask.java:373) ~[?:?]
	at java.util.concurrent.ForkJoinPool$WorkQueue.topLevelExec(ForkJoinPool.java:1182) ~[?:?]
	at java.util.concurrent.ForkJoinPool.scan(ForkJoinPool.java:1655) ~[?:?]
	at java.util.concurrent.ForkJoinPool.runWorker(ForkJoinPool.java:1622) ~[?:?]
	at java.util.concurrent.ForkJoinWorkerThread.run(ForkJoinWorkerThread.java:165) ~[?:?]
[11May2025 01:01:13.612] [Worker-Main-3/ERROR] [net.minecraftforge.common.ForgeHooks/]: Couldn't parse element loot_tables:nfm:blocks/beige_cup
com.google.gson.JsonSyntaxException: Expected name to be an item, was unknown string 'nfm:beige_cup'
	at net.minecraft.util.GsonHelper.m_13866_(GsonHelper.java:145) ~[server-1.20.1-20230612.114412-srg.jar%23363!/:?]
	at java.util.Optional.orElseThrow(Optional.java:403) ~[?:?]
	at net.minecraft.util.GsonHelper.m_13874_(GsonHelper.java:145) ~[server-1.20.1-20230612.114412-srg.jar%23363!/:?]
	at net.minecraft.util.GsonHelper.m_13909_(GsonHelper.java:153) ~[server-1.20.1-20230612.114412-srg.jar%23363!/:?]
	at net.minecraft.world.level.storage.loot.entries.LootItem$Serializer.m_7267_(LootItem.java:55) ~[server-1.20.1-20230612.114412-srg.jar%23363!/:?]
	at net.minecraft.world.level.storage.loot.entries.LootItem$Serializer.m_7267_(LootItem.java:40) ~[server-1.20.1-20230612.114412-srg.jar%23363!/:?]
	at net.minecraft.world.level.storage.loot.entries.LootPoolSingletonContainer$Serializer.m_5921_(LootPoolSingletonContainer.java:151) ~[server-1.20.1-20230612.114412-srg.jar%23363!/:?]
	at net.minecraft.world.level.storage.loot.entries.LootPoolSingletonContainer$Serializer.m_5921_(LootPoolSingletonContainer.java:129) ~[server-1.20.1-20230612.114412-srg.jar%23363!/:?]
	at net.minecraft.world.level.storage.loot.entries.LootPoolEntryContainer$Serializer.m_7561_(LootPoolEntryContainer.java:86) ~[server-1.20.1-20230612.114412-srg.jar%23363!/:?]
	at net.minecraft.world.level.storage.loot.entries.LootPoolEntryContainer$Serializer.m_7561_(LootPoolEntryContainer.java:74) ~[server-1.20.1-20230612.114412-srg.jar%23363!/:?]
	at net.minecraft.world.level.storage.loot.GsonAdapterFactory$JsonAdapter.deserialize(GsonAdapterFactory.java:102) ~[server-1.20.1-20230612.114412-srg.jar%23363!/:?]
	at com.google.gson.internal.bind.TreeTypeAdapter.read(TreeTypeAdapter.java:76) ~[gson-2.10.jar%2372!/:?]
	at com.google.gson.internal.bind.TypeAdapterRuntimeTypeWrapper.read(TypeAdapterRuntimeTypeWrapper.java:40) ~[gson-2.10.jar%2372!/:?]
	at com.google.gson.internal.bind.ArrayTypeAdapter.read(ArrayTypeAdapter.java:72) ~[gson-2.10.jar%2372!/:?]
	at com.google.gson.Gson.fromJson(Gson.java:1214) ~[gson-2.10.jar%2372!/:?]
	at com.google.gson.Gson.fromJson(Gson.java:1319) ~[gson-2.10.jar%2372!/:?]
	at com.google.gson.Gson.fromJson(Gson.java:1290) ~[gson-2.10.jar%2372!/:?]
	at com.google.gson.internal.bind.TreeTypeAdapter$GsonContextImpl.deserialize(TreeTypeAdapter.java:179) ~[gson-2.10.jar%2372!/:?]
	at net.minecraft.util.GsonHelper.m_13808_(GsonHelper.java:463) ~[server-1.20.1-20230612.114412-srg.jar%23363!/:?]
	at net.minecraft.util.GsonHelper.m_13836_(GsonHelper.java:471) ~[server-1.20.1-20230612.114412-srg.jar%23363!/:?]
	at net.minecraft.world.level.storage.loot.LootPool$Serializer.deserialize(LootPool.java:192) ~[server-1.20.1-20230612.114412-srg.jar%23363!/:?]
	at net.minecraft.world.level.storage.loot.LootPool$Serializer.deserialize(LootPool.java:189) ~[server-1.20.1-20230612.114412-srg.jar%23363!/:?]
	at com.google.gson.internal.bind.TreeTypeAdapter.read(TreeTypeAdapter.java:76) ~[gson-2.10.jar%2372!/:?]
	at com.google.gson.internal.bind.TypeAdapterRuntimeTypeWrapper.read(TypeAdapterRuntimeTypeWrapper.java:40) ~[gson-2.10.jar%2372!/:?]
	at com.google.gson.internal.bind.ArrayTypeAdapter.read(ArrayTypeAdapter.java:72) ~[gson-2.10.jar%2372!/:?]
	at com.google.gson.Gson.fromJson(Gson.java:1214) ~[gson-2.10.jar%2372!/:?]
	at com.google.gson.Gson.fromJson(Gson.java:1319) ~[gson-2.10.jar%2372!/:?]
	at com.google.gson.Gson.fromJson(Gson.java:1290) ~[gson-2.10.jar%2372!/:?]
	at com.google.gson.internal.bind.TreeTypeAdapter$GsonContextImpl.deserialize(TreeTypeAdapter.java:179) ~[gson-2.10.jar%2372!/:?]
	at net.minecraft.util.GsonHelper.m_13808_(GsonHelper.java:463) ~[server-1.20.1-20230612.114412-srg.jar%23363!/:?]
	at net.minecraft.util.GsonHelper.m_13845_(GsonHelper.java:481) ~[server-1.20.1-20230612.114412-srg.jar%23363!/:?]
	at net.minecraft.world.level.storage.loot.LootTable$Serializer.deserialize(LootTable.java:294) ~[server-1.20.1-20230612.114412-srg.jar%23363!/:?]
	at net.minecraft.world.level.storage.loot.LootTable$Serializer.deserialize(LootTable.java:291) ~[server-1.20.1-20230612.114412-srg.jar%23363!/:?]
	at com.google.gson.internal.bind.TreeTypeAdapter.read(TreeTypeAdapter.java:76) ~[gson-2.10.jar%2372!/:?]
	at com.google.gson.Gson.fromJson(Gson.java:1214) ~[gson-2.10.jar%2372!/:?]
	at com.google.gson.Gson.fromJson(Gson.java:1319) ~[gson-2.10.jar%2372!/:?]
	at com.google.gson.Gson.fromJson(Gson.java:1261) ~[gson-2.10.jar%2372!/:?]
	at net.minecraftforge.common.ForgeHooks.loadLootTable(ForgeHooks.java:871) ~[forge-1.20.1-47.3.7-universal.jar%23368!/:?]
	at net.minecraftforge.common.ForgeHooks.lambda$getLootTableDeserializer$3(ForgeHooks.java:848) ~[forge-1.20.1-47.3.7-universal.jar%23368!/:?]
	at net.minecraft.world.level.storage.loot.LootDataType.deserialize(LootDataType.java:45) ~[server-1.20.1-20230612.114412-srg.jar%23363!/:?]
	at net.minecraft.world.level.storage.loot.LootDataManager.lambda$scheduleElementParse$4(LootDataManager.java:56) ~[server-1.20.1-20230612.114412-srg.jar%23363!/:?]
	at java.util.HashMap.forEach(HashMap.java:1421) ~[?:?]
	at net.minecraft.world.level.storage.loot.LootDataManager.m_278660_(LootDataManager.java:55) ~[server-1.20.1-20230612.114412-srg.jar%23363!/:?]
	at java.util.concurrent.CompletableFuture$AsyncRun.run(CompletableFuture.java:1804) ~[?:?]
	at java.util.concurrent.CompletableFuture$AsyncRun.exec(CompletableFuture.java:1796) ~[?:?]
	at java.util.concurrent.ForkJoinTask.doExec(ForkJoinTask.java:373) ~[?:?]
	at java.util.concurrent.ForkJoinPool$WorkQueue.topLevelExec(ForkJoinPool.java:1182) ~[?:?]
	at java.util.concurrent.ForkJoinPool.scan(ForkJoinPool.java:1655) ~[?:?]
	at java.util.concurrent.ForkJoinPool.runWorker(ForkJoinPool.java:1622) ~[?:?]
	at java.util.concurrent.ForkJoinWorkerThread.run(ForkJoinWorkerThread.java:165) ~[?:?]
[11May2025 01:01:13.630] [Worker-Main-3/ERROR] [net.minecraftforge.common.ForgeHooks/]: Couldn't parse element loot_tables:nfm:blocks/beige_modern_kitchen_drawer
com.google.gson.JsonSyntaxException: Expected name to be an item, was unknown string 'nfm:beige_modern_kitchen_drawer'
	at net.minecraft.util.GsonHelper.m_13866_(GsonHelper.java:145) ~[server-1.20.1-20230612.114412-srg.jar%23363!/:?]
	at java.util.Optional.orElseThrow(Optional.java:403) ~[?:?]
	at net.minecraft.util.GsonHelper.m_13874_(GsonHelper.java:145) ~[server-1.20.1-20230612.114412-srg.jar%23363!/:?]
	at net.minecraft.util.GsonHelper.m_13909_(GsonHelper.java:153) ~[server-1.20.1-20230612.114412-srg.jar%23363!/:?]
	at net.minecraft.world.level.storage.loot.entries.LootItem$Serializer.m_7267_(LootItem.java:55) ~[server-1.20.1-20230612.114412-srg.jar%23363!/:?]
	at net.minecraft.world.level.storage.loot.entries.LootItem$Serializer.m_7267_(LootItem.java:40) ~[server-1.20.1-20230612.114412-srg.jar%23363!/:?]
	at net.minecraft.world.level.storage.loot.entries.LootPoolSingletonContainer$Serializer.m_5921_(LootPoolSingletonContainer.java:151) ~[server-1.20.1-20230612.114412-srg.jar%23363!/:?]
	at net.minecraft.world.level.storage.loot.entries.LootPoolSingletonContainer$Serializer.m_5921_(LootPoolSingletonContainer.java:129) ~[server-1.20.1-20230612.114412-srg.jar%23363!/:?]
	at net.minecraft.world.level.storage.loot.entries.LootPoolEntryContainer$Serializer.m_7561_(LootPoolEntryContainer.java:86) ~[server-1.20.1-20230612.114412-srg.jar%23363!/:?]
	at net.minecraft.world.level.storage.loot.entries.LootPoolEntryContainer$Serializer.m_7561_(LootPoolEntryContainer.java:74) ~[server-1.20.1-20230612.114412-srg.jar%23363!/:?]
	at net.minecraft.world.level.storage.loot.GsonAdapterFactory$JsonAdapter.deserialize(GsonAdapterFactory.java:102) ~[server-1.20.1-20230612.114412-srg.jar%23363!/:?]
	at com.google.gson.internal.bind.TreeTypeAdapter.read(TreeTypeAdapter.java:76) ~[gson-2.10.jar%2372!/:?]
	at com.google.gson.internal.bind.TypeAdapterRuntimeTypeWrapper.read(TypeAdapterRuntimeTypeWrapper.java:40) ~[gson-2.10.jar%2372!/:?]
	at com.google.gson.internal.bind.ArrayTypeAdapter.read(ArrayTypeAdapter.java:72) ~[gson-2.10.jar%2372!/:?]
	at com.google.gson.Gson.fromJson(Gson.java:1214) ~[gson-2.10.jar%2372!/:?]
	at com.google.gson.Gson.fromJson(Gson.java:1319) ~[gson-2.10.jar%2372!/:?]
	at com.google.gson.Gson.fromJson(Gson.java:1290) ~[gson-2.10.jar%2372!/:?]
	at com.google.gson.internal.bind.TreeTypeAdapter$GsonContextImpl.deserialize(TreeTypeAdapter.java:179) ~[gson-2.10.jar%2372!/:?]
	at net.minecraft.util.GsonHelper.m_13808_(GsonHelper.java:463) ~[server-1.20.1-20230612.114412-srg.jar%23363!/:?]
	at net.minecraft.util.GsonHelper.m_13836_(GsonHelper.java:471) ~[server-1.20.1-20230612.114412-srg.jar%23363!/:?]
	at net.minecraft.world.level.storage.loot.LootPool$Serializer.deserialize(LootPool.java:192) ~[server-1.20.1-20230612.114412-srg.jar%23363!/:?]
	at net.minecraft.world.level.storage.loot.LootPool$Serializer.deserialize(LootPool.java:189) ~[server-1.20.1-20230612.114412-srg.jar%23363!/:?]
	at com.google.gson.internal.bind.TreeTypeAdapter.read(TreeTypeAdapter.java:76) ~[gson-2.10.jar%2372!/:?]
	at com.google.gson.internal.bind.TypeAdapterRuntimeTypeWrapper.read(TypeAdapterRuntimeTypeWrapper.java:40) ~[gson-2.10.jar%2372!/:?]
	at com.google.gson.internal.bind.ArrayTypeAdapter.read(ArrayTypeAdapter.java:72) ~[gson-2.10.jar%2372!/:?]
	at com.google.gson.Gson.fromJson(Gson.java:1214) ~[gson-2.10.jar%2372!/:?]
	at com.google.gson.Gson.fromJson(Gson.java:1319) ~[gson-2.10.jar%2372!/:?]
	at com.google.gson.Gson.fromJson(Gson.java:1290) ~[gson-2.10.jar%2372!/:?]
	at com.google.gson.internal.bind.TreeTypeAdapter$GsonContextImpl.deserialize(TreeTypeAdapter.java:179) ~[gson-2.10.jar%2372!/:?]
	at net.minecraft.util.GsonHelper.m_13808_(GsonHelper.java:463) ~[server-1.20.1-20230612.114412-srg.jar%23363!/:?]
	at net.minecraft.util.GsonHelper.m_13845_(GsonHelper.java:481) ~[server-1.20.1-20230612.114412-srg.jar%23363!/:?]
	at net.minecraft.world.level.storage.loot.LootTable$Serializer.deserialize(LootTable.java:294) ~[server-1.20.1-20230612.114412-srg.jar%23363!/:?]
	at net.minecraft.world.level.storage.loot.LootTable$Serializer.deserialize(LootTable.java:291) ~[server-1.20.1-20230612.114412-srg.jar%23363!/:?]
	at com.google.gson.internal.bind.TreeTypeAdapter.read(TreeTypeAdapter.java:76) ~[gson-2.10.jar%2372!/:?]
	at com.google.gson.Gson.fromJson(Gson.java:1214) ~[gson-2.10.jar%2372!/:?]
	at com.google.gson.Gson.fromJson(Gson.java:1319) ~[gson-2.10.jar%2372!/:?]
	at com.google.gson.Gson.fromJson(Gson.java:1261) ~[gson-2.10.jar%2372!/:?]
	at net.minecraftforge.common.ForgeHooks.loadLootTable(ForgeHooks.java:871) ~[forge-1.20.1-47.3.7-universal.jar%23368!/:?]
	at net.minecraftforge.common.ForgeHooks.lambda$getLootTableDeserializer$3(ForgeHooks.java:848) ~[forge-1.20.1-47.3.7-universal.jar%23368!/:?]
	at net.minecraft.world.level.storage.loot.LootDataType.deserialize(LootDataType.java:45) ~[server-1.20.1-20230612.114412-srg.jar%23363!/:?]
	at net.minecraft.world.level.storage.loot.LootDataManager.lambda$scheduleElementParse$4(LootDataManager.java:56) ~[server-1.20.1-20230612.114412-srg.jar%23363!/:?]
	at java.util.HashMap.forEach(HashMap.java:1421) ~[?:?]
	at net.minecraft.world.level.storage.loot.LootDataManager.m_278660_(LootDataManager.java:55) ~[server-1.20.1-20230612.114412-srg.jar%23363!/:?]
	at java.util.concurrent.CompletableFuture$AsyncRun.run(CompletableFuture.java:1804) ~[?:?]
	at java.util.concurrent.CompletableFuture$AsyncRun.exec(CompletableFuture.java:1796) ~[?:?]
	at java.util.concurrent.ForkJoinTask.doExec(ForkJoinTask.java:373) ~[?:?]
	at java.util.concurrent.ForkJoinPool$WorkQueue.topLevelExec(ForkJoinPool.java:1182) ~[?:?]
	at java.util.concurrent.ForkJoinPool.scan(ForkJoinPool.java:1655) ~[?:?]
	at java.util.concurrent.ForkJoinPool.runWorker(ForkJoinPool.java:1622) ~[?:?]
	at java.util.concurrent.ForkJoinWorkerThread.run(ForkJoinWorkerThread.java:165) ~[?:?]
[11May2025 01:01:13.663] [Worker-Main-3/ERROR] [net.minecraftforge.common.ForgeHooks/]: Couldn't parse element loot_tables:nfm:blocks/beige_modern_cabinet
com.google.gson.JsonSyntaxException: Expected name to be an item, was unknown string 'nfm:beige_modern_cabinet'
	at net.minecraft.util.GsonHelper.m_13866_(GsonHelper.java:145) ~[server-1.20.1-20230612.114412-srg.jar%23363!/:?]
	at java.util.Optional.orElseThrow(Optional.java:403) ~[?:?]
	at net.minecraft.util.GsonHelper.m_13874_(GsonHelper.java:145) ~[server-1.20.1-20230612.114412-srg.jar%23363!/:?]
	at net.minecraft.util.GsonHelper.m_13909_(GsonHelper.java:153) ~[server-1.20.1-20230612.114412-srg.jar%23363!/:?]
	at net.minecraft.world.level.storage.loot.entries.LootItem$Serializer.m_7267_(LootItem.java:55) ~[server-1.20.1-20230612.114412-srg.jar%23363!/:?]
	at net.minecraft.world.level.storage.loot.entries.LootItem$Serializer.m_7267_(LootItem.java:40) ~[server-1.20.1-20230612.114412-srg.jar%23363!/:?]
	at net.minecraft.world.level.storage.loot.entries.LootPoolSingletonContainer$Serializer.m_5921_(LootPoolSingletonContainer.java:151) ~[server-1.20.1-20230612.114412-srg.jar%23363!/:?]
	at net.minecraft.world.level.storage.loot.entries.LootPoolSingletonContainer$Serializer.m_5921_(LootPoolSingletonContainer.java:129) ~[server-1.20.1-20230612.114412-srg.jar%23363!/:?]
	at net.minecraft.world.level.storage.loot.entries.LootPoolEntryContainer$Serializer.m_7561_(LootPoolEntryContainer.java:86) ~[server-1.20.1-20230612.114412-srg.jar%23363!/:?]
	at net.minecraft.world.level.storage.loot.entries.LootPoolEntryContainer$Serializer.m_7561_(LootPoolEntryContainer.java:74) ~[server-1.20.1-20230612.114412-srg.jar%23363!/:?]
	at net.minecraft.world.level.storage.loot.GsonAdapterFactory$JsonAdapter.deserialize(GsonAdapterFactory.java:102) ~[server-1.20.1-20230612.114412-srg.jar%23363!/:?]
	at com.google.gson.internal.bind.TreeTypeAdapter.read(TreeTypeAdapter.java:76) ~[gson-2.10.jar%2372!/:?]
	at com.google.gson.internal.bind.TypeAdapterRuntimeTypeWrapper.read(TypeAdapterRuntimeTypeWrapper.java:40) ~[gson-2.10.jar%2372!/:?]
	at com.google.gson.internal.bind.ArrayTypeAdapter.read(ArrayTypeAdapter.java:72) ~[gson-2.10.jar%2372!/:?]
	at com.google.gson.Gson.fromJson(Gson.java:1214) ~[gson-2.10.jar%2372!/:?]
	at com.google.gson.Gson.fromJson(Gson.java:1319) ~[gson-2.10.jar%2372!/:?]
	at com.google.gson.Gson.fromJson(Gson.java:1290) ~[gson-2.10.jar%2372!/:?]
	at com.google.gson.internal.bind.TreeTypeAdapter$GsonContextImpl.deserialize(TreeTypeAdapter.java:179) ~[gson-2.10.jar%2372!/:?]
	at net.minecraft.util.GsonHelper.m_13808_(GsonHelper.java:463) ~[server-1.20.1-20230612.114412-srg.jar%23363!/:?]
	at net.minecraft.util.GsonHelper.m_13836_(GsonHelper.java:471) ~[server-1.20.1-20230612.114412-srg.jar%23363!/:?]
	at net.minecraft.world.level.storage.loot.LootPool$Serializer.deserialize(LootPool.java:192) ~[server-1.20.1-20230612.114412-srg.jar%23363!/:?]
	at net.minecraft.world.level.storage.loot.LootPool$Serializer.deserialize(LootPool.java:189) ~[server-1.20.1-20230612.114412-srg.jar%23363!/:?]
	at com.google.gson.internal.bind.TreeTypeAdapter.read(TreeTypeAdapter.java:76) ~[gson-2.10.jar%2372!/:?]
	at com.google.gson.internal.bind.TypeAdapterRuntimeTypeWrapper.read(TypeAdapterRuntimeTypeWrapper.java:40) ~[gson-2.10.jar%2372!/:?]
	at com.google.gson.internal.bind.ArrayTypeAdapter.read(ArrayTypeAdapter.java:72) ~[gson-2.10.jar%2372!/:?]
	at com.google.gson.Gson.fromJson(Gson.java:1214) ~[gson-2.10.jar%2372!/:?]
	at com.google.gson.Gson.fromJson(Gson.java:1319) ~[gson-2.10.jar%2372!/:?]
	at com.google.gson.Gson.fromJson(Gson.java:1290) ~[gson-2.10.jar%2372!/:?]
	at com.google.gson.internal.bind.TreeTypeAdapter$GsonContextImpl.deserialize(TreeTypeAdapter.java:179) ~[gson-2.10.jar%2372!/:?]
	at net.minecraft.util.GsonHelper.m_13808_(GsonHelper.java:463) ~[server-1.20.1-20230612.114412-srg.jar%23363!/:?]
	at net.minecraft.util.GsonHelper.m_13845_(GsonHelper.java:481) ~[server-1.20.1-20230612.114412-srg.jar%23363!/:?]
	at net.minecraft.world.level.storage.loot.LootTable$Serializer.deserialize(LootTable.java:294) ~[server-1.20.1-20230612.114412-srg.jar%23363!/:?]
	at net.minecraft.world.level.storage.loot.LootTable$Serializer.deserialize(LootTable.java:291) ~[server-1.20.1-20230612.114412-srg.jar%23363!/:?]
	at com.google.gson.internal.bind.TreeTypeAdapter.read(TreeTypeAdapter.java:76) ~[gson-2.10.jar%2372!/:?]
	at com.google.gson.Gson.fromJson(Gson.java:1214) ~[gson-2.10.jar%2372!/:?]
	at com.google.gson.Gson.fromJson(Gson.java:1319) ~[gson-2.10.jar%2372!/:?]
	at com.google.gson.Gson.fromJson(Gson.java:1261) ~[gson-2.10.jar%2372!/:?]
	at net.minecraftforge.common.ForgeHooks.loadLootTable(ForgeHooks.java:871) ~[forge-1.20.1-47.3.7-universal.jar%23368!/:?]
	at net.minecraftforge.common.ForgeHooks.lambda$getLootTableDeserializer$3(ForgeHooks.java:848) ~[forge-1.20.1-47.3.7-universal.jar%23368!/:?]
	at net.minecraft.world.level.storage.loot.LootDataType.deserialize(LootDataType.java:45) ~[server-1.20.1-20230612.114412-srg.jar%23363!/:?]
	at net.minecraft.world.level.storage.loot.LootDataManager.lambda$scheduleElementParse$4(LootDataManager.java:56) ~[server-1.20.1-20230612.114412-srg.jar%23363!/:?]
	at java.util.HashMap.forEach(HashMap.java:1421) ~[?:?]
	at net.minecraft.world.level.storage.loot.LootDataManager.m_278660_(LootDataManager.java:55) ~[server-1.20.1-20230612.114412-srg.jar%23363!/:?]
	at java.util.concurrent.CompletableFuture$AsyncRun.run(CompletableFuture.java:1804) ~[?:?]
	at java.util.concurrent.CompletableFuture$AsyncRun.exec(CompletableFuture.java:1796) ~[?:?]
	at java.util.concurrent.ForkJoinTask.doExec(ForkJoinTask.java:373) ~[?:?]
	at java.util.concurrent.ForkJoinPool$WorkQueue.topLevelExec(ForkJoinPool.java:1182) ~[?:?]
	at java.util.concurrent.ForkJoinPool.scan(ForkJoinPool.java:1655) ~[?:?]
	at java.util.concurrent.ForkJoinPool.runWorker(ForkJoinPool.java:1622) ~[?:?]
	at java.util.concurrent.ForkJoinWorkerThread.run(ForkJoinWorkerThread.java:165) ~[?:?]
[11May2025 01:01:13.667] [Worker-Main-3/ERROR] [net.minecraftforge.common.ForgeHooks/]: Couldn't parse element loot_tables:nfm:blocks/beige_digital_clock
com.google.gson.JsonSyntaxException: Expected name to be an item, was unknown string 'nfm:beige_digital_clock'
	at net.minecraft.util.GsonHelper.m_13866_(GsonHelper.java:145) ~[server-1.20.1-20230612.114412-srg.jar%23363!/:?]
	at java.util.Optional.orElseThrow(Optional.java:403) ~[?:?]
	at net.minecraft.util.GsonHelper.m_13874_(GsonHelper.java:145) ~[server-1.20.1-20230612.114412-srg.jar%23363!/:?]
	at net.minecraft.util.GsonHelper.m_13909_(GsonHelper.java:153) ~[server-1.20.1-20230612.114412-srg.jar%23363!/:?]
	at net.minecraft.world.level.storage.loot.entries.LootItem$Serializer.m_7267_(LootItem.java:55) ~[server-1.20.1-20230612.114412-srg.jar%23363!/:?]
	at net.minecraft.world.level.storage.loot.entries.LootItem$Serializer.m_7267_(LootItem.java:40) ~[server-1.20.1-20230612.114412-srg.jar%23363!/:?]
	at net.minecraft.world.level.storage.loot.entries.LootPoolSingletonContainer$Serializer.m_5921_(LootPoolSingletonContainer.java:151) ~[server-1.20.1-20230612.114412-srg.jar%23363!/:?]
	at net.minecraft.world.level.storage.loot.entries.LootPoolSingletonContainer$Serializer.m_5921_(LootPoolSingletonContainer.java:129) ~[server-1.20.1-20230612.114412-srg.jar%23363!/:?]
	at net.minecraft.world.level.storage.loot.entries.LootPoolEntryContainer$Serializer.m_7561_(LootPoolEntryContainer.java:86) ~[server-1.20.1-20230612.114412-srg.jar%23363!/:?]
	at net.minecraft.world.level.storage.loot.entries.LootPoolEntryContainer$Serializer.m_7561_(LootPoolEntryContainer.java:74) ~[server-1.20.1-20230612.114412-srg.jar%23363!/:?]
	at net.minecraft.world.level.storage.loot.GsonAdapterFactory$JsonAdapter.deserialize(GsonAdapterFactory.java:102) ~[server-1.20.1-20230612.114412-srg.jar%23363!/:?]
	at com.google.gson.internal.bind.TreeTypeAdapter.read(TreeTypeAdapter.java:76) ~[gson-2.10.jar%2372!/:?]
	at com.google.gson.internal.bind.TypeAdapterRuntimeTypeWrapper.read(TypeAdapterRuntimeTypeWrapper.java:40) ~[gson-2.10.jar%2372!/:?]
	at com.google.gson.internal.bind.ArrayTypeAdapter.read(ArrayTypeAdapter.java:72) ~[gson-2.10.jar%2372!/:?]
	at com.google.gson.Gson.fromJson(Gson.java:1214) ~[gson-2.10.jar%2372!/:?]
	at com.google.gson.Gson.fromJson(Gson.java:1319) ~[gson-2.10.jar%2372!/:?]
	at com.google.gson.Gson.fromJson(Gson.java:1290) ~[gson-2.10.jar%2372!/:?]
	at com.google.gson.internal.bind.TreeTypeAdapter$GsonContextImpl.deserialize(TreeTypeAdapter.java:179) ~[gson-2.10.jar%2372!/:?]
	at net.minecraft.util.GsonHelper.m_13808_(GsonHelper.java:463) ~[server-1.20.1-20230612.114412-srg.jar%23363!/:?]
	at net.minecraft.util.GsonHelper.m_13836_(GsonHelper.java:471) ~[server-1.20.1-20230612.114412-srg.jar%23363!/:?]
	at net.minecraft.world.level.storage.loot.LootPool$Serializer.deserialize(LootPool.java:192) ~[server-1.20.1-20230612.114412-srg.jar%23363!/:?]
	at net.minecraft.world.level.storage.loot.LootPool$Serializer.deserialize(LootPool.java:189) ~[server-1.20.1-20230612.114412-srg.jar%23363!/:?]
	at com.google.gson.internal.bind.TreeTypeAdapter.read(TreeTypeAdapter.java:76) ~[gson-2.10.jar%2372!/:?]
	at com.google.gson.internal.bind.TypeAdapterRuntimeTypeWrapper.read(TypeAdapterRuntimeTypeWrapper.java:40) ~[gson-2.10.jar%2372!/:?]
	at com.google.gson.internal.bind.ArrayTypeAdapter.read(ArrayTypeAdapter.java:72) ~[gson-2.10.jar%2372!/:?]
	at com.google.gson.Gson.fromJson(Gson.java:1214) ~[gson-2.10.jar%2372!/:?]
	at com.google.gson.Gson.fromJson(Gson.java:1319) ~[gson-2.10.jar%2372!/:?]
	at com.google.gson.Gson.fromJson(Gson.java:1290) ~[gson-2.10.jar%2372!/:?]
	at com.google.gson.internal.bind.TreeTypeAdapter$GsonContextImpl.deserialize(TreeTypeAdapter.java:179) ~[gson-2.10.jar%2372!/:?]
	at net.minecraft.util.GsonHelper.m_13808_(GsonHelper.java:463) ~[server-1.20.1-20230612.114412-srg.jar%23363!/:?]
	at net.minecraft.util.GsonHelper.m_13845_(GsonHelper.java:481) ~[server-1.20.1-20230612.114412-srg.jar%23363!/:?]
	at net.minecraft.world.level.storage.loot.LootTable$Serializer.deserialize(LootTable.java:294) ~[server-1.20.1-20230612.114412-srg.jar%23363!/:?]
	at net.minecraft.world.level.storage.loot.LootTable$Serializer.deserialize(LootTable.java:291) ~[server-1.20.1-20230612.114412-srg.jar%23363!/:?]
	at com.google.gson.internal.bind.TreeTypeAdapter.read(TreeTypeAdapter.java:76) ~[gson-2.10.jar%2372!/:?]
	at com.google.gson.Gson.fromJson(Gson.java:1214) ~[gson-2.10.jar%2372!/:?]
	at com.google.gson.Gson.fromJson(Gson.java:1319) ~[gson-2.10.jar%2372!/:?]
	at com.google.gson.Gson.fromJson(Gson.java:1261) ~[gson-2.10.jar%2372!/:?]
	at net.minecraftforge.common.ForgeHooks.loadLootTable(ForgeHooks.java:871) ~[forge-1.20.1-47.3.7-universal.jar%23368!/:?]
	at net.minecraftforge.common.ForgeHooks.lambda$getLootTableDeserializer$3(ForgeHooks.java:848) ~[forge-1.20.1-47.3.7-universal.jar%23368!/:?]
	at net.minecraft.world.level.storage.loot.LootDataType.deserialize(LootDataType.java:45) ~[server-1.20.1-20230612.114412-srg.jar%23363!/:?]
	at net.minecraft.world.level.storage.loot.LootDataManager.lambda$scheduleElementParse$4(LootDataManager.java:56) ~[server-1.20.1-20230612.114412-srg.jar%23363!/:?]
	at java.util.HashMap.forEach(HashMap.java:1421) ~[?:?]
	at net.minecraft.world.level.storage.loot.LootDataManager.m_278660_(LootDataManager.java:55) ~[server-1.20.1-20230612.114412-srg.jar%23363!/:?]
	at java.util.concurrent.CompletableFuture$AsyncRun.run(CompletableFuture.java:1804) ~[?:?]
	at java.util.concurrent.CompletableFuture$AsyncRun.exec(CompletableFuture.java:1796) ~[?:?]
	at java.util.concurrent.ForkJoinTask.doExec(ForkJoinTask.java:373) ~[?:?]
	at java.util.concurrent.ForkJoinPool$WorkQueue.topLevelExec(ForkJoinPool.java:1182) ~[?:?]
	at java.util.concurrent.ForkJoinPool.scan(ForkJoinPool.java:1655) ~[?:?]
	at java.util.concurrent.ForkJoinPool.runWorker(ForkJoinPool.java:1622) ~[?:?]
	at java.util.concurrent.ForkJoinWorkerThread.run(ForkJoinWorkerThread.java:165) ~[?:?]
[11May2025 01:01:13.709] [Worker-Main-3/ERROR] [net.minecraftforge.common.ForgeHooks/]: Couldn't parse element loot_tables:nfm:blocks/beige_modern_kitchen_counter
com.google.gson.JsonSyntaxException: Expected name to be an item, was unknown string 'nfm:beige_modern_kitchen_counter'
	at net.minecraft.util.GsonHelper.m_13866_(GsonHelper.java:145) ~[server-1.20.1-20230612.114412-srg.jar%23363!/:?]
	at java.util.Optional.orElseThrow(Optional.java:403) ~[?:?]
	at net.minecraft.util.GsonHelper.m_13874_(GsonHelper.java:145) ~[server-1.20.1-20230612.114412-srg.jar%23363!/:?]
	at net.minecraft.util.GsonHelper.m_13909_(GsonHelper.java:153) ~[server-1.20.1-20230612.114412-srg.jar%23363!/:?]
	at net.minecraft.world.level.storage.loot.entries.LootItem$Serializer.m_7267_(LootItem.java:55) ~[server-1.20.1-20230612.114412-srg.jar%23363!/:?]
	at net.minecraft.world.level.storage.loot.entries.LootItem$Serializer.m_7267_(LootItem.java:40) ~[server-1.20.1-20230612.114412-srg.jar%23363!/:?]
	at net.minecraft.world.level.storage.loot.entries.LootPoolSingletonContainer$Serializer.m_5921_(LootPoolSingletonContainer.java:151) ~[server-1.20.1-20230612.114412-srg.jar%23363!/:?]
	at net.minecraft.world.level.storage.loot.entries.LootPoolSingletonContainer$Serializer.m_5921_(LootPoolSingletonContainer.java:129) ~[server-1.20.1-20230612.114412-srg.jar%23363!/:?]
	at net.minecraft.world.level.storage.loot.entries.LootPoolEntryContainer$Serializer.m_7561_(LootPoolEntryContainer.java:86) ~[server-1.20.1-20230612.114412-srg.jar%23363!/:?]
	at net.minecraft.world.level.storage.loot.entries.LootPoolEntryContainer$Serializer.m_7561_(LootPoolEntryContainer.java:74) ~[server-1.20.1-20230612.114412-srg.jar%23363!/:?]
	at net.minecraft.world.level.storage.loot.GsonAdapterFactory$JsonAdapter.deserialize(GsonAdapterFactory.java:102) ~[server-1.20.1-20230612.114412-srg.jar%23363!/:?]
	at com.google.gson.internal.bind.TreeTypeAdapter.read(TreeTypeAdapter.java:76) ~[gson-2.10.jar%2372!/:?]
	at com.google.gson.internal.bind.TypeAdapterRuntimeTypeWrapper.read(TypeAdapterRuntimeTypeWrapper.java:40) ~[gson-2.10.jar%2372!/:?]
	at com.google.gson.internal.bind.ArrayTypeAdapter.read(ArrayTypeAdapter.java:72) ~[gson-2.10.jar%2372!/:?]
	at com.google.gson.Gson.fromJson(Gson.java:1214) ~[gson-2.10.jar%2372!/:?]
	at com.google.gson.Gson.fromJson(Gson.java:1319) ~[gson-2.10.jar%2372!/:?]
	at com.google.gson.Gson.fromJson(Gson.java:1290) ~[gson-2.10.jar%2372!/:?]
	at com.google.gson.internal.bind.TreeTypeAdapter$GsonContextImpl.deserialize(TreeTypeAdapter.java:179) ~[gson-2.10.jar%2372!/:?]
	at net.minecraft.util.GsonHelper.m_13808_(GsonHelper.java:463) ~[server-1.20.1-20230612.114412-srg.jar%23363!/:?]
	at net.minecraft.util.GsonHelper.m_13836_(GsonHelper.java:471) ~[server-1.20.1-20230612.114412-srg.jar%23363!/:?]
	at net.minecraft.world.level.storage.loot.LootPool$Serializer.deserialize(LootPool.java:192) ~[server-1.20.1-20230612.114412-srg.jar%23363!/:?]
	at net.minecraft.world.level.storage.loot.LootPool$Serializer.deserialize(LootPool.java:189) ~[server-1.20.1-20230612.114412-srg.jar%23363!/:?]
	at com.google.gson.internal.bind.TreeTypeAdapter.read(TreeTypeAdapter.java:76) ~[gson-2.10.jar%2372!/:?]
	at com.google.gson.internal.bind.TypeAdapterRuntimeTypeWrapper.read(TypeAdapterRuntimeTypeWrapper.java:40) ~[gson-2.10.jar%2372!/:?]
	at com.google.gson.internal.bind.ArrayTypeAdapter.read(ArrayTypeAdapter.java:72) ~[gson-2.10.jar%2372!/:?]
	at com.google.gson.Gson.fromJson(Gson.java:1214) ~[gson-2.10.jar%2372!/:?]
	at com.google.gson.Gson.fromJson(Gson.java:1319) ~[gson-2.10.jar%2372!/:?]
	at com.google.gson.Gson.fromJson(Gson.java:1290) ~[gson-2.10.jar%2372!/:?]
	at com.google.gson.internal.bind.TreeTypeAdapter$GsonContextImpl.deserialize(TreeTypeAdapter.java:179) ~[gson-2.10.jar%2372!/:?]
	at net.minecraft.util.GsonHelper.m_13808_(GsonHelper.java:463) ~[server-1.20.1-20230612.114412-srg.jar%23363!/:?]
	at net.minecraft.util.GsonHelper.m_13845_(GsonHelper.java:481) ~[server-1.20.1-20230612.114412-srg.jar%23363!/:?]
	at net.minecraft.world.level.storage.loot.LootTable$Serializer.deserialize(LootTable.java:294) ~[server-1.20.1-20230612.114412-srg.jar%23363!/:?]
	at net.minecraft.world.level.storage.loot.LootTable$Serializer.deserialize(LootTable.java:291) ~[server-1.20.1-20230612.114412-srg.jar%23363!/:?]
	at com.google.gson.internal.bind.TreeTypeAdapter.read(TreeTypeAdapter.java:76) ~[gson-2.10.jar%2372!/:?]
	at com.google.gson.Gson.fromJson(Gson.java:1214) ~[gson-2.10.jar%2372!/:?]
	at com.google.gson.Gson.fromJson(Gson.java:1319) ~[gson-2.10.jar%2372!/:?]
	at com.google.gson.Gson.fromJson(Gson.java:1261) ~[gson-2.10.jar%2372!/:?]
	at net.minecraftforge.common.ForgeHooks.loadLootTable(ForgeHooks.java:871) ~[forge-1.20.1-47.3.7-universal.jar%23368!/:?]
	at net.minecraftforge.common.ForgeHooks.lambda$getLootTableDeserializer$3(ForgeHooks.java:848) ~[forge-1.20.1-47.3.7-universal.jar%23368!/:?]
	at net.minecraft.world.level.storage.loot.LootDataType.deserialize(LootDataType.java:45) ~[server-1.20.1-20230612.114412-srg.jar%23363!/:?]
	at net.minecraft.world.level.storage.loot.LootDataManager.lambda$scheduleElementParse$4(LootDataManager.java:56) ~[server-1.20.1-20230612.114412-srg.jar%23363!/:?]
	at java.util.HashMap.forEach(HashMap.java:1421) ~[?:?]
	at net.minecraft.world.level.storage.loot.LootDataManager.m_278660_(LootDataManager.java:55) ~[server-1.20.1-20230612.114412-srg.jar%23363!/:?]
	at java.util.concurrent.CompletableFuture$AsyncRun.run(CompletableFuture.java:1804) ~[?:?]
	at java.util.concurrent.CompletableFuture$AsyncRun.exec(CompletableFuture.java:1796) ~[?:?]
	at java.util.concurrent.ForkJoinTask.doExec(ForkJoinTask.java:373) ~[?:?]
	at java.util.concurrent.ForkJoinPool$WorkQueue.topLevelExec(ForkJoinPool.java:1182) ~[?:?]
	at java.util.concurrent.ForkJoinPool.scan(ForkJoinPool.java:1655) ~[?:?]
	at java.util.concurrent.ForkJoinPool.runWorker(ForkJoinPool.java:1622) ~[?:?]
	at java.util.concurrent.ForkJoinWorkerThread.run(ForkJoinWorkerThread.java:165) ~[?:?]
[11May2025 01:01:13.715] [Worker-Main-3/ERROR] [net.minecraftforge.common.ForgeHooks/]: Couldn't parse element loot_tables:nfm:blocks/beige_modern_table
com.google.gson.JsonSyntaxException: Expected name to be an item, was unknown string 'nfm:beige_modern_table'
	at net.minecraft.util.GsonHelper.m_13866_(GsonHelper.java:145) ~[server-1.20.1-20230612.114412-srg.jar%23363!/:?]
	at java.util.Optional.orElseThrow(Optional.java:403) ~[?:?]
	at net.minecraft.util.GsonHelper.m_13874_(GsonHelper.java:145) ~[server-1.20.1-20230612.114412-srg.jar%23363!/:?]
	at net.minecraft.util.GsonHelper.m_13909_(GsonHelper.java:153) ~[server-1.20.1-20230612.114412-srg.jar%23363!/:?]
	at net.minecraft.world.level.storage.loot.entries.LootItem$Serializer.m_7267_(LootItem.java:55) ~[server-1.20.1-20230612.114412-srg.jar%23363!/:?]
	at net.minecraft.world.level.storage.loot.entries.LootItem$Serializer.m_7267_(LootItem.java:40) ~[server-1.20.1-20230612.114412-srg.jar%23363!/:?]
	at net.minecraft.world.level.storage.loot.entries.LootPoolSingletonContainer$Serializer.m_5921_(LootPoolSingletonContainer.java:151) ~[server-1.20.1-20230612.114412-srg.jar%23363!/:?]
	at net.minecraft.world.level.storage.loot.entries.LootPoolSingletonContainer$Serializer.m_5921_(LootPoolSingletonContainer.java:129) ~[server-1.20.1-20230612.114412-srg.jar%23363!/:?]
	at net.minecraft.world.level.storage.loot.entries.LootPoolEntryContainer$Serializer.m_7561_(LootPoolEntryContainer.java:86) ~[server-1.20.1-20230612.114412-srg.jar%23363!/:?]
	at net.minecraft.world.level.storage.loot.entries.LootPoolEntryContainer$Serializer.m_7561_(LootPoolEntryContainer.java:74) ~[server-1.20.1-20230612.114412-srg.jar%23363!/:?]
	at net.minecraft.world.level.storage.loot.GsonAdapterFactory$JsonAdapter.deserialize(GsonAdapterFactory.java:102) ~[server-1.20.1-20230612.114412-srg.jar%23363!/:?]
	at com.google.gson.internal.bind.TreeTypeAdapter.read(TreeTypeAdapter.java:76) ~[gson-2.10.jar%2372!/:?]
	at com.google.gson.internal.bind.TypeAdapterRuntimeTypeWrapper.read(TypeAdapterRuntimeTypeWrapper.java:40) ~[gson-2.10.jar%2372!/:?]
	at com.google.gson.internal.bind.ArrayTypeAdapter.read(ArrayTypeAdapter.java:72) ~[gson-2.10.jar%2372!/:?]
	at com.google.gson.Gson.fromJson(Gson.java:1214) ~[gson-2.10.jar%2372!/:?]
	at com.google.gson.Gson.fromJson(Gson.java:1319) ~[gson-2.10.jar%2372!/:?]
	at com.google.gson.Gson.fromJson(Gson.java:1290) ~[gson-2.10.jar%2372!/:?]
	at com.google.gson.internal.bind.TreeTypeAdapter$GsonContextImpl.deserialize(TreeTypeAdapter.java:179) ~[gson-2.10.jar%2372!/:?]
	at net.minecraft.util.GsonHelper.m_13808_(GsonHelper.java:463) ~[server-1.20.1-20230612.114412-srg.jar%23363!/:?]
	at net.minecraft.util.GsonHelper.m_13836_(GsonHelper.java:471) ~[server-1.20.1-20230612.114412-srg.jar%23363!/:?]
	at net.minecraft.world.level.storage.loot.LootPool$Serializer.deserialize(LootPool.java:192) ~[server-1.20.1-20230612.114412-srg.jar%23363!/:?]
	at net.minecraft.world.level.storage.loot.LootPool$Serializer.deserialize(LootPool.java:189) ~[server-1.20.1-20230612.114412-srg.jar%23363!/:?]
	at com.google.gson.internal.bind.TreeTypeAdapter.read(TreeTypeAdapter.java:76) ~[gson-2.10.jar%2372!/:?]
	at com.google.gson.internal.bind.TypeAdapterRuntimeTypeWrapper.read(TypeAdapterRuntimeTypeWrapper.java:40) ~[gson-2.10.jar%2372!/:?]
	at com.google.gson.internal.bind.ArrayTypeAdapter.read(ArrayTypeAdapter.java:72) ~[gson-2.10.jar%2372!/:?]
	at com.google.gson.Gson.fromJson(Gson.java:1214) ~[gson-2.10.jar%2372!/:?]
	at com.google.gson.Gson.fromJson(Gson.java:1319) ~[gson-2.10.jar%2372!/:?]
	at com.google.gson.Gson.fromJson(Gson.java:1290) ~[gson-2.10.jar%2372!/:?]
	at com.google.gson.internal.bind.TreeTypeAdapter$GsonContextImpl.deserialize(TreeTypeAdapter.java:179) ~[gson-2.10.jar%2372!/:?]
	at net.minecraft.util.GsonHelper.m_13808_(GsonHelper.java:463) ~[server-1.20.1-20230612.114412-srg.jar%23363!/:?]
	at net.minecraft.util.GsonHelper.m_13845_(GsonHelper.java:481) ~[server-1.20.1-20230612.114412-srg.jar%23363!/:?]
	at net.minecraft.world.level.storage.loot.LootTable$Serializer.deserialize(LootTable.java:294) ~[server-1.20.1-20230612.114412-srg.jar%23363!/:?]
	at net.minecraft.world.level.storage.loot.LootTable$Serializer.deserialize(LootTable.java:291) ~[server-1.20.1-20230612.114412-srg.jar%23363!/:?]
	at com.google.gson.internal.bind.TreeTypeAdapter.read(TreeTypeAdapter.java:76) ~[gson-2.10.jar%2372!/:?]
	at com.google.gson.Gson.fromJson(Gson.java:1214) ~[gson-2.10.jar%2372!/:?]
	at com.google.gson.Gson.fromJson(Gson.java:1319) ~[gson-2.10.jar%2372!/:?]
	at com.google.gson.Gson.fromJson(Gson.java:1261) ~[gson-2.10.jar%2372!/:?]
	at net.minecraftforge.common.ForgeHooks.loadLootTable(ForgeHooks.java:871) ~[forge-1.20.1-47.3.7-universal.jar%23368!/:?]
	at net.minecraftforge.common.ForgeHooks.lambda$getLootTableDeserializer$3(ForgeHooks.java:848) ~[forge-1.20.1-47.3.7-universal.jar%23368!/:?]
	at net.minecraft.world.level.storage.loot.LootDataType.deserialize(LootDataType.java:45) ~[server-1.20.1-20230612.114412-srg.jar%23363!/:?]
	at net.minecraft.world.level.storage.loot.LootDataManager.lambda$scheduleElementParse$4(LootDataManager.java:56) ~[server-1.20.1-20230612.114412-srg.jar%23363!/:?]
	at java.util.HashMap.forEach(HashMap.java:1421) ~[?:?]
	at net.minecraft.world.level.storage.loot.LootDataManager.m_278660_(LootDataManager.java:55) ~[server-1.20.1-20230612.114412-srg.jar%23363!/:?]
	at java.util.concurrent.CompletableFuture$AsyncRun.run(CompletableFuture.java:1804) ~[?:?]
	at java.util.concurrent.CompletableFuture$AsyncRun.exec(CompletableFuture.java:1796) ~[?:?]
	at java.util.concurrent.ForkJoinTask.doExec(ForkJoinTask.java:373) ~[?:?]
	at java.util.concurrent.ForkJoinPool$WorkQueue.topLevelExec(ForkJoinPool.java:1182) ~[?:?]
	at java.util.concurrent.ForkJoinPool.scan(ForkJoinPool.java:1655) ~[?:?]
	at java.util.concurrent.ForkJoinPool.runWorker(ForkJoinPool.java:1622) ~[?:?]
	at java.util.concurrent.ForkJoinWorkerThread.run(ForkJoinWorkerThread.java:165) ~[?:?]
[11May2025 01:01:13.718] [Worker-Main-3/ERROR] [net.minecraftforge.common.ForgeHooks/]: Couldn't parse element loot_tables:nfm:blocks/beige_curtain
com.google.gson.JsonSyntaxException: Expected name to be an item, was unknown string 'nfm:beige_curtain'
	at net.minecraft.util.GsonHelper.m_13866_(GsonHelper.java:145) ~[server-1.20.1-20230612.114412-srg.jar%23363!/:?]
	at java.util.Optional.orElseThrow(Optional.java:403) ~[?:?]
	at net.minecraft.util.GsonHelper.m_13874_(GsonHelper.java:145) ~[server-1.20.1-20230612.114412-srg.jar%23363!/:?]
	at net.minecraft.util.GsonHelper.m_13909_(GsonHelper.java:153) ~[server-1.20.1-20230612.114412-srg.jar%23363!/:?]
	at net.minecraft.world.level.storage.loot.entries.LootItem$Serializer.m_7267_(LootItem.java:55) ~[server-1.20.1-20230612.114412-srg.jar%23363!/:?]
	at net.minecraft.world.level.storage.loot.entries.LootItem$Serializer.m_7267_(LootItem.java:40) ~[server-1.20.1-20230612.114412-srg.jar%23363!/:?]
	at net.minecraft.world.level.storage.loot.entries.LootPoolSingletonContainer$Serializer.m_5921_(LootPoolSingletonContainer.java:151) ~[server-1.20.1-20230612.114412-srg.jar%23363!/:?]
	at net.minecraft.world.level.storage.loot.entries.LootPoolSingletonContainer$Serializer.m_5921_(LootPoolSingletonContainer.java:129) ~[server-1.20.1-20230612.114412-srg.jar%23363!/:?]
	at net.minecraft.world.level.storage.loot.entries.LootPoolEntryContainer$Serializer.m_7561_(LootPoolEntryContainer.java:86) ~[server-1.20.1-20230612.114412-srg.jar%23363!/:?]
	at net.minecraft.world.level.storage.loot.entries.LootPoolEntryContainer$Serializer.m_7561_(LootPoolEntryContainer.java:74) ~[server-1.20.1-20230612.114412-srg.jar%23363!/:?]
	at net.minecraft.world.level.storage.loot.GsonAdapterFactory$JsonAdapter.deserialize(GsonAdapterFactory.java:102) ~[server-1.20.1-20230612.114412-srg.jar%23363!/:?]
	at com.google.gson.internal.bind.TreeTypeAdapter.read(TreeTypeAdapter.java:76) ~[gson-2.10.jar%2372!/:?]
	at com.google.gson.internal.bind.TypeAdapterRuntimeTypeWrapper.read(TypeAdapterRuntimeTypeWrapper.java:40) ~[gson-2.10.jar%2372!/:?]
	at com.google.gson.internal.bind.ArrayTypeAdapter.read(ArrayTypeAdapter.java:72) ~[gson-2.10.jar%2372!/:?]
	at com.google.gson.Gson.fromJson(Gson.java:1214) ~[gson-2.10.jar%2372!/:?]
	at com.google.gson.Gson.fromJson(Gson.java:1319) ~[gson-2.10.jar%2372!/:?]
	at com.google.gson.Gson.fromJson(Gson.java:1290) ~[gson-2.10.jar%2372!/:?]
	at com.google.gson.internal.bind.TreeTypeAdapter$GsonContextImpl.deserialize(TreeTypeAdapter.java:179) ~[gson-2.10.jar%2372!/:?]
	at net.minecraft.util.GsonHelper.m_13808_(GsonHelper.java:463) ~[server-1.20.1-20230612.114412-srg.jar%23363!/:?]
	at net.minecraft.util.GsonHelper.m_13836_(GsonHelper.java:471) ~[server-1.20.1-20230612.114412-srg.jar%23363!/:?]
	at net.minecraft.world.level.storage.loot.LootPool$Serializer.deserialize(LootPool.java:192) ~[server-1.20.1-20230612.114412-srg.jar%23363!/:?]
	at net.minecraft.world.level.storage.loot.LootPool$Serializer.deserialize(LootPool.java:189) ~[server-1.20.1-20230612.114412-srg.jar%23363!/:?]
	at com.google.gson.internal.bind.TreeTypeAdapter.read(TreeTypeAdapter.java:76) ~[gson-2.10.jar%2372!/:?]
	at com.google.gson.internal.bind.TypeAdapterRuntimeTypeWrapper.read(TypeAdapterRuntimeTypeWrapper.java:40) ~[gson-2.10.jar%2372!/:?]
	at com.google.gson.internal.bind.ArrayTypeAdapter.read(ArrayTypeAdapter.java:72) ~[gson-2.10.jar%2372!/:?]
	at com.google.gson.Gson.fromJson(Gson.java:1214) ~[gson-2.10.jar%2372!/:?]
	at com.google.gson.Gson.fromJson(Gson.java:1319) ~[gson-2.10.jar%2372!/:?]
	at com.google.gson.Gson.fromJson(Gson.java:1290) ~[gson-2.10.jar%2372!/:?]
	at com.google.gson.internal.bind.TreeTypeAdapter$GsonContextImpl.deserialize(TreeTypeAdapter.java:179) ~[gson-2.10.jar%2372!/:?]
	at net.minecraft.util.GsonHelper.m_13808_(GsonHelper.java:463) ~[server-1.20.1-20230612.114412-srg.jar%23363!/:?]
	at net.minecraft.util.GsonHelper.m_13845_(GsonHelper.java:481) ~[server-1.20.1-20230612.114412-srg.jar%23363!/:?]
	at net.minecraft.world.level.storage.loot.LootTable$Serializer.deserialize(LootTable.java:294) ~[server-1.20.1-20230612.114412-srg.jar%23363!/:?]
	at net.minecraft.world.level.storage.loot.LootTable$Serializer.deserialize(LootTable.java:291) ~[server-1.20.1-20230612.114412-srg.jar%23363!/:?]
	at com.google.gson.internal.bind.TreeTypeAdapter.read(TreeTypeAdapter.java:76) ~[gson-2.10.jar%2372!/:?]
	at com.google.gson.Gson.fromJson(Gson.java:1214) ~[gson-2.10.jar%2372!/:?]
	at com.google.gson.Gson.fromJson(Gson.java:1319) ~[gson-2.10.jar%2372!/:?]
	at com.google.gson.Gson.fromJson(Gson.java:1261) ~[gson-2.10.jar%2372!/:?]
	at net.minecraftforge.common.ForgeHooks.loadLootTable(ForgeHooks.java:871) ~[forge-1.20.1-47.3.7-universal.jar%23368!/:?]
	at net.minecraftforge.common.ForgeHooks.lambda$getLootTableDeserializer$3(ForgeHooks.java:848) ~[forge-1.20.1-47.3.7-universal.jar%23368!/:?]
	at net.minecraft.world.level.storage.loot.LootDataType.deserialize(LootDataType.java:45) ~[server-1.20.1-20230612.114412-srg.jar%23363!/:?]
	at net.minecraft.world.level.storage.loot.LootDataManager.lambda$scheduleElementParse$4(LootDataManager.java:56) ~[server-1.20.1-20230612.114412-srg.jar%23363!/:?]
	at java.util.HashMap.forEach(HashMap.java:1421) ~[?:?]
	at net.minecraft.world.level.storage.loot.LootDataManager.m_278660_(LootDataManager.java:55) ~[server-1.20.1-20230612.114412-srg.jar%23363!/:?]
	at java.util.concurrent.CompletableFuture$AsyncRun.run(CompletableFuture.java:1804) ~[?:?]
	at java.util.concurrent.CompletableFuture$AsyncRun.exec(CompletableFuture.java:1796) ~[?:?]
	at java.util.concurrent.ForkJoinTask.doExec(ForkJoinTask.java:373) ~[?:?]
	at java.util.concurrent.ForkJoinPool$WorkQueue.topLevelExec(ForkJoinPool.java:1182) ~[?:?]
	at java.util.concurrent.ForkJoinPool.scan(ForkJoinPool.java:1655) ~[?:?]
	at java.util.concurrent.ForkJoinPool.runWorker(ForkJoinPool.java:1622) ~[?:?]
	at java.util.concurrent.ForkJoinWorkerThread.run(ForkJoinWorkerThread.java:165) ~[?:?]
[11May2025 01:01:13.779] [Worker-Main-3/ERROR] [net.minecraftforge.common.ForgeHooks/]: Couldn't parse element loot_tables:nfm:blocks/beige_television_stand
com.google.gson.JsonSyntaxException: Expected name to be an item, was unknown string 'nfm:beige_television_stand'
	at net.minecraft.util.GsonHelper.m_13866_(GsonHelper.java:145) ~[server-1.20.1-20230612.114412-srg.jar%23363!/:?]
	at java.util.Optional.orElseThrow(Optional.java:403) ~[?:?]
	at net.minecraft.util.GsonHelper.m_13874_(GsonHelper.java:145) ~[server-1.20.1-20230612.114412-srg.jar%23363!/:?]
	at net.minecraft.util.GsonHelper.m_13909_(GsonHelper.java:153) ~[server-1.20.1-20230612.114412-srg.jar%23363!/:?]
	at net.minecraft.world.level.storage.loot.entries.LootItem$Serializer.m_7267_(LootItem.java:55) ~[server-1.20.1-20230612.114412-srg.jar%23363!/:?]
	at net.minecraft.world.level.storage.loot.entries.LootItem$Serializer.m_7267_(LootItem.java:40) ~[server-1.20.1-20230612.114412-srg.jar%23363!/:?]
	at net.minecraft.world.level.storage.loot.entries.LootPoolSingletonContainer$Serializer.m_5921_(LootPoolSingletonContainer.java:151) ~[server-1.20.1-20230612.114412-srg.jar%23363!/:?]
	at net.minecraft.world.level.storage.loot.entries.LootPoolSingletonContainer$Serializer.m_5921_(LootPoolSingletonContainer.java:129) ~[server-1.20.1-20230612.114412-srg.jar%23363!/:?]
	at net.minecraft.world.level.storage.loot.entries.LootPoolEntryContainer$Serializer.m_7561_(LootPoolEntryContainer.java:86) ~[server-1.20.1-20230612.114412-srg.jar%23363!/:?]
	at net.minecraft.world.level.storage.loot.entries.LootPoolEntryContainer$Serializer.m_7561_(LootPoolEntryContainer.java:74) ~[server-1.20.1-20230612.114412-srg.jar%23363!/:?]
	at net.minecraft.world.level.storage.loot.GsonAdapterFactory$JsonAdapter.deserialize(GsonAdapterFactory.java:102) ~[server-1.20.1-20230612.114412-srg.jar%23363!/:?]
	at com.google.gson.internal.bind.TreeTypeAdapter.read(TreeTypeAdapter.java:76) ~[gson-2.10.jar%2372!/:?]
	at com.google.gson.internal.bind.TypeAdapterRuntimeTypeWrapper.read(TypeAdapterRuntimeTypeWrapper.java:40) ~[gson-2.10.jar%2372!/:?]
	at com.google.gson.internal.bind.ArrayTypeAdapter.read(ArrayTypeAdapter.java:72) ~[gson-2.10.jar%2372!/:?]
	at com.google.gson.Gson.fromJson(Gson.java:1214) ~[gson-2.10.jar%2372!/:?]
	at com.google.gson.Gson.fromJson(Gson.java:1319) ~[gson-2.10.jar%2372!/:?]
	at com.google.gson.Gson.fromJson(Gson.java:1290) ~[gson-2.10.jar%2372!/:?]
	at com.google.gson.internal.bind.TreeTypeAdapter$GsonContextImpl.deserialize(TreeTypeAdapter.java:179) ~[gson-2.10.jar%2372!/:?]
	at net.minecraft.util.GsonHelper.m_13808_(GsonHelper.java:463) ~[server-1.20.1-20230612.114412-srg.jar%23363!/:?]
	at net.minecraft.util.GsonHelper.m_13836_(GsonHelper.java:471) ~[server-1.20.1-20230612.114412-srg.jar%23363!/:?]
	at net.minecraft.world.level.storage.loot.LootPool$Serializer.deserialize(LootPool.java:192) ~[server-1.20.1-20230612.114412-srg.jar%23363!/:?]
	at net.minecraft.world.level.storage.loot.LootPool$Serializer.deserialize(LootPool.java:189) ~[server-1.20.1-20230612.114412-srg.jar%23363!/:?]
	at com.google.gson.internal.bind.TreeTypeAdapter.read(TreeTypeAdapter.java:76) ~[gson-2.10.jar%2372!/:?]
	at com.google.gson.internal.bind.TypeAdapterRuntimeTypeWrapper.read(TypeAdapterRuntimeTypeWrapper.java:40) ~[gson-2.10.jar%2372!/:?]
	at com.google.gson.internal.bind.ArrayTypeAdapter.read(ArrayTypeAdapter.java:72) ~[gson-2.10.jar%2372!/:?]
	at com.google.gson.Gson.fromJson(Gson.java:1214) ~[gson-2.10.jar%2372!/:?]
	at com.google.gson.Gson.fromJson(Gson.java:1319) ~[gson-2.10.jar%2372!/:?]
	at com.google.gson.Gson.fromJson(Gson.java:1290) ~[gson-2.10.jar%2372!/:?]
	at com.google.gson.internal.bind.TreeTypeAdapter$GsonContextImpl.deserialize(TreeTypeAdapter.java:179) ~[gson-2.10.jar%2372!/:?]
	at net.minecraft.util.GsonHelper.m_13808_(GsonHelper.java:463) ~[server-1.20.1-20230612.114412-srg.jar%23363!/:?]
	at net.minecraft.util.GsonHelper.m_13845_(GsonHelper.java:481) ~[server-1.20.1-20230612.114412-srg.jar%23363!/:?]
	at net.minecraft.world.level.storage.loot.LootTable$Serializer.deserialize(LootTable.java:294) ~[server-1.20.1-20230612.114412-srg.jar%23363!/:?]
	at net.minecraft.world.level.storage.loot.LootTable$Serializer.deserialize(LootTable.java:291) ~[server-1.20.1-20230612.114412-srg.jar%23363!/:?]
	at com.google.gson.internal.bind.TreeTypeAdapter.read(TreeTypeAdapter.java:76) ~[gson-2.10.jar%2372!/:?]
	at com.google.gson.Gson.fromJson(Gson.java:1214) ~[gson-2.10.jar%2372!/:?]
	at com.google.gson.Gson.fromJson(Gson.java:1319) ~[gson-2.10.jar%2372!/:?]
	at com.google.gson.Gson.fromJson(Gson.java:1261) ~[gson-2.10.jar%2372!/:?]
	at net.minecraftforge.common.ForgeHooks.loadLootTable(ForgeHooks.java:871) ~[forge-1.20.1-47.3.7-universal.jar%23368!/:?]
	at net.minecraftforge.common.ForgeHooks.lambda$getLootTableDeserializer$3(ForgeHooks.java:848) ~[forge-1.20.1-47.3.7-universal.jar%23368!/:?]
	at net.minecraft.world.level.storage.loot.LootDataType.deserialize(LootDataType.java:45) ~[server-1.20.1-20230612.114412-srg.jar%23363!/:?]
	at net.minecraft.world.level.storage.loot.LootDataManager.lambda$scheduleElementParse$4(LootDataManager.java:56) ~[server-1.20.1-20230612.114412-srg.jar%23363!/:?]
	at java.util.HashMap.forEach(HashMap.java:1421) ~[?:?]
	at net.minecraft.world.level.storage.loot.LootDataManager.m_278660_(LootDataManager.java:55) ~[server-1.20.1-20230612.114412-srg.jar%23363!/:?]
	at java.util.concurrent.CompletableFuture$AsyncRun.run(CompletableFuture.java:1804) ~[?:?]
	at java.util.concurrent.CompletableFuture$AsyncRun.exec(CompletableFuture.java:1796) ~[?:?]
	at java.util.concurrent.ForkJoinTask.doExec(ForkJoinTask.java:373) ~[?:?]
	at java.util.concurrent.ForkJoinPool$WorkQueue.topLevelExec(ForkJoinPool.java:1182) ~[?:?]
	at java.util.concurrent.ForkJoinPool.scan(ForkJoinPool.java:1655) ~[?:?]
	at java.util.concurrent.ForkJoinPool.runWorker(ForkJoinPool.java:1622) ~[?:?]
	at java.util.concurrent.ForkJoinWorkerThread.run(ForkJoinWorkerThread.java:165) ~[?:?]
[11May2025 01:01:13.801] [Worker-Main-3/ERROR] [net.minecraftforge.common.ForgeHooks/]: Couldn't parse element loot_tables:nfm:blocks/beige_lamp
com.google.gson.JsonSyntaxException: Expected name to be an item, was unknown string 'nfm:beige_lamp'
	at net.minecraft.util.GsonHelper.m_13866_(GsonHelper.java:145) ~[server-1.20.1-20230612.114412-srg.jar%23363!/:?]
	at java.util.Optional.orElseThrow(Optional.java:403) ~[?:?]
	at net.minecraft.util.GsonHelper.m_13874_(GsonHelper.java:145) ~[server-1.20.1-20230612.114412-srg.jar%23363!/:?]
	at net.minecraft.util.GsonHelper.m_13909_(GsonHelper.java:153) ~[server-1.20.1-20230612.114412-srg.jar%23363!/:?]
	at net.minecraft.world.level.storage.loot.entries.LootItem$Serializer.m_7267_(LootItem.java:55) ~[server-1.20.1-20230612.114412-srg.jar%23363!/:?]
	at net.minecraft.world.level.storage.loot.entries.LootItem$Serializer.m_7267_(LootItem.java:40) ~[server-1.20.1-20230612.114412-srg.jar%23363!/:?]
	at net.minecraft.world.level.storage.loot.entries.LootPoolSingletonContainer$Serializer.m_5921_(LootPoolSingletonContainer.java:151) ~[server-1.20.1-20230612.114412-srg.jar%23363!/:?]
	at net.minecraft.world.level.storage.loot.entries.LootPoolSingletonContainer$Serializer.m_5921_(LootPoolSingletonContainer.java:129) ~[server-1.20.1-20230612.114412-srg.jar%23363!/:?]
	at net.minecraft.world.level.storage.loot.entries.LootPoolEntryContainer$Serializer.m_7561_(LootPoolEntryContainer.java:86) ~[server-1.20.1-20230612.114412-srg.jar%23363!/:?]
	at net.minecraft.world.level.storage.loot.entries.LootPoolEntryContainer$Serializer.m_7561_(LootPoolEntryContainer.java:74) ~[server-1.20.1-20230612.114412-srg.jar%23363!/:?]
	at net.minecraft.world.level.storage.loot.GsonAdapterFactory$JsonAdapter.deserialize(GsonAdapterFactory.java:102) ~[server-1.20.1-20230612.114412-srg.jar%23363!/:?]
	at com.google.gson.internal.bind.TreeTypeAdapter.read(TreeTypeAdapter.java:76) ~[gson-2.10.jar%2372!/:?]
	at com.google.gson.internal.bind.TypeAdapterRuntimeTypeWrapper.read(TypeAdapterRuntimeTypeWrapper.java:40) ~[gson-2.10.jar%2372!/:?]
	at com.google.gson.internal.bind.ArrayTypeAdapter.read(ArrayTypeAdapter.java:72) ~[gson-2.10.jar%2372!/:?]
	at com.google.gson.Gson.fromJson(Gson.java:1214) ~[gson-2.10.jar%2372!/:?]
	at com.google.gson.Gson.fromJson(Gson.java:1319) ~[gson-2.10.jar%2372!/:?]
	at com.google.gson.Gson.fromJson(Gson.java:1290) ~[gson-2.10.jar%2372!/:?]
	at com.google.gson.internal.bind.TreeTypeAdapter$GsonContextImpl.deserialize(TreeTypeAdapter.java:179) ~[gson-2.10.jar%2372!/:?]
	at net.minecraft.util.GsonHelper.m_13808_(GsonHelper.java:463) ~[server-1.20.1-20230612.114412-srg.jar%23363!/:?]
	at net.minecraft.util.GsonHelper.m_13836_(GsonHelper.java:471) ~[server-1.20.1-20230612.114412-srg.jar%23363!/:?]
	at net.minecraft.world.level.storage.loot.LootPool$Serializer.deserialize(LootPool.java:192) ~[server-1.20.1-20230612.114412-srg.jar%23363!/:?]
	at net.minecraft.world.level.storage.loot.LootPool$Serializer.deserialize(LootPool.java:189) ~[server-1.20.1-20230612.114412-srg.jar%23363!/:?]
	at com.google.gson.internal.bind.TreeTypeAdapter.read(TreeTypeAdapter.java:76) ~[gson-2.10.jar%2372!/:?]
	at com.google.gson.internal.bind.TypeAdapterRuntimeTypeWrapper.read(TypeAdapterRuntimeTypeWrapper.java:40) ~[gson-2.10.jar%2372!/:?]
	at com.google.gson.internal.bind.ArrayTypeAdapter.read(ArrayTypeAdapter.java:72) ~[gson-2.10.jar%2372!/:?]
	at com.google.gson.Gson.fromJson(Gson.java:1214) ~[gson-2.10.jar%2372!/:?]
	at com.google.gson.Gson.fromJson(Gson.java:1319) ~[gson-2.10.jar%2372!/:?]
	at com.google.gson.Gson.fromJson(Gson.java:1290) ~[gson-2.10.jar%2372!/:?]
	at com.google.gson.internal.bind.TreeTypeAdapter$GsonContextImpl.deserialize(TreeTypeAdapter.java:179) ~[gson-2.10.jar%2372!/:?]
	at net.minecraft.util.GsonHelper.m_13808_(GsonHelper.java:463) ~[server-1.20.1-20230612.114412-srg.jar%23363!/:?]
	at net.minecraft.util.GsonHelper.m_13845_(GsonHelper.java:481) ~[server-1.20.1-20230612.114412-srg.jar%23363!/:?]
	at net.minecraft.world.level.storage.loot.LootTable$Serializer.deserialize(LootTable.java:294) ~[server-1.20.1-20230612.114412-srg.jar%23363!/:?]
	at net.minecraft.world.level.storage.loot.LootTable$Serializer.deserialize(LootTable.java:291) ~[server-1.20.1-20230612.114412-srg.jar%23363!/:?]
	at com.google.gson.internal.bind.TreeTypeAdapter.read(TreeTypeAdapter.java:76) ~[gson-2.10.jar%2372!/:?]
	at com.google.gson.Gson.fromJson(Gson.java:1214) ~[gson-2.10.jar%2372!/:?]
	at com.google.gson.Gson.fromJson(Gson.java:1319) ~[gson-2.10.jar%2372!/:?]
	at com.google.gson.Gson.fromJson(Gson.java:1261) ~[gson-2.10.jar%2372!/:?]
	at net.minecraftforge.common.ForgeHooks.loadLootTable(ForgeHooks.java:871) ~[forge-1.20.1-47.3.7-universal.jar%23368!/:?]
	at net.minecraftforge.common.ForgeHooks.lambda$getLootTableDeserializer$3(ForgeHooks.java:848) ~[forge-1.20.1-47.3.7-universal.jar%23368!/:?]
	at net.minecraft.world.level.storage.loot.LootDataType.deserialize(LootDataType.java:45) ~[server-1.20.1-20230612.114412-srg.jar%23363!/:?]
	at net.minecraft.world.level.storage.loot.LootDataManager.lambda$scheduleElementParse$4(LootDataManager.java:56) ~[server-1.20.1-20230612.114412-srg.jar%23363!/:?]
	at java.util.HashMap.forEach(HashMap.java:1421) ~[?:?]
	at net.minecraft.world.level.storage.loot.LootDataManager.m_278660_(LootDataManager.java:55) ~[server-1.20.1-20230612.114412-srg.jar%23363!/:?]
	at java.util.concurrent.CompletableFuture$AsyncRun.run(CompletableFuture.java:1804) ~[?:?]
	at java.util.concurrent.CompletableFuture$AsyncRun.exec(CompletableFuture.java:1796) ~[?:?]
	at java.util.concurrent.ForkJoinTask.doExec(ForkJoinTask.java:373) ~[?:?]
	at java.util.concurrent.ForkJoinPool$WorkQueue.topLevelExec(ForkJoinPool.java:1182) ~[?:?]
	at java.util.concurrent.ForkJoinPool.scan(ForkJoinPool.java:1655) ~[?:?]
	at java.util.concurrent.ForkJoinPool.runWorker(ForkJoinPool.java:1622) ~[?:?]
	at java.util.concurrent.ForkJoinWorkerThread.run(ForkJoinWorkerThread.java:165) ~[?:?]
[11May2025 01:01:13.806] [Worker-Main-3/ERROR] [net.minecraftforge.common.ForgeHooks/]: Couldn't parse element loot_tables:nfm:blocks/beige_inflatable_castle
com.google.gson.JsonSyntaxException: Expected name to be an item, was unknown string 'nfm:beige_inflatable_castle'
	at net.minecraft.util.GsonHelper.m_13866_(GsonHelper.java:145) ~[server-1.20.1-20230612.114412-srg.jar%23363!/:?]
	at java.util.Optional.orElseThrow(Optional.java:403) ~[?:?]
	at net.minecraft.util.GsonHelper.m_13874_(GsonHelper.java:145) ~[server-1.20.1-20230612.114412-srg.jar%23363!/:?]
	at net.minecraft.util.GsonHelper.m_13909_(GsonHelper.java:153) ~[server-1.20.1-20230612.114412-srg.jar%23363!/:?]
	at net.minecraft.world.level.storage.loot.entries.LootItem$Serializer.m_7267_(LootItem.java:55) ~[server-1.20.1-20230612.114412-srg.jar%23363!/:?]
	at net.minecraft.world.level.storage.loot.entries.LootItem$Serializer.m_7267_(LootItem.java:40) ~[server-1.20.1-20230612.114412-srg.jar%23363!/:?]
	at net.minecraft.world.level.storage.loot.entries.LootPoolSingletonContainer$Serializer.m_5921_(LootPoolSingletonContainer.java:151) ~[server-1.20.1-20230612.114412-srg.jar%23363!/:?]
	at net.minecraft.world.level.storage.loot.entries.LootPoolSingletonContainer$Serializer.m_5921_(LootPoolSingletonContainer.java:129) ~[server-1.20.1-20230612.114412-srg.jar%23363!/:?]
	at net.minecraft.world.level.storage.loot.entries.LootPoolEntryContainer$Serializer.m_7561_(LootPoolEntryContainer.java:86) ~[server-1.20.1-20230612.114412-srg.jar%23363!/:?]
	at net.minecraft.world.level.storage.loot.entries.LootPoolEntryContainer$Serializer.m_7561_(LootPoolEntryContainer.java:74) ~[server-1.20.1-20230612.114412-srg.jar%23363!/:?]
	at net.minecraft.world.level.storage.loot.GsonAdapterFactory$JsonAdapter.deserialize(GsonAdapterFactory.java:102) ~[server-1.20.1-20230612.114412-srg.jar%23363!/:?]
	at com.google.gson.internal.bind.TreeTypeAdapter.read(TreeTypeAdapter.java:76) ~[gson-2.10.jar%2372!/:?]
	at com.google.gson.internal.bind.TypeAdapterRuntimeTypeWrapper.read(TypeAdapterRuntimeTypeWrapper.java:40) ~[gson-2.10.jar%2372!/:?]
	at com.google.gson.internal.bind.ArrayTypeAdapter.read(ArrayTypeAdapter.java:72) ~[gson-2.10.jar%2372!/:?]
	at com.google.gson.Gson.fromJson(Gson.java:1214) ~[gson-2.10.jar%2372!/:?]
	at com.google.gson.Gson.fromJson(Gson.java:1319) ~[gson-2.10.jar%2372!/:?]
	at com.google.gson.Gson.fromJson(Gson.java:1290) ~[gson-2.10.jar%2372!/:?]
	at com.google.gson.internal.bind.TreeTypeAdapter$GsonContextImpl.deserialize(TreeTypeAdapter.java:179) ~[gson-2.10.jar%2372!/:?]
	at net.minecraft.util.GsonHelper.m_13808_(GsonHelper.java:463) ~[server-1.20.1-20230612.114412-srg.jar%23363!/:?]
	at net.minecraft.util.GsonHelper.m_13836_(GsonHelper.java:471) ~[server-1.20.1-20230612.114412-srg.jar%23363!/:?]
	at net.minecraft.world.level.storage.loot.LootPool$Serializer.deserialize(LootPool.java:192) ~[server-1.20.1-20230612.114412-srg.jar%23363!/:?]
	at net.minecraft.world.level.storage.loot.LootPool$Serializer.deserialize(LootPool.java:189) ~[server-1.20.1-20230612.114412-srg.jar%23363!/:?]
	at com.google.gson.internal.bind.TreeTypeAdapter.read(TreeTypeAdapter.java:76) ~[gson-2.10.jar%2372!/:?]
	at com.google.gson.internal.bind.TypeAdapterRuntimeTypeWrapper.read(TypeAdapterRuntimeTypeWrapper.java:40) ~[gson-2.10.jar%2372!/:?]
	at com.google.gson.internal.bind.ArrayTypeAdapter.read(ArrayTypeAdapter.java:72) ~[gson-2.10.jar%2372!/:?]
	at com.google.gson.Gson.fromJson(Gson.java:1214) ~[gson-2.10.jar%2372!/:?]
	at com.google.gson.Gson.fromJson(Gson.java:1319) ~[gson-2.10.jar%2372!/:?]
	at com.google.gson.Gson.fromJson(Gson.java:1290) ~[gson-2.10.jar%2372!/:?]
	at com.google.gson.internal.bind.TreeTypeAdapter$GsonContextImpl.deserialize(TreeTypeAdapter.java:179) ~[gson-2.10.jar%2372!/:?]
	at net.minecraft.util.GsonHelper.m_13808_(GsonHelper.java:463) ~[server-1.20.1-20230612.114412-srg.jar%23363!/:?]
	at net.minecraft.util.GsonHelper.m_13845_(GsonHelper.java:481) ~[server-1.20.1-20230612.114412-srg.jar%23363!/:?]
	at net.minecraft.world.level.storage.loot.LootTable$Serializer.deserialize(LootTable.java:294) ~[server-1.20.1-20230612.114412-srg.jar%23363!/:?]
	at net.minecraft.world.level.storage.loot.LootTable$Serializer.deserialize(LootTable.java:291) ~[server-1.20.1-20230612.114412-srg.jar%23363!/:?]
	at com.google.gson.internal.bind.TreeTypeAdapter.read(TreeTypeAdapter.java:76) ~[gson-2.10.jar%2372!/:?]
	at com.google.gson.Gson.fromJson(Gson.java:1214) ~[gson-2.10.jar%2372!/:?]
	at com.google.gson.Gson.fromJson(Gson.java:1319) ~[gson-2.10.jar%2372!/:?]
	at com.google.gson.Gson.fromJson(Gson.java:1261) ~[gson-2.10.jar%2372!/:?]
	at net.minecraftforge.common.ForgeHooks.loadLootTable(ForgeHooks.java:871) ~[forge-1.20.1-47.3.7-universal.jar%23368!/:?]
	at net.minecraftforge.common.ForgeHooks.lambda$getLootTableDeserializer$3(ForgeHooks.java:848) ~[forge-1.20.1-47.3.7-universal.jar%23368!/:?]
	at net.minecraft.world.level.storage.loot.LootDataType.deserialize(LootDataType.java:45) ~[server-1.20.1-20230612.114412-srg.jar%23363!/:?]
	at net.minecraft.world.level.storage.loot.LootDataManager.lambda$scheduleElementParse$4(LootDataManager.java:56) ~[server-1.20.1-20230612.114412-srg.jar%23363!/:?]
	at java.util.HashMap.forEach(HashMap.java:1421) ~[?:?]
	at net.minecraft.world.level.storage.loot.LootDataManager.m_278660_(LootDataManager.java:55) ~[server-1.20.1-20230612.114412-srg.jar%23363!/:?]
	at java.util.concurrent.CompletableFuture$AsyncRun.run(CompletableFuture.java:1804) ~[?:?]
	at java.util.concurrent.CompletableFuture$AsyncRun.exec(CompletableFuture.java:1796) ~[?:?]
	at java.util.concurrent.ForkJoinTask.doExec(ForkJoinTask.java:373) ~[?:?]
	at java.util.concurrent.ForkJoinPool$WorkQueue.topLevelExec(ForkJoinPool.java:1182) ~[?:?]
	at java.util.concurrent.ForkJoinPool.scan(ForkJoinPool.java:1655) ~[?:?]
	at java.util.concurrent.ForkJoinPool.runWorker(ForkJoinPool.java:1622) ~[?:?]
	at java.util.concurrent.ForkJoinWorkerThread.run(ForkJoinWorkerThread.java:165) ~[?:?]
[11May2025 01:01:13.826] [Worker-Main-3/ERROR] [net.minecraftforge.common.ForgeHooks/]: Couldn't parse element loot_tables:nfm:blocks/beige_bar_stool
com.google.gson.JsonSyntaxException: Expected name to be an item, was unknown string 'nfm:beige_bar_stool'
	at net.minecraft.util.GsonHelper.m_13866_(GsonHelper.java:145) ~[server-1.20.1-20230612.114412-srg.jar%23363!/:?]
	at java.util.Optional.orElseThrow(Optional.java:403) ~[?:?]
	at net.minecraft.util.GsonHelper.m_13874_(GsonHelper.java:145) ~[server-1.20.1-20230612.114412-srg.jar%23363!/:?]
	at net.minecraft.util.GsonHelper.m_13909_(GsonHelper.java:153) ~[server-1.20.1-20230612.114412-srg.jar%23363!/:?]
	at net.minecraft.world.level.storage.loot.entries.LootItem$Serializer.m_7267_(LootItem.java:55) ~[server-1.20.1-20230612.114412-srg.jar%23363!/:?]
	at net.minecraft.world.level.storage.loot.entries.LootItem$Serializer.m_7267_(LootItem.java:40) ~[server-1.20.1-20230612.114412-srg.jar%23363!/:?]
	at net.minecraft.world.level.storage.loot.entries.LootPoolSingletonContainer$Serializer.m_5921_(LootPoolSingletonContainer.java:151) ~[server-1.20.1-20230612.114412-srg.jar%23363!/:?]
	at net.minecraft.world.level.storage.loot.entries.LootPoolSingletonContainer$Serializer.m_5921_(LootPoolSingletonContainer.java:129) ~[server-1.20.1-20230612.114412-srg.jar%23363!/:?]
	at net.minecraft.world.level.storage.loot.entries.LootPoolEntryContainer$Serializer.m_7561_(LootPoolEntryContainer.java:86) ~[server-1.20.1-20230612.114412-srg.jar%23363!/:?]
	at net.minecraft.world.level.storage.loot.entries.LootPoolEntryContainer$Serializer.m_7561_(LootPoolEntryContainer.java:74) ~[server-1.20.1-20230612.114412-srg.jar%23363!/:?]
	at net.minecraft.world.level.storage.loot.GsonAdapterFactory$JsonAdapter.deserialize(GsonAdapterFactory.java:102) ~[server-1.20.1-20230612.114412-srg.jar%23363!/:?]
	at com.google.gson.internal.bind.TreeTypeAdapter.read(TreeTypeAdapter.java:76) ~[gson-2.10.jar%2372!/:?]
	at com.google.gson.internal.bind.TypeAdapterRuntimeTypeWrapper.read(TypeAdapterRuntimeTypeWrapper.java:40) ~[gson-2.10.jar%2372!/:?]
	at com.google.gson.internal.bind.ArrayTypeAdapter.read(ArrayTypeAdapter.java:72) ~[gson-2.10.jar%2372!/:?]
	at com.google.gson.Gson.fromJson(Gson.java:1214) ~[gson-2.10.jar%2372!/:?]
	at com.google.gson.Gson.fromJson(Gson.java:1319) ~[gson-2.10.jar%2372!/:?]
	at com.google.gson.Gson.fromJson(Gson.java:1290) ~[gson-2.10.jar%2372!/:?]
	at com.google.gson.internal.bind.TreeTypeAdapter$GsonContextImpl.deserialize(TreeTypeAdapter.java:179) ~[gson-2.10.jar%2372!/:?]
	at net.minecraft.util.GsonHelper.m_13808_(GsonHelper.java:463) ~[server-1.20.1-20230612.114412-srg.jar%23363!/:?]
	at net.minecraft.util.GsonHelper.m_13836_(GsonHelper.java:471) ~[server-1.20.1-20230612.114412-srg.jar%23363!/:?]
	at net.minecraft.world.level.storage.loot.LootPool$Serializer.deserialize(LootPool.java:192) ~[server-1.20.1-20230612.114412-srg.jar%23363!/:?]
	at net.minecraft.world.level.storage.loot.LootPool$Serializer.deserialize(LootPool.java:189) ~[server-1.20.1-20230612.114412-srg.jar%23363!/:?]
	at com.google.gson.internal.bind.TreeTypeAdapter.read(TreeTypeAdapter.java:76) ~[gson-2.10.jar%2372!/:?]
	at com.google.gson.internal.bind.TypeAdapterRuntimeTypeWrapper.read(TypeAdapterRuntimeTypeWrapper.java:40) ~[gson-2.10.jar%2372!/:?]
	at com.google.gson.internal.bind.ArrayTypeAdapter.read(ArrayTypeAdapter.java:72) ~[gson-2.10.jar%2372!/:?]
	at com.google.gson.Gson.fromJson(Gson.java:1214) ~[gson-2.10.jar%2372!/:?]
	at com.google.gson.Gson.fromJson(Gson.java:1319) ~[gson-2.10.jar%2372!/:?]
	at com.google.gson.Gson.fromJson(Gson.java:1290) ~[gson-2.10.jar%2372!/:?]
	at com.google.gson.internal.bind.TreeTypeAdapter$GsonContextImpl.deserialize(TreeTypeAdapter.java:179) ~[gson-2.10.jar%2372!/:?]
	at net.minecraft.util.GsonHelper.m_13808_(GsonHelper.java:463) ~[server-1.20.1-20230612.114412-srg.jar%23363!/:?]
	at net.minecraft.util.GsonHelper.m_13845_(GsonHelper.java:481) ~[server-1.20.1-20230612.114412-srg.jar%23363!/:?]
	at net.minecraft.world.level.storage.loot.LootTable$Serializer.deserialize(LootTable.java:294) ~[server-1.20.1-20230612.114412-srg.jar%23363!/:?]
	at net.minecraft.world.level.storage.loot.LootTable$Serializer.deserialize(LootTable.java:291) ~[server-1.20.1-20230612.114412-srg.jar%23363!/:?]
	at com.google.gson.internal.bind.TreeTypeAdapter.read(TreeTypeAdapter.java:76) ~[gson-2.10.jar%2372!/:?]
	at com.google.gson.Gson.fromJson(Gson.java:1214) ~[gson-2.10.jar%2372!/:?]
	at com.google.gson.Gson.fromJson(Gson.java:1319) ~[gson-2.10.jar%2372!/:?]
	at com.google.gson.Gson.fromJson(Gson.java:1261) ~[gson-2.10.jar%2372!/:?]
	at net.minecraftforge.common.ForgeHooks.loadLootTable(ForgeHooks.java:871) ~[forge-1.20.1-47.3.7-universal.jar%23368!/:?]
	at net.minecraftforge.common.ForgeHooks.lambda$getLootTableDeserializer$3(ForgeHooks.java:848) ~[forge-1.20.1-47.3.7-universal.jar%23368!/:?]
	at net.minecraft.world.level.storage.loot.LootDataType.deserialize(LootDataType.java:45) ~[server-1.20.1-20230612.114412-srg.jar%23363!/:?]
	at net.minecraft.world.level.storage.loot.LootDataManager.lambda$scheduleElementParse$4(LootDataManager.java:56) ~[server-1.20.1-20230612.114412-srg.jar%23363!/:?]
	at java.util.HashMap.forEach(HashMap.java:1421) ~[?:?]
	at net.minecraft.world.level.storage.loot.LootDataManager.m_278660_(LootDataManager.java:55) ~[server-1.20.1-20230612.114412-srg.jar%23363!/:?]
	at java.util.concurrent.CompletableFuture$AsyncRun.run(CompletableFuture.java:1804) ~[?:?]
	at java.util.concurrent.CompletableFuture$AsyncRun.exec(CompletableFuture.java:1796) ~[?:?]
	at java.util.concurrent.ForkJoinTask.doExec(ForkJoinTask.java:373) ~[?:?]
	at java.util.concurrent.ForkJoinPool$WorkQueue.topLevelExec(ForkJoinPool.java:1182) ~[?:?]
	at java.util.concurrent.ForkJoinPool.scan(ForkJoinPool.java:1655) ~[?:?]
	at java.util.concurrent.ForkJoinPool.runWorker(ForkJoinPool.java:1622) ~[?:?]
	at java.util.concurrent.ForkJoinWorkerThread.run(ForkJoinWorkerThread.java:165) ~[?:?]
[11May2025 01:01:13.850] [Worker-Main-3/ERROR] [net.minecraftforge.common.ForgeHooks/]: Couldn't parse element loot_tables:nfm:blocks/beige_modern_sofa
com.google.gson.JsonSyntaxException: Expected name to be an item, was unknown string 'nfm:beige_modern_sofa'
	at net.minecraft.util.GsonHelper.m_13866_(GsonHelper.java:145) ~[server-1.20.1-20230612.114412-srg.jar%23363!/:?]
	at java.util.Optional.orElseThrow(Optional.java:403) ~[?:?]
	at net.minecraft.util.GsonHelper.m_13874_(GsonHelper.java:145) ~[server-1.20.1-20230612.114412-srg.jar%23363!/:?]
	at net.minecraft.util.GsonHelper.m_13909_(GsonHelper.java:153) ~[server-1.20.1-20230612.114412-srg.jar%23363!/:?]
	at net.minecraft.world.level.storage.loot.entries.LootItem$Serializer.m_7267_(LootItem.java:55) ~[server-1.20.1-20230612.114412-srg.jar%23363!/:?]
	at net.minecraft.world.level.storage.loot.entries.LootItem$Serializer.m_7267_(LootItem.java:40) ~[server-1.20.1-20230612.114412-srg.jar%23363!/:?]
	at net.minecraft.world.level.storage.loot.entries.LootPoolSingletonContainer$Serializer.m_5921_(LootPoolSingletonContainer.java:151) ~[server-1.20.1-20230612.114412-srg.jar%23363!/:?]
	at net.minecraft.world.level.storage.loot.entries.LootPoolSingletonContainer$Serializer.m_5921_(LootPoolSingletonContainer.java:129) ~[server-1.20.1-20230612.114412-srg.jar%23363!/:?]
	at net.minecraft.world.level.storage.loot.entries.LootPoolEntryContainer$Serializer.m_7561_(LootPoolEntryContainer.java:86) ~[server-1.20.1-20230612.114412-srg.jar%23363!/:?]
	at net.minecraft.world.level.storage.loot.entries.LootPoolEntryContainer$Serializer.m_7561_(LootPoolEntryContainer.java:74) ~[server-1.20.1-20230612.114412-srg.jar%23363!/:?]
	at net.minecraft.world.level.storage.loot.GsonAdapterFactory$JsonAdapter.deserialize(GsonAdapterFactory.java:102) ~[server-1.20.1-20230612.114412-srg.jar%23363!/:?]
	at com.google.gson.internal.bind.TreeTypeAdapter.read(TreeTypeAdapter.java:76) ~[gson-2.10.jar%2372!/:?]
	at com.google.gson.internal.bind.TypeAdapterRuntimeTypeWrapper.read(TypeAdapterRuntimeTypeWrapper.java:40) ~[gson-2.10.jar%2372!/:?]
	at com.google.gson.internal.bind.ArrayTypeAdapter.read(ArrayTypeAdapter.java:72) ~[gson-2.10.jar%2372!/:?]
	at com.google.gson.Gson.fromJson(Gson.java:1214) ~[gson-2.10.jar%2372!/:?]
	at com.google.gson.Gson.fromJson(Gson.java:1319) ~[gson-2.10.jar%2372!/:?]
	at com.google.gson.Gson.fromJson(Gson.java:1290) ~[gson-2.10.jar%2372!/:?]
	at com.google.gson.internal.bind.TreeTypeAdapter$GsonContextImpl.deserialize(TreeTypeAdapter.java:179) ~[gson-2.10.jar%2372!/:?]
	at net.minecraft.util.GsonHelper.m_13808_(GsonHelper.java:463) ~[server-1.20.1-20230612.114412-srg.jar%23363!/:?]
	at net.minecraft.util.GsonHelper.m_13836_(GsonHelper.java:471) ~[server-1.20.1-20230612.114412-srg.jar%23363!/:?]
	at net.minecraft.world.level.storage.loot.LootPool$Serializer.deserialize(LootPool.java:192) ~[server-1.20.1-20230612.114412-srg.jar%23363!/:?]
	at net.minecraft.world.level.storage.loot.LootPool$Serializer.deserialize(LootPool.java:189) ~[server-1.20.1-20230612.114412-srg.jar%23363!/:?]
	at com.google.gson.internal.bind.TreeTypeAdapter.read(TreeTypeAdapter.java:76) ~[gson-2.10.jar%2372!/:?]
	at com.google.gson.internal.bind.TypeAdapterRuntimeTypeWrapper.read(TypeAdapterRuntimeTypeWrapper.java:40) ~[gson-2.10.jar%2372!/:?]
	at com.google.gson.internal.bind.ArrayTypeAdapter.read(ArrayTypeAdapter.java:72) ~[gson-2.10.jar%2372!/:?]
	at com.google.gson.Gson.fromJson(Gson.java:1214) ~[gson-2.10.jar%2372!/:?]
	at com.google.gson.Gson.fromJson(Gson.java:1319) ~[gson-2.10.jar%2372!/:?]
	at com.google.gson.Gson.fromJson(Gson.java:1290) ~[gson-2.10.jar%2372!/:?]
	at com.google.gson.internal.bind.TreeTypeAdapter$GsonContextImpl.deserialize(TreeTypeAdapter.java:179) ~[gson-2.10.jar%2372!/:?]
	at net.minecraft.util.GsonHelper.m_13808_(GsonHelper.java:463) ~[server-1.20.1-20230612.114412-srg.jar%23363!/:?]
	at net.minecraft.util.GsonHelper.m_13845_(GsonHelper.java:481) ~[server-1.20.1-20230612.114412-srg.jar%23363!/:?]
	at net.minecraft.world.level.storage.loot.LootTable$Serializer.deserialize(LootTable.java:294) ~[server-1.20.1-20230612.114412-srg.jar%23363!/:?]
	at net.minecraft.world.level.storage.loot.LootTable$Serializer.deserialize(LootTable.java:291) ~[server-1.20.1-20230612.114412-srg.jar%23363!/:?]
	at com.google.gson.internal.bind.TreeTypeAdapter.read(TreeTypeAdapter.java:76) ~[gson-2.10.jar%2372!/:?]
	at com.google.gson.Gson.fromJson(Gson.java:1214) ~[gson-2.10.jar%2372!/:?]
	at com.google.gson.Gson.fromJson(Gson.java:1319) ~[gson-2.10.jar%2372!/:?]
	at com.google.gson.Gson.fromJson(Gson.java:1261) ~[gson-2.10.jar%2372!/:?]
	at net.minecraftforge.common.ForgeHooks.loadLootTable(ForgeHooks.java:871) ~[forge-1.20.1-47.3.7-universal.jar%23368!/:?]
	at net.minecraftforge.common.ForgeHooks.lambda$getLootTableDeserializer$3(ForgeHooks.java:848) ~[forge-1.20.1-47.3.7-universal.jar%23368!/:?]
	at net.minecraft.world.level.storage.loot.LootDataType.deserialize(LootDataType.java:45) ~[server-1.20.1-20230612.114412-srg.jar%23363!/:?]
	at net.minecraft.world.level.storage.loot.LootDataManager.lambda$scheduleElementParse$4(LootDataManager.java:56) ~[server-1.20.1-20230612.114412-srg.jar%23363!/:?]
	at java.util.HashMap.forEach(HashMap.java:1421) ~[?:?]
	at net.minecraft.world.level.storage.loot.LootDataManager.m_278660_(LootDataManager.java:55) ~[server-1.20.1-20230612.114412-srg.jar%23363!/:?]
	at java.util.concurrent.CompletableFuture$AsyncRun.run(CompletableFuture.java:1804) ~[?:?]
	at java.util.concurrent.CompletableFuture$AsyncRun.exec(CompletableFuture.java:1796) ~[?:?]
	at java.util.concurrent.ForkJoinTask.doExec(ForkJoinTask.java:373) ~[?:?]
	at java.util.concurrent.ForkJoinPool$WorkQueue.topLevelExec(ForkJoinPool.java:1182) ~[?:?]
	at java.util.concurrent.ForkJoinPool.scan(ForkJoinPool.java:1655) ~[?:?]
	at java.util.concurrent.ForkJoinPool.runWorker(ForkJoinPool.java:1622) ~[?:?]
	at java.util.concurrent.ForkJoinWorkerThread.run(ForkJoinWorkerThread.java:165) ~[?:?]
[11May2025 01:01:13.911] [Worker-Main-3/ERROR] [net.minecraftforge.common.ForgeHooks/]: Couldn't parse element loot_tables:nfm:blocks/beige_modern_kitchen_sink
com.google.gson.JsonSyntaxException: Expected name to be an item, was unknown string 'nfm:beige_modern_kitchen_sink'
	at net.minecraft.util.GsonHelper.m_13866_(GsonHelper.java:145) ~[server-1.20.1-20230612.114412-srg.jar%23363!/:?]
	at java.util.Optional.orElseThrow(Optional.java:403) ~[?:?]
	at net.minecraft.util.GsonHelper.m_13874_(GsonHelper.java:145) ~[server-1.20.1-20230612.114412-srg.jar%23363!/:?]
	at net.minecraft.util.GsonHelper.m_13909_(GsonHelper.java:153) ~[server-1.20.1-20230612.114412-srg.jar%23363!/:?]
	at net.minecraft.world.level.storage.loot.entries.LootItem$Serializer.m_7267_(LootItem.java:55) ~[server-1.20.1-20230612.114412-srg.jar%23363!/:?]
	at net.minecraft.world.level.storage.loot.entries.LootItem$Serializer.m_7267_(LootItem.java:40) ~[server-1.20.1-20230612.114412-srg.jar%23363!/:?]
	at net.minecraft.world.level.storage.loot.entries.LootPoolSingletonContainer$Serializer.m_5921_(LootPoolSingletonContainer.java:151) ~[server-1.20.1-20230612.114412-srg.jar%23363!/:?]
	at net.minecraft.world.level.storage.loot.entries.LootPoolSingletonContainer$Serializer.m_5921_(LootPoolSingletonContainer.java:129) ~[server-1.20.1-20230612.114412-srg.jar%23363!/:?]
	at net.minecraft.world.level.storage.loot.entries.LootPoolEntryContainer$Serializer.m_7561_(LootPoolEntryContainer.java:86) ~[server-1.20.1-20230612.114412-srg.jar%23363!/:?]
	at net.minecraft.world.level.storage.loot.entries.LootPoolEntryContainer$Serializer.m_7561_(LootPoolEntryContainer.java:74) ~[server-1.20.1-20230612.114412-srg.jar%23363!/:?]
	at net.minecraft.world.level.storage.loot.GsonAdapterFactory$JsonAdapter.deserialize(GsonAdapterFactory.java:102) ~[server-1.20.1-20230612.114412-srg.jar%23363!/:?]
	at com.google.gson.internal.bind.TreeTypeAdapter.read(TreeTypeAdapter.java:76) ~[gson-2.10.jar%2372!/:?]
	at com.google.gson.internal.bind.TypeAdapterRuntimeTypeWrapper.read(TypeAdapterRuntimeTypeWrapper.java:40) ~[gson-2.10.jar%2372!/:?]
	at com.google.gson.internal.bind.ArrayTypeAdapter.read(ArrayTypeAdapter.java:72) ~[gson-2.10.jar%2372!/:?]
	at com.google.gson.Gson.fromJson(Gson.java:1214) ~[gson-2.10.jar%2372!/:?]
	at com.google.gson.Gson.fromJson(Gson.java:1319) ~[gson-2.10.jar%2372!/:?]
	at com.google.gson.Gson.fromJson(Gson.java:1290) ~[gson-2.10.jar%2372!/:?]
	at com.google.gson.internal.bind.TreeTypeAdapter$GsonContextImpl.deserialize(TreeTypeAdapter.java:179) ~[gson-2.10.jar%2372!/:?]
	at net.minecraft.util.GsonHelper.m_13808_(GsonHelper.java:463) ~[server-1.20.1-20230612.114412-srg.jar%23363!/:?]
	at net.minecraft.util.GsonHelper.m_13836_(GsonHelper.java:471) ~[server-1.20.1-20230612.114412-srg.jar%23363!/:?]
	at net.minecraft.world.level.storage.loot.LootPool$Serializer.deserialize(LootPool.java:192) ~[server-1.20.1-20230612.114412-srg.jar%23363!/:?]
	at net.minecraft.world.level.storage.loot.LootPool$Serializer.deserialize(LootPool.java:189) ~[server-1.20.1-20230612.114412-srg.jar%23363!/:?]
	at com.google.gson.internal.bind.TreeTypeAdapter.read(TreeTypeAdapter.java:76) ~[gson-2.10.jar%2372!/:?]
	at com.google.gson.internal.bind.TypeAdapterRuntimeTypeWrapper.read(TypeAdapterRuntimeTypeWrapper.java:40) ~[gson-2.10.jar%2372!/:?]
	at com.google.gson.internal.bind.ArrayTypeAdapter.read(ArrayTypeAdapter.java:72) ~[gson-2.10.jar%2372!/:?]
	at com.google.gson.Gson.fromJson(Gson.java:1214) ~[gson-2.10.jar%2372!/:?]
	at com.google.gson.Gson.fromJson(Gson.java:1319) ~[gson-2.10.jar%2372!/:?]
	at com.google.gson.Gson.fromJson(Gson.java:1290) ~[gson-2.10.jar%2372!/:?]
	at com.google.gson.internal.bind.TreeTypeAdapter$GsonContextImpl.deserialize(TreeTypeAdapter.java:179) ~[gson-2.10.jar%2372!/:?]
	at net.minecraft.util.GsonHelper.m_13808_(GsonHelper.java:463) ~[server-1.20.1-20230612.114412-srg.jar%23363!/:?]
	at net.minecraft.util.GsonHelper.m_13845_(GsonHelper.java:481) ~[server-1.20.1-20230612.114412-srg.jar%23363!/:?]
	at net.minecraft.world.level.storage.loot.LootTable$Serializer.deserialize(LootTable.java:294) ~[server-1.20.1-20230612.114412-srg.jar%23363!/:?]
	at net.minecraft.world.level.storage.loot.LootTable$Serializer.deserialize(LootTable.java:291) ~[server-1.20.1-20230612.114412-srg.jar%23363!/:?]
	at com.google.gson.internal.bind.TreeTypeAdapter.read(TreeTypeAdapter.java:76) ~[gson-2.10.jar%2372!/:?]
	at com.google.gson.Gson.fromJson(Gson.java:1214) ~[gson-2.10.jar%2372!/:?]
	at com.google.gson.Gson.fromJson(Gson.java:1319) ~[gson-2.10.jar%2372!/:?]
	at com.google.gson.Gson.fromJson(Gson.java:1261) ~[gson-2.10.jar%2372!/:?]
	at net.minecraftforge.common.ForgeHooks.loadLootTable(ForgeHooks.java:871) ~[forge-1.20.1-47.3.7-universal.jar%23368!/:?]
	at net.minecraftforge.common.ForgeHooks.lambda$getLootTableDeserializer$3(ForgeHooks.java:848) ~[forge-1.20.1-47.3.7-universal.jar%23368!/:?]
	at net.minecraft.world.level.storage.loot.LootDataType.deserialize(LootDataType.java:45) ~[server-1.20.1-20230612.114412-srg.jar%23363!/:?]
	at net.minecraft.world.level.storage.loot.LootDataManager.lambda$scheduleElementParse$4(LootDataManager.java:56) ~[server-1.20.1-20230612.114412-srg.jar%23363!/:?]
	at java.util.HashMap.forEach(HashMap.java:1421) ~[?:?]
	at net.minecraft.world.level.storage.loot.LootDataManager.m_278660_(LootDataManager.java:55) ~[server-1.20.1-20230612.114412-srg.jar%23363!/:?]
	at java.util.concurrent.CompletableFuture$AsyncRun.run(CompletableFuture.java:1804) ~[?:?]
	at java.util.concurrent.CompletableFuture$AsyncRun.exec(CompletableFuture.java:1796) ~[?:?]
	at java.util.concurrent.ForkJoinTask.doExec(ForkJoinTask.java:373) ~[?:?]
	at java.util.concurrent.ForkJoinPool$WorkQueue.topLevelExec(ForkJoinPool.java:1182) ~[?:?]
	at java.util.concurrent.ForkJoinPool.scan(ForkJoinPool.java:1655) ~[?:?]
	at java.util.concurrent.ForkJoinPool.runWorker(ForkJoinPool.java:1622) ~[?:?]
	at java.util.concurrent.ForkJoinWorkerThread.run(ForkJoinWorkerThread.java:165) ~[?:?]
[11May2025 01:01:14.048] [main/INFO] [Sawmill/]: Intercepted tag results
[11May2025 01:01:14.191] [main/ERROR] [net.minecraft.world.item.crafting.RecipeManager/]: Parsing error loading recipe nfm:beige_modern_desk_cabinet: com.google.gson.JsonSyntaxException: Unknown item 'yogmod:beige_concrete'
[11May2025 01:01:14.209] [main/INFO] [net.minecraft.world.item.crafting.RecipeManager/]: Skipping loading recipe supplementaries:inspirations/blackboard_clear as it's serializer returned null
[11May2025 01:01:14.224] [main/ERROR] [net.minecraft.world.item.crafting.RecipeManager/]: Parsing error loading recipe irons_spellbooks:curios/concentration_amulet: com.google.gson.JsonSyntaxException: Unknown item 'irons_spellbooks:mithril_ingot'
[11May2025 01:01:14.232] [main/ERROR] [net.minecraft.world.item.crafting.RecipeManager/]: Parsing error loading recipe nfm:beige_modern_sofa: com.google.gson.JsonSyntaxException: Unknown item 'yogmod:beige_wool'
[11May2025 01:01:14.236] [main/ERROR] [net.minecraft.world.item.crafting.RecipeManager/]: Parsing error loading recipe nfm:beige_modern_table: com.google.gson.JsonSyntaxException: Unknown item 'yogmod:beige_concrete'
[11May2025 01:01:14.240] [main/ERROR] [net.minecraft.world.item.crafting.RecipeManager/]: Parsing error loading recipe nfm:beige_modern_coffee_table: com.google.gson.JsonSyntaxException: Unknown item 'yogmod:beige_concrete'
[11May2025 01:01:14.241] [main/ERROR] [net.minecraft.world.item.crafting.RecipeManager/]: Parsing error loading recipe nfm:beige_television_stand: com.google.gson.JsonSyntaxException: Unknown item 'nfm:beige_modern_table'
[11May2025 01:01:14.247] [main/ERROR] [net.minecraft.world.item.crafting.RecipeManager/]: Parsing error loading recipe nfm:beige_modern_kitchen_sink: com.google.gson.JsonSyntaxException: Unknown item 'yogmod:beige_concrete'
[11May2025 01:01:14.253] [main/ERROR] [net.minecraft.world.item.crafting.RecipeManager/]: Parsing error loading recipe nfm:beige_curtain: com.google.gson.JsonSyntaxException: Unknown item 'yogmod:beige_wool'
[11May2025 01:01:14.254] [main/ERROR] [net.minecraft.world.item.crafting.RecipeManager/]: Parsing error loading recipe nfm:beige_modern_cabinet: com.google.gson.JsonSyntaxException: Unknown item 'yogmod:beige_concrete'
[11May2025 01:01:14.272] [main/INFO] [net.minecraft.world.item.crafting.RecipeManager/]: Skipping loading recipe supplementaries:inspirations/flag_dye as it's serializer returned null
[11May2025 01:01:14.273] [main/ERROR] [net.minecraft.world.item.crafting.RecipeManager/]: Parsing error loading recipe nfm:beige_cup: com.google.gson.JsonSyntaxException: Unknown item 'yogmod:beige_stained_glass_pane'
[11May2025 01:01:14.280] [main/ERROR] [net.minecraft.world.item.crafting.RecipeManager/]: Parsing error loading recipe nfm:beige_modern_desk: com.google.gson.JsonSyntaxException: Unknown item 'yogmod:beige_concrete'
[11May2025 01:01:14.283] [main/ERROR] [net.minecraft.world.item.crafting.RecipeManager/]: Parsing error loading recipe nfm:beige_digital_clock: com.google.gson.JsonSyntaxException: Unknown item 'yogmod:beige_dye'
[11May2025 01:01:14.302] [main/ERROR] [net.minecraft.world.item.crafting.RecipeManager/]: Parsing error loading recipe nfm:beige_modern_kitchen_counter: com.google.gson.JsonSyntaxException: Unknown item 'yogmod:beige_concrete'
[11May2025 01:01:14.323] [main/ERROR] [net.minecraft.world.item.crafting.RecipeManager/]: Parsing error loading recipe nfm:beige_modern_kitchen_drawer: com.google.gson.JsonSyntaxException: Unknown item 'yogmod:beige_concrete'
[11May2025 01:01:14.342] [main/ERROR] [net.minecraft.world.item.crafting.RecipeManager/]: Parsing error loading recipe legendary_monsters:ancient_dripstone_brick_stairs_left: com.google.gson.JsonSyntaxException: Unknown item 'legendary_monsters:ancient_dripstone_brick'
[11May2025 01:01:14.345] [main/INFO] [net.minecraft.world.item.crafting.RecipeManager/]: Skipping loading recipe supplementaries:inspirations/flag_clear as it's serializer returned null
[11May2025 01:01:14.347] [main/ERROR] [net.minecraft.world.item.crafting.RecipeManager/]: Parsing error loading recipe nfm:beige_modern_bedside_cabinet: com.google.gson.JsonSyntaxException: Unknown item 'yogmod:beige_concrete'
[11May2025 01:01:14.348] [main/ERROR] [net.minecraft.world.item.crafting.RecipeManager/]: Parsing error loading recipe legendary_monsters:purified_soul: com.google.gson.JsonSyntaxException: Invalid or unsupported recipe type 'minecraft:brewing'
[11May2025 01:01:14.364] [main/ERROR] [net.minecraft.world.item.crafting.RecipeManager/]: Parsing error loading recipe legendary_monsters:dinosaur_bone_meal: com.google.gson.JsonSyntaxException: Unknown item 'legendary_monsters:dinosaur_bone_meal'
[11May2025 01:01:14.392] [main/ERROR] [net.minecraft.world.item.crafting.RecipeManager/]: Parsing error loading recipe nfm:beige_bar_stool: com.google.gson.JsonSyntaxException: Unknown item 'yogmod:beige_wool'
[11May2025 01:01:14.394] [main/ERROR] [net.minecraft.world.item.crafting.RecipeManager/]: Parsing error loading recipe nfm:beige_inflatable_castle: com.google.gson.JsonSyntaxException: Unknown item 'yogmod:beige_wool'
[11May2025 01:01:14.403] [main/ERROR] [net.minecraft.world.item.crafting.RecipeManager/]: Parsing error loading recipe nfm:beige_lamp: com.google.gson.JsonSyntaxException: Unknown item 'yogmod:beige_wool'
[11May2025 01:01:14.405] [main/ERROR] [net.minecraft.world.item.crafting.RecipeManager/]: Parsing error loading recipe nfm:beige_wall_cabinet: com.google.gson.JsonSyntaxException: Unknown item 'yogmod:beige_concrete'
[11May2025 01:01:14.406] [main/ERROR] [net.minecraft.world.item.crafting.RecipeManager/]: Parsing error loading recipe nfm:beige_modern_chair: com.google.gson.JsonSyntaxException: Unknown item 'yogmod:beige_concrete'
[11May2025 01:01:14.410] [main/INFO] [Sawmill/]: Generating Sawmill Recipes
[11May2025 01:01:14.505] [main/INFO] [Sawmill/]: Generated Sawmill recipes in 95 milliseconds
[11May2025 01:01:14.514] [main/INFO] [net.minecraft.world.item.crafting.RecipeManager/]: Loaded 28 recipes
[11May2025 01:01:14.515] [main/ERROR] [net.minecraft.server.ServerFunctionLibrary/]: Failed to load function watching:check
java.util.concurrent.CompletionException: java.lang.IllegalArgumentException: Whilst parsing command on line 1: Unknown or incomplete command, see below for error at position 0: <--[HERE]
	at java.util.concurrent.CompletableFuture.encodeThrowable(CompletableFuture.java:315) ~[?:?]
	at java.util.concurrent.CompletableFuture.completeThrowable(CompletableFuture.java:320) ~[?:?]
	at java.util.concurrent.CompletableFuture$AsyncSupply.run(CompletableFuture.java:1770) ~[?:?]
	at java.util.concurrent.CompletableFuture$AsyncSupply.exec(CompletableFuture.java:1760) ~[?:?]
	at java.util.concurrent.ForkJoinTask.doExec(ForkJoinTask.java:373) ~[?:?]
	at java.util.concurrent.ForkJoinPool$WorkQueue.topLevelExec(ForkJoinPool.java:1182) ~[?:?]
	at java.util.concurrent.ForkJoinPool.scan(ForkJoinPool.java:1655) ~[?:?]
	at java.util.concurrent.ForkJoinPool.runWorker(ForkJoinPool.java:1622) ~[?:?]
	at java.util.concurrent.ForkJoinWorkerThread.run(ForkJoinWorkerThread.java:165) ~[?:?]
Caused by: java.lang.IllegalArgumentException: Whilst parsing command on line 1: Unknown or incomplete command, see below for error at position 0: <--[HERE]
	at net.minecraft.commands.CommandFunction.m_77984_(CommandFunction.java:63) ~[server-1.20.1-20230612.114412-srg.jar%23363!/:?]
	at net.minecraft.server.ServerFunctionLibrary.m_214320_(ServerFunctionLibrary.java:83) ~[server-1.20.1-20230612.114412-srg.jar%23363!/:?]
	at java.util.concurrent.CompletableFuture$AsyncSupply.run(CompletableFuture.java:1768) ~[?:?]
	... 6 more
[11May2025 01:01:14.516] [main/ERROR] [net.minecraft.server.ServerFunctionLibrary/]: Failed to load function enemyexpansion:silver_exes
java.util.concurrent.CompletionException: java.lang.IllegalArgumentException: Whilst parsing command on line 1: Incorrect argument for command at position 25: ...erfriends <--[HERE]
	at java.util.concurrent.CompletableFuture.encodeThrowable(CompletableFuture.java:315) ~[?:?]
	at java.util.concurrent.CompletableFuture.completeThrowable(CompletableFuture.java:320) ~[?:?]
	at java.util.concurrent.CompletableFuture$AsyncSupply.run(CompletableFuture.java:1770) ~[?:?]
	at java.util.concurrent.CompletableFuture$AsyncSupply.exec(CompletableFuture.java:1760) ~[?:?]
	at java.util.concurrent.ForkJoinTask.doExec(ForkJoinTask.java:373) ~[?:?]
	at java.util.concurrent.ForkJoinPool$WorkQueue.topLevelExec(ForkJoinPool.java:1182) ~[?:?]
	at java.util.concurrent.ForkJoinPool.scan(ForkJoinPool.java:1655) ~[?:?]
	at java.util.concurrent.ForkJoinPool.runWorker(ForkJoinPool.java:1622) ~[?:?]
	at java.util.concurrent.ForkJoinWorkerThread.run(ForkJoinWorkerThread.java:165) ~[?:?]
Caused by: java.lang.IllegalArgumentException: Whilst parsing command on line 1: Incorrect argument for command at position 25: ...erfriends <--[HERE]
	at net.minecraft.commands.CommandFunction.m_77984_(CommandFunction.java:63) ~[server-1.20.1-20230612.114412-srg.jar%23363!/:?]
	at net.minecraft.server.ServerFunctionLibrary.m_214320_(ServerFunctionLibrary.java:83) ~[server-1.20.1-20230612.114412-srg.jar%23363!/:?]
	at java.util.concurrent.CompletableFuture$AsyncSupply.run(CompletableFuture.java:1768) ~[?:?]
	... 6 more
[11May2025 01:01:14.719] [main/INFO] [net.minecraft.advancements.AdvancementList/]: Loaded 3814 advancements
[11May2025 01:01:14.726] [main/INFO] [placebo/]: Registered 0 additional recipes.
[11May2025 01:01:14.745] [main/INFO] [top.theillusivec4.curios.Curios/]: Loaded 12 curio slots
[11May2025 01:01:14.755] [main/INFO] [top.theillusivec4.curios.Curios/]: Loaded 1 curio entities
[11May2025 01:01:14.760] [main/INFO] [Supplementaries/]: Loaded 27 flute songs
[11May2025 01:01:14.776] [main/WARN] [net.minecraftforge.common.loot.LootModifierManager/]: Unable to decode loot conditions
com.google.gson.JsonSyntaxException: Unknown type 'minecraft:alternatives'
	at net.minecraft.world.level.storage.loot.GsonAdapterFactory$JsonAdapter.deserialize(GsonAdapterFactory.java:99) ~[server-1.20.1-20230612.114412-srg.jar%23363!/:?]
	at com.google.gson.internal.bind.TreeTypeAdapter.read(TreeTypeAdapter.java:76) ~[gson-2.10.jar%2372!/:?]
	at com.google.gson.internal.bind.TypeAdapterRuntimeTypeWrapper.read(TypeAdapterRuntimeTypeWrapper.java:40) ~[gson-2.10.jar%2372!/:?]
	at com.google.gson.internal.bind.ArrayTypeAdapter.read(ArrayTypeAdapter.java:72) ~[gson-2.10.jar%2372!/:?]
	at com.google.gson.Gson.fromJson(Gson.java:1214) ~[gson-2.10.jar%2372!/:?]
	at com.google.gson.Gson.fromJson(Gson.java:1319) ~[gson-2.10.jar%2372!/:?]
	at com.google.gson.Gson.fromJson(Gson.java:1261) ~[gson-2.10.jar%2372!/:?]
	at net.minecraftforge.common.loot.IGlobalLootModifier.lambda$static$1(IGlobalLootModifier.java:39) ~[forge-1.20.1-47.3.7-universal.jar%23368!/:?]
	at com.mojang.serialization.Decoder$1.lambda$decode$1(Decoder.java:49) ~[datafixerupper-6.0.8.jar%2377!/:?]
	at com.mojang.serialization.DataResult.lambda$flatMap$11(DataResult.java:139) ~[datafixerupper-6.0.8.jar%2377!/:?]
	at com.mojang.datafixers.util.Either$Left.map(Either.java:38) ~[datafixerupper-6.0.8.jar%2377!/:?]
	at com.mojang.serialization.DataResult.flatMap(DataResult.java:137) ~[datafixerupper-6.0.8.jar%2377!/:?]
	at com.mojang.serialization.Decoder$1.decode(Decoder.java:49) ~[datafixerupper-6.0.8.jar%2377!/:?]
	at com.mojang.serialization.Codec$2.decode(Codec.java:71) ~[datafixerupper-6.0.8.jar%2377!/:?]
	at com.mojang.serialization.Decoder.parse(Decoder.java:18) ~[datafixerupper-6.0.8.jar%2377!/:?]
	at com.mojang.serialization.codecs.FieldDecoder.decode(FieldDecoder.java:29) ~[datafixerupper-6.0.8.jar%2377!/:?]
	at com.mojang.serialization.MapCodec$1.decode(MapCodec.java:34) ~[datafixerupper-6.0.8.jar%2377!/:?]
	at com.mojang.serialization.codecs.RecordCodecBuilder$Instance$5.decode(RecordCodecBuilder.java:323) ~[datafixerupper-6.0.8.jar%2377!/:?]
	at com.mojang.serialization.codecs.RecordCodecBuilder$2.decode(RecordCodecBuilder.java:107) ~[datafixerupper-6.0.8.jar%2377!/:?]
	at com.mojang.serialization.codecs.KeyDispatchCodec.lambda$decode$3(KeyDispatchCodec.java:67) ~[datafixerupper-6.0.8.jar%2377!/:?]
	at com.mojang.serialization.DataResult.lambda$flatMap$11(DataResult.java:139) ~[datafixerupper-6.0.8.jar%2377!/:?]
	at com.mojang.datafixers.util.Either$Left.map(Either.java:38) ~[datafixerupper-6.0.8.jar%2377!/:?]
	at com.mojang.serialization.DataResult.flatMap(DataResult.java:137) ~[datafixerupper-6.0.8.jar%2377!/:?]
	at com.mojang.serialization.codecs.KeyDispatchCodec.lambda$decode$4(KeyDispatchCodec.java:58) ~[datafixerupper-6.0.8.jar%2377!/:?]
	at com.mojang.serialization.DataResult.lambda$flatMap$11(DataResult.java:139) ~[datafixerupper-6.0.8.jar%2377!/:?]
	at com.mojang.datafixers.util.Either$Left.map(Either.java:38) ~[datafixerupper-6.0.8.jar%2377!/:?]
	at com.mojang.serialization.DataResult.flatMap(DataResult.java:137) ~[datafixerupper-6.0.8.jar%2377!/:?]
	at com.mojang.serialization.codecs.KeyDispatchCodec.decode(KeyDispatchCodec.java:56) ~[datafixerupper-6.0.8.jar%2377!/:?]
	at com.mojang.serialization.MapDecoder.lambda$compressedDecode$1(MapDecoder.java:52) ~[datafixerupper-6.0.8.jar%2377!/:?]
	at com.mojang.serialization.DataResult.lambda$flatMap$11(DataResult.java:139) ~[datafixerupper-6.0.8.jar%2377!/:?]
	at com.mojang.datafixers.util.Either$Left.map(Either.java:38) ~[datafixerupper-6.0.8.jar%2377!/:?]
	at com.mojang.serialization.DataResult.flatMap(DataResult.java:137) ~[datafixerupper-6.0.8.jar%2377!/:?]
	at com.mojang.serialization.MapDecoder.compressedDecode(MapDecoder.java:52) ~[datafixerupper-6.0.8.jar%2377!/:?]
	at com.mojang.serialization.MapCodec$MapCodecCodec.decode(MapCodec.java:91) ~[datafixerupper-6.0.8.jar%2377!/:?]
	at com.mojang.serialization.Decoder.parse(Decoder.java:18) ~[datafixerupper-6.0.8.jar%2377!/:?]
	at net.minecraftforge.common.loot.LootModifierManager.apply(LootModifierManager.java:79) ~[forge-1.20.1-47.3.7-universal.jar%23368!/:?]
	at net.minecraftforge.common.loot.LootModifierManager.m_5787_(LootModifierManager.java:38) ~[forge-1.20.1-47.3.7-universal.jar%23368!/:?]
	at net.minecraft.server.packs.resources.SimplePreparableReloadListener.m_10789_(SimplePreparableReloadListener.java:13) ~[server-1.20.1-20230612.114412-srg.jar%23363!/:?]
	at java.util.concurrent.CompletableFuture$UniAccept.tryFire(CompletableFuture.java:718) ~[?:?]
	at java.util.concurrent.CompletableFuture$Completion.run(CompletableFuture.java:482) ~[?:?]
	at net.minecraft.server.packs.resources.SimpleReloadInstance.m_143940_(SimpleReloadInstance.java:69) ~[server-1.20.1-20230612.114412-srg.jar%23363!/:?]
	at net.minecraft.Util.m_214652_(Util.java:783) ~[server-1.20.1-20230612.114412-srg.jar%23363!/:?]
	at net.minecraft.Util.m_214679_(Util.java:772) ~[server-1.20.1-20230612.114412-srg.jar%23363!/:?]
	at net.minecraft.server.Main.main(Main.java:166) ~[server-1.20.1-20230612.114412-srg.jar%23363!/:?]
	at jdk.internal.reflect.NativeMethodAccessorImpl.invoke0(Native Method) ~[?:?]
	at jdk.internal.reflect.NativeMethodAccessorImpl.invoke(NativeMethodAccessorImpl.java:77) ~[?:?]
	at jdk.internal.reflect.DelegatingMethodAccessorImpl.invoke(DelegatingMethodAccessorImpl.java:43) ~[?:?]
	at java.lang.reflect.Method.invoke(Method.java:569) ~[?:?]
	at net.minecraftforge.fml.loading.targets.CommonLaunchHandler.runTarget(CommonLaunchHandler.java:111) ~[fmlloader-1.20.1-47.3.7.jar%2369!/:?]
	at net.minecraftforge.fml.loading.targets.CommonLaunchHandler.serverService(CommonLaunchHandler.java:103) ~[fmlloader-1.20.1-47.3.7.jar%2369!/:?]
	at net.minecraftforge.fml.loading.targets.CommonServerLaunchHandler.lambda$makeService$0(CommonServerLaunchHandler.java:27) ~[fmlloader-1.20.1-47.3.7.jar%2369!/:?]
	at cpw.mods.modlauncher.LaunchServiceHandlerDecorator.launch(LaunchServiceHandlerDecorator.java:30) ~[modlauncher-10.0.9.jar%2355!/:?]
	at cpw.mods.modlauncher.LaunchServiceHandler.launch(LaunchServiceHandler.java:53) ~[modlauncher-10.0.9.jar%2355!/:?]
	at cpw.mods.modlauncher.LaunchServiceHandler.launch(LaunchServiceHandler.java:71) ~[modlauncher-10.0.9.jar%2355!/:?]
	at cpw.mods.modlauncher.Launcher.run(Launcher.java:108) ~[modlauncher-10.0.9.jar%2355!/:?]
	at cpw.mods.modlauncher.Launcher.main(Launcher.java:78) ~[modlauncher-10.0.9.jar%2355!/:?]
	at cpw.mods.modlauncher.BootstrapLaunchConsumer.accept(BootstrapLaunchConsumer.java:26) ~[modlauncher-10.0.9.jar%2355!/:?]
	at cpw.mods.modlauncher.BootstrapLaunchConsumer.accept(BootstrapLaunchConsumer.java:23) ~[modlauncher-10.0.9.jar%2355!/:?]
	at cpw.mods.bootstraplauncher.BootstrapLauncher.main(BootstrapLauncher.java:141) ~[bootstraplauncher-1.1.2.jar:?]
[11May2025 01:01:14.780] [main/WARN] [net.minecraftforge.common.loot.LootModifierManager/]: Could not decode GlobalLootModifier with json id nethersdelight:chopping_leather - error: Unknown type 'minecraft:alternatives'
[11May2025 01:01:14.780] [main/WARN] [net.minecraftforge.common.loot.LootModifierManager/]: Unable to decode loot conditions
com.google.gson.JsonSyntaxException: Unknown type 'minecraft:alternative'
	at net.minecraft.world.level.storage.loot.GsonAdapterFactory$JsonAdapter.deserialize(GsonAdapterFactory.java:99) ~[server-1.20.1-20230612.114412-srg.jar%23363!/:?]
	at com.google.gson.internal.bind.TreeTypeAdapter.read(TreeTypeAdapter.java:76) ~[gson-2.10.jar%2372!/:?]
	at com.google.gson.internal.bind.TypeAdapterRuntimeTypeWrapper.read(TypeAdapterRuntimeTypeWrapper.java:40) ~[gson-2.10.jar%2372!/:?]
	at com.google.gson.internal.bind.ArrayTypeAdapter.read(ArrayTypeAdapter.java:72) ~[gson-2.10.jar%2372!/:?]
	at com.google.gson.Gson.fromJson(Gson.java:1214) ~[gson-2.10.jar%2372!/:?]
	at com.google.gson.Gson.fromJson(Gson.java:1319) ~[gson-2.10.jar%2372!/:?]
	at com.google.gson.Gson.fromJson(Gson.java:1261) ~[gson-2.10.jar%2372!/:?]
	at net.minecraftforge.common.loot.IGlobalLootModifier.lambda$static$1(IGlobalLootModifier.java:39) ~[forge-1.20.1-47.3.7-universal.jar%23368!/:?]
	at com.mojang.serialization.Decoder$1.lambda$decode$1(Decoder.java:49) ~[datafixerupper-6.0.8.jar%2377!/:?]
	at com.mojang.serialization.DataResult.lambda$flatMap$11(DataResult.java:139) ~[datafixerupper-6.0.8.jar%2377!/:?]
	at com.mojang.datafixers.util.Either$Left.map(Either.java:38) ~[datafixerupper-6.0.8.jar%2377!/:?]
	at com.mojang.serialization.DataResult.flatMap(DataResult.java:137) ~[datafixerupper-6.0.8.jar%2377!/:?]
	at com.mojang.serialization.Decoder$1.decode(Decoder.java:49) ~[datafixerupper-6.0.8.jar%2377!/:?]
	at com.mojang.serialization.Codec$2.decode(Codec.java:71) ~[datafixerupper-6.0.8.jar%2377!/:?]
	at com.mojang.serialization.Decoder.parse(Decoder.java:18) ~[datafixerupper-6.0.8.jar%2377!/:?]
	at com.mojang.serialization.codecs.FieldDecoder.decode(FieldDecoder.java:29) ~[datafixerupper-6.0.8.jar%2377!/:?]
	at com.mojang.serialization.MapCodec$1.decode(MapCodec.java:34) ~[datafixerupper-6.0.8.jar%2377!/:?]
	at com.mojang.serialization.codecs.RecordCodecBuilder$Instance$5.decode(RecordCodecBuilder.java:323) ~[datafixerupper-6.0.8.jar%2377!/:?]
	at com.mojang.serialization.codecs.RecordCodecBuilder$2.decode(RecordCodecBuilder.java:107) ~[datafixerupper-6.0.8.jar%2377!/:?]
	at com.mojang.serialization.codecs.KeyDispatchCodec.lambda$decode$3(KeyDispatchCodec.java:67) ~[datafixerupper-6.0.8.jar%2377!/:?]
	at com.mojang.serialization.DataResult.lambda$flatMap$11(DataResult.java:139) ~[datafixerupper-6.0.8.jar%2377!/:?]
	at com.mojang.datafixers.util.Either$Left.map(Either.java:38) ~[datafixerupper-6.0.8.jar%2377!/:?]
	at com.mojang.serialization.DataResult.flatMap(DataResult.java:137) ~[datafixerupper-6.0.8.jar%2377!/:?]
	at com.mojang.serialization.codecs.KeyDispatchCodec.lambda$decode$4(KeyDispatchCodec.java:58) ~[datafixerupper-6.0.8.jar%2377!/:?]
	at com.mojang.serialization.DataResult.lambda$flatMap$11(DataResult.java:139) ~[datafixerupper-6.0.8.jar%2377!/:?]
	at com.mojang.datafixers.util.Either$Left.map(Either.java:38) ~[datafixerupper-6.0.8.jar%2377!/:?]
	at com.mojang.serialization.DataResult.flatMap(DataResult.java:137) ~[datafixerupper-6.0.8.jar%2377!/:?]
	at com.mojang.serialization.codecs.KeyDispatchCodec.decode(KeyDispatchCodec.java:56) ~[datafixerupper-6.0.8.jar%2377!/:?]
	at com.mojang.serialization.MapDecoder.lambda$compressedDecode$1(MapDecoder.java:52) ~[datafixerupper-6.0.8.jar%2377!/:?]
	at com.mojang.serialization.DataResult.lambda$flatMap$11(DataResult.java:139) ~[datafixerupper-6.0.8.jar%2377!/:?]
	at com.mojang.datafixers.util.Either$Left.map(Either.java:38) ~[datafixerupper-6.0.8.jar%2377!/:?]
	at com.mojang.serialization.DataResult.flatMap(DataResult.java:137) ~[datafixerupper-6.0.8.jar%2377!/:?]
	at com.mojang.serialization.MapDecoder.compressedDecode(MapDecoder.java:52) ~[datafixerupper-6.0.8.jar%2377!/:?]
	at com.mojang.serialization.MapCodec$MapCodecCodec.decode(MapCodec.java:91) ~[datafixerupper-6.0.8.jar%2377!/:?]
	at com.mojang.serialization.Decoder.parse(Decoder.java:18) ~[datafixerupper-6.0.8.jar%2377!/:?]
	at net.minecraftforge.common.loot.LootModifierManager.apply(LootModifierManager.java:79) ~[forge-1.20.1-47.3.7-universal.jar%23368!/:?]
	at net.minecraftforge.common.loot.LootModifierManager.m_5787_(LootModifierManager.java:38) ~[forge-1.20.1-47.3.7-universal.jar%23368!/:?]
	at net.minecraft.server.packs.resources.SimplePreparableReloadListener.m_10789_(SimplePreparableReloadListener.java:13) ~[server-1.20.1-20230612.114412-srg.jar%23363!/:?]
	at java.util.concurrent.CompletableFuture$UniAccept.tryFire(CompletableFuture.java:718) ~[?:?]
	at java.util.concurrent.CompletableFuture$Completion.run(CompletableFuture.java:482) ~[?:?]
	at net.minecraft.server.packs.resources.SimpleReloadInstance.m_143940_(SimpleReloadInstance.java:69) ~[server-1.20.1-20230612.114412-srg.jar%23363!/:?]
	at net.minecraft.Util.m_214652_(Util.java:783) ~[server-1.20.1-20230612.114412-srg.jar%23363!/:?]
	at net.minecraft.Util.m_214679_(Util.java:772) ~[server-1.20.1-20230612.114412-srg.jar%23363!/:?]
	at net.minecraft.server.Main.main(Main.java:166) ~[server-1.20.1-20230612.114412-srg.jar%23363!/:?]
	at jdk.internal.reflect.NativeMethodAccessorImpl.invoke0(Native Method) ~[?:?]
	at jdk.internal.reflect.NativeMethodAccessorImpl.invoke(NativeMethodAccessorImpl.java:77) ~[?:?]
	at jdk.internal.reflect.DelegatingMethodAccessorImpl.invoke(DelegatingMethodAccessorImpl.java:43) ~[?:?]
	at java.lang.reflect.Method.invoke(Method.java:569) ~[?:?]
	at net.minecraftforge.fml.loading.targets.CommonLaunchHandler.runTarget(CommonLaunchHandler.java:111) ~[fmlloader-1.20.1-47.3.7.jar%2369!/:?]
	at net.minecraftforge.fml.loading.targets.CommonLaunchHandler.serverService(CommonLaunchHandler.java:103) ~[fmlloader-1.20.1-47.3.7.jar%2369!/:?]
	at net.minecraftforge.fml.loading.targets.CommonServerLaunchHandler.lambda$makeService$0(CommonServerLaunchHandler.java:27) ~[fmlloader-1.20.1-47.3.7.jar%2369!/:?]
	at cpw.mods.modlauncher.LaunchServiceHandlerDecorator.launch(LaunchServiceHandlerDecorator.java:30) ~[modlauncher-10.0.9.jar%2355!/:?]
	at cpw.mods.modlauncher.LaunchServiceHandler.launch(LaunchServiceHandler.java:53) ~[modlauncher-10.0.9.jar%2355!/:?]
	at cpw.mods.modlauncher.LaunchServiceHandler.launch(LaunchServiceHandler.java:71) ~[modlauncher-10.0.9.jar%2355!/:?]
	at cpw.mods.modlauncher.Launcher.run(Launcher.java:108) ~[modlauncher-10.0.9.jar%2355!/:?]
	at cpw.mods.modlauncher.Launcher.main(Launcher.java:78) ~[modlauncher-10.0.9.jar%2355!/:?]
	at cpw.mods.modlauncher.BootstrapLaunchConsumer.accept(BootstrapLaunchConsumer.java:26) ~[modlauncher-10.0.9.jar%2355!/:?]
	at cpw.mods.modlauncher.BootstrapLaunchConsumer.accept(BootstrapLaunchConsumer.java:23) ~[modlauncher-10.0.9.jar%2355!/:?]
	at cpw.mods.bootstraplauncher.BootstrapLauncher.main(BootstrapLauncher.java:141) ~[bootstraplauncher-1.1.2.jar:?]
[11May2025 01:01:14.781] [main/WARN] [net.minecraftforge.common.loot.LootModifierManager/]: Could not decode GlobalLootModifier with json id nethersdelight:chopping_string - error: Unknown type 'minecraft:alternative'
[11May2025 01:01:14.800] [main/INFO] [placebo/]: Registered 0 gear_sets.
[11May2025 01:01:14.821] [main/WARN] [net.minecraft.core.MappedRegistry/]: Not all defined tags for registry ResourceKey[minecraft:root / minecraft:worldgen/biome] are present in data pack: minecraft:is_plains
[11May2025 01:01:14.842] [main/WARN] [net.minecraftforge.registries.NamespacedWrapper/]: Not all defined tags for registry ResourceKey[minecraft:root / minecraft:block] are present in data pack: netherexp:sounds/polished_blackstone
[11May2025 01:01:14.880] [main/INFO] [Moonlight/]: Applied 20 data villager trades
[11May2025 01:01:14.917] [main/INFO] [Supplementaries/]: Finished additional setup in 0 ms
[11May2025 01:01:15.346] [Server thread/INFO] [net.minecraft.server.dedicated.DedicatedServer/]: Starting minecraft server version 1.20.1
[11May2025 01:01:15.354] [Server thread/INFO] [net.minecraft.server.dedicated.DedicatedServer/]: Loading properties
[11May2025 01:01:15.354] [Server thread/INFO] [net.minecraft.server.dedicated.DedicatedServer/]: Default game type: SURVIVAL
[11May2025 01:01:15.354] [Server thread/INFO] [net.minecraft.server.MinecraftServer/]: Generating keypair
[11May2025 01:01:15.517] [Server thread/INFO] [net.minecraft.server.dedicated.DedicatedServer/]: Starting Minecraft server on *:25565
[11May2025 01:01:15.548] [Server thread/INFO] [net.minecraft.server.network.ServerConnectionListener/]: Using epoll channel type
[11May2025 01:01:15.614] [Server thread/WARN] [net.minecraft.server.dedicated.DedicatedServer/]: **** SERVER IS RUNNING IN OFFLINE/INSECURE MODE!
[11May2025 01:01:15.615] [Server thread/WARN] [net.minecraft.server.dedicated.DedicatedServer/]: The server will make no attempt to authenticate usernames. Beware.
[11May2025 01:01:15.615] [Server thread/WARN] [net.minecraft.server.dedicated.DedicatedServer/]: While this makes the game possible to play without internet access, it also opens up the ability for hackers to connect with any username they choose.
[11May2025 01:01:15.616] [Server thread/WARN] [net.minecraft.server.dedicated.DedicatedServer/]: To change this, set "online-mode" to "true" in the server.properties file.
[11May2025 01:01:15.633] [Server thread/INFO] [Puzzles Lib/]: Loading server config for easyanvils
[11May2025 01:01:15.636] [Server thread/INFO] [Puzzles Lib/]: Loading server config for hangglider
[11May2025 01:01:15.640] [Server thread/INFO] [Puzzles Lib/]: Loading server config for enchantinginfuser
[11May2025 01:01:15.649] [Server thread/INFO] [Puzzles Lib/]: Loading server config for mutantmonsters
[11May2025 01:01:15.652] [Server thread/INFO] [Puzzles Lib/]: Loading server config for universalbonemeal
[11May2025 01:01:15.658] [Server thread/INFO] [Puzzles Lib/]: Loading server config for bettertridents
[11May2025 01:01:16.471] [Server thread/INFO] [Sawmill/]: Injecting Carpenter Village Houses
[11May2025 01:01:16.556] [Server thread/INFO] [spark/]: Starting background profiler...
[11May2025 01:01:16.887] [Server thread/INFO] [Framework/]: Loading server configs...
[11May2025 01:01:16.931] [Server thread/INFO] [net.jadenxgamer.elysium_api.Elysium/]: ElysiumBiomeSource successfully initialized for minecraft:overworld
[11May2025 01:01:16.931] [Server thread/INFO] [net.jadenxgamer.elysium_api.Elysium/]: ElysiumBiomeSource successfully initialized for minecraft:the_nether
[11May2025 01:01:16.932] [Server thread/INFO] [net.minecraft.server.dedicated.DedicatedServer/]: Preparing level "world"
[11May2025 01:01:17.103] [Server thread/WARN] [mixin/]: Method overwrite conflict for m_140184_ in lithium.mixins.json:world.player_chunk_tick.ThreadedAnvilChunkStorageMixin, previously written by me.steinborn.krypton.mixin.shared.network.flushconsolidation.ThreadedAnvilChunkStorageMixin. Skipping method.
[11May2025 01:01:17.507] [Server thread/INFO] [net.minecraft.server.MinecraftServer/]: Preparing start region for dimension minecraft:overworld
[11May2025 01:01:17.511] [Server thread/WARN] [mixin/]: Method overwrite conflict for removeIf in lithium.mixins.json:world.chunk_tickets.SortedArraySetMixin, previously written by org.embeddedt.modernfix.common.mixin.bugfix.paper_chunk_patches.SortedArraySetMixin. Skipping method.
[11May2025 01:01:19.044] [Server thread/INFO] [net.minecraft.server.level.progress.LoggerChunkProgressListener/]: Preparing spawn area: 0%
[11May2025 01:01:19.045] [Server thread/INFO] [net.minecraft.server.level.progress.LoggerChunkProgressListener/]: Preparing spawn area: 0%
[11May2025 01:01:19.045] [Server thread/INFO] [net.minecraft.server.level.progress.LoggerChunkProgressListener/]: Preparing spawn area: 0%
[11May2025 01:01:19.045] [Server thread/INFO] [net.minecraft.server.level.progress.LoggerChunkProgressListener/]: Preparing spawn area: 0%
[11May2025 01:01:19.740] [Server thread/INFO] [net.minecraft.server.level.progress.LoggerChunkProgressListener/]: Time elapsed: 2232 ms
[11May2025 01:01:19.740] [Server thread/INFO] [net.minecraft.server.dedicated.DedicatedServer/]: Done (4.110s)! For help, type "help"
[11May2025 01:01:19.818] [Server thread/INFO] [net.minecraftforge.server.permission.PermissionAPI/]: Successfully initialized permission handler forge:default_handler
[11May2025 01:01:19.825] [Server thread/INFO] [com.cupboard.Cupboard/]: Loaded config for: smoothchunk.json
[11May2025 01:01:19.825] [Server thread/INFO] [com.cupboard.Cupboard/]: Loaded config for: chunksending.json
[11May2025 01:01:19.907] [Server thread/WARN] [net.minecraft.network.syncher.SynchedEntityData/]: defineId called for: class net.minecraft.world.entity.player.Player from class tschipp.carryon.common.carry.CarryOnDataManager
[11May2025 01:01:20.024] [Server thread/INFO] [com.yellowbrossproductions.illageandspillage.IllageAndSpillage/]: Removed entity.illageandspillage.boss_randomizer from Raids to prevent a post-mod-removal crash
[11May2025 01:01:20.024] [Server thread/INFO] [com.yellowbrossproductions.illageandspillage.IllageAndSpillage/]: Removed entity.illageandspillage.igniter from Raids to prevent a post-mod-removal crash
[11May2025 01:01:20.024] [Server thread/INFO] [com.yellowbrossproductions.illageandspillage.IllageAndSpillage/]: Removed entity.illageandspillage.engineer from Raids to prevent a post-mod-removal crash
[11May2025 01:01:20.024] [Server thread/INFO] [com.yellowbrossproductions.illageandspillage.IllageAndSpillage/]: Removed entity.illageandspillage.twittollager from Raids to prevent a post-mod-removal crash
[11May2025 01:01:20.025] [Server thread/INFO] [com.yellowbrossproductions.illageandspillage.IllageAndSpillage/]: Removed entity.illageandspillage.magispeller from Raids to prevent a post-mod-removal crash
[11May2025 01:01:20.025] [Server thread/INFO] [com.yellowbrossproductions.illageandspillage.IllageAndSpillage/]: Removed entity.illageandspillage.spiritcaller from Raids to prevent a post-mod-removal crash
[11May2025 01:01:20.025] [Server thread/INFO] [com.yellowbrossproductions.illageandspillage.IllageAndSpillage/]: Removed entity.illageandspillage.crocofang from Raids to prevent a post-mod-removal crash
[11May2025 01:01:20.025] [Server thread/INFO] [com.yellowbrossproductions.illageandspillage.IllageAndSpillage/]: Removed entity.illageandspillage.absorber from Raids to prevent a post-mod-removal crash
[11May2025 01:01:20.025] [Server thread/INFO] [com.yellowbrossproductions.illageandspillage.IllageAndSpillage/]: Removed entity.illageandspillage.preserver from Raids to prevent a post-mod-removal crash
[11May2025 01:01:20.026] [Server thread/INFO] [com.yellowbrossproductions.illageandspillage.IllageAndSpillage/]: Removed entity.illageandspillage.freakager from Raids to prevent a post-mod-removal crash
[11May2025 01:01:20.026] [Server thread/INFO] [com.yellowbrossproductions.illageandspillage.IllageAndSpillage/]: Removed entity.illageandspillage.old_freakager from Raids to prevent a post-mod-removal crash
[11May2025 01:01:20.026] [Server thread/INFO] [com.yellowbrossproductions.illageandspillage.IllageAndSpillage/]: Removed entity.illageandspillage.old_magispeller from Raids to prevent a post-mod-removal crash
[11May2025 01:01:20.199] [Server thread/INFO] [net.bettercombat.logic.WeaponRegistry/]: Encoded Weapon Attribute registry size (with package overhead): 94569 bytes (in 10 string chunks with the size of 10000)
[11May2025 01:01:20.203] [Server thread/WARN] [voicechat/]: [voicechat] Running in offline mode - Voice chat encryption is not secure!
[11May2025 01:01:20.227] [VoiceChatServerThread/INFO] [voicechat/]: [voicechat] Voice host is 'blog-multi.gl.at.ply.gg:2216'
[11May2025 01:01:20.227] [Server thread/WARN] [ModernFix/]: Dedicated server took 44.781 seconds to load
[11May2025 01:01:20.229] [VoiceChatServerThread/INFO] [voicechat/]: [voicechat] Voice chat server started at port 2216
[11May2025 01:01:20.275] [Server thread/INFO] [mixin/]: Mixing common.MixinServerStatus from mixins/common/nochatreports.mixins.json into net.minecraft.network.protocol.status.ServerStatus
[11May2025 01:01:43.115] [Netty Epoll Server IO #1/INFO] [mixin/]: Mixing server.MixinServerboundChatCommandPacket from mixins/common/nochatreports.mixins.json into net.minecraft.network.protocol.game.ServerboundChatCommandPacket
[11May2025 01:01:43.117] [Netty Epoll Server IO #1/INFO] [mixin/]: Mixing server.MixinServerboundChatPacket from mixins/common/nochatreports.mixins.json into net.minecraft.network.protocol.game.ServerboundChatPacket
[11May2025 01:01:43.118] [Netty Epoll Server IO #1/INFO] [mixin/]: Mixing server.MixinServerboundChatSessionUpdatePacket from mixins/common/nochatreports.mixins.json into net.minecraft.network.protocol.game.ServerboundChatSessionUpdatePacket
[11May2025 01:01:48.294] [Server thread/INFO] [net.minecraft.server.players.PlayerList/]: Santix15[/127.131.27.92:40061] logged in with entity id 119 at (-1878.469766632822, 233.0, 1982.3774930369834)
[11May2025 01:01:48.691] [Server thread/INFO] [net.minecraft.server.MinecraftServer/]: Santix15 joined the game
[11May2025 01:01:48.907] [Server thread/INFO] [Jade/]: Syncing config to Santix15 (1f8cbd0f-e34f-3631-ad78-ab523f2938ae)
[11May2025 01:01:48.976] [Server thread/INFO] [voicechat/]: [voicechat] Received secret request of Santix15 (18)
[11May2025 01:01:48.978] [Server thread/INFO] [voicechat/]: [voicechat] Sent secret to Santix15
[11May2025 01:01:54.199] [Server thread/WARN] [net.minecraft.server.MinecraftServer/]: Can't keep up! Is the server overloaded? Running 5919ms or 118 ticks behind
[11May2025 01:01:54.295] [VoiceChatPacketProcessingThread/INFO] [voicechat/]: [voicechat] Successfully authenticated player 1f8cbd0f-e34f-3631-ad78-ab523f2938ae
[11May2025 01:01:55.281] [VoiceChatPacketProcessingThread/INFO] [voicechat/]: [voicechat] Successfully validated connection of player 1f8cbd0f-e34f-3631-ad78-ab523f2938ae
[11May2025 01:01:55.288] [VoiceChatPacketProcessingThread/INFO] [voicechat/]: [voicechat] Player Santix15 (1f8cbd0f-e34f-3631-ad78-ab523f2938ae) successfully connected to voice chat
[11May2025 01:02:51.545] [Server thread/INFO] [net.minecraft.server.network.ServerLoginPacketListenerImpl/]: com.mojang.authlib.GameProfile@60eb1397[id=<null>,name=lobo3224,properties={},legacy=false] (/127.205.77.8:47287) lost connection: Disconnected
[11May2025 01:03:58.539] [Server thread/INFO] [net.minecraft.server.network.ServerLoginPacketListenerImpl/]: com.mojang.authlib.GameProfile@63e51de7[id=<null>,name=lobo3224,properties={},legacy=false] (/127.131.27.92:56905) lost connection: Disconnected
[11May2025 01:04:15.425] [Server thread/INFO] [net.minecraft.server.players.PlayerList/]: lobo3224[/127.131.27.92:56741] logged in with entity id 377 at (-1872.8515410003706, 233.0, 1982.4478941980087)
[11May2025 01:04:15.449] [Server thread/INFO] [net.minecraft.server.MinecraftServer/]: lobo3224 joined the game
[11May2025 01:04:15.518] [Server thread/INFO] [Jade/]: Syncing config to lobo3224 (b7e5eca9-5a00-3da7-ac51-8f51ef42decc)
[11May2025 01:04:15.519] [Server thread/INFO] [net.minecraft.server.network.ServerGamePacketListenerImpl/]: lobo3224 lost connection: Disconnected
[11May2025 01:04:15.519] [Server thread/INFO] [net.minecraft.server.MinecraftServer/]: lobo3224 left the game
[11May2025 01:04:15.526] [Server thread/INFO] [voicechat/]: [voicechat] Disconnecting client lobo3224
[11May2025 01:04:15.609] [Server thread/WARN] [net.minecraft.network.Connection/]: handleDisconnection() called twice
[11May2025 01:09:17.969] [Netty Epoll Server IO #7/WARN] [com.connectivity.Connectivity/]: Packet:ServerboundAcceptTeleportationPacket  id 0 larger than expected error detected, printing packet and buffer. Stacktrace gets logged after this
[11May2025 01:09:17.976] [Netty Epoll Server IO #7/WARN] [com.connectivity.Connectivity/]: Packet data:
{
  "f_133785_": 529993
}
[11May2025 01:09:17.976] [Netty Epoll Server IO #7/WARN] [com.connectivity.Connectivity/]: Packet:PooledUnsafeDirectByteBuf  id 0 data of 46 extra bytes: 
[11May2025 01:09:17.978] [Netty Epoll Server IO #7/WARN] [com.connectivity.Connectivity/]: Packet data:
[
  "X{!zk1D'kD=L.*U320Vt\"GB"
]
[11May2025 01:09:21.138] [Server thread/INFO] [net.minecraft.server.network.ServerGamePacketListenerImpl/]: Santix15 lost connection: Disconnected
[11May2025 01:09:21.138] [Server thread/INFO] [net.minecraft.server.MinecraftServer/]: Santix15 left the game
[11May2025 01:09:21.138] [Server thread/INFO] [voicechat/]: [voicechat] Disconnecting client Santix15
[11May2025 01:10:03.066] [Netty Epoll Server IO #1/WARN] [com.connectivity.Connectivity/]: Packet:ServerboundBlockEntityTagQuery  id 1 larger than expected error detected, printing packet and buffer. Stacktrace gets logged after this
[11May2025 01:10:03.068] [Netty Epoll Server IO #1/WARN] [com.connectivity.Connectivity/]: Packet data:
{
  "f_133798_": 1,
  "f_133799_": "BlockPos{x=2622464, y=886, z=1073200}"
}
[11May2025 01:10:03.068] [Netty Epoll Server IO #1/WARN] [com.connectivity.Connectivity/]: Packet:PooledUnsafeDirectByteBuf  id 1 data of 11 extra bytes: 
[11May2025 01:10:03.069] [Netty Epoll Server IO #1/WARN] [com.connectivity.Connectivity/]: Packet data:
[
  "<partial numeric data>",
  "[32, -63, 78, 47, -127, -121, 48, -24, -86, 4, -1]"
]
[11May2025 01:10:04.159] [Netty Epoll Server IO #2/WARN] [com.connectivity.Connectivity/]: Packet:ServerboundBlockEntityTagQuery  id 1 larger than expected error detected, printing packet and buffer. Stacktrace gets logged after this
[11May2025 01:10:04.160] [Netty Epoll Server IO #2/WARN] [com.connectivity.Connectivity/]: Packet data:
{
  "f_133798_": 1,
  "f_133799_": "BlockPos{x=2622464, y=890, z=1073200}"
}
[11May2025 01:10:04.160] [Netty Epoll Server IO #2/WARN] [com.connectivity.Connectivity/]: Packet:PooledUnsafeDirectByteBuf  id 1 data of 11 extra bytes: 
[11May2025 01:10:04.160] [Netty Epoll Server IO #2/WARN] [com.connectivity.Connectivity/]: Packet data:
[
  "<partial numeric data>",
  "[-26, 25, -118, 0, -26, -119, 80, 11, 21, -19, -126]"
]
[11May2025 01:10:06.191] [Netty Epoll Server IO #3/WARN] [com.connectivity.Connectivity/]: Packet:ServerboundBlockEntityTagQuery  id 1 larger than expected error detected, printing packet and buffer. Stacktrace gets logged after this
[11May2025 01:10:06.192] [Netty Epoll Server IO #3/WARN] [com.connectivity.Connectivity/]: Packet data:
{
  "f_133798_": 1,
  "f_133799_": "BlockPos{x=2622464, y=832, z=1073200}"
}
[11May2025 01:10:06.192] [Netty Epoll Server IO #3/WARN] [com.connectivity.Connectivity/]: Packet:PooledUnsafeDirectByteBuf  id 1 data of 11 extra bytes: 
[11May2025 01:10:06.192] [Netty Epoll Server IO #3/WARN] [com.connectivity.Connectivity/]: Packet data:
[
  "<partial numeric data>",
  "[71, -56, -73, 3, -61, 20, -91, -43, -115, 51, 5]"
]
[11May2025 01:10:06.280] [Netty Epoll Server IO #4/WARN] [com.connectivity.Connectivity/]: Packet:ServerboundBlockEntityTagQuery  id 1 larger than expected error detected, printing packet and buffer. Stacktrace gets logged after this
[11May2025 01:10:06.281] [Netty Epoll Server IO #4/WARN] [com.connectivity.Connectivity/]: Packet data:
{
  "f_133798_": 1,
  "f_133799_": "BlockPos{x=2622464, y=847, z=1073200}"
}
[11May2025 01:10:06.281] [Netty Epoll Server IO #4/WARN] [com.connectivity.Connectivity/]: Packet:PooledUnsafeDirectByteBuf  id 1 data of 11 extra bytes: 
[11May2025 01:10:06.281] [Netty Epoll Server IO #4/WARN] [com.connectivity.Connectivity/]: Packet data:
[
  "<partial numeric data>",
  "[4, -16, 68, -12, -101, -80, -28, -41, -112, -28, 77]"
]
[11May2025 01:10:07.638] [Netty Epoll Server IO #5/WARN] [com.connectivity.Connectivity/]: Packet:ServerboundBlockEntityTagQuery  id 1 larger than expected error detected, printing packet and buffer. Stacktrace gets logged after this
[11May2025 01:10:07.639] [Netty Epoll Server IO #5/WARN] [com.connectivity.Connectivity/]: Packet data:
{
  "f_133798_": 1,
  "f_133799_": "BlockPos{x=2622464, y=965, z=1073200}"
}
[11May2025 01:10:07.639] [Netty Epoll Server IO #5/WARN] [com.connectivity.Connectivity/]: Packet:PooledUnsafeDirectByteBuf  id 1 data of 11 extra bytes: 
[11May2025 01:10:07.639] [Netty Epoll Server IO #5/WARN] [com.connectivity.Connectivity/]: Packet data:
[
  "<partial numeric data>",
  "[85, -90, -95, -51, -96, 49, -111, -126, -2, -79, 12]"
]
[11May2025 01:10:07.703] [Netty Epoll Server IO #6/WARN] [com.connectivity.Connectivity/]: Packet:ServerboundBlockEntityTagQuery  id 1 larger than expected error detected, printing packet and buffer. Stacktrace gets logged after this
[11May2025 01:10:07.704] [Netty Epoll Server IO #6/WARN] [com.connectivity.Connectivity/]: Packet data:
{
  "f_133798_": 1,
  "f_133799_": "BlockPos{x=2622464, y=779, z=1073200}"
}
[11May2025 01:10:07.704] [Netty Epoll Server IO #6/WARN] [com.connectivity.Connectivity/]: Packet:PooledUnsafeDirectByteBuf  id 1 data of 11 extra bytes: 
[11May2025 01:10:07.704] [Netty Epoll Server IO #6/WARN] [com.connectivity.Connectivity/]: Packet data:
[
  "<partial numeric data>",
  "[-27, 65, 9, 47, 106, -98, -31, -105, 122, -46, 50]"
]
[11May2025 01:10:19.532] [Netty Epoll Server IO #7/WARN] [com.connectivity.Connectivity/]: Packet:ServerboundBlockEntityTagQuery  id 1 larger than expected error detected, printing packet and buffer. Stacktrace gets logged after this
[11May2025 01:10:19.532] [Netty Epoll Server IO #7/WARN] [com.connectivity.Connectivity/]: Packet data:
{
  "f_133798_": 1,
  "f_133799_": "BlockPos{x=5768192, y=789, z=1122352}"
}
[11May2025 01:10:19.533] [Netty Epoll Server IO #7/WARN] [com.connectivity.Connectivity/]: Packet:PooledUnsafeDirectByteBuf  id 1 data of 11 extra bytes: 
[11May2025 01:10:19.533] [Netty Epoll Server IO #7/WARN] [com.connectivity.Connectivity/]: Packet data:
[
  "<partial numeric data>",
  "[-120, -81, 84, 62, 27, 24, 89, 110, -111, -21, 103]"
]
[11May2025 01:10:19.774] [Netty Epoll Server IO #0/WARN] [com.connectivity.Connectivity/]: Packet:ServerboundBlockEntityTagQuery  id 1 larger than expected error detected, printing packet and buffer. Stacktrace gets logged after this
[11May2025 01:10:19.775] [Netty Epoll Server IO #0/WARN] [com.connectivity.Connectivity/]: Packet data:
{
  "f_133798_": 0,
  "f_133799_": "BlockPos{x=-8125440, y=816, z=905264}"
}
[11May2025 01:10:19.775] [Netty Epoll Server IO #0/WARN] [com.connectivity.Connectivity/]: Packet:PooledUnsafeDirectByteBuf  id 1 data of 11 extra bytes: 
[11May2025 01:10:19.775] [Netty Epoll Server IO #0/WARN] [com.connectivity.Connectivity/]: Packet data:
[
  "<partial numeric data>",
  "[-73, 65, -57, 34, 70, 65, 5, 62, -49, 81, -116]"
]
[11May2025 01:10:23.959] [Netty Epoll Server IO #2/WARN] [com.connectivity.Connectivity/]: Packet:ServerboundBlockEntityTagQuery  id 1 larger than expected error detected, printing packet and buffer. Stacktrace gets logged after this
[11May2025 01:10:23.959] [Netty Epoll Server IO #2/WARN] [com.connectivity.Connectivity/]: Packet data:
{
  "f_133798_": 0,
  "f_133799_": "BlockPos{x=-11271168, y=878, z=856112}"
}
[11May2025 01:10:23.960] [Netty Epoll Server IO #2/WARN] [com.connectivity.Connectivity/]: Packet:PooledUnsafeDirectByteBuf  id 1 data of 11 extra bytes: 
[11May2025 01:10:23.960] [Netty Epoll Server IO #2/WARN] [com.connectivity.Connectivity/]: Packet data:
[
  "<partial numeric data>",
  "[54, -105, -6, -103, -79, -72, 94, -9, 31, -73, 124]"
]
[11May2025 01:12:51.652] [Server thread/INFO] [net.minecraft.server.players.PlayerList/]: lobo3224[/127.205.77.8:48521] logged in with entity id 653 at (-1872.8515410003706, 233.0, 1982.4478941980087)
[11May2025 01:12:51.677] [Server thread/INFO] [net.minecraft.server.MinecraftServer/]: lobo3224 joined the game
[11May2025 01:12:51.693] [Server thread/INFO] [Jade/]: Syncing config to lobo3224 (b7e5eca9-5a00-3da7-ac51-8f51ef42decc)
[11May2025 01:12:55.805] [Server thread/INFO] [voicechat/]: [voicechat] Received secret request of lobo3224 (18)
[11May2025 01:12:55.806] [Server thread/INFO] [voicechat/]: [voicechat] Sent secret to lobo3224
[11May2025 01:13:15.719] [VoiceChatPacketProcessingThread/INFO] [voicechat/]: [voicechat] Successfully authenticated player b7e5eca9-5a00-3da7-ac51-8f51ef42decc
[11May2025 01:13:16.750] [VoiceChatPacketProcessingThread/INFO] [voicechat/]: [voicechat] Successfully validated connection of player b7e5eca9-5a00-3da7-ac51-8f51ef42decc
[11May2025 01:13:16.750] [VoiceChatPacketProcessingThread/INFO] [voicechat/]: [voicechat] Player lobo3224 (b7e5eca9-5a00-3da7-ac51-8f51ef42decc) successfully connected to voice chat
[11May2025 01:15:25.155] [Server thread/INFO] [net.minecraft.server.players.PlayerList/]: Santix15[/127.131.27.92:55503] logged in with entity id 815 at (-1874.699999988079, 236.0, 1983.699999988079)
[11May2025 01:15:25.168] [Server thread/INFO] [net.minecraft.server.MinecraftServer/]: Santix15 joined the game
[11May2025 01:15:25.251] [Server thread/INFO] [Jade/]: Syncing config to Santix15 (1f8cbd0f-e34f-3631-ad78-ab523f2938ae)
[11May2025 01:15:26.064] [Server thread/INFO] [voicechat/]: [voicechat] Received secret request of Santix15 (18)
[11May2025 01:15:26.065] [Server thread/INFO] [voicechat/]: [voicechat] Sent secret to Santix15
[11May2025 01:15:30.756] [VoiceChatPacketProcessingThread/INFO] [voicechat/]: [voicechat] Successfully authenticated player 1f8cbd0f-e34f-3631-ad78-ab523f2938ae
[11May2025 01:15:31.757] [VoiceChatPacketProcessingThread/INFO] [voicechat/]: [voicechat] Successfully validated connection of player 1f8cbd0f-e34f-3631-ad78-ab523f2938ae
[11May2025 01:15:31.757] [VoiceChatPacketProcessingThread/INFO] [voicechat/]: [voicechat] Player Santix15 (1f8cbd0f-e34f-3631-ad78-ab523f2938ae) successfully connected to voice chat
[11May2025 01:15:58.110] [Server thread/INFO] [net.minecraft.server.MinecraftServer/]: Made lobo3224 a server operator
[11May2025 01:16:05.424] [Server thread/INFO] [net.minecraft.server.MinecraftServer/]: [lobo3224: The difficulty has been set to Hard]
[11May2025 01:18:04.484] [Worker-Main-42/INFO] [ModernFix/]: Instantiating Mojang DFU
[11May2025 01:18:51.244] [Server thread/WARN] [net.minecraft.server.network.ServerGamePacketListenerImpl/]: Warship (vehicle of lobo3224) moved too quickly! -0.6590305709071345,-1.5844269384501786E-5,10.4075391126662
[11May2025 01:18:51.245] [Server thread/WARN] [net.minecraft.server.network.ServerGamePacketListenerImpl/]: Warship (vehicle of lobo3224) moved too quickly! -0.7087259012059803,-1.6963568825190123E-5,11.217837930615133
[11May2025 01:18:51.245] [Server thread/WARN] [net.minecraft.server.network.ServerGamePacketListenerImpl/]: Warship (vehicle of lobo3224) moved too quickly! -0.7582489469273241,-1.8073733969004024E-5,12.02929881559794
[11May2025 01:18:51.245] [Server thread/WARN] [net.minecraft.server.network.ServerGamePacketListenerImpl/]: Warship (vehicle of lobo3224) moved too quickly! -0.8075954406217534,-1.917547979246592E-5,12.841882456100848
[11May2025 01:18:51.245] [Server thread/WARN] [net.minecraft.server.network.ServerGamePacketListenerImpl/]: Warship (vehicle of lobo3224) moved too quickly! -0.8567565985981673,-2.026946538080665E-5,13.655551142200238
[11May2025 01:18:51.246] [Server thread/WARN] [net.minecraft.server.network.ServerGamePacketListenerImpl/]: Warship (vehicle of lobo3224) moved too quickly! -0.9057293016642234,-2.135629823385443E-5,14.470268122891866
[11May2025 01:18:51.246] [Server thread/WARN] [net.minecraft.server.network.ServerGamePacketListenerImpl/]: Warship (vehicle of lobo3224) moved too quickly! -0.9545057673049087,-2.2436538344550172E-5,15.285998181629566
[11May2025 01:18:51.246] [Server thread/WARN] [net.minecraft.server.network.ServerGamePacketListenerImpl/]: Warship (vehicle of lobo3224) moved too quickly! -1.003083789159291,-2.3510701865347983E-5,16.10270698707427
[11May2025 01:18:51.246] [Server thread/WARN] [net.minecraft.server.network.ServerGamePacketListenerImpl/]: Warship (vehicle of lobo3224) moved too quickly! -1.051453646470918,-2.4579264589874583E-5,16.920361818413312
[11May2025 01:18:51.246] [Server thread/WARN] [net.minecraft.server.network.ServerGamePacketListenerImpl/]: Warship (vehicle of lobo3224) moved too quickly! -1.0996093745202415,-2.5642665065106485E-5,17.738930855368835
[11May2025 01:18:51.247] [Server thread/WARN] [net.minecraft.server.network.ServerGamePacketListenerImpl/]: Warship (vehicle of lobo3224) moved too quickly! -1.1475504044524314,-2.6701307533016916E-5,18.558383071330354
[11May2025 01:18:51.247] [Server thread/WARN] [net.minecraft.server.network.ServerGamePacketListenerImpl/]: Warship (vehicle of lobo3224) moved too quickly! -1.195268440855898,-2.7755564588005655E-5,19.378688928123665
[11May2025 01:18:51.308] [Server thread/WARN] [net.minecraft.server.network.ServerGamePacketListenerImpl/]: Warship (vehicle of lobo3224) moved too quickly! -0.6335943977856004,-1.4090719702153365E-5,10.601376468581748
[11May2025 01:18:51.386] [Server thread/WARN] [net.minecraft.server.network.ServerGamePacketListenerImpl/]: Warship (vehicle of lobo3224) moved too quickly! -0.6808576409250691,-1.5137209345539304E-5,11.423304150846889
[11May2025 01:18:51.395] [Server thread/WARN] [net.minecraft.server.network.ServerGamePacketListenerImpl/]: Warship (vehicle of lobo3224) moved too quickly! -0.7278864899728887,-1.6180265347998102E-5,12.246002112716724
[11May2025 01:18:51.463] [Server thread/WARN] [net.minecraft.server.network.ServerGamePacketListenerImpl/]: Warship (vehicle of lobo3224) moved too quickly! -0.7746771476752201,-1.7220156635744388E-5,13.069444443455268
[11May2025 01:18:51.531] [Server thread/WARN] [net.minecraft.server.network.ServerGamePacketListenerImpl/]: Warship (vehicle of lobo3224) moved too quickly! -0.8212310255375996,-1.8257131102927815E-5,13.89360583832513
[11May2025 01:21:15.789] [Server thread/WARN] [net.minecraft.server.network.ServerGamePacketListenerImpl/]: lobo3224 moved wrongly!
[11May2025 01:21:18.022] [Worker-Main-24/WARN] [net.minecraft.world.level.levelgen.structure.pools.JigsawPlacement/]: Empty or non-existent pool: minecraft:
[11May2025 01:21:18.024] [Worker-Main-24/WARN] [net.minecraft.world.level.levelgen.structure.pools.JigsawPlacement/]: Empty or non-existent pool: minecraft:
[11May2025 01:21:18.405] [Server thread/WARN] [net.minecraft.server.network.ServerGamePacketListenerImpl/]: Santix15 moved wrongly!
[11May2025 01:21:49.797] [Netty Epoll Server IO #0/WARN] [com.connectivity.Connectivity/]: Packet:ServerboundAcceptTeleportationPacket  id 0 larger than expected error detected, printing packet and buffer. Stacktrace gets logged after this
[11May2025 01:21:49.797] [Netty Epoll Server IO #0/WARN] [com.connectivity.Connectivity/]: Packet data:
{
  "f_133785_": 52
}
[11May2025 01:21:49.797] [Netty Epoll Server IO #0/WARN] [com.connectivity.Connectivity/]: Packet:PooledUnsafeDirectByteBuf  id 0 data of 48 extra bytes: 
[11May2025 01:21:49.798] [Netty Epoll Server IO #0/WARN] [com.connectivity.Connectivity/]: Packet data:
[
  "X;\"DoPS/\"@7F304@.`TQ~"
]
[11May2025 01:22:02.289] [Server thread/WARN] [net.minecraft.server.network.ServerGamePacketListenerImpl/]: Warship (vehicle of lobo3224) moved wrongly! 0.25231131520331473
[11May2025 01:22:02.338] [Server thread/WARN] [net.minecraft.server.network.ServerGamePacketListenerImpl/]: Warship (vehicle of lobo3224) moved wrongly! 0.25938799487630604
[11May2025 01:22:02.388] [Server thread/WARN] [net.minecraft.server.network.ServerGamePacketListenerImpl/]: Warship (vehicle of lobo3224) moved wrongly! 0.2664218076574798
[11May2025 01:22:02.389] [Server thread/WARN] [net.minecraft.server.network.ServerGamePacketListenerImpl/]: Warship (vehicle of lobo3224) moved wrongly! 0.27322648218569157
[11May2025 01:22:02.437] [Server thread/WARN] [net.minecraft.server.network.ServerGamePacketListenerImpl/]: Warship (vehicle of lobo3224) moved wrongly! 0.27968234766012756
[11May2025 01:22:02.489] [Server thread/WARN] [net.minecraft.server.network.ServerGamePacketListenerImpl/]: Warship (vehicle of lobo3224) moved wrongly! 0.28571825625567726
[11May2025 01:22:02.537] [Server thread/WARN] [net.minecraft.server.network.ServerGamePacketListenerImpl/]: Warship (vehicle of lobo3224) moved wrongly! 0.2912979560896929
[11May2025 01:22:58.895] [Server thread/WARN] [net.minecraft.server.network.ServerGamePacketListenerImpl/]: Santix15 moved wrongly!
[11May2025 01:24:25.768] [Server thread/WARN] [net.minecraft.server.network.ServerGamePacketListenerImpl/]: Santix15 moved wrongly!
[11May2025 01:30:49.538] [Server thread/WARN] [net.minecraft.server.network.ServerGamePacketListenerImpl/]: Santix15 moved wrongly!
[11May2025 01:32:18.245] [Netty Epoll Server IO #3/WARN] [com.connectivity.Connectivity/]: Packet:ServerboundAcceptTeleportationPacket  id 0 larger than expected error detected, printing packet and buffer. Stacktrace gets logged after this
[11May2025 01:32:18.245] [Netty Epoll Server IO #3/WARN] [com.connectivity.Connectivity/]: Packet data:
{
  "f_133785_": 13363
}
[11May2025 01:32:18.246] [Netty Epoll Server IO #3/WARN] [com.connectivity.Connectivity/]: Packet:PooledUnsafeDirectByteBuf  id 0 data of 47 extra bytes: 
[11May2025 01:32:18.246] [Netty Epoll Server IO #3/WARN] [com.connectivity.Connectivity/]: Packet data:
[
  "M\\rUmbj{R.K!l1`Dr320$uU`7"
]
[11May2025 01:35:01.741] [Server thread/INFO] [net.minecraft.server.MinecraftServer/]: lobo3224 fell from a high place
[11May2025 01:35:08.929] [Server thread/INFO] [net.minecraft.server.MinecraftServer/]: [lobo3224: Teleported lobo3224 to -2754.500000, 67.500000, 2775.500000]
[11May2025 01:35:17.747] [Server thread/INFO] [net.minecraft.server.MinecraftServer/]: [lobo3224: Made lobo3224 no longer a server operator]
[11May2025 01:37:06.789] [Server thread/WARN] [net.minecraft.server.network.ServerGamePacketListenerImpl/]: lobo3224 moved wrongly!
[11May2025 01:37:21.093] [Server thread/INFO] [net.minecraft.server.MinecraftServer/]: lobo3224 has reached the goal [Horror of the Depths]
[11May2025 01:37:40.340] [Server thread/INFO] [net.minecraft.server.MinecraftServer/]: Santix15 has made the advancement [Disgusting Lootbox]
[11May2025 01:40:02.249] [Worker-Main-23/ERROR] [net.minecraft.world.entity.decoration.HangingEntity/]: Hanging entity at invalid position: BlockPos{x=-176, y=-50, z=-133}
[11May2025 01:40:02.250] [Worker-Main-23/ERROR] [net.minecraft.world.entity.decoration.HangingEntity/]: Hanging entity at invalid position: BlockPos{x=-172, y=-50, z=-135}
[11May2025 01:40:06.414] [Worker-Main-24/ERROR] [net.minecraft.world.entity.decoration.HangingEntity/]: Hanging entity at invalid position: BlockPos{x=-185, y=-46, z=-142}
[11May2025 01:40:06.433] [Worker-Main-24/ERROR] [net.minecraft.world.entity.decoration.HangingEntity/]: Hanging entity at invalid position: BlockPos{x=-187, y=-46, z=-151}
[11May2025 01:40:06.434] [Worker-Main-24/ERROR] [net.minecraft.world.entity.decoration.HangingEntity/]: Hanging entity at invalid position: BlockPos{x=-187, y=-46, z=-143}
[11May2025 01:40:06.441] [Worker-Main-24/ERROR] [net.minecraft.world.entity.decoration.HangingEntity/]: Hanging entity at invalid position: BlockPos{x=-284, y=-57, z=-394}
[11May2025 01:40:06.441] [Worker-Main-24/ERROR] [net.minecraft.world.entity.decoration.HangingEntity/]: Hanging entity at invalid position: BlockPos{x=-286, y=-57, z=-393}
[11May2025 01:40:30.289] [Worker-Main-23/ERROR] [net.minecraft.world.entity.decoration.HangingEntity/]: Hanging entity at invalid position: BlockPos{x=-106, y=-32, z=-216}
[11May2025 01:40:30.297] [Worker-Main-23/ERROR] [net.minecraft.world.entity.decoration.HangingEntity/]: Hanging entity at invalid position: BlockPos{x=47, y=-58, z=43}
[11May2025 01:40:30.297] [Worker-Main-23/ERROR] [net.minecraft.world.entity.decoration.HangingEntity/]: Hanging entity at invalid position: BlockPos{x=43, y=-58, z=45}
[11May2025 01:40:30.298] [Worker-Main-23/ERROR] [net.minecraft.world.entity.decoration.HangingEntity/]: Hanging entity at invalid position: BlockPos{x=41, y=-58, z=48}
[11May2025 01:40:30.298] [Worker-Main-23/ERROR] [net.minecraft.world.entity.decoration.HangingEntity/]: Hanging entity at invalid position: BlockPos{x=38, y=-58, z=49}
[11May2025 01:40:30.298] [Worker-Main-23/ERROR] [net.minecraft.world.entity.decoration.HangingEntity/]: Hanging entity at invalid position: BlockPos{x=34, y=-58, z=50}
[11May2025 01:40:30.298] [Worker-Main-23/ERROR] [net.minecraft.world.entity.decoration.HangingEntity/]: Hanging entity at invalid position: BlockPos{x=49, y=-58, z=41}
[11May2025 01:40:47.897] [Server thread/WARN] [net.minecraft.server.network.ServerGamePacketListenerImpl/]: Santix15 moved wrongly!
[11May2025 01:41:19.966] [Netty Epoll Server IO #5/WARN] [com.connectivity.Connectivity/]: Packet:ServerboundAcceptTeleportationPacket  id 0 larger than expected error detected, printing packet and buffer. Stacktrace gets logged after this
[11May2025 01:41:19.967] [Netty Epoll Server IO #5/WARN] [com.connectivity.Connectivity/]: Packet data:
{
  "f_133785_": 272341
}
[11May2025 01:41:19.967] [Netty Epoll Server IO #5/WARN] [com.connectivity.Connectivity/]: Packet:PooledUnsafeDirectByteBuf  id 0 data of 46 extra bytes: 
[11May2025 01:41:19.967] [Netty Epoll Server IO #5/WARN] [com.connectivity.Connectivity/]: Packet data:
[
  "d=kWM0SP336u]i\""
]
[11May2025 01:42:43.942] [Server thread/INFO] [net.minecraft.server.MinecraftServer/]: lobo3224 has made the advancement [Disturbing the Dead I]
[11May2025 01:42:51.006] [Server thread/INFO] [net.minecraft.server.MinecraftServer/]: Santix15 has made the advancement [Disturbing the Dead I]
[11May2025 01:43:27.689] [Server thread/INFO] [net.minecraft.server.MinecraftServer/]: lobo3224 has made the advancement [Spooky Scary Skeleton]
[11May2025 01:45:47.989] [Server thread/INFO] [net.minecraft.server.MinecraftServer/]: Santix15 has made the advancement [Pseudo Archaeologist]
[11May2025 01:47:31.283] [Netty Epoll Server IO #7/WARN] [com.connectivity.Connectivity/]: Packet:ServerboundAcceptTeleportationPacket  id 0 larger than expected error detected, printing packet and buffer. Stacktrace gets logged after this
[11May2025 01:47:31.284] [Netty Epoll Server IO #7/WARN] [com.connectivity.Connectivity/]: Packet data:
{
  "f_133785_": 9372
}
[11May2025 01:47:31.284] [Netty Epoll Server IO #7/WARN] [com.connectivity.Connectivity/]: Packet:PooledUnsafeDirectByteBuf  id 0 data of 47 extra bytes: 
[11May2025 01:47:31.284] [Netty Epoll Server IO #7/WARN] [com.connectivity.Connectivity/]: Packet data:
[
  ",pqBdh%,C[?''{336,d;6cI_I"
]
[11May2025 01:49:07.414] [Worker-Main-23/ERROR] [net.minecraft.world.entity.decoration.HangingEntity/]: Hanging entity at invalid position: BlockPos{x=-99, y=-32, z=-208}
[11May2025 01:52:18.745] [Server thread/INFO] [net.minecraft.server.MinecraftServer/]: Santix15 has made the advancement [Voluntary Exile]
[11May2025 01:53:06.445] [Server thread/INFO] [net.minecraft.server.MinecraftServer/]: lobo3224 has made the advancement [Tools of the Trade]
[11May2025 01:53:16.797] [Server thread/INFO] [net.minecraft.server.MinecraftServer/]: Santix15 has made the advancement [Into Fire]
[11May2025 01:53:33.928] [Server thread/INFO] [net.minecraft.server.MinecraftServer/]: Santix15 has made the advancement [Tools of the Trade]
[11May2025 01:54:11.294] [Server thread/WARN] [net.minecraft.world.level.storage.loot.functions.SetItemDamageFunction/]: Couldn't set damage of loot item 0 air
[11May2025 01:55:05.492] [Server thread/INFO] [net.minecraft.server.MinecraftServer/]: lobo3224 was eviscerated by Archevoker's vexes
[11May2025 01:55:19.214] [Server thread/INFO] [net.minecraft.server.MinecraftServer/]: Made lobo3224 a server operator
[11May2025 01:55:24.225] [Server thread/INFO] [net.minecraft.server.MinecraftServer/]: [lobo3224: Teleported lobo3224 to -3878.500000, 72.500000, 2749.500000]
[11May2025 01:55:41.095] [Server thread/INFO] [net.minecraft.server.MinecraftServer/]: Santix15 experienced kinetic energy
[11May2025 01:55:57.001] [Server thread/INFO] [net.minecraft.server.MinecraftServer/]: [lobo3224: Teleported Santix15 to lobo3224]
[11May2025 01:57:00.639] [Server thread/INFO] [net.minecraft.server.MinecraftServer/]: lobo3224 was eviscerated by Archevoker's vexes
[11May2025 01:57:08.548] [Server thread/INFO] [net.minecraft.server.MinecraftServer/]: [lobo3224: Teleported lobo3224 to -3880.500000, 90.500000, 2748.500000]
[11May2025 01:57:23.791] [Server thread/INFO] [net.minecraft.server.MinecraftServer/]: lobo3224 has reached the goal [Quaint Scribe]
[11May2025 01:57:26.827] [Server thread/WARN] [net.minecraft.server.network.ServerGamePacketListenerImpl/]: Santix15 moved wrongly!
[11May2025 01:57:51.092] [Server thread/INFO] [net.minecraft.server.MinecraftServer/]: lobo3224 was eviscerated by Archevoker's vexes
[11May2025 01:57:55.001] [Server thread/INFO] [net.minecraft.server.MinecraftServer/]: [lobo3224: Teleported lobo3224 to -3886.500000, 79.500000, 2715.500000]
[11May2025 01:58:05.192] [Server thread/INFO] [net.minecraft.server.MinecraftServer/]: [lobo3224: Teleported Santix15 to lobo3224]
[11May2025 01:58:57.729] [Server thread/INFO] [net.minecraft.server.MinecraftServer/]: lobo3224 was eviscerated by Archevoker's vexes
[11May2025 01:59:01.254] [Server thread/INFO] [net.minecraft.server.MinecraftServer/]: [lobo3224: Teleported lobo3224 to -3889.500000, 79.500000, 2723.500000]
[11May2025 01:59:09.741] [Netty Epoll Server IO #1/WARN] [com.connectivity.Connectivity/]: Packet:ServerboundAcceptTeleportationPacket  id 0 larger than expected error detected, printing packet and buffer. Stacktrace gets logged after this
[11May2025 01:59:09.742] [Netty Epoll Server IO #1/WARN] [com.connectivity.Connectivity/]: Packet data:
{
  "f_133785_": 28
}
[11May2025 01:59:09.742] [Netty Epoll Server IO #1/WARN] [com.connectivity.Connectivity/]: Packet:PooledUnsafeDirectByteBuf  id 0 data of 48 extra bytes: 
[11May2025 01:59:09.743] [Netty Epoll Server IO #1/WARN] [com.connectivity.Connectivity/]: Packet data:
[
  "fW3{;gB\"~(f\\320Pxf2P?T"
]
[11May2025 02:00:00.236] [Netty Epoll Server IO #4/WARN] [com.connectivity.Connectivity/]: Packet:ServerboundAcceptTeleportationPacket  id 0 larger than expected error detected, printing packet and buffer. Stacktrace gets logged after this
[11May2025 02:00:00.237] [Netty Epoll Server IO #4/WARN] [com.connectivity.Connectivity/]: Packet data:
{
  "f_133785_": 828
}
[11May2025 02:00:00.237] [Netty Epoll Server IO #4/WARN] [com.connectivity.Connectivity/]: Packet:PooledUnsafeDirectByteBuf  id 0 data of 47 extra bytes: 
[11May2025 02:00:00.237] [Netty Epoll Server IO #4/WARN] [com.connectivity.Connectivity/]: Packet data:
[
  "(m^|8,3360cLkdxa"
]
[11May2025 02:00:50.589] [Server thread/INFO] [net.minecraft.server.MinecraftServer/]: lobo3224 was eviscerated by Archevoker's vexes
[11May2025 02:01:01.195] [Server thread/INFO] [net.minecraft.server.MinecraftServer/]: [lobo3224: Teleported lobo3224 to -3888.500000, 79.500000, 2715.500000]
[11May2025 02:03:39.190] [Server thread/INFO] [net.minecraft.server.MinecraftServer/]: lobo3224 went off with a bang thanks to Archevoker
[11May2025 02:04:36.288] [Server thread/INFO] [net.minecraft.server.MinecraftServer/]: lobo3224 was eviscerated by Archevoker's vexes
[11May2025 02:05:18.795] [Server thread/INFO] [net.minecraft.server.MinecraftServer/]: lobo3224 was eviscerated by Archevoker's vexes
[11May2025 02:06:09.390] [Server thread/INFO] [net.minecraft.server.MinecraftServer/]: lobo3224 was slain by Santix15
[11May2025 02:06:11.595] [Netty Epoll Server IO #6/WARN] [com.connectivity.Connectivity/]: Packet:ServerboundAcceptTeleportationPacket  id 0 larger than expected error detected, printing packet and buffer. Stacktrace gets logged after this
[11May2025 02:06:11.596] [Netty Epoll Server IO #6/WARN] [com.connectivity.Connectivity/]: Packet data:
{
  "f_133785_": 107
}
[11May2025 02:06:11.597] [Netty Epoll Server IO #6/WARN] [com.connectivity.Connectivity/]: Packet:PooledUnsafeDirectByteBuf  id 0 data of 48 extra bytes: 
[11May2025 02:06:11.598] [Netty Epoll Server IO #6/WARN] [com.connectivity.Connectivity/]: Packet data:
[
  "-:rRl<m0\\DIE336^dMO{C"
]
[11May2025 02:06:23.040] [Server thread/INFO] [net.minecraft.server.MinecraftServer/]: lobo3224 has completed the challenge [Premium!]
[11May2025 02:06:51.095] [Server thread/INFO] [net.minecraft.server.MinecraftServer/]: Santix15 was eviscerated by Archevoker's vexes
[11May2025 02:06:55.138] [Server thread/INFO] [net.minecraft.server.MinecraftServer/]: lobo3224 was eviscerated by Archevoker's vexes
[11May2025 02:09:38.852] [Netty Epoll Server IO #0/WARN] [com.connectivity.Connectivity/]: Packet:ServerboundAcceptTeleportationPacket  id 0 larger than expected error detected, printing packet and buffer. Stacktrace gets logged after this
[11May2025 02:09:38.852] [Netty Epoll Server IO #0/WARN] [com.connectivity.Connectivity/]: Packet data:
{
  "f_133785_": 11768
}
[11May2025 02:09:38.852] [Netty Epoll Server IO #0/WARN] [com.connectivity.Connectivity/]: Packet:PooledUnsafeDirectByteBuf  id 0 data of 47 extra bytes: 
[11May2025 02:09:38.853] [Netty Epoll Server IO #0/WARN] [com.connectivity.Connectivity/]: Packet data:
[
  "S=5f284~1]5X3203j,n/c"
]
[11May2025 02:09:56.095] [Server thread/INFO] [net.minecraft.server.MinecraftServer/]: Santix15 has made the advancement [Hanging Tree]
[11May2025 02:10:14.845] [Server thread/WARN] [net.minecraft.world.level.storage.loot.functions.SetItemDamageFunction/]: Couldn't set damage of loot item 0 air
[11May2025 02:10:56.244] [Server thread/INFO] [net.minecraft.server.MinecraftServer/]: lobo3224 has made the advancement [Hanging Tree]
[11May2025 02:11:24.670] [Server thread/INFO] [net.minecraft.server.MinecraftServer/]: [lobo3224: Set own game mode to Spectator Mode]
[11May2025 02:11:47.211] [Server thread/INFO] [net.minecraft.server.MinecraftServer/]: [lobo3224: Set own game mode to Survival Mode]
[11May2025 02:13:13.741] [Server thread/WARN] [net.minecraft.server.network.ServerGamePacketListenerImpl/]: Warship (vehicle of lobo3224) moved wrongly! 0.799560546875
[11May2025 02:13:13.796] [Server thread/WARN] [net.minecraft.server.network.ServerGamePacketListenerImpl/]: Warship (vehicle of lobo3224) moved wrongly! 0.799560546875
[11May2025 02:13:13.844] [Server thread/WARN] [net.minecraft.server.network.ServerGamePacketListenerImpl/]: Warship (vehicle of lobo3224) moved wrongly! 0.799560546875
[11May2025 02:13:13.895] [Server thread/WARN] [net.minecraft.server.network.ServerGamePacketListenerImpl/]: Warship (vehicle of lobo3224) moved wrongly! 0.799560546875
[11May2025 02:13:13.895] [Server thread/WARN] [net.minecraft.server.network.ServerGamePacketListenerImpl/]: Warship (vehicle of lobo3224) moved wrongly! 0.799560546875
[11May2025 02:13:13.943] [Server thread/WARN] [net.minecraft.server.network.ServerGamePacketListenerImpl/]: Warship (vehicle of lobo3224) moved wrongly! 0.799560546875
[11May2025 02:13:13.994] [Server thread/WARN] [net.minecraft.server.network.ServerGamePacketListenerImpl/]: Warship (vehicle of lobo3224) moved wrongly! 0.799560546875
[11May2025 02:13:14.092] [Server thread/WARN] [net.minecraft.server.network.ServerGamePacketListenerImpl/]: Warship (vehicle of lobo3224) moved wrongly! 0.799560546875
[11May2025 02:13:44.577] [Netty Epoll Server IO #2/WARN] [com.connectivity.Connectivity/]: Packet:ServerboundAcceptTeleportationPacket  id 0 larger than expected error detected, printing packet and buffer. Stacktrace gets logged after this
[11May2025 02:13:44.577] [Netty Epoll Server IO #2/WARN] [com.connectivity.Connectivity/]: Packet data:
{
  "f_133785_": 175240042
}
[11May2025 02:13:44.577] [Netty Epoll Server IO #2/WARN] [com.connectivity.Connectivity/]: Packet:PooledUnsafeDirectByteBuf  id 0 data of 45 extra bytes: 
[11May2025 02:13:44.578] [Netty Epoll Server IO #2/WARN] [com.connectivity.Connectivity/]: Packet data:
[
  "?{=emK3U'r320bEsB|g"
]
[11May2025 02:16:27.459] [Netty Epoll Server IO #3/WARN] [com.connectivity.Connectivity/]: Packet:ServerboundAcceptTeleportationPacket  id 0 larger than expected error detected, printing packet and buffer. Stacktrace gets logged after this
[11May2025 02:16:27.460] [Netty Epoll Server IO #3/WARN] [com.connectivity.Connectivity/]: Packet data:
{
  "f_133785_": 36
}
[11May2025 02:16:27.460] [Netty Epoll Server IO #3/WARN] [com.connectivity.Connectivity/]: Packet:PooledUnsafeDirectByteBuf  id 0 data of 48 extra bytes: 
[11May2025 02:16:27.460] [Netty Epoll Server IO #3/WARN] [com.connectivity.Connectivity/]: Packet data:
[
  "+$w1=#4^W<0eLP!3304B#+)AE"
]
[11May2025 02:16:35.608] [Server thread/INFO] [net.minecraft.server.MinecraftServer/]: [lobo3224: Teleported lobo3224 to Santix15]
[11May2025 02:17:03.447] [Server thread/INFO] [net.minecraft.world.entity.LivingEntity/]: Named entity Zombie['Drunken Villager'/20960, l='ServerLevel[world]', x=-3814.94, y=41.50, z=2872.57] died: Drunken Villager fell from a high place
[11May2025 02:17:05.690] [Server thread/INFO] [net.minecraft.world.entity.LivingEntity/]: Named entity Zombie['Drunken Villager'/20770, l='ServerLevel[world]', x=-3813.57, y=41.00, z=2871.72] died: Drunken Villager fell from a high place
[11May2025 02:17:23.339] [Server thread/INFO] [net.minecraft.world.entity.npc.Villager/]: Villager Villager['Unemployed'/18619, l='ServerLevel[world]', x=-3833.60, y=63.00, z=2896.94] died, message: 'Unemployed was slain by Wasp'
[11May2025 02:18:20.196] [Server thread/WARN] [net.minecraft.server.network.ServerGamePacketListenerImpl/]: Santix15 moved wrongly!
[11May2025 02:18:21.324] [Netty Epoll Server IO #5/WARN] [com.connectivity.Connectivity/]: Packet:ServerboundAcceptTeleportationPacket  id 0 larger than expected error detected, printing packet and buffer. Stacktrace gets logged after this
[11May2025 02:18:21.324] [Netty Epoll Server IO #5/WARN] [com.connectivity.Connectivity/]: Packet data:
{
  "f_133785_": 7996
}
[11May2025 02:18:21.324] [Netty Epoll Server IO #5/WARN] [com.connectivity.Connectivity/]: Packet:PooledUnsafeDirectByteBuf  id 0 data of 47 extra bytes: 
[11May2025 02:18:21.324] [Netty Epoll Server IO #5/WARN] [com.connectivity.Connectivity/]: Packet data:
[
  "}*vSFh1S320:?;C"
]
[11May2025 02:18:27.641] [Server thread/WARN] [net.minecraft.server.network.ServerGamePacketListenerImpl/]: lobo3224 moved wrongly!
[11May2025 02:18:57.862] [Server thread/INFO] [net.minecraft.server.MinecraftServer/]: lobo3224 was shot by Skeleton
[11May2025 02:24:18.570] [Server thread/WARN] [net.minecraft.server.network.ServerGamePacketListenerImpl/]: Warship (vehicle of lobo3224) moved too quickly! 9.507465471200703,-1.4037353793128204E-5,-3.6227547934240647
[11May2025 02:24:18.570] [Server thread/WARN] [net.minecraft.server.network.ServerGamePacketListenerImpl/]: Warship (vehicle of lobo3224) moved too quickly! 10.064940292941628,-1.504002192120879E-5,-3.83578299157125
[11May2025 02:24:18.570] [Server thread/WARN] [net.minecraft.server.network.ServerGamePacketListenerImpl/]: Warship (vehicle of lobo3224) moved too quickly! 10.60943758139274,-1.6042690049289376E-5,-4.04393206535633
[11May2025 02:24:18.570] [Server thread/WARN] [net.minecraft.server.network.ServerGamePacketListenerImpl/]: Warship (vehicle of lobo3224) moved too quickly! 11.144112256664812,-1.7045358177369963E-5,-4.248405303031177
[11May2025 02:24:18.571] [Server thread/WARN] [net.minecraft.server.network.ServerGamePacketListenerImpl/]: Warship (vehicle of lobo3224) moved too quickly! 11.671658658290653,-1.804802630545055E-5,-4.450230580730931
[11May2025 02:24:18.571] [Server thread/WARN] [net.minecraft.server.network.ServerGamePacketListenerImpl/]: Warship (vehicle of lobo3224) moved too quickly! 12.194372213537918,-1.9050694433531135E-5,-4.6502838327069185
[11May2025 02:24:18.571] [Server thread/WARN] [net.minecraft.server.network.ServerGamePacketListenerImpl/]: Warship (vehicle of lobo3224) moved too quickly! 12.714203008565164,-2.005336256161172E-5,-4.849309441607602
[11May2025 02:24:18.572] [Server thread/WARN] [net.minecraft.server.network.ServerGamePacketListenerImpl/]: Warship (vehicle of lobo3224) moved too quickly! 13.232802335809538,-2.1056030689692307E-5,-5.047937954468125
[11May2025 02:24:18.572] [Server thread/WARN] [net.minecraft.server.network.ServerGamePacketListenerImpl/]: Warship (vehicle of lobo3224) moved too quickly! 13.751563130347677,-2.2058698817772893E-5,-5.246701474409747
[11May2025 02:24:18.573] [Server thread/WARN] [net.minecraft.server.network.ServerGamePacketListenerImpl/]: Warship (vehicle of lobo3224) moved too quickly! 14.27165507867403,-2.306136694585348E-5,-5.446047025387088
[11May2025 02:24:18.573] [Server thread/WARN] [net.minecraft.server.network.ServerGamePacketListenerImpl/]: Warship (vehicle of lobo3224) moved too quickly! 14.794055102302082,-2.4064035073934065E-5,-5.646348158964884
[11May2025 02:24:18.573] [Server thread/WARN] [net.minecraft.server.network.ServerGamePacketListenerImpl/]: Warship (vehicle of lobo3224) moved too quickly! 15.319573828699049,-2.506670320201465E-5,-5.84791502968892
[11May2025 02:24:18.573] [Server thread/WARN] [net.minecraft.server.network.ServerGamePacketListenerImpl/]: Warship (vehicle of lobo3224) moved too quickly! 15.848878573723141,-2.6069371330095237E-5,-6.051003145701543
[11May2025 02:24:18.573] [Server thread/WARN] [net.minecraft.server.network.ServerGamePacketListenerImpl/]: Warship (vehicle of lobo3224) moved too quickly! 16.38251327431999,-2.7072039458175823E-5,-6.255820964128816
[11May2025 02:24:18.574] [Server thread/WARN] [net.minecraft.server.network.ServerGamePacketListenerImpl/]: Warship (vehicle of lobo3224) moved too quickly! 16.920915789754872,-2.807470758625641E-5,-6.462536472039119
[11May2025 02:24:18.574] [Server thread/WARN] [net.minecraft.server.network.ServerGamePacketListenerImpl/]: Warship (vehicle of lobo3224) moved too quickly! 17.464432903606394,-2.9077375714336995E-5,-6.671282902369967
[11May2025 02:24:18.574] [Server thread/WARN] [net.minecraft.server.network.ServerGamePacketListenerImpl/]: Warship (vehicle of lobo3224) moved too quickly! 18.013333338365555,-3.008004384241758E-5,-6.882163690619109
[11May2025 02:24:18.574] [Server thread/WARN] [net.minecraft.server.network.ServerGamePacketListenerImpl/]: Warship (vehicle of lobo3224) moved too quickly! 18.567819026409325,-3.108271197049817E-5,-7.0952567725216795
[11May2025 02:24:18.574] [Server thread/WARN] [net.minecraft.server.network.ServerGamePacketListenerImpl/]: Warship (vehicle of lobo3224) moved too quickly! 19.128034883930013,-3.208538009857875E-5,-7.3106183032437
[11May2025 02:24:18.575] [Server thread/WARN] [net.minecraft.server.network.ServerGamePacketListenerImpl/]: Warship (vehicle of lobo3224) moved too quickly! 19.694077263784948,-3.308804822665934E-5,-7.528285879532177
[11May2025 02:24:18.575] [Server thread/WARN] [net.minecraft.server.network.ServerGamePacketListenerImpl/]: Warship (vehicle of lobo3224) moved too quickly! 20.266001293382033,-3.4090716354739925E-5,-7.748281336586842
[11May2025 02:24:18.575] [Server thread/WARN] [net.minecraft.server.network.ServerGamePacketListenerImpl/]: Warship (vehicle of lobo3224) moved too quickly! 20.84382719234509,-3.509338448282051E-5,-7.970613156366653
[11May2025 02:24:18.575] [Server thread/WARN] [net.minecraft.server.network.ServerGamePacketListenerImpl/]: Warship (vehicle of lobo3224) moved too quickly! 21.42754577254982,-3.60960526109011E-5,-8.195278562155636
[11May2025 02:24:18.576] [Server thread/WARN] [net.minecraft.server.network.ServerGamePacketListenerImpl/]: Warship (vehicle of lobo3224) moved too quickly! 22.017124113208865,-3.709872073898168E-5,-8.422262874607895
[11May2025 02:24:18.577] [Server thread/WARN] [net.minecraft.server.network.ServerGamePacketListenerImpl/]: Warship (vehicle of lobo3224) moved too quickly! 22.612509730191505,-3.810138886706227E-5,-8.651540806834419
[11May2025 02:24:18.577] [Server thread/WARN] [net.minecraft.server.network.ServerGamePacketListenerImpl/]: Warship (vehicle of lobo3224) moved too quickly! 23.213630719767025,-3.9104056995142855E-5,-8.883086599568287
[11May2025 02:24:18.577] [Server thread/WARN] [net.minecraft.server.network.ServerGamePacketListenerImpl/]: Warship (vehicle of lobo3224) moved too quickly! 23.820401205951384,-4.010672512322344E-5,-9.116868985938254
[11May2025 02:24:18.578] [Server thread/WARN] [net.minecraft.server.network.ServerGamePacketListenerImpl/]: Warship (vehicle of lobo3224) moved too quickly! 24.432723929799522,-4.110939325130403E-5,-9.35285219878142
[11May2025 02:24:18.578] [Server thread/WARN] [net.minecraft.server.network.ServerGamePacketListenerImpl/]: Warship (vehicle of lobo3224) moved too quickly! 25.050492486885105,-4.211206137938461E-5,-9.59099684299963
[11May2025 02:24:18.578] [Server thread/WARN] [net.minecraft.server.network.ServerGamePacketListenerImpl/]: Warship (vehicle of lobo3224) moved too quickly! 25.67359423435437,-4.31147295074652E-5,-9.831258140438422
[11May2025 02:24:18.578] [Server thread/WARN] [net.minecraft.server.network.ServerGamePacketListenerImpl/]: Warship (vehicle of lobo3224) moved too quickly! 26.301912100477693,-4.4117397635545785E-5,-10.073586130593867
[11May2025 02:24:18.578] [Server thread/WARN] [net.minecraft.server.network.ServerGamePacketListenerImpl/]: Warship (vehicle of lobo3224) moved too quickly! 26.935322381279548,-4.512006576362637E-5,-10.317935599815883
[11May2025 02:24:18.578] [Server thread/WARN] [net.minecraft.server.network.ServerGamePacketListenerImpl/]: Warship (vehicle of lobo3224) moved too quickly! 27.57369847611244,-4.612273389170696E-5,-10.564259993240285
[11May2025 02:24:18.583] [Server thread/WARN] [net.minecraft.server.MinecraftServer/]: Can't keep up! Is the server overloaded? Running 5453ms or 109 ticks behind
[11May2025 02:24:18.945] [Server thread/WARN] [net.minecraft.server.network.ServerGamePacketListenerImpl/]: Warship (vehicle of lobo3224) moved too quickly! 19.283586235952043,-3.4090716354739925E-5,-7.4090675400821056
[11May2025 02:24:18.988] [Server thread/WARN] [net.minecraft.server.network.ServerGamePacketListenerImpl/]: Warship (vehicle of lobo3224) moved too quickly! 19.924570323162698,-3.509338448282051E-5,-7.6565074557847765
[11May2025 02:24:19.037] [Server thread/WARN] [net.minecraft.server.network.ServerGamePacketListenerImpl/]: Warship (vehicle of lobo3224) moved too quickly! 20.557391081174956,-3.60960526109011E-5,-7.900848109420622
[11May2025 02:24:19.087] [Server thread/WARN] [net.minecraft.server.network.ServerGamePacketListenerImpl/]: Warship (vehicle of lobo3224) moved too quickly! 21.177098465279414,-3.709872073898168E-5,-8.140176733410954
[11May2025 02:24:19.138] [Server thread/WARN] [net.minecraft.server.network.ServerGamePacketListenerImpl/]: Warship (vehicle of lobo3224) moved too quickly! 21.779591710184377,-3.810138886706227E-5,-8.372902159484966
[11May2025 02:24:19.194] [Server thread/WARN] [net.minecraft.server.network.ServerGamePacketListenerImpl/]: Warship (vehicle of lobo3224) moved too quickly! 22.361497868892002,-3.9104056995142855E-5,-8.597720727499564
[11May2025 02:24:19.234] [Server thread/WARN] [net.minecraft.server.network.ServerGamePacketListenerImpl/]: Warship (vehicle of lobo3224) moved too quickly! 22.920072541421632,-4.010672512322344E-5,-8.813570853433703
[11May2025 02:24:19.287] [Server thread/WARN] [net.minecraft.server.network.ServerGamePacketListenerImpl/]: Warship (vehicle of lobo3224) moved too quickly! 23.453113781807133,-4.110939325130403E-5,-9.019593502172484
[11May2025 02:24:19.339] [Server thread/WARN] [net.minecraft.server.network.ServerGamePacketListenerImpl/]: Warship (vehicle of lobo3224) moved too quickly! 23.958880825323376,-4.211206137938461E-5,-9.215114995311524
[11May2025 02:24:19.449] [Server thread/WARN] [net.minecraft.server.network.ServerGamePacketListenerImpl/]: Warship (vehicle of lobo3224) moved too quickly! 24.436032559154683,-4.31147295074652E-5,-9.399608989272565
[11May2025 02:24:19.450] [Server thread/WARN] [net.minecraft.server.network.ServerGamePacketListenerImpl/]: Warship (vehicle of lobo3224) moved too quickly! 24.883565233803893,-4.4117397635545785E-5,-9.572686697568315
[11May2025 02:24:19.476] [Server thread/WARN] [net.minecraft.server.network.ServerGamePacketListenerImpl/]: Warship (vehicle of lobo3224) moved too quickly! 25.30076740662298,-4.512006576362637E-5,-9.73406536729226
[11May2025 02:25:24.233] [Worker-Main-23/ERROR] [net.minecraft.world.entity.decoration.HangingEntity/]: Hanging entity at invalid position: BlockPos{x=8, y=-59, z=79}
[11May2025 02:25:24.239] [Worker-Main-23/ERROR] [net.minecraft.world.entity.decoration.HangingEntity/]: Hanging entity at invalid position: BlockPos{x=8, y=-59, z=99}
[11May2025 02:25:24.239] [Worker-Main-23/ERROR] [net.minecraft.world.entity.decoration.HangingEntity/]: Hanging entity at invalid position: BlockPos{x=8, y=-59, z=103}
[11May2025 02:25:24.239] [Worker-Main-23/ERROR] [net.minecraft.world.entity.decoration.HangingEntity/]: Hanging entity at invalid position: BlockPos{x=8, y=-59, z=107}
[11May2025 02:25:24.239] [Worker-Main-23/ERROR] [net.minecraft.world.entity.decoration.HangingEntity/]: Hanging entity at invalid position: BlockPos{x=8, y=-59, z=111}
[11May2025 02:25:24.243] [Worker-Main-25/ERROR] [net.minecraft.world.entity.decoration.HangingEntity/]: Hanging entity at invalid position: BlockPos{x=8, y=-59, z=83}
[11May2025 02:25:24.243] [Worker-Main-25/ERROR] [net.minecraft.world.entity.decoration.HangingEntity/]: Hanging entity at invalid position: BlockPos{x=8, y=-59, z=87}
[11May2025 02:25:24.244] [Worker-Main-25/ERROR] [net.minecraft.world.entity.decoration.HangingEntity/]: Hanging entity at invalid position: BlockPos{x=8, y=-59, z=91}
[11May2025 02:25:24.244] [Worker-Main-25/ERROR] [net.minecraft.world.entity.decoration.HangingEntity/]: Hanging entity at invalid position: BlockPos{x=8, y=-59, z=95}
[11May2025 02:25:25.108] [Worker-Main-42/ERROR] [net.minecraft.world.entity.decoration.HangingEntity/]: Hanging entity at invalid position: BlockPos{x=8, y=-59, z=115}
[11May2025 02:25:25.108] [Worker-Main-42/ERROR] [net.minecraft.world.entity.decoration.HangingEntity/]: Hanging entity at invalid position: BlockPos{x=8, y=-59, z=119}
[11May2025 02:25:25.108] [Worker-Main-42/ERROR] [net.minecraft.world.entity.decoration.HangingEntity/]: Hanging entity at invalid position: BlockPos{x=8, y=-59, z=123}
[11May2025 02:25:30.787] [Server thread/WARN] [net.minecraft.server.network.ServerGamePacketListenerImpl/]: Warship (vehicle of lobo3224) moved too quickly! 8.82825727864656,-4.7125402019787543E-5,-4.875750254859668
[11May2025 02:25:30.788] [Server thread/WARN] [net.minecraft.server.network.ServerGamePacketListenerImpl/]: Warship (vehicle of lobo3224) moved too quickly! 9.069705435018477,-4.812807014786813E-5,-5.012823009113163
[11May2025 02:25:30.788] [Server thread/WARN] [net.minecraft.server.network.ServerGamePacketListenerImpl/]: Warship (vehicle of lobo3224) moved too quickly! 9.324809368953538,-4.9130738275948715E-5,-5.1577139208579865
[11May2025 02:25:30.788] [Server thread/WARN] [net.minecraft.server.network.ServerGamePacketListenerImpl/]: Warship (vehicle of lobo3224) moved too quickly! 9.59350227222194,-5.01334064040293E-5,-5.310393418676995
[11May2025 02:25:30.788] [Server thread/WARN] [net.minecraft.server.network.ServerGamePacketListenerImpl/]: Warship (vehicle of lobo3224) moved too quickly! 9.875667416458782,-5.113607453210989E-5,-5.470803730453554
[11May2025 02:25:30.788] [Server thread/WARN] [net.minecraft.server.network.ServerGamePacketListenerImpl/]: Warship (vehicle of lobo3224) moved too quickly! 10.171146636377216,-5.2138742660190474E-5,-5.638863617993593
[11May2025 02:25:30.788] [Server thread/WARN] [net.minecraft.server.network.ServerGamePacketListenerImpl/]: Warship (vehicle of lobo3224) moved too quickly! 10.479748900017967,-5.314141078827106E-5,-5.814470243820779
[11May2025 02:25:30.788] [Server thread/WARN] [net.minecraft.server.network.ServerGamePacketListenerImpl/]: Warship (vehicle of lobo3224) moved too quickly! 10.80125555353061,-5.4144078916351646E-5,-5.997504511147781
[11May2025 02:25:30.789] [Server thread/WARN] [net.minecraft.server.network.ServerGamePacketListenerImpl/]: Warship (vehicle of lobo3224) moved too quickly! 11.135423763757899,-5.514674704443223E-5,-6.187837554317866
[11May2025 02:25:30.789] [Server thread/WARN] [net.minecraft.server.network.ServerGamePacketListenerImpl/]: Warship (vehicle of lobo3224) moved too quickly! 11.481994241134544,-5.614941517251282E-5,-6.385327925595448
[11May2025 02:25:30.789] [Server thread/WARN] [net.minecraft.server.network.ServerGamePacketListenerImpl/]: Warship (vehicle of lobo3224) moved too quickly! 11.840694303139117,-5.7152083300593404E-5,-6.589825442351412
[11May2025 02:25:30.789] [Server thread/WARN] [net.minecraft.server.network.ServerGamePacketListenerImpl/]: Warship (vehicle of lobo3224) moved too quickly! 12.211238916057027,-5.815475142867399E-5,-6.801177245115923
[11May2025 02:25:30.789] [Server thread/WARN] [net.minecraft.server.network.ServerGamePacketListenerImpl/]: Warship (vehicle of lobo3224) moved too quickly! 12.593336936987725,-5.9157419556754576E-5,-7.019223580613925
[11May2025 02:25:30.789] [Server thread/WARN] [net.minecraft.server.network.ServerGamePacketListenerImpl/]: Warship (vehicle of lobo3224) moved too quickly! 12.986694130380329,-6.016008768483516E-5,-7.243798256454738
[11May2025 02:25:30.790] [Server thread/WARN] [net.minecraft.server.network.ServerGamePacketListenerImpl/]: Warship (vehicle of lobo3224) moved too quickly! 13.391011795241411,-6.116275581291575E-5,-7.474735918017359
[11May2025 02:25:30.790] [Server thread/WARN] [net.minecraft.server.network.ServerGamePacketListenerImpl/]: Warship (vehicle of lobo3224) moved too quickly! 13.805989255915392,-6.216542394099633E-5,-7.7118718169267595
[11May2025 02:25:30.790] [Server thread/WARN] [net.minecraft.server.network.ServerGamePacketListenerImpl/]: Warship (vehicle of lobo3224) moved too quickly! 14.231328374719851,-6.316809206907692E-5,-7.955037400641686
[11May2025 02:25:30.790] [Server thread/WARN] [net.minecraft.server.network.ServerGamePacketListenerImpl/]: Warship (vehicle of lobo3224) moved too quickly! 14.666731096966942,-6.41707601971575E-5,-8.204067505086641
[11May2025 02:25:30.790] [Server thread/WARN] [net.minecraft.server.network.ServerGamePacketListenerImpl/]: Warship (vehicle of lobo3224) moved too quickly! 15.111901067537929,-6.517342832523809E-5,-8.458799962234934
[11May2025 02:25:30.790] [Server thread/WARN] [net.minecraft.server.network.ServerGamePacketListenerImpl/]: Warship (vehicle of lobo3224) moved too quickly! 15.566547860772516,-6.617609645331868E-5,-8.719070247033414
[11May2025 02:25:30.790] [Server thread/WARN] [net.minecraft.server.network.ServerGamePacketListenerImpl/]: Warship (vehicle of lobo3224) moved too quickly! 16.030385133682103,-6.717876458139926E-5,-8.984716372070125
[11May2025 02:25:30.791] [Server thread/WARN] [net.minecraft.server.network.ServerGamePacketListenerImpl/]: Warship (vehicle of lobo3224) moved too quickly! 16.50313258300548,-6.818143270947985E-5,-9.255576829702022
[11May2025 02:25:30.791] [Server thread/WARN] [net.minecraft.server.network.ServerGamePacketListenerImpl/]: Warship (vehicle of lobo3224) moved too quickly! 16.984516070624068,-6.918410083756044E-5,-9.531491464550072
[11May2025 02:25:30.791] [Server thread/WARN] [net.minecraft.server.network.ServerGamePacketListenerImpl/]: Warship (vehicle of lobo3224) moved too quickly! 17.474264254258742,-7.018676896564102E-5,-9.812308212148764
[11May2025 02:25:30.791] [Server thread/WARN] [net.minecraft.server.network.ServerGamePacketListenerImpl/]: Warship (vehicle of lobo3224) moved too quickly! 17.972111715941082,-7.118943709372161E-5,-10.097878314787067
[11May2025 02:25:30.791] [Server thread/WARN] [net.minecraft.server.network.ServerGamePacketListenerImpl/]: Warship (vehicle of lobo3224) moved too quickly! 18.477800535788447,-7.21921052218022E-5,-10.388054077053766
[11May2025 02:25:30.791] [Server thread/WARN] [net.minecraft.server.network.ServerGamePacketListenerImpl/]: Warship (vehicle of lobo3224) moved too quickly! 18.991080261160732,-7.319477334988278E-5,-10.68268930216982
[11May2025 02:25:30.791] [Server thread/WARN] [net.minecraft.server.network.ServerGamePacketListenerImpl/]: Warship (vehicle of lobo3224) moved too quickly! 19.511705231391716,-7.419744147796337E-5,-10.981644177216822
[11May2025 02:25:30.792] [Server thread/WARN] [net.minecraft.server.network.ServerGamePacketListenerImpl/]: Warship (vehicle of lobo3224) moved too quickly! 20.03943890032906,-7.520010960604395E-5,-11.284777860876147
[11May2025 02:25:30.792] [Server thread/WARN] [net.minecraft.server.network.ServerGamePacketListenerImpl/]: Warship (vehicle of lobo3224) moved too quickly! 20.574050839316897,-7.620277773412454E-5,-11.591953800269039
[11May2025 02:25:30.792] [Server thread/WARN] [net.minecraft.server.network.ServerGamePacketListenerImpl/]: Warship (vehicle of lobo3224) moved too quickly! 21.11531676414097,-7.720544586220512E-5,-11.903039636706126
[11May2025 02:25:30.792] [Server thread/WARN] [net.minecraft.server.network.ServerGamePacketListenerImpl/]: Warship (vehicle of lobo3224) moved too quickly! 21.659793443498984,-7.820811399028571E-5,-12.216052242646128
[11May2025 02:25:30.792] [Server thread/WARN] [net.minecraft.server.network.ServerGamePacketListenerImpl/]: Warship (vehicle of lobo3224) moved too quickly! 22.2045728655753,-7.92107821183663E-5,-12.52931590178514
[11May2025 02:25:30.792] [Server thread/WARN] [net.minecraft.server.network.ServerGamePacketListenerImpl/]: Warship (vehicle of lobo3224) moved too quickly! 22.747209581811603,-8.021345024644688E-5,-12.841420639181706
[11May2025 02:25:30.792] [Server thread/WARN] [net.minecraft.server.network.ServerGamePacketListenerImpl/]: Warship (vehicle of lobo3224) moved too quickly! 23.28565764428322,-8.121611837452747E-5,-13.151186040513494
[11May2025 02:25:30.793] [Server thread/WARN] [net.minecraft.server.network.ServerGamePacketListenerImpl/]: Warship (vehicle of lobo3224) moved too quickly! 23.818216509715057,-8.221878650260805E-5,-13.457628650448441
[11May2025 02:25:30.793] [Server thread/WARN] [net.minecraft.server.network.ServerGamePacketListenerImpl/]: Warship (vehicle of lobo3224) moved too quickly! 24.343484807143795,-8.322145463068864E-5,-13.7599324192106
[11May2025 02:25:30.793] [Server thread/WARN] [net.minecraft.server.network.ServerGamePacketListenerImpl/]: Warship (vehicle of lobo3224) moved too quickly! 24.86031439573344,-8.422412275876923E-5,-14.057433166220562
[11May2025 02:25:30.793] [Server thread/WARN] [net.minecraft.server.network.ServerGamePacketListenerImpl/]: Warship (vehicle of lobo3224) moved too quickly! 25.36777944904088,-8.522679088684981E-5,-14.349589540694069
[11May2025 02:25:30.793] [Server thread/WARN] [net.minecraft.server.network.ServerGamePacketListenerImpl/]: Warship (vehicle of lobo3224) moved too quickly! 25.865140532927853,-8.62294590149304E-5,-14.635973655936596
[11May2025 02:25:30.793] [Server thread/WARN] [net.minecraft.server.network.ServerGamePacketListenerImpl/]: Warship (vehicle of lobo3224) moved too quickly! 26.35182299968301,-8.723212714301098E-5,-14.916246395506732
[11May2025 02:25:30.793] [Server thread/WARN] [net.minecraft.server.network.ServerGamePacketListenerImpl/]: Warship (vehicle of lobo3224) moved too quickly! 26.82739055362981,-8.823479527109157E-5,-15.190149374194789
[11May2025 02:25:30.794] [Server thread/WARN] [net.minecraft.server.network.ServerGamePacketListenerImpl/]: Warship (vehicle of lobo3224) moved too quickly! 27.291525094947247,-8.923746339917216E-5,-15.45749319944889
[11May2025 02:25:30.794] [Server thread/WARN] [net.minecraft.server.network.ServerGamePacketListenerImpl/]: Warship (vehicle of lobo3224) moved too quickly! 27.74400926114822,-9.024013152725274E-5,-15.718147301896806
[11May2025 02:25:30.794] [Server thread/WARN] [net.minecraft.server.network.ServerGamePacketListenerImpl/]: Warship (vehicle of lobo3224) moved too quickly! 28.184711503907693,-9.124279965533333E-5,-15.972030794352122
[11May2025 02:25:30.794] [Server thread/WARN] [net.minecraft.server.network.ServerGamePacketListenerImpl/]: Warship (vehicle of lobo3224) moved too quickly! 28.613574926999263,-9.224546778341391E-5,-16.219101525714905
[11May2025 02:25:30.794] [Server thread/WARN] [net.minecraft.server.network.ServerGamePacketListenerImpl/]: Warship (vehicle of lobo3224) moved too quickly! 29.03060115352764,-9.32481359114945E-5,-16.45935785838401
[11May2025 02:25:30.794] [Server thread/WARN] [net.minecraft.server.network.ServerGamePacketListenerImpl/]: Warship (vehicle of lobo3224) moved too quickly! 29.43584344761075,-9.425080403957509E-5,-16.692827944360943
[11May2025 02:25:30.794] [Server thread/WARN] [net.minecraft.server.network.ServerGamePacketListenerImpl/]: Warship (vehicle of lobo3224) moved too quickly! 29.8294002499797,-9.525347216765567E-5,-16.919561368581526
[11May2025 02:25:30.795] [Server thread/WARN] [net.minecraft.server.network.ServerGamePacketListenerImpl/]: Warship (vehicle of lobo3224) moved too quickly! 30.21140523908116,-9.625614029573626E-5,-17.13962951773874
[11May2025 02:25:30.795] [Server thread/WARN] [net.minecraft.server.network.ServerGamePacketListenerImpl/]: Warship (vehicle of lobo3224) moved too quickly! 30.582019293560734,-9.725880842381684E-5,-17.353124980627854
[11May2025 02:25:30.796] [Server thread/WARN] [net.minecraft.server.network.ServerGamePacketListenerImpl/]: Warship (vehicle of lobo3224) moved too quickly! 30.94142941206337,-9.826147655189743E-5,-17.560150876533044
[11May2025 02:25:30.796] [Server thread/WARN] [net.minecraft.server.network.ServerGamePacketListenerImpl/]: Warship (vehicle of lobo3224) moved too quickly! 31.289841708210133,-9.926414467997802E-5,-17.760822247185843
[11May2025 02:25:30.796] [Server thread/WARN] [net.minecraft.server.network.ServerGamePacketListenerImpl/]: Warship (vehicle of lobo3224) moved too quickly! 31.62747744925946,-1.002668128080586E-4,-17.955263644493698
[11May2025 02:25:30.796] [Server thread/WARN] [net.minecraft.server.network.ServerGamePacketListenerImpl/]: Warship (vehicle of lobo3224) moved too quickly! 31.954569686726245,-1.0126948093613919E-4,-18.143607070165217
[11May2025 02:25:30.796] [Server thread/WARN] [net.minecraft.server.network.ServerGamePacketListenerImpl/]: Warship (vehicle of lobo3224) moved too quickly! 32.27136035525109,-1.0227214906421978E-4,-18.325990205964445
[11May2025 02:25:30.796] [Server thread/WARN] [net.minecraft.server.network.ServerGamePacketListenerImpl/]: Warship (vehicle of lobo3224) moved too quickly! 32.57809783357834,-1.0327481719230036E-4,-18.502554838415563
[11May2025 02:25:30.796] [Server thread/WARN] [net.minecraft.server.network.ServerGamePacketListenerImpl/]: Warship (vehicle of lobo3224) moved too quickly! 32.87503639354463,-1.0427748532038095E-4,-18.673442871689986
[11May2025 02:25:30.797] [Server thread/WARN] [net.minecraft.server.network.ServerGamePacketListenerImpl/]: Warship (vehicle of lobo3224) moved too quickly! 33.162430922694966,-1.0528015344846153E-4,-18.838801294265977
[11May2025 02:25:30.797] [Server thread/WARN] [net.minecraft.server.network.ServerGamePacketListenerImpl/]: Warship (vehicle of lobo3224) moved too quickly! 33.44053736849219,-1.0628282157654212E-4,-18.99877784412365
[11May2025 02:25:30.797] [Server thread/WARN] [net.minecraft.server.network.ServerGamePacketListenerImpl/]: Warship (vehicle of lobo3224) moved too quickly! 33.70961288008448,-1.072854897046227E-4,-19.153517748471586
[11May2025 02:25:30.797] [Server thread/WARN] [net.minecraft.server.network.ServerGamePacketListenerImpl/]: Warship (vehicle of lobo3224) moved too quickly! 33.9699115825033,-1.0828815783270329E-4,-19.303168561868915
[11May2025 02:25:30.797] [Server thread/WARN] [net.minecraft.server.network.ServerGamePacketListenerImpl/]: Warship (vehicle of lobo3224) moved too quickly! 34.22168678546632,-1.0929082596078388E-4,-19.447874196857356
[11May2025 02:25:30.797] [Server thread/WARN] [net.minecraft.server.network.ServerGamePacketListenerImpl/]: Warship (vehicle of lobo3224) moved too quickly! 34.46518858144509,-1.1029349408886446E-4,-19.587777360821747
[11May2025 02:25:30.798] [Server thread/WARN] [net.minecraft.server.network.ServerGamePacketListenerImpl/]: Warship (vehicle of lobo3224) moved too quickly! 34.700663256220196,-1.1129616221694505E-4,-19.723019139879398
[11May2025 02:25:30.798] [Server thread/WARN] [net.minecraft.server.network.ServerGamePacketListenerImpl/]: Warship (vehicle of lobo3224) moved too quickly! 34.92835159529477,-1.1229883034502564E-4,-19.853740773669415
[11May2025 02:25:30.798] [Server thread/WARN] [net.minecraft.server.network.ServerGamePacketListenerImpl/]: Warship (vehicle of lobo3224) moved too quickly! 35.148491196807754,-1.1330149847310622E-4,-19.980078666933878
[11May2025 02:25:30.798] [Server thread/WARN] [net.minecraft.server.network.ServerGamePacketListenerImpl/]: Warship (vehicle of lobo3224) moved too quickly! 35.361314697268426,-1.1430416660118681E-4,-20.102166739507993
[11May2025 02:25:30.798] [Server thread/WARN] [net.minecraft.server.network.ServerGamePacketListenerImpl/]: Warship (vehicle of lobo3224) moved too quickly! 35.56704954670522,-1.153068347292674E-4,-20.220136234130223
[11May2025 02:25:30.801] [Server thread/WARN] [net.minecraft.server.network.ServerGamePacketListenerImpl/]: Warship (vehicle of lobo3224) moved too quickly! 35.76591784543007,-1.1630950285734798E-4,-20.33411554938857
[11May2025 02:25:30.801] [Server thread/WARN] [net.minecraft.server.network.ServerGamePacketListenerImpl/]: Warship (vehicle of lobo3224) moved too quickly! 35.95813727632776,-1.1731217098542857E-4,-20.444228310142535
[11May2025 02:25:30.801] [Server thread/WARN] [net.minecraft.server.network.ServerGamePacketListenerImpl/]: Warship (vehicle of lobo3224) moved too quickly! 36.143918751470665,-1.1831483911350915E-4,-20.55059725519459
[11May2025 02:25:30.802] [Server thread/WARN] [net.minecraft.server.network.ServerGamePacketListenerImpl/]: Warship (vehicle of lobo3224) moved too quickly! 36.323467634425015,-1.1931750724158974E-4,-20.653341998355245
[11May2025 02:25:30.802] [Server thread/WARN] [net.minecraft.server.network.ServerGamePacketListenerImpl/]: Warship (vehicle of lobo3224) moved too quickly! 36.496983724247,-1.2032017536967032E-4,-20.752578988767254
[11May2025 02:25:30.802] [Server thread/WARN] [net.minecraft.server.network.ServerGamePacketListenerImpl/]: Warship (vehicle of lobo3224) moved too quickly! 36.66466219020049,-1.2132284349775091E-4,-20.848419910783377
[11May2025 02:25:30.802] [Server thread/WARN] [net.minecraft.server.network.ServerGamePacketListenerImpl/]: Warship (vehicle of lobo3224) moved too quickly! 36.826691621743066,-1.223255116258315E-4,-20.940975153834188
[11May2025 02:25:30.802] [Server thread/WARN] [net.minecraft.server.network.ServerGamePacketListenerImpl/]: Warship (vehicle of lobo3224) moved too quickly! 36.98002295764036,-1.2332817975391208E-4,-21.028509492603007
[11May2025 02:25:30.802] [Server thread/WARN] [net.minecraft.server.network.ServerGamePacketListenerImpl/]: Warship (vehicle of lobo3224) moved too quickly! 37.122129923744524,-1.2433084788199267E-4,-21.109590015277718
[11May2025 02:25:30.803] [Server thread/WARN] [net.minecraft.server.network.ServerGamePacketListenerImpl/]: Warship (vehicle of lobo3224) moved too quickly! 37.25093836914766,-1.2533351601007325E-4,-21.183041255580065
[11May2025 02:25:30.803] [Server thread/WARN] [net.minecraft.server.network.ServerGamePacketListenerImpl/]: Warship (vehicle of lobo3224) moved too quickly! 37.36476299361311,-1.2633618413815384E-4,-21.24790968678144
[11May2025 02:25:30.803] [Server thread/WARN] [net.minecraft.server.network.ServerGamePacketListenerImpl/]: Warship (vehicle of lobo3224) moved too quickly! 37.46225107945838,-1.2733885226623443E-4,-21.30343534592157
[11May2025 02:25:30.803] [Server thread/WARN] [net.minecraft.server.network.ServerGamePacketListenerImpl/]: Warship (vehicle of lobo3224) moved too quickly! 37.54233708950824,-1.28341520394315E-4,-21.349021247393466
[11May2025 02:25:30.803] [Server thread/WARN] [net.minecraft.server.network.ServerGamePacketListenerImpl/]: Warship (vehicle of lobo3224) moved too quickly! 37.60420088287174,-1.293441885223956E-4,-21.38421112836022
[11May2025 02:25:30.803] [Server thread/WARN] [net.minecraft.server.network.ServerGamePacketListenerImpl/]: Warship (vehicle of lobo3224) moved too quickly! 37.64723216827724,-1.3034685665047618E-4,-21.408668971215775
[11May2025 02:25:30.803] [Server thread/WARN] [net.minecraft.server.network.ServerGamePacketListenerImpl/]: Warship (vehicle of lobo3224) moved too quickly! 37.67100068781656,-1.3134952477855677E-4,-21.422159568744974
[11May2025 02:25:30.804] [Server thread/WARN] [net.minecraft.server.network.ServerGamePacketListenerImpl/]: Warship (vehicle of lobo3224) moved too quickly! 37.67522741729772,-1.3235219290663736E-4,-21.4245369247883
[11May2025 02:25:30.804] [Server thread/WARN] [net.minecraft.server.network.ServerGamePacketListenerImpl/]: Warship (vehicle of lobo3224) moved too quickly! 37.659762904057516,-1.3335486103471794E-4,-21.41572847460884
[11May2025 02:25:30.804] [Server thread/WARN] [net.minecraft.server.network.ServerGamePacketListenerImpl/]: Warship (vehicle of lobo3224) moved too quickly! 37.627558954287906,-1.3435752916279853E-4,-21.39741560243874
[11May2025 02:25:30.804] [Server thread/WARN] [net.minecraft.server.network.ServerGamePacketListenerImpl/]: Warship (vehicle of lobo3224) moved too quickly! 37.58180379128362,-1.3536019729087911E-4,-21.37141115020495
[11May2025 02:25:30.805] [Server thread/WARN] [net.minecraft.server.network.ServerGamePacketListenerImpl/]: Warship (vehicle of lobo3224) moved too quickly! 37.52504145485727,-1.363628654189597E-4,-21.339161767513815
[11May2025 02:25:30.805] [Server thread/WARN] [net.minecraft.server.network.ServerGamePacketListenerImpl/]: Warship (vehicle of lobo3224) moved too quickly! 37.4593075917478,-1.3736553354704029E-4,-21.30182516056493
[11May2025 02:25:30.805] [Server thread/WARN] [net.minecraft.server.network.ServerGamePacketListenerImpl/]: Warship (vehicle of lobo3224) moved too quickly! 37.386235819848935,-1.3836820167512087E-4,-21.26033057481027
[11May2025 02:25:30.805] [Server thread/WARN] [net.minecraft.server.network.ServerGamePacketListenerImpl/]: Warship (vehicle of lobo3224) moved too quickly! 37.30713990561844,-1.3937086980320146E-4,-21.21542836463641
[11May2025 02:25:30.806] [Server thread/WARN] [net.minecraft.server.network.ServerGamePacketListenerImpl/]: Warship (vehicle of lobo3224) moved too quickly! 37.22308226334508,-1.4037353793128204E-4,-21.167721906034785
[11May2025 02:25:30.806] [Server thread/WARN] [net.minecraft.server.network.ServerGamePacketListenerImpl/]: Warship (vehicle of lobo3224) moved too quickly! 37.13492199999746,-1.4137620605936263E-4,-21.11770304768106
[11May2025 02:25:30.806] [Server thread/WARN] [net.minecraft.server.network.ServerGamePacketListenerImpl/]: Warship (vehicle of lobo3224) moved too quickly! 37.043359080128084,-1.4237887418744322E-4,-21.06576887806068
[11May2025 02:25:30.806] [Server thread/WARN] [net.minecraft.server.network.ServerGamePacketListenerImpl/]: Warship (vehicle of lobo3224) moved too quickly! 36.948962736767044,-1.433815423155238E-4,-21.012246411797605
[11May2025 02:25:30.807] [Server thread/WARN] [net.minecraft.server.network.ServerGamePacketListenerImpl/]: Warship (vehicle of lobo3224) moved too quickly! 36.852199267428205,-1.443842104436044E-4,-20.957402698063106
[11May2025 02:25:30.807] [Server thread/WARN] [net.minecraft.server.network.ServerGamePacketListenerImpl/]: Warship (vehicle of lobo3224) moved too quickly! 36.753451612521985,-1.4538687857168497E-4,-20.901457214491984
[11May2025 02:25:30.807] [Server thread/WARN] [net.minecraft.server.network.ServerGamePacketListenerImpl/]: Warship (vehicle of lobo3224) moved too quickly! 36.653036641773724,-1.4638954669976556E-4,-20.84458867377225
[11May2025 02:25:30.834] [Server thread/WARN] [net.minecraft.server.MinecraftServer/]: Can't keep up! Is the server overloaded? Running 7255ms or 145 ticks behind
[11May2025 02:25:30.844] [Server thread/WARN] [net.minecraft.server.network.ServerGamePacketListenerImpl/]: Warship (vehicle of lobo3224) moved too quickly! 27.95074265423864,-1.0126948093613919E-4,-16.04045654631682
[11May2025 02:25:30.890] [Server thread/WARN] [net.minecraft.server.network.ServerGamePacketListenerImpl/]: Warship (vehicle of lobo3224) moved too quickly! 27.847729998567956,-1.0227214906421978E-4,-15.982168489773358
[11May2025 02:25:30.949] [Server thread/WARN] [net.minecraft.server.network.ServerGamePacketListenerImpl/]: Warship (vehicle of lobo3224) moved too quickly! 27.743706860610928,-1.0327481719230036E-4,-15.923336719307372
[11May2025 02:25:30.994] [Server thread/WARN] [net.minecraft.server.network.ServerGamePacketListenerImpl/]: Warship (vehicle of lobo3224) moved too quickly! 27.638822364941916,-1.0427748532038095E-4,-15.864050313377902
[11May2025 02:25:31.085] [Server thread/WARN] [net.minecraft.server.network.ServerGamePacketListenerImpl/]: Warship (vehicle of lobo3224) moved too quickly! 27.533203235840574,-1.0528015344846153E-4,-15.804380725548981
[11May2025 02:25:31.085] [Server thread/WARN] [net.minecraft.server.network.ServerGamePacketListenerImpl/]: Warship (vehicle of lobo3224) moved too quickly! 27.426955410983737,-1.0628282157654212E-4,-15.744388971674653
[11May2025 02:25:31.157] [Server thread/WARN] [net.minecraft.server.network.ServerGamePacketListenerImpl/]: Warship (vehicle of lobo3224) moved too quickly! 27.320168148313314,-1.072854897046227E-4,-15.684126502786512
[11May2025 02:25:31.188] [Server thread/WARN] [net.minecraft.server.network.ServerGamePacketListenerImpl/]: Warship (vehicle of lobo3224) moved too quickly! 27.212915531089493,-1.0828815783270329E-4,-15.623639188048855
[11May2025 02:25:31.242] [Server thread/WARN] [net.minecraft.server.network.ServerGamePacketListenerImpl/]: Warship (vehicle of lobo3224) moved too quickly! 27.105262139125898,-1.0929082596078388E-4,-15.56296260120962
[11May2025 02:25:31.289] [Server thread/WARN] [net.minecraft.server.network.ServerGamePacketListenerImpl/]: Warship (vehicle of lobo3224) moved too quickly! 26.997260942083813,-1.1029349408886446E-4,-15.502130305965693
[11May2025 02:25:31.338] [Server thread/WARN] [net.minecraft.server.network.ServerGamePacketListenerImpl/]: Warship (vehicle of lobo3224) moved too quickly! 26.888958857931357,-1.1129616221694505E-4,-15.441167553247396
[11May2025 02:25:31.389] [Server thread/WARN] [net.minecraft.server.network.ServerGamePacketListenerImpl/]: Warship (vehicle of lobo3224) moved too quickly! 26.78039402661807,-1.1229883034502564E-4,-15.380099244329813
[11May2025 02:25:31.439] [Server thread/WARN] [net.minecraft.server.network.ServerGamePacketListenerImpl/]: Warship (vehicle of lobo3224) moved too quickly! 26.67160088326,-1.1330149847310622E-4,-15.318943314995067
[11May2025 02:25:31.488] [Server thread/WARN] [net.minecraft.server.network.ServerGamePacketListenerImpl/]: Warship (vehicle of lobo3224) moved too quickly! 26.56260703145017,-1.1430416660118681E-4,-15.257718496881353
[11May2025 02:25:31.538] [Server thread/WARN] [net.minecraft.server.network.ServerGamePacketListenerImpl/]: Warship (vehicle of lobo3224) moved too quickly! 26.45343667958923,-1.153068347292674E-4,-15.196439877043304
[11May2025 02:25:31.624] [Server thread/WARN] [net.minecraft.server.network.ServerGamePacketListenerImpl/]: Warship (vehicle of lobo3224) moved too quickly! 26.344110600193744,-1.1630950285734798E-4,-15.135120424831257
[11May2025 02:25:31.640] [Server thread/WARN] [net.minecraft.server.network.ServerGamePacketListenerImpl/]: Warship (vehicle of lobo3224) moved too quickly! 26.23464665608344,-1.1731217098542857E-4,-15.073771311961991
[11May2025 02:25:31.687] [Server thread/WARN] [net.minecraft.server.network.ServerGamePacketListenerImpl/]: Warship (vehicle of lobo3224) moved too quickly! 26.125060218617364,-1.1831483911350915E-4,-15.012402166564243
[11May2025 02:25:32.506] [Worker-Main-42/ERROR] [net.minecraft.world.entity.decoration.HangingEntity/]: Hanging entity at invalid position: BlockPos{x=8, y=-59, z=95}
[11May2025 02:25:32.507] [Worker-Main-42/ERROR] [net.minecraft.world.entity.decoration.HangingEntity/]: Hanging entity at invalid position: BlockPos{x=8, y=-59, z=99}
[11May2025 02:25:32.507] [Worker-Main-42/ERROR] [net.minecraft.world.entity.decoration.HangingEntity/]: Hanging entity at invalid position: BlockPos{x=8, y=-59, z=103}
[11May2025 02:25:32.507] [Worker-Main-42/ERROR] [net.minecraft.world.entity.decoration.HangingEntity/]: Hanging entity at invalid position: BlockPos{x=8, y=-59, z=107}
[11May2025 02:25:32.515] [Worker-Main-42/ERROR] [net.minecraft.world.entity.decoration.HangingEntity/]: Hanging entity at invalid position: BlockPos{x=8, y=-59, z=79}
[11May2025 02:25:32.516] [Worker-Main-42/ERROR] [net.minecraft.world.entity.decoration.HangingEntity/]: Hanging entity at invalid position: BlockPos{x=8, y=-59, z=83}
[11May2025 02:25:32.516] [Worker-Main-42/ERROR] [net.minecraft.world.entity.decoration.HangingEntity/]: Hanging entity at invalid position: BlockPos{x=8, y=-59, z=87}
[11May2025 02:25:32.516] [Worker-Main-42/ERROR] [net.minecraft.world.entity.decoration.HangingEntity/]: Hanging entity at invalid position: BlockPos{x=8, y=-59, z=91}
[11May2025 02:25:32.521] [Worker-Main-42/ERROR] [net.minecraft.world.entity.decoration.HangingEntity/]: Hanging entity at invalid position: BlockPos{x=8, y=-59, z=79}
[11May2025 02:25:32.521] [Worker-Main-42/ERROR] [net.minecraft.world.entity.decoration.HangingEntity/]: Hanging entity at invalid position: BlockPos{x=8, y=-59, z=83}
[11May2025 02:25:32.521] [Worker-Main-42/ERROR] [net.minecraft.world.entity.decoration.HangingEntity/]: Hanging entity at invalid position: BlockPos{x=8, y=-59, z=87}
[11May2025 02:25:32.521] [Worker-Main-42/ERROR] [net.minecraft.world.entity.decoration.HangingEntity/]: Hanging entity at invalid position: BlockPos{x=8, y=-59, z=91}
[11May2025 02:25:32.527] [Worker-Main-42/ERROR] [net.minecraft.world.entity.decoration.HangingEntity/]: Hanging entity at invalid position: BlockPos{x=8, y=-59, z=95}
[11May2025 02:25:32.529] [Worker-Main-42/ERROR] [net.minecraft.world.entity.decoration.HangingEntity/]: Hanging entity at invalid position: BlockPos{x=8, y=-59, z=99}
[11May2025 02:25:32.529] [Worker-Main-42/ERROR] [net.minecraft.world.entity.decoration.HangingEntity/]: Hanging entity at invalid position: BlockPos{x=8, y=-59, z=103}
[11May2025 02:25:32.530] [Worker-Main-42/ERROR] [net.minecraft.world.entity.decoration.HangingEntity/]: Hanging entity at invalid position: BlockPos{x=8, y=-59, z=107}
[11May2025 02:25:32.596] [Worker-Main-25/ERROR] [net.minecraft.world.entity.decoration.HangingEntity/]: Hanging entity at invalid position: BlockPos{x=8, y=-59, z=111}
[11May2025 02:25:32.597] [Worker-Main-25/ERROR] [net.minecraft.world.entity.decoration.HangingEntity/]: Hanging entity at invalid position: BlockPos{x=8, y=-59, z=115}
[11May2025 02:25:32.597] [Worker-Main-25/ERROR] [net.minecraft.world.entity.decoration.HangingEntity/]: Hanging entity at invalid position: BlockPos{x=8, y=-59, z=119}
[11May2025 02:25:32.597] [Worker-Main-25/ERROR] [net.minecraft.world.entity.decoration.HangingEntity/]: Hanging entity at invalid position: BlockPos{x=8, y=-59, z=123}
[11May2025 02:25:33.196] [Worker-Main-42/ERROR] [net.minecraft.world.entity.decoration.HangingEntity/]: Hanging entity at invalid position: BlockPos{x=8, y=-59, z=111}
[11May2025 02:25:33.196] [Worker-Main-42/ERROR] [net.minecraft.world.entity.decoration.HangingEntity/]: Hanging entity at invalid position: BlockPos{x=8, y=-59, z=115}
[11May2025 02:25:33.196] [Worker-Main-42/ERROR] [net.minecraft.world.entity.decoration.HangingEntity/]: Hanging entity at invalid position: BlockPos{x=8, y=-59, z=119}
[11May2025 02:25:33.196] [Worker-Main-42/ERROR] [net.minecraft.world.entity.decoration.HangingEntity/]: Hanging entity at invalid position: BlockPos{x=8, y=-59, z=123}
[11May2025 02:25:33.199] [Worker-Main-42/ERROR] [net.minecraft.world.entity.decoration.HangingEntity/]: Hanging entity at invalid position: BlockPos{x=8, y=-59, z=111}
[11May2025 02:25:33.199] [Worker-Main-42/ERROR] [net.minecraft.world.entity.decoration.HangingEntity/]: Hanging entity at invalid position: BlockPos{x=8, y=-59, z=115}
[11May2025 02:25:33.200] [Worker-Main-42/ERROR] [net.minecraft.world.entity.decoration.HangingEntity/]: Hanging entity at invalid position: BlockPos{x=8, y=-59, z=119}
[11May2025 02:25:33.200] [Worker-Main-42/ERROR] [net.minecraft.world.entity.decoration.HangingEntity/]: Hanging entity at invalid position: BlockPos{x=8, y=-59, z=123}
[11May2025 02:25:33.616] [Worker-Main-25/ERROR] [net.minecraft.world.entity.decoration.HangingEntity/]: Hanging entity at invalid position: BlockPos{x=8, y=-59, z=95}
[11May2025 02:25:33.617] [Worker-Main-25/ERROR] [net.minecraft.world.entity.decoration.HangingEntity/]: Hanging entity at invalid position: BlockPos{x=8, y=-59, z=99}
[11May2025 02:25:33.617] [Worker-Main-25/ERROR] [net.minecraft.world.entity.decoration.HangingEntity/]: Hanging entity at invalid position: BlockPos{x=8, y=-59, z=103}
[11May2025 02:25:33.617] [Worker-Main-25/ERROR] [net.minecraft.world.entity.decoration.HangingEntity/]: Hanging entity at invalid position: BlockPos{x=8, y=-59, z=107}
[11May2025 02:25:42.954] [Worker-Main-25/ERROR] [net.minecraft.world.entity.decoration.HangingEntity/]: Hanging entity at invalid position: BlockPos{x=8, y=-59, z=111}
[11May2025 02:25:42.954] [Worker-Main-25/ERROR] [net.minecraft.world.entity.decoration.HangingEntity/]: Hanging entity at invalid position: BlockPos{x=8, y=-59, z=115}
[11May2025 02:25:42.954] [Worker-Main-25/ERROR] [net.minecraft.world.entity.decoration.HangingEntity/]: Hanging entity at invalid position: BlockPos{x=8, y=-59, z=119}
[11May2025 02:25:42.955] [Worker-Main-25/ERROR] [net.minecraft.world.entity.decoration.HangingEntity/]: Hanging entity at invalid position: BlockPos{x=8, y=-59, z=123}
[11May2025 02:25:43.059] [Worker-Main-23/ERROR] [net.minecraft.world.entity.decoration.HangingEntity/]: Hanging entity at invalid position: BlockPos{x=8, y=-59, z=95}
[11May2025 02:25:43.059] [Worker-Main-23/ERROR] [net.minecraft.world.entity.decoration.HangingEntity/]: Hanging entity at invalid position: BlockPos{x=8, y=-59, z=99}
[11May2025 02:25:43.059] [Worker-Main-23/ERROR] [net.minecraft.world.entity.decoration.HangingEntity/]: Hanging entity at invalid position: BlockPos{x=8, y=-59, z=103}
[11May2025 02:25:43.060] [Worker-Main-23/ERROR] [net.minecraft.world.entity.decoration.HangingEntity/]: Hanging entity at invalid position: BlockPos{x=8, y=-59, z=107}
[11May2025 02:25:43.063] [Worker-Main-23/ERROR] [net.minecraft.world.entity.decoration.HangingEntity/]: Hanging entity at invalid position: BlockPos{x=8, y=-59, z=79}
[11May2025 02:25:43.064] [Worker-Main-23/ERROR] [net.minecraft.world.entity.decoration.HangingEntity/]: Hanging entity at invalid position: BlockPos{x=8, y=-59, z=83}
[11May2025 02:25:43.064] [Worker-Main-23/ERROR] [net.minecraft.world.entity.decoration.HangingEntity/]: Hanging entity at invalid position: BlockPos{x=8, y=-59, z=87}
[11May2025 02:25:43.064] [Worker-Main-23/ERROR] [net.minecraft.world.entity.decoration.HangingEntity/]: Hanging entity at invalid position: BlockPos{x=8, y=-59, z=91}
[11May2025 02:26:02.022] [Server thread/WARN] [net.minecraft.server.network.ServerGamePacketListenerImpl/]: lobo3224 moved wrongly!
[11May2025 02:26:12.594] [Server thread/INFO] [net.minecraft.server.MinecraftServer/]: lobo3224 has made the advancement [Hunt and Gather]
[11May2025 02:29:38.702] [Server thread/INFO] [net.minecraft.server.MinecraftServer/]: [lobo3224: Teleported lobo3224 to Santix15]
[11May2025 02:31:04.205] [Server thread/INFO] [net.minecraft.server.MinecraftServer/]: lobo3224 was doomed to fall by Archevoker
[11May2025 02:31:11.047] [Server thread/INFO] [net.minecraft.server.MinecraftServer/]: [lobo3224: Teleported lobo3224 to -1101.500000, 84.500000, 1654.500000]
[11May2025 02:31:56.513] [Server thread/INFO] [net.minecraft.server.MinecraftServer/]: lobo3224 was slain by Vex
[11May2025 02:32:00.354] [Server thread/INFO] [net.minecraft.server.MinecraftServer/]: [lobo3224: Teleported lobo3224 to -1085.500000, 73.500000, 1662.500000]
[11May2025 02:32:10.496] [Server thread/INFO] [net.minecraft.server.MinecraftServer/]: [lobo3224: Teleported Santix15 to lobo3224]
[11May2025 02:33:38.392] [Server thread/INFO] [net.minecraft.server.MinecraftServer/]: [lobo3224: Teleported Santix15 to lobo3224]
[11May2025 02:34:38.303] [Server thread/INFO] [net.minecraft.server.MinecraftServer/]: lobo3224 was shot by Pillager
[11May2025 02:34:42.001] [Server thread/INFO] [net.minecraft.server.MinecraftServer/]: [lobo3224: Teleported lobo3224 to -1069.500000, 75.500000, 1652.500000]
[11May2025 02:35:04.047] [Server thread/INFO] [net.minecraft.server.MinecraftServer/]: lobo3224 was slain by Ravager
[11May2025 02:35:08.116] [Server thread/INFO] [net.minecraft.server.MinecraftServer/]: [lobo3224: Teleported lobo3224 to -1085.500000, 72.500000, 1671.500000]
[11May2025 02:35:15.798] [Server thread/INFO] [net.minecraft.server.MinecraftServer/]: [lobo3224: Teleported lobo3224 to -1085.500000, 72.500000, 1671.500000]
[11May2025 02:35:53.790] [Server thread/INFO] [net.minecraft.server.MinecraftServer/]: lobo3224 has reached the goal [Postmortal]
[11May2025 02:36:03.591] [Server thread/INFO] [net.minecraft.server.MinecraftServer/]: lobo3224 was slain by Vex
[11May2025 02:36:08.526] [Server thread/INFO] [net.minecraft.server.MinecraftServer/]: [lobo3224: Teleported lobo3224 to -1068.500000, 72.500000, 1658.500000]
[11May2025 02:36:09.695] [Server thread/INFO] [net.minecraft.server.MinecraftServer/]: Santix15 was shot by Pillager
[11May2025 02:36:33.377] [Server thread/INFO] [net.minecraft.server.MinecraftServer/]: lobo3224 was slain by Vex
[11May2025 02:36:38.328] [Server thread/INFO] [net.minecraft.server.MinecraftServer/]: [lobo3224: Set own game mode to Creative Mode]
[11May2025 02:36:43.823] [Server thread/INFO] [net.minecraft.server.MinecraftServer/]: [lobo3224: Teleported lobo3224 to -1084.500000, 84.500000, 1652.500000]
[11May2025 02:36:56.903] [Netty Epoll Server IO #7/WARN] [com.connectivity.Connectivity/]: Packet:ServerboundAcceptTeleportationPacket  id 0 larger than expected error detected, printing packet and buffer. Stacktrace gets logged after this
[11May2025 02:36:56.903] [Netty Epoll Server IO #7/WARN] [com.connectivity.Connectivity/]: Packet data:
{
  "f_133785_": 49
}
[11May2025 02:36:56.903] [Netty Epoll Server IO #7/WARN] [com.connectivity.Connectivity/]: Packet:PooledUnsafeDirectByteBuf  id 0 data of 48 extra bytes: 
[11May2025 02:36:56.904] [Netty Epoll Server IO #7/WARN] [com.connectivity.Connectivity/]: Packet data:
[
  "?d#GJKg4.h7`6n3206[D@"
]
[11May2025 02:37:00.526] [Server thread/INFO] [net.minecraft.server.MinecraftServer/]: [lobo3224: Teleported Santix15 to lobo3224]
[11May2025 02:37:24.892] [Server thread/INFO] [net.minecraft.server.MinecraftServer/]: [lobo3224: Set own game mode to Survival Mode]
[11May2025 02:38:07.738] [Server thread/INFO] [net.minecraft.server.MinecraftServer/]: lobo3224 was slain by Vindicator
[11May2025 02:38:11.725] [Server thread/INFO] [net.minecraft.server.MinecraftServer/]: [lobo3224: Teleported lobo3224 to -1085.500000, 79.500000, 1654.500000]
[11May2025 02:38:34.246] [Server thread/INFO] [net.minecraft.server.MinecraftServer/]: lobo3224 was slain by Vindicator
[11May2025 02:38:39.657] [Server thread/INFO] [net.minecraft.server.MinecraftServer/]: [lobo3224: Teleported lobo3224 to -1083.500000, 81.500000, 1652.500000]
[11May2025 02:41:04.459] [Worker-Main-23/ERROR] [net.minecraft.world.entity.decoration.HangingEntity/]: Hanging entity at invalid position: BlockPos{x=-99, y=-32, z=-208}
[11May2025 02:41:06.174] [Worker-Main-42/ERROR] [net.minecraft.world.entity.decoration.HangingEntity/]: Hanging entity at invalid position: BlockPos{x=-106, y=-32, z=-216}
[11May2025 02:43:12.193] [Server thread/INFO] [net.minecraft.world.entity.npc.Villager/]: Villager Villager['Oceanographer'/36219, l='ServerLevel[world]', x=-339.98, y=99.00, z=1816.70] died, message: 'Oceanographer was slain by Vindicator'
[11May2025 02:43:12.245] [Server thread/INFO] [net.minecraft.world.entity.npc.Villager/]: Villager Villager['Oceanographer'/36243, l='ServerLevel[world]', x=-340.70, y=99.00, z=1816.66] died, message: 'Oceanographer was slain by Vindicator'
[11May2025 02:43:13.243] [Server thread/INFO] [net.minecraft.world.entity.npc.Villager/]: Villager Villager['Oceanographer'/36222, l='ServerLevel[world]', x=-339.47, y=98.94, z=1816.70] died, message: 'Oceanographer was slain by Vindicator'
[11May2025 02:43:15.245] [Server thread/INFO] [net.minecraft.world.entity.npc.Villager/]: Villager Villager['Unemployed'/36247, l='ServerLevel[world]', x=-340.49, y=99.00, z=1817.40] died, message: 'Unemployed was slain by Vindicator'
[11May2025 02:43:17.794] [Server thread/INFO] [net.minecraft.world.entity.npc.Villager/]: Villager Villager['Forester'/36242, l='ServerLevel[world]', x=-338.70, y=98.94, z=1816.73] died, message: 'Forester was slain by Vindicator'
[11May2025 02:43:18.443] [Server thread/INFO] [net.minecraft.world.entity.npc.Villager/]: Villager Villager['Oceanographer'/36218, l='ServerLevel[world]', x=-338.70, y=98.94, z=1816.72] died, message: 'Oceanographer was slain by Vindicator'
[11May2025 02:43:22.924] [Server thread/WARN] [net.minecraft.server.network.ServerGamePacketListenerImpl/]: lobo3224 moved wrongly!
[11May2025 02:43:25.952] [Netty Epoll Server IO #1/WARN] [com.connectivity.Connectivity/]: Packet:ServerboundAcceptTeleportationPacket  id 0 larger than expected error detected, printing packet and buffer. Stacktrace gets logged after this
[11May2025 02:43:25.952] [Netty Epoll Server IO #1/WARN] [com.connectivity.Connectivity/]: Packet data:
{
  "f_133785_": 48
}
[11May2025 02:43:25.952] [Netty Epoll Server IO #1/WARN] [com.connectivity.Connectivity/]: Packet:PooledUnsafeDirectByteBuf  id 0 data of 48 extra bytes: 
[11May2025 02:43:25.953] [Netty Epoll Server IO #1/WARN] [com.connectivity.Connectivity/]: Packet data:
[
  "`J9Pz]\\0336nn5$W"
]
[11May2025 02:44:44.180] [Server thread/INFO] [net.minecraft.server.commands.LocateCommand/]: Locating element minecraft:ruined_portal took 5 ms
[11May2025 02:46:20.545] [Server thread/INFO] [net.minecraft.server.commands.LocateCommand/]: Locating element minecraft:ruined_portal took 0 ms
[11May2025 02:47:41.547] [Server thread/INFO] [net.minecraft.server.commands.LocateCommand/]: Locating element minecraft:ruined_portal took 0 ms
[11May2025 02:48:09.198] [Server thread/INFO] [net.minecraft.server.commands.LocateCommand/]: Locating element minecraft:ruined_portal took 0 ms
[11May2025 02:48:57.038] [Server thread/INFO] [net.minecraft.server.MinecraftServer/]: [lobo3224: Teleported lobo3224 to -527.500000, 79.000000, 304.500000]
[11May2025 02:49:22.649] [Server thread/INFO] [net.minecraft.server.MinecraftServer/]: [lobo3224: Set own game mode to Spectator Mode]
[11May2025 02:49:29.693] [Server thread/INFO] [net.minecraft.server.MinecraftServer/]: [lobo3224: Set own game mode to Survival Mode]
[11May2025 02:50:03.593] [Server thread/INFO] [net.minecraft.server.MinecraftServer/]: Santix15 has reached the goal [When the Stew is Sus]
[11May2025 02:50:19.294] [Server thread/INFO] [net.minecraft.server.MinecraftServer/]: [lobo3224: Teleported lobo3224 to Santix15]
[11May2025 02:50:26.911] [Server thread/INFO] [net.minecraft.server.MinecraftServer/]: [lobo3224: Made lobo3224 no longer a server operator]
[11May2025 02:50:34.740] [Server thread/INFO] [net.minecraft.server.MinecraftServer/]: lobo3224 has reached the goal [When the Stew is Sus]
[11May2025 02:52:51.016] [Server thread/INFO] [net.minecraft.server.MinecraftServer/]: lobo3224 has reached the goal [New Age Librarian]
[11May2025 02:55:37.798] [Netty Epoll Server IO #3/WARN] [com.connectivity.Connectivity/]: Packet:ServerboundAcceptTeleportationPacket  id 0 larger than expected error detected, printing packet and buffer. Stacktrace gets logged after this
[11May2025 02:55:37.799] [Netty Epoll Server IO #3/WARN] [com.connectivity.Connectivity/]: Packet data:
{
  "f_133785_": 1179022
}
[11May2025 02:55:37.799] [Netty Epoll Server IO #3/WARN] [com.connectivity.Connectivity/]: Packet:PooledUnsafeDirectByteBuf  id 0 data of 46 extra bytes: 
[11May2025 02:55:37.799] [Netty Epoll Server IO #3/WARN] [com.connectivity.Connectivity/]: Packet data:
[
  "'|@@V\"-320Rho~h"
]
[11May2025 02:55:39.773] [Server thread/WARN] [net.minecraft.server.network.ServerGamePacketListenerImpl/]: Santix15 moved wrongly!
[11May2025 02:55:43.379] [Netty Epoll Server IO #5/WARN] [com.connectivity.Connectivity/]: Packet:ServerboundAcceptTeleportationPacket  id 0 larger than expected error detected, printing packet and buffer. Stacktrace gets logged after this
[11May2025 02:55:43.380] [Netty Epoll Server IO #5/WARN] [com.connectivity.Connectivity/]: Packet data:
{
  "f_133785_": 1465212
}
[11May2025 02:55:43.380] [Netty Epoll Server IO #5/WARN] [com.connectivity.Connectivity/]: Packet:PooledUnsafeDirectByteBuf  id 0 data of 46 extra bytes: 
[11May2025 02:55:43.380] [Netty Epoll Server IO #5/WARN] [com.connectivity.Connectivity/]: Packet data:
[
  "pvH(Js8Mc^0QA336HK<7"
]
[11May2025 02:56:30.888] [Server thread/INFO] [net.minecraft.server.MinecraftServer/]: lobo3224 was slain by Equestrian
[11May2025 02:56:52.050] [Server thread/INFO] [net.minecraft.server.MinecraftServer/]: Made lobo3224 a server operator
[11May2025 02:56:56.446] [Server thread/INFO] [net.minecraft.server.MinecraftServer/]: [lobo3224: Teleported lobo3224 to -267.500000, 68.500000, 1069.500000]
[11May2025 02:57:01.698] [Server thread/INFO] [net.minecraft.server.MinecraftServer/]: [lobo3224: Made lobo3224 no longer a server operator]
[11May2025 02:58:36.298] [Server thread/INFO] [net.minecraft.server.MinecraftServer/]: lobo3224 was slain by Door Knight
[11May2025 02:59:16.951] [Server thread/INFO] [net.minecraft.server.MinecraftServer/]: Teleported lobo3224 to Santix15
[11May2025 03:04:21.590] [Server thread/INFO] [net.minecraft.server.MinecraftServer/]: lobo3224 has made the advancement [Magery]
[11May2025 03:07:04.938] [Server thread/INFO] [net.minecraft.server.MinecraftServer/]: lobo3224 hit the ground too hard
[11May2025 03:07:29.899] [Server thread/INFO] [net.minecraft.server.MinecraftServer/]: Teleported lobo3224 to Santix15
[11May2025 03:08:03.937] [Netty Epoll Server IO #7/WARN] [com.connectivity.Connectivity/]: Packet:ServerboundAcceptTeleportationPacket  id 0 larger than expected error detected, printing packet and buffer. Stacktrace gets logged after this
[11May2025 03:08:03.938] [Netty Epoll Server IO #7/WARN] [com.connectivity.Connectivity/]: Packet data:
{
  "f_133785_": 65
}
[11May2025 03:08:03.938] [Netty Epoll Server IO #7/WARN] [com.connectivity.Connectivity/]: Packet:PooledUnsafeDirectByteBuf  id 0 data of 48 extra bytes: 
[11May2025 03:08:03.939] [Netty Epoll Server IO #7/WARN] [com.connectivity.Connectivity/]: Packet data:
[
  "h^:{X0e$h,}[))304tAx"
]
[11May2025 03:08:34.538] [Server thread/WARN] [net.minecraft.world.level.storage.loot.functions.SetItemDamageFunction/]: Couldn't set damage of loot item 0 air
[11May2025 03:09:42.473] [Server thread/WARN] [net.minecraft.server.network.ServerGamePacketListenerImpl/]: lobo3224 moved wrongly!
[11May2025 03:11:38.946] [Server thread/INFO] [net.minecraft.server.MinecraftServer/]: lobo3224 hit the ground too hard
[11May2025 03:11:52.499] [Server thread/INFO] [net.minecraft.server.MinecraftServer/]: Made lobo3224 a server operator
[11May2025 03:11:58.456] [Server thread/INFO] [net.minecraft.server.MinecraftServer/]: [lobo3224: Teleported lobo3224 to -348.500000, -8.500000, 1146.500000]
[11May2025 03:12:07.453] [Server thread/WARN] [net.minecraft.server.network.ServerGamePacketListenerImpl/]: Automobile (vehicle of Santix15) moved wrongly! 0.5361840309064974
[11May2025 03:12:07.543] [Server thread/WARN] [net.minecraft.server.network.ServerGamePacketListenerImpl/]: Automobile (vehicle of Santix15) moved wrongly! 0.6000000238418579
[11May2025 03:12:09.615] [Server thread/INFO] [net.minecraft.server.MinecraftServer/]: [lobo3224: Made lobo3224 no longer a server operator]
[11May2025 03:14:19.132] [Netty Epoll Server IO #2/WARN] [com.connectivity.Connectivity/]: Packet:ServerboundAcceptTeleportationPacket  id 0 larger than expected error detected, printing packet and buffer. Stacktrace gets logged after this
[11May2025 03:14:19.133] [Netty Epoll Server IO #2/WARN] [com.connectivity.Connectivity/]: Packet data:
{
  "f_133785_": 127
}
[11May2025 03:14:19.133] [Netty Epoll Server IO #2/WARN] [com.connectivity.Connectivity/]: Packet:PooledUnsafeDirectByteBuf  id 0 data of 48 extra bytes: 
[11May2025 03:14:19.133] [Netty Epoll Server IO #2/WARN] [com.connectivity.Connectivity/]: Packet data:
[
  "[SI\"]8PPMAoCJfY336E%6:zhI"
]
[11May2025 03:20:31.904] [Netty Epoll Server IO #5/WARN] [com.connectivity.Connectivity/]: Packet:ServerboundAcceptTeleportationPacket  id 0 larger than expected error detected, printing packet and buffer. Stacktrace gets logged after this
[11May2025 03:20:31.905] [Netty Epoll Server IO #5/WARN] [com.connectivity.Connectivity/]: Packet data:
{
  "f_133785_": 895962
}
[11May2025 03:20:31.905] [Netty Epoll Server IO #5/WARN] [com.connectivity.Connectivity/]: Packet:PooledUnsafeDirectByteBuf  id 0 data of 46 extra bytes: 
[11May2025 03:20:31.905] [Netty Epoll Server IO #5/WARN] [com.connectivity.Connectivity/]: Packet data:
[
  "DIbBRE o336.ZO>\"+Ln"
]
[11May2025 03:20:53.431] [Netty Epoll Server IO #7/WARN] [com.connectivity.Connectivity/]: Packet:ServerboundAcceptTeleportationPacket  id 0 larger than expected error detected, printing packet and buffer. Stacktrace gets logged after this
[11May2025 03:20:53.431] [Netty Epoll Server IO #7/WARN] [com.connectivity.Connectivity/]: Packet data:
{
  "f_133785_": 1936497
}
[11May2025 03:20:53.431] [Netty Epoll Server IO #7/WARN] [com.connectivity.Connectivity/]: Packet:PooledUnsafeDirectByteBuf  id 0 data of 46 extra bytes: 
[11May2025 03:20:53.431] [Netty Epoll Server IO #7/WARN] [com.connectivity.Connectivity/]: Packet data:
[
  "n(%Z=,Fm\"Ne336i4pvw&"
]
[11May2025 03:22:04.326] [Netty Epoll Server IO #1/WARN] [com.connectivity.Connectivity/]: Packet:ServerboundBlockEntityTagQuery  id 1 larger than expected error detected, printing packet and buffer. Stacktrace gets logged after this
[11May2025 03:22:04.326] [Netty Epoll Server IO #1/WARN] [com.connectivity.Connectivity/]: Packet data:
{
  "f_133798_": 1,
  "f_133799_": "BlockPos{x=2622464, y=938, z=1073200}"
}
[11May2025 03:22:04.326] [Netty Epoll Server IO #1/WARN] [com.connectivity.Connectivity/]: Packet:PooledUnsafeDirectByteBuf  id 1 data of 11 extra bytes: 
[11May2025 03:22:04.327] [Netty Epoll Server IO #1/WARN] [com.connectivity.Connectivity/]: Packet data:
[
  "<partial numeric data>",
  "[-109, 84, 56, 57, -61, -109, -13, 0, -69, -78, 44]"
]
[11May2025 03:22:05.769] [Netty Epoll Server IO #2/WARN] [com.connectivity.Connectivity/]: Packet:ServerboundBlockEntityTagQuery  id 1 larger than expected error detected, printing packet and buffer. Stacktrace gets logged after this
[11May2025 03:22:05.770] [Netty Epoll Server IO #2/WARN] [com.connectivity.Connectivity/]: Packet data:
{
  "f_133798_": 1,
  "f_133799_": "BlockPos{x=2622464, y=788, z=1073200}"
}
[11May2025 03:22:05.770] [Netty Epoll Server IO #2/WARN] [com.connectivity.Connectivity/]: Packet:PooledUnsafeDirectByteBuf  id 1 data of 11 extra bytes: 
[11May2025 03:22:05.770] [Netty Epoll Server IO #2/WARN] [com.connectivity.Connectivity/]: Packet data:
[
  "<partial numeric data>",
  "[-31, -40, 7, 64, 40, 31, -94, -120, 24, 3, -41]"
]
[11May2025 03:22:06.537] [Netty Epoll Server IO #3/WARN] [com.connectivity.Connectivity/]: Packet:ServerboundBlockEntityTagQuery  id 1 larger than expected error detected, printing packet and buffer. Stacktrace gets logged after this
[11May2025 03:22:06.537] [Netty Epoll Server IO #3/WARN] [com.connectivity.Connectivity/]: Packet data:
{
  "f_133798_": 1,
  "f_133799_": "BlockPos{x=2622464, y=804, z=1073200}"
}
[11May2025 03:22:06.537] [Netty Epoll Server IO #3/WARN] [com.connectivity.Connectivity/]: Packet:PooledUnsafeDirectByteBuf  id 1 data of 11 extra bytes: 
[11May2025 03:22:06.537] [Netty Epoll Server IO #3/WARN] [com.connectivity.Connectivity/]: Packet data:
[
  "<partial numeric data>",
  "[-35, 1, 24, -52, -72, 67, 73, -61, -52, 118, 33]"
]
[11May2025 03:22:06.676] [Netty Epoll Server IO #4/WARN] [com.connectivity.Connectivity/]: Packet:ServerboundBlockEntityTagQuery  id 1 larger than expected error detected, printing packet and buffer. Stacktrace gets logged after this
[11May2025 03:22:06.676] [Netty Epoll Server IO #4/WARN] [com.connectivity.Connectivity/]: Packet data:
{
  "f_133798_": 1,
  "f_133799_": "BlockPos{x=2622464, y=1013, z=1073200}"
}
[11May2025 03:22:06.676] [Netty Epoll Server IO #4/WARN] [com.connectivity.Connectivity/]: Packet:PooledUnsafeDirectByteBuf  id 1 data of 11 extra bytes: 
[11May2025 03:22:06.676] [Netty Epoll Server IO #4/WARN] [com.connectivity.Connectivity/]: Packet data:
[
  "<partial numeric data>",
  "[-105, -12, 31, -114, 95, 104, 7, 60, 23, -83, -115]"
]
[11May2025 03:22:06.760] [Netty Epoll Server IO #5/WARN] [com.connectivity.Connectivity/]: Packet:ServerboundBlockEntityTagQuery  id 1 larger than expected error detected, printing packet and buffer. Stacktrace gets logged after this
[11May2025 03:22:06.761] [Netty Epoll Server IO #5/WARN] [com.connectivity.Connectivity/]: Packet data:
{
  "f_133798_": 1,
  "f_133799_": "BlockPos{x=2622464, y=781, z=1073200}"
}
[11May2025 03:22:06.761] [Netty Epoll Server IO #5/WARN] [com.connectivity.Connectivity/]: Packet:PooledUnsafeDirectByteBuf  id 1 data of 11 extra bytes: 
[11May2025 03:22:06.761] [Netty Epoll Server IO #5/WARN] [com.connectivity.Connectivity/]: Packet data:
[
  "<partial numeric data>",
  "[-31, -105, -126, 31, 77, -47, 38, 68, 8, 40, 71]"
]
[11May2025 03:22:07.123] [Netty Epoll Server IO #6/WARN] [com.connectivity.Connectivity/]: Packet:ServerboundBlockEntityTagQuery  id 1 larger than expected error detected, printing packet and buffer. Stacktrace gets logged after this
[11May2025 03:22:07.123] [Netty Epoll Server IO #6/WARN] [com.connectivity.Connectivity/]: Packet data:
{
  "f_133798_": 1,
  "f_133799_": "BlockPos{x=2622464, y=1004, z=1073200}"
}
[11May2025 03:22:07.124] [Netty Epoll Server IO #6/WARN] [com.connectivity.Connectivity/]: Packet:PooledUnsafeDirectByteBuf  id 1 data of 11 extra bytes: 
[11May2025 03:22:07.124] [Netty Epoll Server IO #6/WARN] [com.connectivity.Connectivity/]: Packet data:
[
  "<partial numeric data>",
  "[-17, 121, -30, -27, 31, 64, -60, -16, -5, -81, -110]"
]
[11May2025 03:22:07.670] [Netty Epoll Server IO #7/WARN] [com.connectivity.Connectivity/]: Packet:ServerboundBlockEntityTagQuery  id 1 larger than expected error detected, printing packet and buffer. Stacktrace gets logged after this
[11May2025 03:22:07.670] [Netty Epoll Server IO #7/WARN] [com.connectivity.Connectivity/]: Packet data:
{
  "f_133798_": 1,
  "f_133799_": "BlockPos{x=2622464, y=925, z=1073200}"
}
[11May2025 03:22:07.670] [Netty Epoll Server IO #7/WARN] [com.connectivity.Connectivity/]: Packet:PooledUnsafeDirectByteBuf  id 1 data of 11 extra bytes: 
[11May2025 03:22:07.671] [Netty Epoll Server IO #7/WARN] [com.connectivity.Connectivity/]: Packet data:
[
  "<partial numeric data>",
  "[-23, -39, 55, -104, 121, 82, -83, -112, 32, -94, 124]"
]
[11May2025 03:22:07.803] [Netty Epoll Server IO #0/WARN] [com.connectivity.Connectivity/]: Packet:ServerboundBlockEntityTagQuery  id 1 larger than expected error detected, printing packet and buffer. Stacktrace gets logged after this
[11May2025 03:22:07.804] [Netty Epoll Server IO #0/WARN] [com.connectivity.Connectivity/]: Packet data:
{
  "f_133798_": 1,
  "f_133799_": "BlockPos{x=2622464, y=793, z=1073200}"
}
[11May2025 03:22:07.804] [Netty Epoll Server IO #0/WARN] [com.connectivity.Connectivity/]: Packet:PooledUnsafeDirectByteBuf  id 1 data of 11 extra bytes: 
[11May2025 03:22:07.804] [Netty Epoll Server IO #0/WARN] [com.connectivity.Connectivity/]: Packet data:
[
  "<partial numeric data>",
  "[-25, -112, -7, -70, 37, 91, 38, 99, -80, -79, 39]"
]
[11May2025 03:22:07.888] [Netty Epoll Server IO #1/WARN] [com.connectivity.Connectivity/]: Packet:ServerboundBlockEntityTagQuery  id 1 larger than expected error detected, printing packet and buffer. Stacktrace gets logged after this
[11May2025 03:22:07.888] [Netty Epoll Server IO #1/WARN] [com.connectivity.Connectivity/]: Packet data:
{
  "f_133798_": 1,
  "f_133799_": "BlockPos{x=2622464, y=1020, z=1073200}"
}
[11May2025 03:22:07.888] [Netty Epoll Server IO #1/WARN] [com.connectivity.Connectivity/]: Packet:PooledUnsafeDirectByteBuf  id 1 data of 11 extra bytes: 
[11May2025 03:22:07.888] [Netty Epoll Server IO #1/WARN] [com.connectivity.Connectivity/]: Packet data:
[
  "<partial numeric data>",
  "[-98, -92, -88, -122, 30, 38, -52, -34, 102, -120, -120]"
]
[11May2025 03:22:08.553] [Netty Epoll Server IO #2/WARN] [com.connectivity.Connectivity/]: Packet:ServerboundBlockEntityTagQuery  id 1 larger than expected error detected, printing packet and buffer. Stacktrace gets logged after this
[11May2025 03:22:08.553] [Netty Epoll Server IO #2/WARN] [com.connectivity.Connectivity/]: Packet data:
{
  "f_133798_": 1,
  "f_133799_": "BlockPos{x=2622464, y=822, z=1073200}"
}
[11May2025 03:22:08.553] [Netty Epoll Server IO #2/WARN] [com.connectivity.Connectivity/]: Packet:PooledUnsafeDirectByteBuf  id 1 data of 11 extra bytes: 
[11May2025 03:22:08.554] [Netty Epoll Server IO #2/WARN] [com.connectivity.Connectivity/]: Packet data:
[
  "<partial numeric data>",
  "[-34, 0, 9, 66, 91, 32, -104, 75, 34, 69, -112]"
]
[11May2025 03:22:23.159] [Netty Epoll Server IO #3/WARN] [com.connectivity.Connectivity/]: Packet:ServerboundBlockEntityTagQuery  id 1 larger than expected error detected, printing packet and buffer. Stacktrace gets logged after this
[11May2025 03:22:23.159] [Netty Epoll Server IO #3/WARN] [com.connectivity.Connectivity/]: Packet data:
{
  "f_133798_": 1,
  "f_133799_": "BlockPos{x=5768192, y=969, z=1122352}"
}
[11May2025 03:22:23.160] [Netty Epoll Server IO #3/WARN] [com.connectivity.Connectivity/]: Packet:PooledUnsafeDirectByteBuf  id 1 data of 11 extra bytes: 
[11May2025 03:22:23.160] [Netty Epoll Server IO #3/WARN] [com.connectivity.Connectivity/]: Packet data:
[
  "<partial numeric data>",
  "[-15, -97, 50, -68, -28, -91, -16, 108, 74, 27, 119]"
]
[11May2025 03:22:23.406] [Netty Epoll Server IO #4/WARN] [com.connectivity.Connectivity/]: Packet:ServerboundBlockEntityTagQuery  id 1 larger than expected error detected, printing packet and buffer. Stacktrace gets logged after this
[11May2025 03:22:23.406] [Netty Epoll Server IO #4/WARN] [com.connectivity.Connectivity/]: Packet data:
{
  "f_133798_": 0,
  "f_133799_": "BlockPos{x=-8125440, y=985, z=905264}"
}
[11May2025 03:22:23.407] [Netty Epoll Server IO #4/WARN] [com.connectivity.Connectivity/]: Packet:PooledUnsafeDirectByteBuf  id 1 data of 11 extra bytes: 
[11May2025 03:22:23.407] [Netty Epoll Server IO #4/WARN] [com.connectivity.Connectivity/]: Packet data:
[
  "<partial numeric data>",
  "[113, -18, 105, 62, -113, -101, -32, 34, -115, -18, -104]"
]
[11May2025 03:22:23.670] [Netty Epoll Server IO #6/WARN] [com.connectivity.Connectivity/]: Packet:ServerboundBlockEntityTagQuery  id 1 larger than expected error detected, printing packet and buffer. Stacktrace gets logged after this
[11May2025 03:22:23.671] [Netty Epoll Server IO #6/WARN] [com.connectivity.Connectivity/]: Packet data:
{
  "f_133798_": 0,
  "f_133799_": "BlockPos{x=-11271168, y=776, z=856112}"
}
[11May2025 03:22:23.671] [Netty Epoll Server IO #6/WARN] [com.connectivity.Connectivity/]: Packet:PooledUnsafeDirectByteBuf  id 1 data of 11 extra bytes: 
[11May2025 03:22:23.671] [Netty Epoll Server IO #6/WARN] [com.connectivity.Connectivity/]: Packet data:
[
  "<partial numeric data>",
  "[-91, 43, -102, -115, 36, -109, 52, -38, 87, 83, -37]"
]
[11May2025 03:30:59.404] [Server thread/INFO] [net.minecraft.server.MinecraftServer/]: Made lobo3224 a server operator
[11May2025 03:33:28.992] [Server thread/INFO] [net.minecraft.server.MinecraftServer/]: Santix15 has made the advancement [Dark Forging]
[11May2025 03:36:06.340] [Netty Epoll Server IO #1/WARN] [com.connectivity.Connectivity/]: Packet:ServerboundAcceptTeleportationPacket  id 0 larger than expected error detected, printing packet and buffer. Stacktrace gets logged after this
[11May2025 03:36:06.340] [Netty Epoll Server IO #1/WARN] [com.connectivity.Connectivity/]: Packet data:
{
  "f_133785_": 1677010
}
[11May2025 03:36:06.340] [Netty Epoll Server IO #1/WARN] [com.connectivity.Connectivity/]: Packet:PooledUnsafeDirectByteBuf  id 0 data of 46 extra bytes: 
[11May2025 03:36:06.340] [Netty Epoll Server IO #1/WARN] [com.connectivity.Connectivity/]: Packet data:
[
  "PU):x1TloCb320e<I-xV"
]
[11May2025 03:37:48.203] [Server thread/INFO] [net.minecraft.server.commands.LocateCommand/]: Locating element dungeons_arise:mushroom_house took 247 ms
[11May2025 03:37:52.440] [Server thread/INFO] [net.minecraft.server.MinecraftServer/]: [lobo3224: Set own game mode to Spectator Mode]
[11May2025 03:38:02.295] [Server thread/INFO] [net.minecraft.server.MinecraftServer/]: [lobo3224: Teleported lobo3224 to -3727.500000, 69.500000, 2032.500000]
[11May2025 03:38:02.295] [Server thread/WARN] [net.minecraft.server.MinecraftServer/]: Can't keep up! Is the server overloaded? Running 6366ms or 127 ticks behind
[11May2025 03:38:02.310] [Server thread/WARN] [net.minecraft.server.network.ServerGamePacketListenerImpl/]: Santix15 moved wrongly!
[11May2025 03:38:18.862] [Worker-Main-170/WARN] [net.minecraft.world.level.levelgen.structure.pools.JigsawPlacement/]: Empty or non-existent pool: minecraft:
[11May2025 03:38:18.862] [Worker-Main-170/WARN] [net.minecraft.world.level.levelgen.structure.pools.JigsawPlacement/]: Empty or non-existent pool: minecraft:
[11May2025 03:38:33.552] [Server thread/INFO] [net.minecraft.server.MinecraftServer/]: [lobo3224: Teleported lobo3224 to Santix15]
[11May2025 03:38:42.696] [Server thread/INFO] [net.minecraft.server.MinecraftServer/]: [lobo3224: Set own game mode to Survival Mode]
[11May2025 03:39:06.481] [Netty Epoll Server IO #3/WARN] [com.connectivity.Connectivity/]: Packet:ServerboundAcceptTeleportationPacket  id 0 larger than expected error detected, printing packet and buffer. Stacktrace gets logged after this
[11May2025 03:39:06.481] [Netty Epoll Server IO #3/WARN] [com.connectivity.Connectivity/]: Packet data:
{
  "f_133785_": -788958503
}
[11May2025 03:39:06.482] [Netty Epoll Server IO #3/WARN] [com.connectivity.Connectivity/]: Packet:PooledUnsafeDirectByteBuf  id 0 data of 44 extra bytes: 
[11May2025 03:39:06.482] [Netty Epoll Server IO #3/WARN] [com.connectivity.Connectivity/]: Packet data:
[
  "N0;S{W 320$%?c`G<_"
]
[11May2025 03:41:43.087] [Server thread/WARN] [net.minecraft.server.network.ServerGamePacketListenerImpl/]: lobo3224 moved wrongly!
[11May2025 03:42:32.897] [Server thread/INFO] [net.minecraft.server.MinecraftServer/]: Santix15 has made the advancement [The Wind Darkening]
[11May2025 03:44:52.841] [Server thread/WARN] [net.minecraft.server.network.ServerGamePacketListenerImpl/]: lobo3224 moved wrongly!
[11May2025 03:45:19.668] [Netty Epoll Server IO #5/WARN] [com.connectivity.Connectivity/]: Packet:ServerboundAcceptTeleportationPacket  id 0 larger than expected error detected, printing packet and buffer. Stacktrace gets logged after this
[11May2025 03:45:19.669] [Netty Epoll Server IO #5/WARN] [com.connectivity.Connectivity/]: Packet data:
{
  "f_133785_": 97
}
[11May2025 03:45:19.669] [Netty Epoll Server IO #5/WARN] [com.connectivity.Connectivity/]: Packet:PooledUnsafeDirectByteBuf  id 0 data of 48 extra bytes: 
[11May2025 03:45:19.669] [Netty Epoll Server IO #5/WARN] [com.connectivity.Connectivity/]: Packet data:
[
  "\"s|n#B7{un336u\\lEdO"
]
[11May2025 03:46:04.478] [Server thread/WARN] [net.minecraft.server.network.ServerGamePacketListenerImpl/]: lobo3224 moved wrongly!
[11May2025 03:46:29.489] [Server thread/WARN] [net.minecraft.server.network.ServerGamePacketListenerImpl/]: lobo3224 moved wrongly!
[11May2025 03:47:12.768] [Netty Epoll Server IO #7/WARN] [com.connectivity.Connectivity/]: Packet:ServerboundAcceptTeleportationPacket  id 0 larger than expected error detected, printing packet and buffer. Stacktrace gets logged after this
[11May2025 03:47:12.768] [Netty Epoll Server IO #7/WARN] [com.connectivity.Connectivity/]: Packet data:
{
  "f_133785_": 65
}
[11May2025 03:47:12.768] [Netty Epoll Server IO #7/WARN] [com.connectivity.Connectivity/]: Packet:PooledUnsafeDirectByteBuf  id 0 data of 48 extra bytes: 
[11May2025 03:47:12.769] [Netty Epoll Server IO #7/WARN] [com.connectivity.Connectivity/]: Packet data:
[
  "GWc\\#G|zJO`8p320NG>jbno>"
]
[11May2025 03:51:44.289] [Server thread/WARN] [net.minecraft.server.network.ServerGamePacketListenerImpl/]: lobo3224 moved wrongly!
[11May2025 03:52:35.525] [Server thread/WARN] [net.minecraft.server.network.ServerGamePacketListenerImpl/]: lobo3224 moved wrongly!
[11May2025 03:53:07.189] [Server thread/WARN] [net.minecraft.server.network.ServerGamePacketListenerImpl/]: Santix15 moved wrongly!
[11May2025 03:53:12.988] [Server thread/WARN] [net.minecraft.server.network.ServerGamePacketListenerImpl/]: Santix15 moved wrongly!
[11May2025 03:54:32.088] [Server thread/WARN] [net.minecraft.server.network.ServerGamePacketListenerImpl/]: Santix15 moved wrongly!
[11May2025 03:55:21.854] [Netty Epoll Server IO #1/WARN] [com.connectivity.Connectivity/]: Packet:ServerboundAcceptTeleportationPacket  id 0 larger than expected error detected, printing packet and buffer. Stacktrace gets logged after this
[11May2025 03:55:21.855] [Netty Epoll Server IO #1/WARN] [com.connectivity.Connectivity/]: Packet data:
{
  "f_133785_": 7
}
[11May2025 03:55:21.855] [Netty Epoll Server IO #1/WARN] [com.connectivity.Connectivity/]: Packet:PooledUnsafeDirectByteBuf  id 0 data of 48 extra bytes: 
[11May2025 03:55:21.855] [Netty Epoll Server IO #1/WARN] [com.connectivity.Connectivity/]: Packet data:
[
  "c)w&]5[gw=0W3320l[:Bj\\"
]
[11May2025 03:56:01.688] [Server thread/WARN] [net.minecraft.server.network.ServerGamePacketListenerImpl/]: Warship (vehicle of lobo3224) moved wrongly! 0.3644562384213259
[11May2025 03:56:01.789] [Server thread/WARN] [net.minecraft.server.network.ServerGamePacketListenerImpl/]: Warship (vehicle of lobo3224) moved wrongly! 0.4818021634989691
[11May2025 03:56:01.789] [Server thread/WARN] [net.minecraft.server.network.ServerGamePacketListenerImpl/]: Warship (vehicle of lobo3224) moved wrongly! 0.5631538324557823
[11May2025 03:56:01.839] [Server thread/WARN] [net.minecraft.server.network.ServerGamePacketListenerImpl/]: Warship (vehicle of lobo3224) moved wrongly! 0.709670742239723
[11May2025 03:56:01.891] [Server thread/WARN] [net.minecraft.server.network.ServerGamePacketListenerImpl/]: Warship (vehicle of lobo3224) moved wrongly! 0.8794420636525047
[11May2025 03:56:01.937] [Server thread/WARN] [net.minecraft.server.network.ServerGamePacketListenerImpl/]: Warship (vehicle of lobo3224) moved wrongly! 1.0315996084993913
[11May2025 03:56:02.039] [Server thread/WARN] [net.minecraft.server.network.ServerGamePacketListenerImpl/]: Warship (vehicle of lobo3224) moved wrongly! 1.1983089441264383
[11May2025 03:56:02.039] [Server thread/WARN] [net.minecraft.server.network.ServerGamePacketListenerImpl/]: Warship (vehicle of lobo3224) moved wrongly! 1.3762966927779416
[11May2025 03:56:02.188] [Server thread/WARN] [net.minecraft.server.network.ServerGamePacketListenerImpl/]: Warship (vehicle of lobo3224) moved wrongly! 0.36007069701668115
[11May2025 03:56:02.188] [Server thread/WARN] [net.minecraft.server.network.ServerGamePacketListenerImpl/]: Warship (vehicle of lobo3224) moved wrongly! 0.5570489396154699
[11May2025 03:56:02.274] [Server thread/WARN] [net.minecraft.server.network.ServerGamePacketListenerImpl/]: Warship (vehicle of lobo3224) moved wrongly! 0.7567360291288878
[11May2025 03:56:12.489] [Server thread/WARN] [net.minecraft.server.network.ServerGamePacketListenerImpl/]: Santix15 moved wrongly!
[11May2025 03:56:14.244] [Netty Epoll Server IO #3/WARN] [com.connectivity.Connectivity/]: Packet:ServerboundAcceptTeleportationPacket  id 0 larger than expected error detected, printing packet and buffer. Stacktrace gets logged after this
[11May2025 03:56:14.244] [Netty Epoll Server IO #3/WARN] [com.connectivity.Connectivity/]: Packet data:
{
  "f_133785_": 43
}
[11May2025 03:56:14.244] [Netty Epoll Server IO #3/WARN] [com.connectivity.Connectivity/]: Packet:PooledUnsafeDirectByteBuf  id 0 data of 48 extra bytes: 
[11May2025 03:56:14.244] [Netty Epoll Server IO #3/WARN] [com.connectivity.Connectivity/]: Packet data:
[
  "{J_x)_8D)J3>SOJ320*W"
]
[11May2025 03:56:14.727] [Server thread/WARN] [net.minecraft.server.network.ServerGamePacketListenerImpl/]: lobo3224 moved wrongly!
[11May2025 03:57:44.145] [Netty Epoll Server IO #5/WARN] [com.connectivity.Connectivity/]: Packet:ServerboundAcceptTeleportationPacket  id 0 larger than expected error detected, printing packet and buffer. Stacktrace gets logged after this
[11May2025 03:57:44.146] [Netty Epoll Server IO #5/WARN] [com.connectivity.Connectivity/]: Packet data:
{
  "f_133785_": 31
}
[11May2025 03:57:44.146] [Netty Epoll Server IO #5/WARN] [com.connectivity.Connectivity/]: Packet:PooledUnsafeDirectByteBuf  id 0 data of 48 extra bytes: 
[11May2025 03:57:44.146] [Netty Epoll Server IO #5/WARN] [com.connectivity.Connectivity/]: Packet data:
[
  "Lc\\(Ga^ef*!f336N@1"
]
[11May2025 03:57:54.552] [Netty Epoll Server IO #7/WARN] [com.connectivity.Connectivity/]: Packet:ServerboundAcceptTeleportationPacket  id 0 larger than expected error detected, printing packet and buffer. Stacktrace gets logged after this
[11May2025 03:57:54.552] [Netty Epoll Server IO #7/WARN] [com.connectivity.Connectivity/]: Packet data:
{
  "f_133785_": 4903
}
[11May2025 03:57:54.552] [Netty Epoll Server IO #7/WARN] [com.connectivity.Connectivity/]: Packet:PooledUnsafeDirectByteBuf  id 0 data of 47 extra bytes: 
[11May2025 03:57:54.552] [Netty Epoll Server IO #7/WARN] [com.connectivity.Connectivity/]: Packet data:
[
  "J:?>1yF4\\gmj1304C@kk[_"
]
[11May2025 04:03:23.637] [Server thread/WARN] [net.minecraft.server.network.ServerGamePacketListenerImpl/]: Santix15 moved wrongly!
[11May2025 04:05:54.737] [Server thread/WARN] [net.minecraft.server.network.ServerGamePacketListenerImpl/]: lobo3224 moved wrongly!
[11May2025 04:07:16.494] [Worker-Main-172/ERROR] [net.minecraft.world.entity.decoration.HangingEntity/]: Hanging entity at invalid position: BlockPos{x=-22, y=-57, z=11}
[11May2025 04:07:30.689] [Worker-Main-170/ERROR] [net.minecraft.world.entity.decoration.HangingEntity/]: Hanging entity at invalid position: BlockPos{x=-176, y=-50, z=-133}
[11May2025 04:07:30.690] [Worker-Main-170/ERROR] [net.minecraft.world.entity.decoration.HangingEntity/]: Hanging entity at invalid position: BlockPos{x=-172, y=-50, z=-135}
[11May2025 04:07:32.253] [Netty Epoll Server IO #2/WARN] [com.connectivity.Connectivity/]: Packet:ServerboundAcceptTeleportationPacket  id 0 larger than expected error detected, printing packet and buffer. Stacktrace gets logged after this
[11May2025 04:07:32.253] [Netty Epoll Server IO #2/WARN] [com.connectivity.Connectivity/]: Packet data:
{
  "f_133785_": 61
}
[11May2025 04:07:32.253] [Netty Epoll Server IO #2/WARN] [com.connectivity.Connectivity/]: Packet:PooledUnsafeDirectByteBuf  id 0 data of 48 extra bytes: 
[11May2025 04:07:32.253] [Netty Epoll Server IO #2/WARN] [com.connectivity.Connectivity/]: Packet data:
[
  "8K2)5?e\\`[M+3208e=?WV"
]
[11May2025 04:07:32.890] [Worker-Main-42/ERROR] [net.minecraft.world.entity.decoration.HangingEntity/]: Hanging entity at invalid position: BlockPos{x=-187, y=-46, z=-151}
[11May2025 04:07:32.891] [Worker-Main-42/ERROR] [net.minecraft.world.entity.decoration.HangingEntity/]: Hanging entity at invalid position: BlockPos{x=-187, y=-46, z=-143}
[11May2025 04:07:32.891] [Worker-Main-42/ERROR] [net.minecraft.world.entity.decoration.HangingEntity/]: Hanging entity at invalid position: BlockPos{x=-185, y=-46, z=-142}
[11May2025 04:07:32.898] [Worker-Main-42/ERROR] [net.minecraft.world.entity.decoration.HangingEntity/]: Hanging entity at invalid position: BlockPos{x=-284, y=-57, z=-394}
[11May2025 04:07:32.898] [Worker-Main-42/ERROR] [net.minecraft.world.entity.decoration.HangingEntity/]: Hanging entity at invalid position: BlockPos{x=-286, y=-57, z=-393}
[11May2025 04:09:39.716] [Worker-Main-42/WARN] [net.minecraft.world.entity.ai.attributes.AttributeMap/]: Ignoring unknown attribute 'reach-entity-attributes:reach'
[11May2025 04:09:39.716] [Worker-Main-42/WARN] [net.minecraft.world.entity.ai.attributes.AttributeMap/]: Ignoring unknown attribute 'reach-entity-attributes:reach'
[11May2025 04:10:11.378] [Netty Epoll Server IO #4/WARN] [com.connectivity.Connectivity/]: Packet:ServerboundAcceptTeleportationPacket  id 0 larger than expected error detected, printing packet and buffer. Stacktrace gets logged after this
[11May2025 04:10:11.378] [Netty Epoll Server IO #4/WARN] [com.connectivity.Connectivity/]: Packet data:
{
  "f_133785_": 71
}
[11May2025 04:10:11.378] [Netty Epoll Server IO #4/WARN] [com.connectivity.Connectivity/]: Packet:PooledUnsafeDirectByteBuf  id 0 data of 48 extra bytes: 
[11May2025 04:10:11.379] [Netty Epoll Server IO #4/WARN] [com.connectivity.Connectivity/]: Packet data:
[
  "'pU\\l%j4336.#@CiUC'"
]
[11May2025 04:10:56.299] [Server thread/INFO] [net.minecraft.server.MinecraftServer/]: Santix15 has made the advancement [Jaws]
[11May2025 04:10:56.885] [Server thread/INFO] [net.minecraft.server.MinecraftServer/]: lobo3224 has made the advancement [Jaws]
[11May2025 04:11:42.487] [Server thread/WARN] [net.minecraft.server.network.ServerGamePacketListenerImpl/]: lobo3224 was kicked for floating too long!
[11May2025 04:11:42.488] [Server thread/INFO] [net.minecraft.server.network.ServerGamePacketListenerImpl/]: lobo3224 lost connection: Flying is not enabled on this server
[11May2025 04:11:42.488] [Server thread/INFO] [net.minecraft.server.MinecraftServer/]: lobo3224 left the game
[11May2025 04:11:42.488] [Server thread/INFO] [voicechat/]: [voicechat] Disconnecting client lobo3224
[11May2025 04:11:42.539] [Server thread/WARN] [net.minecraft.network.Connection/]: handleDisconnection() called twice
[11May2025 04:11:51.153] [Server thread/INFO] [net.minecraft.server.players.PlayerList/]: lobo3224[/127.205.77.8:45561] logged in with entity id 63171 at (-3102.7495031543676, 102.9355271416589, 2098.4172785701844)
[11May2025 04:11:51.176] [Server thread/INFO] [net.minecraft.server.MinecraftServer/]: lobo3224 joined the game
[11May2025 04:11:51.221] [Server thread/INFO] [Jade/]: Syncing config to lobo3224 (b7e5eca9-5a00-3da7-ac51-8f51ef42decc)
[11May2025 04:11:52.100] [Server thread/INFO] [voicechat/]: [voicechat] Received secret request of lobo3224 (18)
[11May2025 04:11:52.100] [Server thread/INFO] [voicechat/]: [voicechat] Sent secret to lobo3224
[11May2025 04:11:53.122] [Server thread/WARN] [net.minecraft.server.network.ServerGamePacketListenerImpl/]: Santix15 moved wrongly!
[11May2025 04:11:57.772] [VoiceChatPacketProcessingThread/INFO] [voicechat/]: [voicechat] Successfully authenticated player b7e5eca9-5a00-3da7-ac51-8f51ef42decc
[11May2025 04:11:58.776] [VoiceChatPacketProcessingThread/INFO] [voicechat/]: [voicechat] Successfully validated connection of player b7e5eca9-5a00-3da7-ac51-8f51ef42decc
[11May2025 04:11:58.776] [VoiceChatPacketProcessingThread/INFO] [voicechat/]: [voicechat] Player lobo3224 (b7e5eca9-5a00-3da7-ac51-8f51ef42decc) successfully connected to voice chat
[11May2025 04:12:09.466] [VoiceChatPacketProcessingThread/INFO] [voicechat/]: [voicechat] Player b7e5eca9-5a00-3da7-ac51-8f51ef42decc timed out
[11May2025 04:12:09.467] [VoiceChatPacketProcessingThread/INFO] [voicechat/]: [voicechat] Reconnecting player lobo3224
[11May2025 04:12:09.467] [VoiceChatPacketProcessingThread/INFO] [voicechat/]: [voicechat] Sent secret to lobo3224
[11May2025 04:12:10.807] [VoiceChatPacketProcessingThread/INFO] [voicechat/]: [voicechat] Successfully authenticated player b7e5eca9-5a00-3da7-ac51-8f51ef42decc
[11May2025 04:12:11.809] [VoiceChatPacketProcessingThread/INFO] [voicechat/]: [voicechat] Successfully validated connection of player b7e5eca9-5a00-3da7-ac51-8f51ef42decc
[11May2025 04:12:11.809] [VoiceChatPacketProcessingThread/INFO] [voicechat/]: [voicechat] Player lobo3224 (b7e5eca9-5a00-3da7-ac51-8f51ef42decc) successfully connected to voice chat
[11May2025 04:13:48.918] [Server thread/INFO] [net.minecraft.server.MinecraftServer/]: [lobo3224: Made lobo3224 no longer a server operator]
[11May2025 04:14:06.574] [Server thread/WARN] [net.minecraft.server.network.ServerGamePacketListenerImpl/]: lobo3224 moved wrongly!
[11May2025 04:14:09.095] [Server thread/WARN] [net.minecraft.server.network.ServerGamePacketListenerImpl/]: Santix15 moved wrongly!
[11May2025 04:14:46.142] [Server thread/INFO] [net.minecraft.server.MinecraftServer/]: lobo3224 has made the advancement [Dripstone Everywhere]
[11May2025 04:15:38.841] [Netty Epoll Server IO #7/WARN] [com.connectivity.Connectivity/]: Packet:ServerboundAcceptTeleportationPacket  id 0 larger than expected error detected, printing packet and buffer. Stacktrace gets logged after this
[11May2025 04:15:38.841] [Netty Epoll Server IO #7/WARN] [com.connectivity.Connectivity/]: Packet data:
{
  "f_133785_": 117
}
[11May2025 04:15:38.841] [Netty Epoll Server IO #7/WARN] [com.connectivity.Connectivity/]: Packet:PooledUnsafeDirectByteBuf  id 0 data of 48 extra bytes: 
[11May2025 04:15:38.841] [Netty Epoll Server IO #7/WARN] [com.connectivity.Connectivity/]: Packet data:
[
  "tbir9,Et7~320V!g%%e"
]
[11May2025 04:16:19.407] [Netty Epoll Server IO #2/WARN] [com.connectivity.Connectivity/]: Packet:ServerboundAcceptTeleportationPacket  id 0 larger than expected error detected, printing packet and buffer. Stacktrace gets logged after this
[11May2025 04:16:19.408] [Netty Epoll Server IO #2/WARN] [com.connectivity.Connectivity/]: Packet data:
{
  "f_133785_": 1967845
}
[11May2025 04:16:19.408] [Netty Epoll Server IO #2/WARN] [com.connectivity.Connectivity/]: Packet:PooledUnsafeDirectByteBuf  id 0 data of 46 extra bytes: 
[11May2025 04:16:19.408] [Netty Epoll Server IO #2/WARN] [com.connectivity.Connectivity/]: Packet data:
[
  "ts4P1i{6=336bEsB|g"
]
[11May2025 04:17:17.289] [Server thread/INFO] [net.minecraft.server.MinecraftServer/]: Santix15 has made the advancement [Dripstone Everywhere]
[11May2025 04:17:46.704] [Server thread/INFO] [net.minecraft.server.MinecraftServer/]: Santix15 has made the advancement [A Disgusting Worm]
[11May2025 04:17:56.394] [Server thread/INFO] [net.minecraft.server.MinecraftServer/]: lobo3224 has made the advancement [An Imposter]
[11May2025 04:18:14.797] [Server thread/INFO] [net.minecraft.server.MinecraftServer/]: lobo3224 has made the advancement [A Disgusting Worm]
[11May2025 04:19:05.994] [Netty Epoll Server IO #4/WARN] [com.connectivity.Connectivity/]: Packet:ServerboundAcceptTeleportationPacket  id 0 larger than expected error detected, printing packet and buffer. Stacktrace gets logged after this
[11May2025 04:19:05.994] [Netty Epoll Server IO #4/WARN] [com.connectivity.Connectivity/]: Packet data:
{
  "f_133785_": 11645
}
[11May2025 04:19:05.995] [Netty Epoll Server IO #4/WARN] [com.connectivity.Connectivity/]: Packet:PooledUnsafeDirectByteBuf  id 0 data of 47 extra bytes: 
[11May2025 04:19:05.995] [Netty Epoll Server IO #4/WARN] [com.connectivity.Connectivity/]: Packet data:
[
  "Z$!zsQP^'Y/@*81=3041`|d"
]
[11May2025 04:20:07.182] [Server thread/INFO] [net.minecraft.world.entity.npc.Villager/]: Villager Villager['Unemployed'/66459, l='ServerLevel[world]', x=200.81, y=-256.00, z=180.26] died, message: 'Unemployed was killed'
[11May2025 04:22:32.740] [Server thread/INFO] [net.minecraft.server.MinecraftServer/]: lobo3224 was slain by Ancient Guardian
[11May2025 04:24:49.942] [Server thread/INFO] [net.minecraft.server.MinecraftServer/]: lobo3224 was slain by Ambusher
[11May2025 04:25:46.372] [Server thread/INFO] [net.minecraft.server.MinecraftServer/]: lobo3224 was slain by Ancient Guardian
[11May2025 04:26:29.441] [Server thread/INFO] [net.minecraft.server.MinecraftServer/]: lobo3224 suffocated in a wall
[11May2025 04:28:42.739] [Server thread/INFO] [net.minecraft.server.MinecraftServer/]: lobo3224 was slain by Ancient Guardian
[11May2025 04:28:53.932] [Netty Epoll Server IO #7/WARN] [com.connectivity.Connectivity/]: Packet:ServerboundAcceptTeleportationPacket  id 0 larger than expected error detected, printing packet and buffer. Stacktrace gets logged after this
[11May2025 04:28:53.933] [Netty Epoll Server IO #7/WARN] [com.connectivity.Connectivity/]: Packet data:
{
  "f_133785_": 15007
}
[11May2025 04:28:53.934] [Netty Epoll Server IO #7/WARN] [com.connectivity.Connectivity/]: Packet:PooledUnsafeDirectByteBuf  id 0 data of 47 extra bytes: 
[11May2025 04:28:53.934] [Netty Epoll Server IO #7/WARN] [com.connectivity.Connectivity/]: Packet data:
[
  "N\\Bb/O336181d"
]
[11May2025 04:30:51.676] [Server thread/INFO] [net.minecraft.server.MinecraftServer/]: lobo3224 was slain by Spiky Worm
[11May2025 04:33:19.209] [Server thread/INFO] [net.minecraft.server.MinecraftServer/]: lobo3224 suffocated in a wall
[11May2025 04:34:28.302] [Server thread/INFO] [net.minecraft.server.MinecraftServer/]: lobo3224 was slain by Ancient Guardian
[11May2025 04:34:43.735] [Netty Epoll Server IO #1/WARN] [com.connectivity.Connectivity/]: Packet:ServerboundAcceptTeleportationPacket  id 0 larger than expected error detected, printing packet and buffer. Stacktrace gets logged after this
[11May2025 04:34:43.735] [Netty Epoll Server IO #1/WARN] [com.connectivity.Connectivity/]: Packet data:
{
  "f_133785_": 65
}
[11May2025 04:34:43.735] [Netty Epoll Server IO #1/WARN] [com.connectivity.Connectivity/]: Packet:PooledUnsafeDirectByteBuf  id 0 data of 48 extra bytes: 
[11May2025 04:34:43.736] [Netty Epoll Server IO #1/WARN] [com.connectivity.Connectivity/]: Packet data:
[
  "GWc\\#G|zN=/Dz&Z320NG>jbno>"
]
[11May2025 04:35:01.191] [Server thread/INFO] [net.minecraft.server.MinecraftServer/]: lobo3224 was slain by Ancient Guardian
[11May2025 04:35:06.149] [Server thread/INFO] [net.minecraft.server.MinecraftServer/]: Santix15 was slain by Ancient Guardian
[11May2025 04:35:10.941] [Netty Epoll Server IO #3/WARN] [com.connectivity.Connectivity/]: Packet:ServerboundAcceptTeleportationPacket  id 0 larger than expected error detected, printing packet and buffer. Stacktrace gets logged after this
[11May2025 04:35:10.942] [Netty Epoll Server IO #3/WARN] [com.connectivity.Connectivity/]: Packet data:
{
  "f_133785_": 6635
}
[11May2025 04:35:10.942] [Netty Epoll Server IO #3/WARN] [com.connectivity.Connectivity/]: Packet:PooledUnsafeDirectByteBuf  id 0 data of 47 extra bytes: 
[11May2025 04:35:10.942] [Netty Epoll Server IO #3/WARN] [com.connectivity.Connectivity/]: Packet data:
[
  "31i%+x|FR^V336H@"
]
[11May2025 04:35:37.648] [Server thread/INFO] [net.minecraft.server.MinecraftServer/]: Made Santix15 a server operator
[11May2025 04:36:25.763] [Server thread/INFO] [net.minecraft.server.MinecraftServer/]: [Santix15: Set own game mode to Creative Mode]
[11May2025 04:36:35.672] [Server thread/INFO] [net.minecraft.server.MinecraftServer/]: [Santix15: Set own game mode to Survival Mode]
[11May2025 04:36:50.382] [Server thread/INFO] [net.minecraft.server.MinecraftServer/]: [Santix15: Teleported Santix15 to -3761.500000, 63.500000, 1998.500000]
[11May2025 04:36:55.950] [Netty Epoll Server IO #5/WARN] [com.connectivity.Connectivity/]: Packet:ServerboundAcceptTeleportationPacket  id 0 larger than expected error detected, printing packet and buffer. Stacktrace gets logged after this
[11May2025 04:36:55.951] [Netty Epoll Server IO #5/WARN] [com.connectivity.Connectivity/]: Packet data:
{
  "f_133785_": 15195
}
[11May2025 04:36:55.951] [Netty Epoll Server IO #5/WARN] [com.connectivity.Connectivity/]: Packet:PooledUnsafeDirectByteBuf  id 0 data of 47 extra bytes: 
[11May2025 04:36:55.951] [Netty Epoll Server IO #5/WARN] [com.connectivity.Connectivity/]: Packet data:
[
  "M>!_@>=Z79304<%,m"
]
[11May2025 04:37:22.296] [Server thread/INFO] [net.minecraft.server.MinecraftServer/]: [Santix15: Teleported lobo3224 to Santix15]
[11May2025 04:41:23.820] [Netty Epoll Server IO #7/WARN] [com.connectivity.Connectivity/]: Packet:ServerboundAcceptTeleportationPacket  id 0 larger than expected error detected, printing packet and buffer. Stacktrace gets logged after this
[11May2025 04:41:23.820] [Netty Epoll Server IO #7/WARN] [com.connectivity.Connectivity/]: Packet data:
{
  "f_133785_": 57
}
[11May2025 04:41:23.820] [Netty Epoll Server IO #7/WARN] [com.connectivity.Connectivity/]: Packet:PooledUnsafeDirectByteBuf  id 0 data of 48 extra bytes: 
[11May2025 04:41:23.821] [Netty Epoll Server IO #7/WARN] [com.connectivity.Connectivity/]: Packet data:
[
  "!a<bD[:EPX*336qzz"
]
[11May2025 04:42:16.290] [Server thread/INFO] [net.minecraft.server.MinecraftServer/]: lobo3224 was slain by Ambusher
[11May2025 04:42:28.894] [Server thread/INFO] [net.minecraft.server.MinecraftServer/]: Santix15 was slain by Beast Patient
[11May2025 04:42:35.245] [Server thread/INFO] [net.minecraft.server.MinecraftServer/]: [Santix15: Teleported Santix15 to -3758.500000, 63.500000, 2044.500000]
[11May2025 04:42:43.307] [Server thread/INFO] [net.minecraft.server.MinecraftServer/]: [Santix15: Teleported lobo3224 to Santix15]
[11May2025 04:44:31.841] [Netty Epoll Server IO #3/WARN] [com.connectivity.Connectivity/]: Packet:ServerboundBlockEntityTagQuery  id 1 larger than expected error detected, printing packet and buffer. Stacktrace gets logged after this
[11May2025 04:44:31.841] [Netty Epoll Server IO #3/WARN] [com.connectivity.Connectivity/]: Packet data:
{
  "f_133798_": 1,
  "f_133799_": "BlockPos{x=2622464, y=817, z=1073200}"
}
[11May2025 04:44:31.841] [Netty Epoll Server IO #3/WARN] [com.connectivity.Connectivity/]: Packet:PooledUnsafeDirectByteBuf  id 1 data of 11 extra bytes: 
[11May2025 04:44:31.842] [Netty Epoll Server IO #3/WARN] [com.connectivity.Connectivity/]: Packet data:
[
  "<partial numeric data>",
  "[-82, -59, 102, 14, -122, -104, 2, -74, -117, 110, -70]"
]
[11May2025 04:44:32.971] [Netty Epoll Server IO #4/WARN] [com.connectivity.Connectivity/]: Packet:ServerboundBlockEntityTagQuery  id 1 larger than expected error detected, printing packet and buffer. Stacktrace gets logged after this
[11May2025 04:44:32.972] [Netty Epoll Server IO #4/WARN] [com.connectivity.Connectivity/]: Packet data:
{
  "f_133798_": 1,
  "f_133799_": "BlockPos{x=2622464, y=854, z=1073200}"
}
[11May2025 04:44:32.972] [Netty Epoll Server IO #4/WARN] [com.connectivity.Connectivity/]: Packet:PooledUnsafeDirectByteBuf  id 1 data of 11 extra bytes: 
[11May2025 04:44:32.972] [Netty Epoll Server IO #4/WARN] [com.connectivity.Connectivity/]: Packet data:
[
  "<partial numeric data>",
  "[121, -102, 2, 85, 106, -100, -120, 48, 92, 72, 10]"
]
[11May2025 04:44:33.060] [Netty Epoll Server IO #5/WARN] [com.connectivity.Connectivity/]: Packet:ServerboundBlockEntityTagQuery  id 1 larger than expected error detected, printing packet and buffer. Stacktrace gets logged after this
[11May2025 04:44:33.060] [Netty Epoll Server IO #5/WARN] [com.connectivity.Connectivity/]: Packet data:
{
  "f_133798_": 1,
  "f_133799_": "BlockPos{x=2622464, y=793, z=1073200}"
}
[11May2025 04:44:33.060] [Netty Epoll Server IO #5/WARN] [com.connectivity.Connectivity/]: Packet:PooledUnsafeDirectByteBuf  id 1 data of 11 extra bytes: 
[11May2025 04:44:33.061] [Netty Epoll Server IO #5/WARN] [com.connectivity.Connectivity/]: Packet data:
[
  "<partial numeric data>",
  "[-65, 8, 13, -116, -110, -4, -90, 95, -114, 60, 59]"
]
[11May2025 04:44:33.478] [Netty Epoll Server IO #6/WARN] [com.connectivity.Connectivity/]: Packet:ServerboundBlockEntityTagQuery  id 1 larger than expected error detected, printing packet and buffer. Stacktrace gets logged after this
[11May2025 04:44:33.479] [Netty Epoll Server IO #6/WARN] [com.connectivity.Connectivity/]: Packet data:
{
  "f_133798_": 1,
  "f_133799_": "BlockPos{x=2622464, y=912, z=1073200}"
}
[11May2025 04:44:33.479] [Netty Epoll Server IO #6/WARN] [com.connectivity.Connectivity/]: Packet:PooledUnsafeDirectByteBuf  id 1 data of 11 extra bytes: 
[11May2025 04:44:33.479] [Netty Epoll Server IO #6/WARN] [com.connectivity.Connectivity/]: Packet data:
[
  "<partial numeric data>",
  "[82, 40, -76, 0, 42, -108, 98, -83, -28, 16, 68]"
]
[11May2025 04:44:33.818] [Netty Epoll Server IO #7/WARN] [com.connectivity.Connectivity/]: Packet:ServerboundBlockEntityTagQuery  id 1 larger than expected error detected, printing packet and buffer. Stacktrace gets logged after this
[11May2025 04:44:33.818] [Netty Epoll Server IO #7/WARN] [com.connectivity.Connectivity/]: Packet data:
{
  "f_133798_": 1,
  "f_133799_": "BlockPos{x=2622464, y=919, z=1073200}"
}
[11May2025 04:44:33.818] [Netty Epoll Server IO #7/WARN] [com.connectivity.Connectivity/]: Packet:PooledUnsafeDirectByteBuf  id 1 data of 11 extra bytes: 
[11May2025 04:44:33.818] [Netty Epoll Server IO #7/WARN] [com.connectivity.Connectivity/]: Packet data:
[
  "<partial numeric data>",
  "[28, -96, -53, -21, 90, -111, 91, 17, 101, 50, -95]"
]
[11May2025 04:44:33.936] [Netty Epoll Server IO #0/WARN] [com.connectivity.Connectivity/]: Packet:ServerboundBlockEntityTagQuery  id 1 larger than expected error detected, printing packet and buffer. Stacktrace gets logged after this
[11May2025 04:44:33.936] [Netty Epoll Server IO #0/WARN] [com.connectivity.Connectivity/]: Packet data:
{
  "f_133798_": 1,
  "f_133799_": "BlockPos{x=2622464, y=955, z=1073200}"
}
[11May2025 04:44:33.937] [Netty Epoll Server IO #0/WARN] [com.connectivity.Connectivity/]: Packet:PooledUnsafeDirectByteBuf  id 1 data of 11 extra bytes: 
[11May2025 04:44:33.937] [Netty Epoll Server IO #0/WARN] [com.connectivity.Connectivity/]: Packet data:
[
  "<partial numeric data>",
  "[-30, -23, 121, -57, 21, -23, -70, -102, 119, 96, 32]"
]
[11May2025 04:44:34.080] [Netty Epoll Server IO #1/WARN] [com.connectivity.Connectivity/]: Packet:ServerboundBlockEntityTagQuery  id 1 larger than expected error detected, printing packet and buffer. Stacktrace gets logged after this
[11May2025 04:44:34.081] [Netty Epoll Server IO #1/WARN] [com.connectivity.Connectivity/]: Packet data:
{
  "f_133798_": 1,
  "f_133799_": "BlockPos{x=5768192, y=875, z=1122352}"
}
[11May2025 04:44:34.081] [Netty Epoll Server IO #1/WARN] [com.connectivity.Connectivity/]: Packet:PooledUnsafeDirectByteBuf  id 1 data of 11 extra bytes: 
[11May2025 04:44:34.081] [Netty Epoll Server IO #1/WARN] [com.connectivity.Connectivity/]: Packet data:
[
  "<partial numeric data>",
  "[-101, -120, 11, 99, 44, 46, -53, -106, -84, -59, 87]"
]
[11May2025 04:44:34.185] [Netty Epoll Server IO #2/WARN] [com.connectivity.Connectivity/]: Packet:ServerboundBlockEntityTagQuery  id 1 larger than expected error detected, printing packet and buffer. Stacktrace gets logged after this
[11May2025 04:44:34.185] [Netty Epoll Server IO #2/WARN] [com.connectivity.Connectivity/]: Packet data:
{
  "f_133798_": 1,
  "f_133799_": "BlockPos{x=2622464, y=786, z=1073200}"
}
[11May2025 04:44:34.185] [Netty Epoll Server IO #2/WARN] [com.connectivity.Connectivity/]: Packet:PooledUnsafeDirectByteBuf  id 1 data of 11 extra bytes: 
[11May2025 04:44:34.185] [Netty Epoll Server IO #2/WARN] [com.connectivity.Connectivity/]: Packet data:
[
  "<partial numeric data>",
  "[-95, 104, -120, -125, -28, -89, 119, -58, -20, 89, 16]"
]
[11May2025 04:44:34.319] [Netty Epoll Server IO #3/WARN] [com.connectivity.Connectivity/]: Packet:ServerboundBlockEntityTagQuery  id 1 larger than expected error detected, printing packet and buffer. Stacktrace gets logged after this
[11May2025 04:44:34.320] [Netty Epoll Server IO #3/WARN] [com.connectivity.Connectivity/]: Packet data:
{
  "f_133798_": 0,
  "f_133799_": "BlockPos{x=-8125440, y=985, z=905264}"
}
[11May2025 04:44:34.320] [Netty Epoll Server IO #3/WARN] [com.connectivity.Connectivity/]: Packet:PooledUnsafeDirectByteBuf  id 1 data of 11 extra bytes: 
[11May2025 04:44:34.320] [Netty Epoll Server IO #3/WARN] [com.connectivity.Connectivity/]: Packet data:
[
  "<partial numeric data>",
  "[19, 48, 42, 36, -44, -3, -105, 23, -73, 53, 95]"
]
[11May2025 04:44:34.907] [Netty Epoll Server IO #4/WARN] [com.connectivity.Connectivity/]: Packet:ServerboundBlockEntityTagQuery  id 1 larger than expected error detected, printing packet and buffer. Stacktrace gets logged after this
[11May2025 04:44:34.908] [Netty Epoll Server IO #4/WARN] [com.connectivity.Connectivity/]: Packet data:
{
  "f_133798_": 1,
  "f_133799_": "BlockPos{x=2622464, y=971, z=1073200}"
}
[11May2025 04:44:34.908] [Netty Epoll Server IO #4/WARN] [com.connectivity.Connectivity/]: Packet:PooledUnsafeDirectByteBuf  id 1 data of 11 extra bytes: 
[11May2025 04:44:34.908] [Netty Epoll Server IO #4/WARN] [com.connectivity.Connectivity/]: Packet data:
[
  "<partial numeric data>",
  "[126, -56, -9, 22, -28, 28, 11, 14, 119, 126, -26]"
]
[11May2025 04:44:34.945] [Netty Epoll Server IO #5/WARN] [com.connectivity.Connectivity/]: Packet:ServerboundBlockEntityTagQuery  id 1 larger than expected error detected, printing packet and buffer. Stacktrace gets logged after this
[11May2025 04:44:34.945] [Netty Epoll Server IO #5/WARN] [com.connectivity.Connectivity/]: Packet data:
{
  "f_133798_": 1,
  "f_133799_": "BlockPos{x=2622464, y=1000, z=1073200}"
}
[11May2025 04:44:34.945] [Netty Epoll Server IO #5/WARN] [com.connectivity.Connectivity/]: Packet:PooledUnsafeDirectByteBuf  id 1 data of 11 extra bytes: 
[11May2025 04:44:34.946] [Netty Epoll Server IO #5/WARN] [com.connectivity.Connectivity/]: Packet data:
[
  "<partial numeric data>",
  "[7, -89, -10, 9, -99, -51, -1, -95, 74, 3, -32]"
]
[11May2025 04:44:35.067] [Netty Epoll Server IO #6/WARN] [com.connectivity.Connectivity/]: Packet:ServerboundBlockEntityTagQuery  id 1 larger than expected error detected, printing packet and buffer. Stacktrace gets logged after this
[11May2025 04:44:35.067] [Netty Epoll Server IO #6/WARN] [com.connectivity.Connectivity/]: Packet data:
{
  "f_133798_": 1,
  "f_133799_": "BlockPos{x=2622464, y=791, z=1073200}"
}
[11May2025 04:44:35.067] [Netty Epoll Server IO #6/WARN] [com.connectivity.Connectivity/]: Packet:PooledUnsafeDirectByteBuf  id 1 data of 11 extra bytes: 
[11May2025 04:44:35.068] [Netty Epoll Server IO #6/WARN] [com.connectivity.Connectivity/]: Packet data:
[
  "<partial numeric data>",
  "[116, 112, 20, 79, 78, -94, -111, 90, -119, 65, 50]"
]
[11May2025 04:44:36.680] [Netty Epoll Server IO #0/WARN] [com.connectivity.Connectivity/]: Packet:ServerboundBlockEntityTagQuery  id 1 larger than expected error detected, printing packet and buffer. Stacktrace gets logged after this
[11May2025 04:44:36.680] [Netty Epoll Server IO #0/WARN] [com.connectivity.Connectivity/]: Packet data:
{
  "f_133798_": 0,
  "f_133799_": "BlockPos{x=-11271168, y=849, z=856112}"
}
[11May2025 04:44:36.680] [Netty Epoll Server IO #0/WARN] [com.connectivity.Connectivity/]: Packet:PooledUnsafeDirectByteBuf  id 1 data of 11 extra bytes: 
[11May2025 04:44:36.680] [Netty Epoll Server IO #0/WARN] [com.connectivity.Connectivity/]: Packet data:
[
  "<partial numeric data>",
  "[19, 30, 51, 65, -92, 62, 44, 10, 69, -34, -99]"
]
[11May2025 04:44:50.091] [Server thread/INFO] [net.minecraft.server.MinecraftServer/]: Santix15 was slain by Spiky Worm
[11May2025 04:44:56.647] [Server thread/INFO] [net.minecraft.server.MinecraftServer/]: [Santix15: Set own game mode to Creative Mode]
[11May2025 04:44:59.274] [Server thread/INFO] [net.minecraft.server.MinecraftServer/]: [Santix15: Teleported Santix15 to -3799.500000, 72.500000, 1997.500000]
[11May2025 04:45:01.395] [Server thread/INFO] [net.minecraft.server.MinecraftServer/]: lobo3224 was doomed to fall by Ambusher
[11May2025 04:45:15.614] [Server thread/INFO] [net.minecraft.server.MinecraftServer/]: [Santix15: Teleported lobo3224 to Santix15]
[11May2025 04:45:25.502] [Server thread/INFO] [net.minecraft.server.MinecraftServer/]: [Santix15: Teleported lobo3224 to Santix15]
[11May2025 04:45:30.155] [Server thread/INFO] [net.minecraft.server.MinecraftServer/]: [Santix15: Set own game mode to Survival Mode]
[11May2025 04:46:47.940] [Server thread/INFO] [net.minecraft.server.MinecraftServer/]: Santix15 was slain by Hollow Assassin
[11May2025 04:46:54.506] [Server thread/INFO] [net.minecraft.server.MinecraftServer/]: [Santix15: Teleported Santix15 to -3807.500000, 72.500000, 2006.500000]
[11May2025 04:46:57.541] [Server thread/INFO] [net.minecraft.server.MinecraftServer/]: lobo3224 was doomed to fall by Spiky Worm
[11May2025 04:47:06.602] [Server thread/INFO] [net.minecraft.server.MinecraftServer/]: [Santix15: Teleported lobo3224 to Santix15]
[11May2025 04:48:12.590] [Netty Epoll Server IO #3/WARN] [com.connectivity.Connectivity/]: Packet:ServerboundAcceptTeleportationPacket  id 0 larger than expected error detected, printing packet and buffer. Stacktrace gets logged after this
[11May2025 04:48:12.590] [Netty Epoll Server IO #3/WARN] [com.connectivity.Connectivity/]: Packet data:
{
  "f_133785_": 54
}
[11May2025 04:48:12.591] [Netty Epoll Server IO #3/WARN] [com.connectivity.Connectivity/]: Packet:PooledUnsafeDirectByteBuf  id 0 data of 48 extra bytes: 
[11May2025 04:48:12.591] [Netty Epoll Server IO #3/WARN] [com.connectivity.Connectivity/]: Packet data:
[
  "dD[m_o*-=_}|2n320<+d~>`<d"
]
[11May2025 04:49:06.791] [Server thread/INFO] [net.minecraft.server.MinecraftServer/]: [Santix15: Teleported lobo3224 to Santix15]
[11May2025 04:53:41.619] [Netty Epoll Server IO #5/WARN] [com.connectivity.Connectivity/]: Packet:ServerboundAcceptTeleportationPacket  id 0 larger than expected error detected, printing packet and buffer. Stacktrace gets logged after this
[11May2025 04:53:41.619] [Netty Epoll Server IO #5/WARN] [com.connectivity.Connectivity/]: Packet data:
{
  "f_133785_": 34165700
}
[11May2025 04:53:41.620] [Netty Epoll Server IO #5/WARN] [com.connectivity.Connectivity/]: Packet:PooledUnsafeDirectByteBuf  id 0 data of 45 extra bytes: 
[11May2025 04:53:41.620] [Netty Epoll Server IO #5/WARN] [com.connectivity.Connectivity/]: Packet data:
[
  "#. BSV<5yx320_4v^:0"
]
[11May2025 04:54:17.395] [Netty Epoll Server IO #6/WARN] [com.connectivity.Connectivity/]: Packet:ServerboundAcceptTeleportationPacket  id 0 larger than expected error detected, printing packet and buffer. Stacktrace gets logged after this
[11May2025 04:54:17.396] [Netty Epoll Server IO #6/WARN] [com.connectivity.Connectivity/]: Packet data:
{
  "f_133785_": 74
}
[11May2025 04:54:17.396] [Netty Epoll Server IO #6/WARN] [com.connectivity.Connectivity/]: Packet:PooledUnsafeDirectByteBuf  id 0 data of 48 extra bytes: 
[11May2025 04:54:17.396] [Netty Epoll Server IO #6/WARN] [com.connectivity.Connectivity/]: Packet data:
[
  "S|4YT?TQC 304])"
]
[11May2025 04:55:23.875] [Worker-Main-42/WARN] [net.minecraft.world.level.levelgen.structure.pools.JigsawPlacement/]: Empty or non-existent pool: dungeons_arise:mechanical_nest/mechanical_nest_decoration
[11May2025 04:55:23.877] [Worker-Main-42/WARN] [net.minecraft.world.level.levelgen.structure.pools.JigsawPlacement/]: Empty or non-existent pool: dungeons_arise:mechanical_nest/mechanical_nest_decoration
[11May2025 04:55:23.924] [Server thread/INFO] [net.minecraft.server.commands.LocateCommand/]: Locating element dungeons_arise:mushroom_mines took 834 ms
[11May2025 04:55:38.655] [Worker-Main-166/WARN] [net.minecraft.server.level.WorldGenRegion/]: Tried to access a block entity before it was created. BlockPos{x=-3462, y=2, z=1887}
[11May2025 04:56:23.784] [Netty Epoll Server IO #0/WARN] [com.connectivity.Connectivity/]: Packet:ServerboundAcceptTeleportationPacket  id 0 larger than expected error detected, printing packet and buffer. Stacktrace gets logged after this
[11May2025 04:56:23.785] [Netty Epoll Server IO #0/WARN] [com.connectivity.Connectivity/]: Packet data:
{
  "f_133785_": 1381
}
[11May2025 04:56:23.785] [Netty Epoll Server IO #0/WARN] [com.connectivity.Connectivity/]: Packet:PooledUnsafeDirectByteBuf  id 0 data of 47 extra bytes: 
[11May2025 04:56:23.785] [Netty Epoll Server IO #0/WARN] [com.connectivity.Connectivity/]: Packet data:
[
  "c1g_{=iTPC320#2o)le"
]
[11May2025 04:56:31.244] [Worker-Main-171/WARN] [net.minecraft.world.level.levelgen.structure.pools.JigsawPlacement/]: Empty or non-existent pool: minecraft:
[11May2025 04:56:31.244] [Worker-Main-171/WARN] [net.minecraft.world.level.levelgen.structure.pools.JigsawPlacement/]: Empty or non-existent pool: minecraft:
[11May2025 04:58:30.202] [Server thread/INFO] [net.minecraft.world.entity.npc.Villager/]: Villager Villager['Unemployed'/91349, l='ServerLevel[world]', x=200.81, y=-256.00, z=180.26] died, message: 'Unemployed was killed'
[11May2025 04:59:19.846] [Server thread/INFO] [net.minecraft.server.MinecraftServer/]: [Santix15: Set own game mode to Creative Mode]
[11May2025 04:59:25.523] [Server thread/INFO] [net.minecraft.server.MinecraftServer/]: [Santix15: Set lobo3224's game mode to Creative Mode]
[11May2025 05:00:26.510] [Netty Epoll Server IO #4/WARN] [com.connectivity.Connectivity/]: Packet:ServerboundAcceptTeleportationPacket  id 0 larger than expected error detected, printing packet and buffer. Stacktrace gets logged after this
[11May2025 05:00:26.511] [Netty Epoll Server IO #4/WARN] [com.connectivity.Connectivity/]: Packet data:
{
  "f_133785_": 179188078
}
[11May2025 05:00:26.511] [Netty Epoll Server IO #4/WARN] [com.connectivity.Connectivity/]: Packet:PooledUnsafeDirectByteBuf  id 0 data of 45 extra bytes: 
[11May2025 05:00:26.511] [Netty Epoll Server IO #4/WARN] [com.connectivity.Connectivity/]: Packet data:
[
  "))'rbwzha,3Aivv3209y2X$L"
]
[11May2025 05:00:32.181] [Server thread/INFO] [net.minecraft.world.entity.npc.Villager/]: Villager Villager['Unemployed'/91748, l='ServerLevel[world]', x=-335.36, y=-256.00, z=1106.68] died, message: 'Unemployed was killed'
[11May2025 05:01:06.026] [Server thread/INFO] [net.minecraft.server.MinecraftServer/]: [Santix15: Set lobo3224's game mode to Survival Mode]
[11May2025 05:01:46.096] [Server thread/WARN] [net.minecraft.server.network.ServerGamePacketListenerImpl/]: lobo3224 moved wrongly!
[11May2025 05:03:06.653] [Server thread/INFO] [net.minecraft.server.MinecraftServer/]: [Santix15: Set own game mode to Survival Mode]
[11May2025 05:04:40.695] [Server thread/WARN] [net.minecraft.server.network.ServerGamePacketListenerImpl/]: Warship (vehicle of lobo3224) moved wrongly! 0.2996953744266193
[11May2025 05:04:40.740] [Server thread/WARN] [net.minecraft.server.network.ServerGamePacketListenerImpl/]: Warship (vehicle of lobo3224) moved wrongly! 0.4077160884114619
[11May2025 05:04:40.789] [Server thread/WARN] [net.minecraft.server.network.ServerGamePacketListenerImpl/]: Warship (vehicle of lobo3224) moved wrongly! 0.5174484526443166
[11May2025 05:04:40.877] [Server thread/WARN] [net.minecraft.server.network.ServerGamePacketListenerImpl/]: Warship (vehicle of lobo3224) moved wrongly! 0.6287481363244183
[11May2025 05:04:40.878] [Server thread/WARN] [net.minecraft.server.network.ServerGamePacketListenerImpl/]: Warship (vehicle of lobo3224) moved wrongly! 0.7414887225052667
[11May2025 05:04:40.940] [Server thread/WARN] [net.minecraft.server.network.ServerGamePacketListenerImpl/]: Warship (vehicle of lobo3224) moved wrongly! 0.8555346699023971
[11May2025 05:04:40.988] [Server thread/WARN] [net.minecraft.server.network.ServerGamePacketListenerImpl/]: Warship (vehicle of lobo3224) moved wrongly! 0.9707586038788918
[11May2025 05:04:41.041] [Server thread/WARN] [net.minecraft.server.network.ServerGamePacketListenerImpl/]: Warship (vehicle of lobo3224) moved wrongly! 1.0870411285973205
[11May2025 05:04:41.090] [Server thread/WARN] [net.minecraft.server.network.ServerGamePacketListenerImpl/]: Warship (vehicle of lobo3224) moved wrongly! 1.2042725261660507
[11May2025 05:05:40.392] [Server thread/INFO] [net.minecraft.server.commands.LocateCommand/]: Locating element dungeons_arise:mushroom_mines took 87 ms
[11May2025 05:05:53.265] [Server thread/INFO] [net.minecraft.server.MinecraftServer/]: <Santix15> 80, -3712
[11May2025 05:06:21.330] [Server thread/INFO] [net.minecraft.server.commands.LocateCommand/]: Locating element dungeons_arise:mushroom_house took 23 ms
[11May2025 05:06:38.676] [Server thread/INFO] [net.minecraft.server.MinecraftServer/]: <Santix15> 2976, -1792
[11May2025 05:07:23.711] [Server thread/WARN] [net.minecraft.server.network.ServerGamePacketListenerImpl/]: Warship (vehicle of lobo3224) moved too quickly! 10.139001122958462,-1.2032944241013865E-5,-0.5630107815401288
[11May2025 05:07:23.712] [Server thread/WARN] [net.minecraft.server.network.ServerGamePacketListenerImpl/]: Warship (vehicle of lobo3224) moved too quickly! 10.983674645577253,-1.3035656024840137E-5,-0.6104820065405647
[11May2025 05:07:23.712] [Server thread/WARN] [net.minecraft.server.network.ServerGamePacketListenerImpl/]: Warship (vehicle of lobo3224) moved too quickly! 11.828312915222,-1.4038364383850421E-5,-0.6580506784761155
[11May2025 05:07:23.712] [Server thread/WARN] [net.minecraft.server.network.ServerGamePacketListenerImpl/]: Warship (vehicle of lobo3224) moved too quickly! 12.672916178084847,-1.504106958805096E-5,-0.7057233812091681
[11May2025 05:07:23.712] [Server thread/WARN] [net.minecraft.server.network.ServerGamePacketListenerImpl/]: Warship (vehicle of lobo3224) moved too quickly! 13.517485034633978,-1.604377187902628E-5,-0.753500746146301
[11May2025 05:07:23.712] [Server thread/WARN] [net.minecraft.server.network.ServerGamePacketListenerImpl/]: Warship (vehicle of lobo3224) moved too quickly! 14.362019802420946,-1.704647148415006E-5,-0.8013884093795696
[11May2025 05:07:23.712] [Server thread/WARN] [net.minecraft.server.network.ServerGamePacketListenerImpl/]: Warship (vehicle of lobo3224) moved too quickly! 15.20652113392589,-1.8049168630795975E-5,-0.8493861775873484
[11May2025 05:07:23.713] [Server thread/WARN] [net.minecraft.server.network.ServerGamePacketListenerImpl/]: Warship (vehicle of lobo3224) moved too quickly! 16.050989239980822,-1.905186348949428E-5,-0.8975017024220051
[11May2025 05:07:23.713] [Server thread/WARN] [net.minecraft.server.network.ServerGamePacketListenerImpl/]: Warship (vehicle of lobo3224) moved too quickly! 16.895424550308917,-2.0054556259196943E-5,-0.9457389008081236
[11May2025 05:07:23.713] [Server thread/WARN] [net.minecraft.server.network.ServerGamePacketListenerImpl/]: Warship (vehicle of lobo3224) moved too quickly! 17.73982780657957,-2.1057247096223364E-5,-0.9940960833818053
[11May2025 05:07:23.713] [Server thread/WARN] [net.minecraft.server.network.ServerGamePacketListenerImpl/]: Warship (vehicle of lobo3224) moved too quickly! 18.584199299775605,-2.205993614268209E-5,-1.0425795998445437
[11May2025 05:07:23.713] [Server thread/WARN] [net.minecraft.server.network.ServerGamePacketListenerImpl/]: Warship (vehicle of lobo3224) moved too quickly! 19.428539378993605,-2.3062623554892525E-5,-1.091194967656179
[11May2025 05:07:23.713] [Server thread/WARN] [net.minecraft.server.network.ServerGamePacketListenerImpl/]: Warship (vehicle of lobo3224) moved too quickly! 20.272848581865333,-2.4065309446541505E-5,-1.139944245321999
[11May2025 05:07:23.713] [Server thread/WARN] [net.minecraft.server.network.ServerGamePacketListenerImpl/]: Warship (vehicle of lobo3224) moved too quickly! 21.117127757564504,-2.5067993945526723E-5,-1.1888241281295677
[11May2025 05:07:23.714] [Server thread/WARN] [net.minecraft.server.network.ServerGamePacketListenerImpl/]: Warship (vehicle of lobo3224) moved too quickly! 21.96137728349754,-2.6070677165535017E-5,-1.2378395588850708
[11May2025 05:07:23.714] [Server thread/WARN] [net.minecraft.server.network.ServerGamePacketListenerImpl/]: Warship (vehicle of lobo3224) moved too quickly! 22.80559758043148,-2.707335920604237E-5,-1.2869948301683962
[11May2025 05:07:23.714] [Server thread/WARN] [net.minecraft.server.network.ServerGamePacketListenerImpl/]: Warship (vehicle of lobo3224) moved too quickly! 23.64978909870672,-2.8076040152313908E-5,-1.3362936686387457
[11May2025 05:07:23.714] [Server thread/WARN] [net.minecraft.server.network.ServerGamePacketListenerImpl/]: Warship (vehicle of lobo3224) moved too quickly! 24.49395231801043,-2.9078720089614762E-5,-1.3857393092049506
[11May2025 05:07:23.714] [Server thread/WARN] [net.minecraft.server.network.ServerGamePacketListenerImpl/]: Warship (vehicle of lobo3224) moved too quickly! 25.338087748736143,-3.008139910321006E-5,-1.4353345583340342
[11May2025 05:07:23.714] [Server thread/WARN] [net.minecraft.server.network.ServerGamePacketListenerImpl/]: Warship (vehicle of lobo3224) moved too quickly! 26.182195921717152,-3.1084077264154075E-5,-1.4850818498043736
[11May2025 05:07:23.714] [Server thread/WARN] [net.minecraft.server.network.ServerGamePacketListenerImpl/]: Warship (vehicle of lobo3224) moved too quickly! 27.02627739238642,-3.2086754629290226E-5,-1.5349832932763547
[11May2025 05:07:23.715] [Server thread/WARN] [net.minecraft.server.network.ServerGamePacketListenerImpl/]: Warship (vehicle of lobo3224) moved too quickly! 27.87033272938197,-3.3089431269672787E-5,-1.5850407161697149
[11May2025 05:07:23.715] [Server thread/WARN] [net.minecraft.server.network.ServerGamePacketListenerImpl/]: Warship (vehicle of lobo3224) moved too quickly! 28.714362518138387,-3.4092107242145175E-5,-1.635255700090056
[11May2025 05:07:23.715] [Server thread/WARN] [net.minecraft.server.network.ServerGamePacketListenerImpl/]: Warship (vehicle of lobo3224) moved too quickly! 29.558367194423,-3.509478260355081E-5,-1.6856323461072407
[11May2025 05:07:23.715] [Server thread/WARN] [net.minecraft.server.network.ServerGamePacketListenerImpl/]: Warship (vehicle of lobo3224) moved too quickly! 30.40234691783371,-3.609745739652226E-5,-1.7361792992027176
[11May2025 05:07:23.715] [Server thread/WARN] [net.minecraft.server.network.ServerGamePacketListenerImpl/]: Warship (vehicle of lobo3224) moved too quickly! 31.246302387024798,-3.710013166369208E-5,-1.786896250832683
[11May2025 05:07:23.715] [Server thread/WARN] [net.minecraft.server.network.ServerGamePacketListenerImpl/]: Warship (vehicle of lobo3224) moved too quickly! 32.090234301023315,-3.8102805447692845E-5,-1.8377829242919006
[11May2025 05:07:23.716] [Server thread/WARN] [net.minecraft.server.network.ServerGamePacketListenerImpl/]: Warship (vehicle of lobo3224) moved too quickly! 32.93414320305817,-3.910547879115711E-5,-1.8888418042075727
[11May2025 05:07:23.716] [Server thread/WARN] [net.minecraft.server.network.ServerGamePacketListenerImpl/]: Warship (vehicle of lobo3224) moved too quickly! 33.778029330733034,-4.010815172250659E-5,-1.9400801272465742
[11May2025 05:07:23.716] [Server thread/WARN] [net.minecraft.server.network.ServerGamePacketListenerImpl/]: Warship (vehicle of lobo3224) moved too quickly! 34.6218934558367,-4.111082428437385E-5,-1.9914963599239854
[11May2025 05:07:23.716] [Server thread/WARN] [net.minecraft.server.network.ServerGamePacketListenerImpl/]: Warship (vehicle of lobo3224) moved too quickly! 35.465736178935,-4.211349649096974E-5,-2.0430918935788895
[11May2025 05:07:23.716] [Server thread/WARN] [net.minecraft.server.network.ServerGamePacketListenerImpl/]: Warship (vehicle of lobo3224) moved too quickly! 36.3095577842779,-4.311616838492682E-5,-2.094873012576386
[11May2025 05:07:23.716] [Server thread/WARN] [net.minecraft.server.network.ServerGamePacketListenerImpl/]: Warship (vehicle of lobo3224) moved too quickly! 37.15335893207259,-4.411883998045596E-5,-2.1468400890563544
[11May2025 05:07:23.716] [Server thread/WARN] [net.minecraft.server.network.ServerGamePacketListenerImpl/]: Warship (vehicle of lobo3224) moved too quickly! 37.997139971158276,-4.5121511305978856E-5,-2.1989985221944153
[11May2025 05:07:23.717] [Server thread/WARN] [net.minecraft.server.network.ServerGamePacketListenerImpl/]: Warship (vehicle of lobo3224) moved too quickly! 38.84090159696234,-4.612418237570637E-5,-2.2513479123945217
[11May2025 05:07:23.717] [Server thread/WARN] [net.minecraft.server.network.ServerGamePacketListenerImpl/]: Warship (vehicle of lobo3224) moved too quickly! 39.684644192116025,-4.7126853218060205E-5,-2.303892987147151
[11May2025 05:07:23.717] [Server thread/WARN] [net.minecraft.server.network.ServerGamePacketListenerImpl/]: Warship (vehicle of lobo3224) moved too quickly! 40.52836849532207,-4.812952384725122E-5,-2.3566327634499658
[11May2025 05:07:23.717] [Server thread/WARN] [net.minecraft.server.network.ServerGamePacketListenerImpl/]: Warship (vehicle of lobo3224) moved too quickly! 41.37207491927677,-4.913219427749027E-5,-2.409571460805296
[11May2025 05:07:23.717] [Server thread/WARN] [net.minecraft.server.network.ServerGamePacketListenerImpl/]: Warship (vehicle of lobo3224) moved too quickly! 42.21576422991643,-5.013486452298821E-5,-2.462707654276869
[11May2025 05:07:23.717] [Server thread/WARN] [net.minecraft.server.network.ServerGamePacketListenerImpl/]: Warship (vehicle of lobo3224) moved too quickly! 43.059436680161184,-5.1137534612166746E-5,-2.5160479103427633
[11May2025 05:07:23.717] [Server thread/WARN] [net.minecraft.server.network.ServerGamePacketListenerImpl/]: Warship (vehicle of lobo3224) moved too quickly! 43.8993800131243,-5.214020454502588E-5,-2.569355664062414
[11May2025 05:07:23.718] [Server thread/WARN] [net.minecraft.server.network.ServerGamePacketListenerImpl/]: Warship (vehicle of lobo3224) moved too quickly! 44.73620393673218,-5.314287433577647E-5,-2.622666589010464
[11May2025 05:07:23.755] [Server thread/WARN] [net.minecraft.server.MinecraftServer/]: Can't keep up! Is the server overloaded? Running 4576ms or 91 ticks behind
[11May2025 05:07:24.438] [Server thread/WARN] [net.minecraft.server.network.ServerGamePacketListenerImpl/]: Warship (vehicle of lobo3224) moved too quickly! 36.27614227585411,-4.311531525047485E-5,-2.160384039037126
[11May2025 05:07:24.488] [Server thread/WARN] [net.minecraft.server.network.ServerGamePacketListenerImpl/]: Warship (vehicle of lobo3224) moved too quickly! 37.10080686823801,-4.411798478543005E-5,-2.213324721830645
[11May2025 05:07:24.538] [Server thread/WARN] [net.minecraft.server.network.ServerGamePacketListenerImpl/]: Warship (vehicle of lobo3224) moved too quickly! 37.91008937413187,-4.512065422090927E-5,-2.265465197758431
[11May2025 05:07:24.589] [Server thread/WARN] [net.minecraft.server.network.ServerGamePacketListenerImpl/]: Warship (vehicle of lobo3224) moved too quickly! 38.69916885376631,-4.6123323542701655E-5,-2.316487101245798
[11May2025 05:07:24.640] [Server thread/WARN] [net.minecraft.server.network.ServerGamePacketListenerImpl/]: Warship (vehicle of lobo3224) moved too quickly! 39.46408272317319,-4.712599277922891E-5,-2.366124723506232
[11May2025 05:07:24.689] [Server thread/WARN] [net.minecraft.server.network.ServerGamePacketListenerImpl/]: Warship (vehicle of lobo3224) moved too quickly! 40.20160713263033,-4.8128661930491035E-5,-2.4141579936379003
[11May2025 05:08:02.560] [Server thread/WARN] [net.minecraft.server.network.ServerGamePacketListenerImpl/]: Santix15 moved wrongly!
[11May2025 05:08:09.792] [Server thread/INFO] [net.minecraft.server.MinecraftServer/]: Santix15 has made the advancement [Covered in Moss]
[11May2025 05:08:11.291] [Server thread/INFO] [net.minecraft.server.MinecraftServer/]: lobo3224 has made the advancement [Covered in Moss]
[11May2025 05:08:32.240] [Server thread/WARN] [net.minecraft.server.network.ServerGamePacketListenerImpl/]: lobo3224 was kicked for floating too long!
[11May2025 05:08:32.292] [Server thread/INFO] [net.minecraft.server.network.ServerGamePacketListenerImpl/]: lobo3224 lost connection: Flying is not enabled on this server
[11May2025 05:08:32.292] [Server thread/INFO] [net.minecraft.server.MinecraftServer/]: lobo3224 left the game
[11May2025 05:08:32.292] [Server thread/INFO] [net.minecraft.server.MinecraftServer/]: lobo3224 was slain by Overgrown Colossus
[11May2025 05:08:32.296] [Server thread/INFO] [voicechat/]: [voicechat] Disconnecting client lobo3224
[11May2025 05:09:05.891] [Server thread/INFO] [net.minecraft.server.network.ServerLoginPacketListenerImpl/]: com.mojang.authlib.GameProfile@41795659[id=<null>,name=lobo3224,properties={},legacy=false] (/127.205.77.8:55209) lost connection: Disconnected
[11May2025 05:09:13.056] [Server thread/INFO] [net.minecraft.server.players.PlayerList/]: lobo3224[/127.205.77.8:57695] logged in with entity id 96803 at (1314.3480260435667, 72.5857060469599, 716.7036728020585)
[11May2025 05:09:13.068] [Server thread/INFO] [net.minecraft.server.MinecraftServer/]: lobo3224 joined the game
[11May2025 05:09:13.116] [Server thread/INFO] [Jade/]: Syncing config to lobo3224 (b7e5eca9-5a00-3da7-ac51-8f51ef42decc)
[11May2025 05:09:14.061] [Server thread/INFO] [voicechat/]: [voicechat] Received secret request of lobo3224 (18)
[11May2025 05:09:14.061] [Server thread/INFO] [voicechat/]: [voicechat] Sent secret to lobo3224
[11May2025 05:09:18.548] [VoiceChatPacketProcessingThread/INFO] [voicechat/]: [voicechat] Successfully authenticated player b7e5eca9-5a00-3da7-ac51-8f51ef42decc
[11May2025 05:09:19.062] [Server thread/INFO] [net.minecraft.server.MinecraftServer/]: [Santix15: Teleported lobo3224 to Santix15]
[11May2025 05:09:19.556] [VoiceChatPacketProcessingThread/INFO] [voicechat/]: [voicechat] Successfully validated connection of player b7e5eca9-5a00-3da7-ac51-8f51ef42decc
[11May2025 05:09:19.556] [VoiceChatPacketProcessingThread/INFO] [voicechat/]: [voicechat] Player lobo3224 (b7e5eca9-5a00-3da7-ac51-8f51ef42decc) successfully connected to voice chat
[11May2025 05:09:25.947] [Server thread/INFO] [net.minecraft.server.MinecraftServer/]: [Santix15: Teleported lobo3224 to Santix15]
[11May2025 05:09:28.141] [Server thread/INFO] [net.minecraft.server.MinecraftServer/]: Santix15 was slain by Overgrown Colossus
[11May2025 05:09:34.696] [Server thread/INFO] [net.minecraft.server.MinecraftServer/]: [Santix15: Teleported Santix15 to 1313.500000, 66.500000, 723.500000]
[11May2025 05:11:36.491] [Server thread/INFO] [net.minecraft.server.MinecraftServer/]: [Santix15: Set lobo3224's game mode to Creative Mode]
[11May2025 05:12:20.990] [Server thread/INFO] [net.minecraft.server.MinecraftServer/]: [Santix15: Set lobo3224's game mode to Survival Mode]
[11May2025 05:12:28.202] [Netty Epoll Server IO #2/WARN] [com.connectivity.Connectivity/]: Packet:ServerboundAcceptTeleportationPacket  id 0 larger than expected error detected, printing packet and buffer. Stacktrace gets logged after this
[11May2025 05:12:28.202] [Netty Epoll Server IO #2/WARN] [com.connectivity.Connectivity/]: Packet data:
{
  "f_133785_": 4271
}
[11May2025 05:12:28.203] [Netty Epoll Server IO #2/WARN] [com.connectivity.Connectivity/]: Packet:PooledUnsafeDirectByteBuf  id 0 data of 47 extra bytes: 
[11May2025 05:12:28.203] [Netty Epoll Server IO #2/WARN] [com.connectivity.Connectivity/]: Packet data:
[
  ".6^.tt36*k336N%Q"
]
[11May2025 05:12:42.594] [Netty Epoll Server IO #4/WARN] [com.connectivity.Connectivity/]: Packet:ServerboundAcceptTeleportationPacket  id 0 larger than expected error detected, printing packet and buffer. Stacktrace gets logged after this
[11May2025 05:12:42.595] [Netty Epoll Server IO #4/WARN] [com.connectivity.Connectivity/]: Packet data:
{
  "f_133785_": 44
}
[11May2025 05:12:42.595] [Netty Epoll Server IO #4/WARN] [com.connectivity.Connectivity/]: Packet:PooledUnsafeDirectByteBuf  id 0 data of 48 extra bytes: 
[11May2025 05:12:42.595] [Netty Epoll Server IO #4/WARN] [com.connectivity.Connectivity/]: Packet data:
[
  "pvGTtQIfqI320rH9Z"
]
[11May2025 05:13:48.825] [Server thread/INFO] [net.minecraft.server.MinecraftServer/]: [Santix15: Teleported lobo3224 to Santix15]
[11May2025 05:17:50.689] [Server thread/WARN] [net.minecraft.server.network.ServerGamePacketListenerImpl/]: Warship (vehicle of Santix15) moved too quickly! 3.825207667520317,-2.005336256161172E-5,-9.716724386546304
[11May2025 05:17:54.311] [Server thread/INFO] [net.minecraft.server.MinecraftServer/]: lobo3224 has made the advancement [Ice Maze]
[11May2025 05:17:55.939] [Server thread/INFO] [net.minecraft.server.MinecraftServer/]: Santix15 has made the advancement [Ice Maze]
[11May2025 05:18:29.282] [Worker-Main-170/ERROR] [net.minecraft.world.entity.decoration.HangingEntity/]: Hanging entity at invalid position: BlockPos{x=5422, y=81, z=-9004}
[11May2025 05:18:29.288] [Worker-Main-170/ERROR] [net.minecraft.world.entity.decoration.HangingEntity/]: Hanging entity at invalid position: BlockPos{x=5427, y=81, z=-9009}
[11May2025 05:18:29.289] [Worker-Main-170/ERROR] [net.minecraft.world.entity.decoration.HangingEntity/]: Hanging entity at invalid position: BlockPos{x=5427, y=81, z=-9007}
[11May2025 05:18:29.290] [Worker-Main-170/ERROR] [net.minecraft.world.entity.decoration.HangingEntity/]: Hanging entity at invalid position: BlockPos{x=5427, y=81, z=-9008}
[11May2025 05:18:29.290] [Worker-Main-170/ERROR] [net.minecraft.world.entity.decoration.HangingEntity/]: Hanging entity at invalid position: BlockPos{x=5427, y=81, z=-9001}
[11May2025 05:18:29.291] [Worker-Main-170/ERROR] [net.minecraft.world.entity.decoration.HangingEntity/]: Hanging entity at invalid position: BlockPos{x=5427, y=81, z=-9000}
[11May2025 05:18:29.291] [Worker-Main-170/ERROR] [net.minecraft.world.entity.decoration.HangingEntity/]: Hanging entity at invalid position: BlockPos{x=5427, y=81, z=-8999}
[11May2025 05:18:32.055] [Worker-Main-171/WARN] [net.minecraft.world.level.levelgen.structure.pools.JigsawPlacement/]: Empty or non-existent pool: minecraft:village/common/villagers
[11May2025 05:19:15.383] [Netty Epoll Server IO #7/WARN] [com.connectivity.Connectivity/]: Packet:ServerboundAcceptTeleportationPacket  id 0 larger than expected error detected, printing packet and buffer. Stacktrace gets logged after this
[11May2025 05:19:15.383] [Netty Epoll Server IO #7/WARN] [com.connectivity.Connectivity/]: Packet data:
{
  "f_133785_": 59
}
[11May2025 05:19:15.384] [Netty Epoll Server IO #7/WARN] [com.connectivity.Connectivity/]: Packet:PooledUnsafeDirectByteBuf  id 0 data of 48 extra bytes: 
[11May2025 05:19:15.384] [Netty Epoll Server IO #7/WARN] [com.connectivity.Connectivity/]: Packet data:
[
  "~:dX^>#c@H3047YgM;4"
]
[11May2025 05:19:49.573] [Server thread/WARN] [net.minecraft.server.network.ServerGamePacketListenerImpl/]: Warship (vehicle of Santix15) moved too quickly! -3.851346211356031,-2.005336256161172E-5,-9.305881313860937
[11May2025 05:19:49.574] [Server thread/WARN] [net.minecraft.server.network.ServerGamePacketListenerImpl/]: Warship (vehicle of Santix15) moved too quickly! -3.9399110967269735,-2.1056030689692307E-5,-9.741703517437372
[11May2025 05:19:49.574] [Server thread/WARN] [net.minecraft.server.network.ServerGamePacketListenerImpl/]: Warship (vehicle of Santix15) moved too quickly! -4.022269335177953,-2.2058698817772893E-5,-10.18524097133286
[11May2025 05:19:49.574] [Server thread/WARN] [net.minecraft.server.network.ServerGamePacketListenerImpl/]: Warship (vehicle of Santix15) moved too quickly! -4.098890018029579,-2.306136694585348E-5,-10.637041580083633
[11May2025 05:19:49.575] [Server thread/WARN] [net.minecraft.server.network.ServerGamePacketListenerImpl/]: Warship (vehicle of Santix15) moved too quickly! -4.17022265848982,-2.4064035073934065E-5,-11.097530037785873
[11May2025 05:19:49.575] [Server thread/WARN] [net.minecraft.server.network.ServerGamePacketListenerImpl/]: Warship (vehicle of Santix15) moved too quickly! -4.236697698423541,-2.506670320201465E-5,-11.567026065290065
[11May2025 05:19:49.575] [Server thread/WARN] [net.minecraft.server.network.ServerGamePacketListenerImpl/]: Warship (vehicle of Santix15) moved too quickly! -4.298719923461249,-2.6069371330095237E-5,-12.045760387605014
[11May2025 05:19:49.575] [Server thread/WARN] [net.minecraft.server.network.ServerGamePacketListenerImpl/]: Warship (vehicle of Santix15) moved too quickly! -4.356675079554407,-2.7072039458175823E-5,-12.53388759619338
[11May2025 05:19:49.576] [Server thread/WARN] [net.minecraft.server.network.ServerGamePacketListenerImpl/]: Warship (vehicle of Santix15) moved too quickly! -4.410928124980273,-2.807470758625641E-5,-13.031497696254974
[11May2025 05:19:49.576] [Server thread/WARN] [net.minecraft.server.network.ServerGamePacketListenerImpl/]: Warship (vehicle of Santix15) moved too quickly! -4.461817140170751,-2.9077375714336995E-5,-13.538626222052471
[11May2025 05:19:49.576] [Server thread/WARN] [net.minecraft.server.network.ServerGamePacketListenerImpl/]: Warship (vehicle of Santix15) moved too quickly! -4.509771699445082,-3.008004384241758E-5,-14.055257140411413
[11May2025 05:19:49.576] [Server thread/WARN] [net.minecraft.server.network.ServerGamePacketListenerImpl/]: Warship (vehicle of Santix15) moved too quickly! -4.555495300678558,-3.108271197049817E-5,-14.581321854706403
[11May2025 05:19:49.577] [Server thread/WARN] [net.minecraft.server.network.ServerGamePacketListenerImpl/]: Warship (vehicle of Santix15) moved too quickly! -4.599787087196091,-3.208538009857875E-5,-15.116713161380858
[11May2025 05:19:49.577] [Server thread/WARN] [net.minecraft.server.network.ServerGamePacketListenerImpl/]: Warship (vehicle of Santix15) moved too quickly! -4.643300129105228,-3.308804822665934E-5,-15.661301632549794
[11May2025 05:19:49.577] [Server thread/WARN] [net.minecraft.server.network.ServerGamePacketListenerImpl/]: Warship (vehicle of Santix15) moved too quickly! -4.686560388447106,-3.4090716354739925E-5,-16.214939416854577
[11May2025 05:19:49.577] [Server thread/WARN] [net.minecraft.server.network.ServerGamePacketListenerImpl/]: Warship (vehicle of Santix15) moved too quickly! -4.729991188183703,-3.509338448282051E-5,-16.7774632569824
[11May2025 05:19:49.578] [Server thread/WARN] [net.minecraft.server.network.ServerGamePacketListenerImpl/]: Warship (vehicle of Santix15) moved too quickly! -4.773932372577747,-3.60960526109011E-5,-17.348697349911163
[11May2025 05:19:49.578] [Server thread/WARN] [net.minecraft.server.network.ServerGamePacketListenerImpl/]: Warship (vehicle of Santix15) moved too quickly! -4.818644438772935,-3.709872073898168E-5,-17.92845676061097
[11May2025 05:19:49.578] [Server thread/WARN] [net.minecraft.server.network.ServerGamePacketListenerImpl/]: Warship (vehicle of Santix15) moved too quickly! -4.864325263656156,-3.810138886706227E-5,-18.516549441748566
[11May2025 05:19:49.579] [Server thread/WARN] [net.minecraft.server.network.ServerGamePacketListenerImpl/]: Warship (vehicle of Santix15) moved too quickly! -4.911130531803792,-3.9104056995142855E-5,-19.112777440868285
[11May2025 05:19:49.599] [Server thread/WARN] [net.minecraft.server.network.ServerGamePacketListenerImpl/]: Warship (vehicle of Santix15) moved too quickly! -1.2030864852094965,-2.1056030689692307E-5,-10.83985768902835
[11May2025 05:19:49.658] [Server thread/WARN] [net.minecraft.server.network.ServerGamePacketListenerImpl/]: Warship (vehicle of Santix15) moved too quickly! -1.2524435244067718,-2.2058698817772893E-5,-11.451750167946784
[11May2025 05:19:49.720] [Server thread/WARN] [net.minecraft.server.network.ServerGamePacketListenerImpl/]: Warship (vehicle of Santix15) moved too quickly! -1.3030482084714095,-2.306136694585348E-5,-12.071179087094606
[11May2025 05:19:49.762] [Server thread/WARN] [net.minecraft.server.network.ServerGamePacketListenerImpl/]: Warship (vehicle of Santix15) moved too quickly! -1.3544733906592228,-2.4064035073934065E-5,-12.697979164765684
[11May2025 05:20:48.707] [Netty Epoll Server IO #1/WARN] [com.connectivity.Connectivity/]: Packet:ServerboundAcceptTeleportationPacket  id 0 larger than expected error detected, printing packet and buffer. Stacktrace gets logged after this
[11May2025 05:20:48.708] [Netty Epoll Server IO #1/WARN] [com.connectivity.Connectivity/]: Packet data:
{
  "f_133785_": 212533512
}
[11May2025 05:20:48.708] [Netty Epoll Server IO #1/WARN] [com.connectivity.Connectivity/]: Packet:PooledUnsafeDirectByteBuf  id 0 data of 45 extra bytes: 
[11May2025 05:20:48.708] [Netty Epoll Server IO #1/WARN] [com.connectivity.Connectivity/]: Packet data:
[
  "^PNB:2.320TkbD`k"
]
[11May2025 05:21:01.597] [Worker-Main-166/ERROR] [net.minecraft.world.entity.decoration.HangingEntity/]: Hanging entity at invalid position: BlockPos{x=49, y=-58, z=41}
[11May2025 05:21:01.617] [Worker-Main-170/ERROR] [net.minecraft.world.entity.decoration.HangingEntity/]: Hanging entity at invalid position: BlockPos{x=47, y=-58, z=43}
[11May2025 05:21:01.617] [Worker-Main-170/ERROR] [net.minecraft.world.entity.decoration.HangingEntity/]: Hanging entity at invalid position: BlockPos{x=43, y=-58, z=45}
[11May2025 05:21:01.617] [Worker-Main-170/ERROR] [net.minecraft.world.entity.decoration.HangingEntity/]: Hanging entity at invalid position: BlockPos{x=41, y=-58, z=48}
[11May2025 05:21:01.618] [Worker-Main-170/ERROR] [net.minecraft.world.entity.decoration.HangingEntity/]: Hanging entity at invalid position: BlockPos{x=38, y=-58, z=49}
[11May2025 05:21:03.440] [Worker-Main-170/ERROR] [net.minecraft.world.entity.decoration.HangingEntity/]: Hanging entity at invalid position: BlockPos{x=34, y=-58, z=50}
[11May2025 05:21:28.841] [Worker-Main-166/ERROR] [net.minecraft.world.level.block.entity.SculkShriekerBlockEntity/]: No key selector in MapLike[{event_delay:0,event_distance:0.0f,range:8,source:{pos:[I;-425,-56,-205],type:"minecraft:block"}}]
[11May2025 05:21:28.847] [Worker-Main-166/ERROR] [net.minecraft.world.entity.decoration.HangingEntity/]: Hanging entity at invalid position: BlockPos{x=-183, y=-57, z=-201}
[11May2025 05:21:28.847] [Worker-Main-166/ERROR] [net.minecraft.world.entity.decoration.HangingEntity/]: Hanging entity at invalid position: BlockPos{x=-183, y=-58, z=-205}
[11May2025 05:21:28.855] [Worker-Main-171/ERROR] [net.minecraft.world.entity.decoration.HangingEntity/]: Hanging entity at invalid position: BlockPos{x=-423, y=-50, z=-211}
[11May2025 05:21:28.862] [Worker-Main-171/ERROR] [net.minecraft.world.entity.decoration.HangingEntity/]: Hanging entity at invalid position: BlockPos{x=-193, y=-45, z=-211}
[11May2025 05:21:28.862] [Worker-Main-171/ERROR] [net.minecraft.world.entity.decoration.HangingEntity/]: Hanging entity at invalid position: BlockPos{x=-183, y=-57, z=-210}
[11May2025 05:21:28.862] [Worker-Main-171/ERROR] [net.minecraft.world.entity.decoration.HangingEntity/]: Hanging entity at invalid position: BlockPos{x=-187, y=-49, z=-219}
[11May2025 05:21:28.862] [Worker-Main-171/ERROR] [net.minecraft.world.entity.decoration.HangingEntity/]: Hanging entity at invalid position: BlockPos{x=-189, y=-45, z=-211}
[11May2025 05:21:28.863] [Worker-Main-171/ERROR] [net.minecraft.world.entity.decoration.HangingEntity/]: Hanging entity at invalid position: BlockPos{x=-191, y=-45, z=-211}
[11May2025 05:21:34.533] [Worker-Main-166/ERROR] [net.minecraft.world.entity.decoration.HangingEntity/]: Hanging entity at invalid position: BlockPos{x=-420, y=-50, z=-211}
[11May2025 05:21:34.533] [Worker-Main-166/ERROR] [net.minecraft.world.entity.decoration.HangingEntity/]: Hanging entity at invalid position: BlockPos{x=-413, y=-49, z=-217}
[11May2025 05:21:34.534] [Worker-Main-166/ERROR] [net.minecraft.world.entity.decoration.HangingEntity/]: Hanging entity at invalid position: BlockPos{x=-418, y=-50, z=-208}
[11May2025 05:24:55.147] [Server thread/INFO] [net.minecraft.server.MinecraftServer/]: [Santix15: Set lobo3224's game mode to Spectator Mode]
[11May2025 05:25:46.061] [Server thread/INFO] [net.minecraft.server.MinecraftServer/]: [Santix15: Set lobo3224's game mode to Survival Mode]
[11May2025 05:26:30.995] [Server thread/WARN] [net.minecraft.server.network.ServerGamePacketListenerImpl/]: lobo3224 moved wrongly!
[11May2025 05:27:35.762] [Server thread/INFO] [net.minecraft.server.MinecraftServer/]: Santix15 was shot by Piglin
[11May2025 05:27:42.546] [Server thread/INFO] [net.minecraft.server.MinecraftServer/]: [Santix15: Teleported Santix15 to lobo3224]
[11May2025 05:30:14.787] [Server thread/INFO] [net.minecraft.server.MinecraftServer/]: lobo3224 fell from a high place
[11May2025 05:30:20.722] [Server thread/INFO] [net.minecraft.server.MinecraftServer/]: [Santix15: Teleported lobo3224 to Santix15]
[11May2025 05:31:10.410] [Netty Epoll Server IO #6/WARN] [com.connectivity.Connectivity/]: Packet:ServerboundAcceptTeleportationPacket  id 0 larger than expected error detected, printing packet and buffer. Stacktrace gets logged after this
[11May2025 05:31:10.410] [Netty Epoll Server IO #6/WARN] [com.connectivity.Connectivity/]: Packet data:
{
  "f_133785_": 14324
}
[11May2025 05:31:10.411] [Netty Epoll Server IO #6/WARN] [com.connectivity.Connectivity/]: Packet:PooledUnsafeDirectByteBuf  id 0 data of 47 extra bytes: 
[11May2025 05:31:10.411] [Netty Epoll Server IO #6/WARN] [com.connectivity.Connectivity/]: Packet data:
[
  "OTw5R$&qE336|\";zuG\\"
]
[11May2025 05:31:30.242] [Server thread/INFO] [net.minecraft.server.MinecraftServer/]: lobo3224 has made the advancement [R.I.P. Yondu]
[11May2025 05:32:05.475] [Netty Epoll Server IO #0/WARN] [com.connectivity.Connectivity/]: Packet:ServerboundAcceptTeleportationPacket  id 0 larger than expected error detected, printing packet and buffer. Stacktrace gets logged after this
[11May2025 05:32:05.476] [Netty Epoll Server IO #0/WARN] [com.connectivity.Connectivity/]: Packet data:
{
  "f_133785_": 107
}
[11May2025 05:32:05.476] [Netty Epoll Server IO #0/WARN] [com.connectivity.Connectivity/]: Packet:PooledUnsafeDirectByteBuf  id 0 data of 48 extra bytes: 
[11May2025 05:32:05.476] [Netty Epoll Server IO #0/WARN] [com.connectivity.Connectivity/]: Packet data:
[
  "^[2stEE,:T+320V=M%"
]
[11May2025 05:32:40.476] [Server thread/INFO] [net.minecraft.server.MinecraftServer/]: [Santix15: Teleported Santix15 to lobo3224]
[11May2025 05:33:01.391] [Server thread/INFO] [net.minecraft.server.MinecraftServer/]: Santix15 was shot by Piglin
[11May2025 05:33:05.504] [Server thread/INFO] [net.minecraft.server.MinecraftServer/]: [Santix15: Teleported Santix15 to 2985.500000, 81.500000, -1777.500000]
[11May2025 05:38:41.840] [Server thread/WARN] [net.minecraft.server.network.ServerGamePacketListenerImpl/]: lobo3224 moved wrongly!
[11May2025 05:40:14.798] [Netty Epoll Server IO #4/WARN] [com.connectivity.Connectivity/]: Packet:ServerboundAcceptTeleportationPacket  id 0 larger than expected error detected, printing packet and buffer. Stacktrace gets logged after this
[11May2025 05:40:14.798] [Netty Epoll Server IO #4/WARN] [com.connectivity.Connectivity/]: Packet data:
{
  "f_133785_": 15667
}
[11May2025 05:40:14.799] [Netty Epoll Server IO #4/WARN] [com.connectivity.Connectivity/]: Packet:PooledUnsafeDirectByteBuf  id 0 data of 47 extra bytes: 
[11May2025 05:40:14.799] [Netty Epoll Server IO #4/WARN] [com.connectivity.Connectivity/]: Packet data:
[
  "v)d|Q%XfV{7304lq$WNvA"
]
[11May2025 05:40:20.790] [Server thread/INFO] [net.minecraft.server.MinecraftServer/]: [Santix15: Teleported lobo3224 to Santix15]
[11May2025 05:40:51.971] [Server thread/INFO] [net.minecraft.server.MinecraftServer/]: [Santix15: Teleported lobo3224 to Santix15]
[11May2025 05:45:24.719] [Netty Epoll Server IO #7/WARN] [com.connectivity.Connectivity/]: Packet:ServerboundAcceptTeleportationPacket  id 0 larger than expected error detected, printing packet and buffer. Stacktrace gets logged after this
[11May2025 05:45:24.720] [Netty Epoll Server IO #7/WARN] [com.connectivity.Connectivity/]: Packet data:
{
  "f_133785_": 68
}
[11May2025 05:45:24.720] [Netty Epoll Server IO #7/WARN] [com.connectivity.Connectivity/]: Packet:PooledUnsafeDirectByteBuf  id 0 data of 48 extra bytes: 
[11May2025 05:45:24.720] [Netty Epoll Server IO #7/WARN] [com.connectivity.Connectivity/]: Packet data:
[
  "44+AC2u320sg/"
]
[11May2025 05:46:42.047] [Server thread/WARN] [net.minecraft.world.level.storage.loot.functions.SetItemDamageFunction/]: Couldn't set damage of loot item 0 air
[11May2025 05:48:13.064] [Netty Epoll Server IO #1/WARN] [com.connectivity.Connectivity/]: Packet:ServerboundAcceptTeleportationPacket  id 0 larger than expected error detected, printing packet and buffer. Stacktrace gets logged after this
[11May2025 05:48:13.064] [Netty Epoll Server IO #1/WARN] [com.connectivity.Connectivity/]: Packet data:
{
  "f_133785_": 32
}
[11May2025 05:48:13.064] [Netty Epoll Server IO #1/WARN] [com.connectivity.Connectivity/]: Packet:PooledUnsafeDirectByteBuf  id 0 data of 48 extra bytes: 
[11May2025 05:48:13.064] [Netty Epoll Server IO #1/WARN] [com.connectivity.Connectivity/]: Packet data:
[
  "Dqf6_49:wpq8&hv320zlVF,"
]
[11May2025 05:49:13.902] [Netty Epoll Server IO #2/WARN] [com.connectivity.Connectivity/]: Packet:ServerboundAcceptTeleportationPacket  id 0 larger than expected error detected, printing packet and buffer. Stacktrace gets logged after this
[11May2025 05:49:13.902] [Netty Epoll Server IO #2/WARN] [com.connectivity.Connectivity/]: Packet data:
{
  "f_133785_": 1815060
}
[11May2025 05:49:13.902] [Netty Epoll Server IO #2/WARN] [com.connectivity.Connectivity/]: Packet:PooledUnsafeDirectByteBuf  id 0 data of 46 extra bytes: 
[11May2025 05:49:13.902] [Netty Epoll Server IO #2/WARN] [com.connectivity.Connectivity/]: Packet data:
[
  "8S2iU2iYJz3048Y~b"
]
[11May2025 05:49:24.074] [Netty Epoll Server IO #4/WARN] [com.connectivity.Connectivity/]: Packet:ServerboundAcceptTeleportationPacket  id 0 larger than expected error detected, printing packet and buffer. Stacktrace gets logged after this
[11May2025 05:49:24.074] [Netty Epoll Server IO #4/WARN] [com.connectivity.Connectivity/]: Packet data:
{
  "f_133785_": 99
}
[11May2025 05:49:24.074] [Netty Epoll Server IO #4/WARN] [com.connectivity.Connectivity/]: Packet:PooledUnsafeDirectByteBuf  id 0 data of 48 extra bytes: 
[11May2025 05:49:24.074] [Netty Epoll Server IO #4/WARN] [com.connectivity.Connectivity/]: Packet data:
[
  "f})YBc;]/Tb3208j+I"
]
[11May2025 05:49:57.341] [Netty Epoll Server IO #6/WARN] [com.connectivity.Connectivity/]: Packet:ServerboundAcceptTeleportationPacket  id 0 larger than expected error detected, printing packet and buffer. Stacktrace gets logged after this
[11May2025 05:49:57.342] [Netty Epoll Server IO #6/WARN] [com.connectivity.Connectivity/]: Packet data:
{
  "f_133785_": 307829710
}
[11May2025 05:49:57.342] [Netty Epoll Server IO #6/WARN] [com.connectivity.Connectivity/]: Packet:PooledUnsafeDirectByteBuf  id 0 data of 44 extra bytes: 
[11May2025 05:49:57.342] [Netty Epoll Server IO #6/WARN] [com.connectivity.Connectivity/]: Packet data:
[
  "/[Y(Nl6U^&p!336`qdS\"cIU"
]
[11May2025 05:54:43.296] [Server thread/WARN] [net.minecraft.server.network.ServerGamePacketListenerImpl/]: lobo3224 moved wrongly!
[11May2025 05:54:57.576] [Server thread/WARN] [net.minecraft.server.network.ServerGamePacketListenerImpl/]: lobo3224 moved wrongly!
[11May2025 05:58:39.396] [Server thread/INFO] [net.minecraft.server.network.ServerGamePacketListenerImpl/]: Santix15 lost connection: Disconnected
[11May2025 05:58:39.397] [Server thread/INFO] [net.minecraft.server.MinecraftServer/]: Santix15 left the game
[11May2025 05:58:39.397] [Server thread/INFO] [voicechat/]: [voicechat] Disconnecting client Santix15
[11May2025 06:00:22.732] [Server thread/INFO] [net.minecraft.world.entity.npc.Villager/]: Villager Villager['Unemployed'/117655, l='ServerLevel[world]', x=-335.42, y=-256.00, z=1107.34] died, message: 'Unemployed was killed'
[11May2025 06:00:34.366] [Netty Epoll Server IO #1/WARN] [com.connectivity.Connectivity/]: Packet:ServerboundAcceptTeleportationPacket  id 0 larger than expected error detected, printing packet and buffer. Stacktrace gets logged after this
[11May2025 06:00:34.366] [Netty Epoll Server IO #1/WARN] [com.connectivity.Connectivity/]: Packet data:
{
  "f_133785_": 29
}
[11May2025 06:00:34.367] [Netty Epoll Server IO #1/WARN] [com.connectivity.Connectivity/]: Packet:PooledUnsafeDirectByteBuf  id 0 data of 48 extra bytes: 
[11May2025 06:00:34.367] [Netty Epoll Server IO #1/WARN] [com.connectivity.Connectivity/]: Packet data:
[
  "av_m_T0$%oXSS304W<!w"
]
[11May2025 06:03:16.644] [Netty Epoll Server IO #4/WARN] [com.connectivity.Connectivity/]: Packet:ServerboundAcceptTeleportationPacket  id 0 larger than expected error detected, printing packet and buffer. Stacktrace gets logged after this
[11May2025 06:03:16.644] [Netty Epoll Server IO #4/WARN] [com.connectivity.Connectivity/]: Packet data:
{
  "f_133785_": 31
}
[11May2025 06:03:16.644] [Netty Epoll Server IO #4/WARN] [com.connectivity.Connectivity/]: Packet:PooledUnsafeDirectByteBuf  id 0 data of 48 extra bytes: 
[11May2025 06:03:16.645] [Netty Epoll Server IO #4/WARN] [com.connectivity.Connectivity/]: Packet data:
[
  "NhZ~|Ag5=<]|/320iD<v"
]
[11May2025 06:07:25.367] [Netty Epoll Server IO #7/WARN] [com.connectivity.Connectivity/]: Packet:ServerboundAcceptTeleportationPacket  id 0 larger than expected error detected, printing packet and buffer. Stacktrace gets logged after this
[11May2025 06:07:25.368] [Netty Epoll Server IO #7/WARN] [com.connectivity.Connectivity/]: Packet data:
{
  "f_133785_": 14392
}
[11May2025 06:07:25.368] [Netty Epoll Server IO #7/WARN] [com.connectivity.Connectivity/]: Packet:PooledUnsafeDirectByteBuf  id 0 data of 47 extra bytes: 
[11May2025 06:07:25.368] [Netty Epoll Server IO #7/WARN] [com.connectivity.Connectivity/]: Packet data:
[
  "yUiT;{L3nE2u=320HNp(`p"
]
[11May2025 06:08:50.107] [Server thread/INFO] [net.minecraft.server.players.PlayerList/]: Santix15[/127.239.12.135:44121] logged in with entity id 118530 at (-303.2284966421246, 68.0, 1153.8097504647744)
[11May2025 06:08:50.124] [Server thread/INFO] [net.minecraft.server.MinecraftServer/]: Santix15 joined the game
[11May2025 06:08:50.159] [Server thread/INFO] [Jade/]: Syncing config to Santix15 (1f8cbd0f-e34f-3631-ad78-ab523f2938ae)
[11May2025 06:08:51.344] [Server thread/INFO] [voicechat/]: [voicechat] Received secret request of Santix15 (18)
[11May2025 06:08:51.344] [Server thread/INFO] [voicechat/]: [voicechat] Sent secret to Santix15
[11May2025 06:08:56.893] [VoiceChatPacketProcessingThread/INFO] [voicechat/]: [voicechat] Successfully authenticated player 1f8cbd0f-e34f-3631-ad78-ab523f2938ae
[11May2025 06:08:57.894] [VoiceChatPacketProcessingThread/INFO] [voicechat/]: [voicechat] Successfully validated connection of player 1f8cbd0f-e34f-3631-ad78-ab523f2938ae
[11May2025 06:08:57.894] [VoiceChatPacketProcessingThread/INFO] [voicechat/]: [voicechat] Player Santix15 (1f8cbd0f-e34f-3631-ad78-ab523f2938ae) successfully connected to voice chat
[11May2025 06:09:48.695] [Server thread/INFO] [net.minecraft.server.MinecraftServer/]: <Santix15> holas
[11May2025 06:13:47.571] [Netty Epoll Server IO #5/WARN] [com.connectivity.Connectivity/]: Packet:ServerboundAcceptTeleportationPacket  id 0 larger than expected error detected, printing packet and buffer. Stacktrace gets logged after this
[11May2025 06:13:47.571] [Netty Epoll Server IO #5/WARN] [com.connectivity.Connectivity/]: Packet data:
{
  "f_133785_": 13732
}
[11May2025 06:13:47.572] [Netty Epoll Server IO #5/WARN] [com.connectivity.Connectivity/]: Packet:PooledUnsafeDirectByteBuf  id 0 data of 47 extra bytes: 
[11May2025 06:13:47.572] [Netty Epoll Server IO #5/WARN] [com.connectivity.Connectivity/]: Packet data:
[
  "N-4=qL4-lh]G4c.K304%?Jz"
]
[11May2025 06:14:53.035] [Netty Epoll Server IO #0/WARN] [com.connectivity.Connectivity/]: Packet:ServerboundAcceptTeleportationPacket  id 0 larger than expected error detected, printing packet and buffer. Stacktrace gets logged after this
[11May2025 06:14:53.036] [Netty Epoll Server IO #0/WARN] [com.connectivity.Connectivity/]: Packet data:
{
  "f_133785_": 1
}
[11May2025 06:14:53.036] [Netty Epoll Server IO #0/WARN] [com.connectivity.Connectivity/]: Packet:PooledUnsafeDirectByteBuf  id 0 data of 48 extra bytes: 
[11May2025 06:14:53.036] [Netty Epoll Server IO #0/WARN] [com.connectivity.Connectivity/]: Packet data:
[
  "G+)?]:QFl=336nnicX~ba"
]
[11May2025 06:18:11.411] [Netty Epoll Server IO #2/WARN] [com.connectivity.Connectivity/]: Packet:ServerboundAcceptTeleportationPacket  id 0 larger than expected error detected, printing packet and buffer. Stacktrace gets logged after this
[11May2025 06:18:11.412] [Netty Epoll Server IO #2/WARN] [com.connectivity.Connectivity/]: Packet data:
{
  "f_133785_": 11971
}
[11May2025 06:18:11.412] [Netty Epoll Server IO #2/WARN] [com.connectivity.Connectivity/]: Packet:PooledUnsafeDirectByteBuf  id 0 data of 47 extra bytes: 
[11May2025 06:18:11.412] [Netty Epoll Server IO #2/WARN] [com.connectivity.Connectivity/]: Packet data:
[
  "]wtwuK$Pq>320XMCO\"B"
]
[11May2025 06:18:56.597] [Server thread/INFO] [net.minecraft.server.MinecraftServer/]: <lobo3224> HOLAA
[11May2025 06:19:00.348] [Server thread/INFO] [net.minecraft.server.MinecraftServer/]: <lobo3224> volvi
[11May2025 06:20:02.921] [Server thread/INFO] [net.minecraft.server.MinecraftServer/]: <lobo3224> unite al grupo
[11May2025 06:22:11.283] [Netty Epoll Server IO #5/WARN] [com.connectivity.Connectivity/]: Packet:ServerboundBlockEntityTagQuery  id 1 larger than expected error detected, printing packet and buffer. Stacktrace gets logged after this
[11May2025 06:22:11.283] [Netty Epoll Server IO #5/WARN] [com.connectivity.Connectivity/]: Packet data:
{
  "f_133798_": 1,
  "f_133799_": "BlockPos{x=2622464, y=869, z=1073200}"
}
[11May2025 06:22:11.283] [Netty Epoll Server IO #5/WARN] [com.connectivity.Connectivity/]: Packet:PooledUnsafeDirectByteBuf  id 1 data of 11 extra bytes: 
[11May2025 06:22:11.283] [Netty Epoll Server IO #5/WARN] [com.connectivity.Connectivity/]: Packet data:
[
  "<partial numeric data>",
  "[4, 107, -64, -61, -49, -13, -96, -43, 103, 21, 107]"
]
[11May2025 06:22:13.945] [Netty Epoll Server IO #6/WARN] [com.connectivity.Connectivity/]: Packet:ServerboundBlockEntityTagQuery  id 1 larger than expected error detected, printing packet and buffer. Stacktrace gets logged after this
[11May2025 06:22:13.945] [Netty Epoll Server IO #6/WARN] [com.connectivity.Connectivity/]: Packet data:
{
  "f_133798_": 1,
  "f_133799_": "BlockPos{x=2622464, y=828, z=1073200}"
}
[11May2025 06:22:13.945] [Netty Epoll Server IO #6/WARN] [com.connectivity.Connectivity/]: Packet:PooledUnsafeDirectByteBuf  id 1 data of 11 extra bytes: 
[11May2025 06:22:13.946] [Netty Epoll Server IO #6/WARN] [com.connectivity.Connectivity/]: Packet data:
[
  "<partial numeric data>",
  "[55, 89, -26, 79, -70, 35, 6, 31, -40, -21, 3]"
]
[11May2025 06:22:17.876] [Netty Epoll Server IO #7/WARN] [com.connectivity.Connectivity/]: Packet:ServerboundBlockEntityTagQuery  id 1 larger than expected error detected, printing packet and buffer. Stacktrace gets logged after this
[11May2025 06:22:17.876] [Netty Epoll Server IO #7/WARN] [com.connectivity.Connectivity/]: Packet data:
{
  "f_133798_": 1,
  "f_133799_": "BlockPos{x=2622464, y=848, z=1073200}"
}
[11May2025 06:22:17.876] [Netty Epoll Server IO #7/WARN] [com.connectivity.Connectivity/]: Packet:PooledUnsafeDirectByteBuf  id 1 data of 11 extra bytes: 
[11May2025 06:22:17.877] [Netty Epoll Server IO #7/WARN] [com.connectivity.Connectivity/]: Packet data:
[
  "<partial numeric data>",
  "[57, 53, 2, -69, 54, -122, -7, 14, 6, -89, 61]"
]
[11May2025 06:22:34.073] [Netty Epoll Server IO #0/WARN] [com.connectivity.Connectivity/]: Packet:ServerboundBlockEntityTagQuery  id 1 larger than expected error detected, printing packet and buffer. Stacktrace gets logged after this
[11May2025 06:22:34.073] [Netty Epoll Server IO #0/WARN] [com.connectivity.Connectivity/]: Packet data:
{
  "f_133798_": 1,
  "f_133799_": "BlockPos{x=5768192, y=828, z=1122352}"
}
[11May2025 06:22:34.073] [Netty Epoll Server IO #0/WARN] [com.connectivity.Connectivity/]: Packet:PooledUnsafeDirectByteBuf  id 1 data of 11 extra bytes: 
[11May2025 06:22:34.074] [Netty Epoll Server IO #0/WARN] [com.connectivity.Connectivity/]: Packet data:
[
  "<partial numeric data>",
  "[114, 56, -65, -32, 12, 52, 62, 56, 119, 4, 75]"
]
[11May2025 06:22:37.365] [Netty Epoll Server IO #2/WARN] [com.connectivity.Connectivity/]: Packet:ServerboundBlockEntityTagQuery  id 1 larger than expected error detected, printing packet and buffer. Stacktrace gets logged after this
[11May2025 06:22:37.365] [Netty Epoll Server IO #2/WARN] [com.connectivity.Connectivity/]: Packet data:
{
  "f_133798_": 0,
  "f_133799_": "BlockPos{x=-11271168, y=920, z=856112}"
}
[11May2025 06:22:37.366] [Netty Epoll Server IO #2/WARN] [com.connectivity.Connectivity/]: Packet:PooledUnsafeDirectByteBuf  id 1 data of 11 extra bytes: 
[11May2025 06:22:37.366] [Netty Epoll Server IO #2/WARN] [com.connectivity.Connectivity/]: Packet data:
[
  "<partial numeric data>",
  "[59, -77, -57, -64, 9, 105, -41, -112, 111, -34, -109]"
]
[11May2025 06:23:04.272] [Server thread/INFO] [net.minecraft.server.MinecraftServer/]: <Santix15> siiiiiiiiiiiiiii
[11May2025 06:23:18.928] [Netty Epoll Server IO #4/WARN] [com.connectivity.Connectivity/]: Packet:ServerboundAcceptTeleportationPacket  id 0 larger than expected error detected, printing packet and buffer. Stacktrace gets logged after this
[11May2025 06:23:18.929] [Netty Epoll Server IO #4/WARN] [com.connectivity.Connectivity/]: Packet data:
{
  "f_133785_": 101782059
}
[11May2025 06:23:18.930] [Netty Epoll Server IO #4/WARN] [com.connectivity.Connectivity/]: Packet:PooledUnsafeDirectByteBuf  id 0 data of 45 extra bytes: 
[11May2025 06:23:18.930] [Netty Epoll Server IO #4/WARN] [com.connectivity.Connectivity/]: Packet data:
[
  "qL:Yogm=X\"k<E3209Jdv3D!7"
]
[11May2025 06:23:22.731] [Server thread/INFO] [net.minecraft.world.entity.npc.Villager/]: Villager Villager['Unemployed'/122055, l='ServerLevel[world]', x=200.81, y=-256.00, z=180.26] died, message: 'Unemployed was killed'
[11May2025 06:26:53.252] [Netty Epoll Server IO #6/WARN] [com.connectivity.Connectivity/]: Packet:ServerboundAcceptTeleportationPacket  id 0 larger than expected error detected, printing packet and buffer. Stacktrace gets logged after this
[11May2025 06:26:53.253] [Netty Epoll Server IO #6/WARN] [com.connectivity.Connectivity/]: Packet data:
{
  "f_133785_": 965761
}
[11May2025 06:26:53.253] [Netty Epoll Server IO #6/WARN] [com.connectivity.Connectivity/]: Packet:PooledUnsafeDirectByteBuf  id 0 data of 46 extra bytes: 
[11May2025 06:26:53.253] [Netty Epoll Server IO #6/WARN] [com.connectivity.Connectivity/]: Packet data:
[
  "a6`z= (+sEWGI|320,l>K\\*s(E"
]
[11May2025 06:26:57.939] [Worker-Main-172/WARN] [net.minecraft.world.level.levelgen.structure.pools.JigsawPlacement/]: Empty or non-existent pool: minecraft:
[11May2025 06:26:57.940] [Worker-Main-172/WARN] [net.minecraft.world.level.levelgen.structure.pools.JigsawPlacement/]: Empty or non-existent pool: minecraft:
[11May2025 06:29:52.696] [Server thread/WARN] [net.minecraft.world.level.storage.loot.functions.SetItemDamageFunction/]: Couldn't set damage of loot item 0 air
[11May2025 06:30:13.373] [Server thread/INFO] [net.minecraft.server.MinecraftServer/]: lobo3224 died from dehydration
[11May2025 06:32:01.777] [Server thread/WARN] [net.minecraft.server.network.ServerGamePacketListenerImpl/]: Santix15 moved wrongly!
[11May2025 06:33:32.486] [Worker-Main-171/ERROR] [net.minecraft.world.entity.decoration.HangingEntity/]: Hanging entity at invalid position: BlockPos{x=3, y=-53, z=18}
[11May2025 06:33:32.487] [Worker-Main-171/ERROR] [net.minecraft.world.entity.decoration.HangingEntity/]: Hanging entity at invalid position: BlockPos{x=3, y=-53, z=19}
[11May2025 06:33:33.065] [Worker-Main-200/ERROR] [net.minecraft.world.entity.decoration.HangingEntity/]: Hanging entity at invalid position: BlockPos{x=-1, y=-56, z=26}
[11May2025 06:33:33.065] [Worker-Main-200/ERROR] [net.minecraft.world.entity.decoration.HangingEntity/]: Hanging entity at invalid position: BlockPos{x=-2, y=-56, z=26}
[11May2025 06:33:33.065] [Worker-Main-200/ERROR] [net.minecraft.world.entity.decoration.HangingEntity/]: Hanging entity at invalid position: BlockPos{x=0, y=-56, z=26}
[11May2025 06:33:43.153] [Server thread/INFO] [net.minecraft.server.MinecraftServer/]: lobo3224 has made the advancement [Invitation to the Tea Party]
[11May2025 06:34:37.494] [Netty Epoll Server IO #1/WARN] [com.connectivity.Connectivity/]: Packet:ServerboundAcceptTeleportationPacket  id 0 larger than expected error detected, printing packet and buffer. Stacktrace gets logged after this
[11May2025 06:34:37.494] [Netty Epoll Server IO #1/WARN] [com.connectivity.Connectivity/]: Packet data:
{
  "f_133785_": 9183
}
[11May2025 06:34:37.494] [Netty Epoll Server IO #1/WARN] [com.connectivity.Connectivity/]: Packet:PooledUnsafeDirectByteBuf  id 0 data of 46 extra bytes: 
[11May2025 06:34:37.495] [Netty Epoll Server IO #1/WARN] [com.connectivity.Connectivity/]: Packet data:
[
  "@^,6D&cN2h/304w~;_"
]
[11May2025 06:35:29.201] [Server thread/INFO] [net.minecraft.server.MinecraftServer/]: lobo3224 has made the advancement [Source of Evil]
[11May2025 06:36:16.295] [Server thread/INFO] [net.minecraft.world.entity.npc.Villager/]: Villager Villager['Patient 1'/128959, l='ServerLevel[world]', x=3510.40, y=59.00, z=-1577.30] died, message: 'Patient 1 was slain by Acolyte'
[11May2025 06:36:16.296] [Server thread/INFO] [net.minecraft.world.entity.LivingEntity/]: Named entity Villager['Patient 1'/128959, l='ServerLevel[world]', x=3510.40, y=59.00, z=-1577.30] died: Patient 1 was slain by Acolyte
[11May2025 06:37:00.949] [Server thread/INFO] [net.minecraft.server.MinecraftServer/]: [Santix15: Teleported Santix15 to lobo3224]
[11May2025 06:37:01.842] [Server thread/INFO] [net.minecraft.server.MinecraftServer/]: Santix15 has made the advancement [Invitation to the Tea Party]
[11May2025 06:38:12.042] [Server thread/INFO] [net.minecraft.server.MinecraftServer/]: Santix15 has made the advancement [Source of Evil]
[11May2025 06:38:39.732] [Server thread/INFO] [net.minecraft.world.entity.npc.Villager/]: Villager Villager['Unemployed'/131379, l='ServerLevel[world]', x=200.81, y=-256.00, z=180.26] died, message: 'Unemployed was killed'
[11May2025 06:39:56.828] [Server thread/INFO] [net.minecraft.world.entity.npc.Villager/]: Villager Villager['Patient 2'/128958, l='ServerLevel[world]', x=3500.69, y=59.63, z=-1576.78] died, message: 'Patient 2 was slain by lobo3224'
[11May2025 06:39:56.829] [Server thread/INFO] [net.minecraft.world.entity.LivingEntity/]: Named entity Villager['Patient 2'/128958, l='ServerLevel[world]', x=3500.69, y=59.63, z=-1576.78] died: Patient 2 was slain by lobo3224
[11May2025 06:42:40.739] [Netty Epoll Server IO #4/WARN] [com.connectivity.Connectivity/]: Packet:ServerboundAcceptTeleportationPacket  id 0 larger than expected error detected, printing packet and buffer. Stacktrace gets logged after this
[11May2025 06:42:40.740] [Netty Epoll Server IO #4/WARN] [com.connectivity.Connectivity/]: Packet data:
{
  "f_133785_": 255673865
}
[11May2025 06:42:40.740] [Netty Epoll Server IO #4/WARN] [com.connectivity.Connectivity/]: Packet:PooledUnsafeDirectByteBuf  id 0 data of 45 extra bytes: 
[11May2025 06:42:40.740] [Netty Epoll Server IO #4/WARN] [com.connectivity.Connectivity/]: Packet data:
[
  "NY,#P:,S U%304'JAD{"
]
[11May2025 06:46:00.020] [Netty Epoll Server IO #6/WARN] [com.connectivity.Connectivity/]: Packet:ServerboundAcceptTeleportationPacket  id 0 larger than expected error detected, printing packet and buffer. Stacktrace gets logged after this
[11May2025 06:46:00.021] [Netty Epoll Server IO #6/WARN] [com.connectivity.Connectivity/]: Packet data:
{
  "f_133785_": 39
}
[11May2025 06:46:00.021] [Netty Epoll Server IO #6/WARN] [com.connectivity.Connectivity/]: Packet:PooledUnsafeDirectByteBuf  id 0 data of 48 extra bytes: 
[11May2025 06:46:00.021] [Netty Epoll Server IO #6/WARN] [com.connectivity.Connectivity/]: Packet data:
[
  "z!A2nU`6385[bi7V320fKS"
]
[11May2025 06:47:26.748] [Server thread/INFO] [net.minecraft.server.MinecraftServer/]: lobo3224 died from dehydration whilst trying to escape Leech
[11May2025 06:50:55.121] [Netty Epoll Server IO #0/WARN] [com.connectivity.Connectivity/]: Packet:ServerboundAcceptTeleportationPacket  id 0 larger than expected error detected, printing packet and buffer. Stacktrace gets logged after this
[11May2025 06:50:55.121] [Netty Epoll Server IO #0/WARN] [com.connectivity.Connectivity/]: Packet data:
{
  "f_133785_": 40
}
[11May2025 06:50:55.121] [Netty Epoll Server IO #0/WARN] [com.connectivity.Connectivity/]: Packet:PooledUnsafeDirectByteBuf  id 0 data of 48 extra bytes: 
[11May2025 06:50:55.121] [Netty Epoll Server IO #0/WARN] [com.connectivity.Connectivity/]: Packet data:
[
  "Y~X*O8i|<).Qw320.p/!`,"
]
[11May2025 06:51:24.399] [Server thread/INFO] [net.minecraft.server.MinecraftServer/]: [Santix15: Teleported Santix15 to lobo3224]
[11May2025 06:51:48.639] [Server thread/INFO] [net.minecraft.server.MinecraftServer/]: lobo3224 has made the advancement [Local Brewery]
[11May2025 06:54:17.198] [Server thread/WARN] [net.minecraft.server.level.ServerPlayerGameMode/]: Mismatch in destroy block pos: BlockPos{x=3193, y=64, z=-1298} BlockPos{x=3192, y=62, z=-1298}
[11May2025 06:54:17.227] [Server thread/WARN] [net.minecraft.server.level.ServerPlayerGameMode/]: Mismatch in destroy block pos: BlockPos{x=3193, y=64, z=-1298} BlockPos{x=3192, y=62, z=-1298}
[11May2025 06:55:15.040] [Netty Epoll Server IO #1/WARN] [com.connectivity.Connectivity/]: Packet:ServerboundBlockEntityTagQuery  id 1 larger than expected error detected, printing packet and buffer. Stacktrace gets logged after this
[11May2025 06:55:15.040] [Netty Epoll Server IO #1/WARN] [com.connectivity.Connectivity/]: Packet data:
{
  "f_133798_": 1,
  "f_133799_": "BlockPos{x=2622464, y=931, z=1073200}"
}
[11May2025 06:55:15.040] [Netty Epoll Server IO #1/WARN] [com.connectivity.Connectivity/]: Packet:PooledUnsafeDirectByteBuf  id 1 data of 11 extra bytes: 
[11May2025 06:55:15.041] [Netty Epoll Server IO #1/WARN] [com.connectivity.Connectivity/]: Packet data:
[
  "<partial numeric data>",
  "[121, -14, 29, 96, 79, -113, 98, -1, -108, -10, -106]"
]
[11May2025 06:55:15.858] [Netty Epoll Server IO #3/WARN] [com.connectivity.Connectivity/]: Packet:ServerboundBlockEntityTagQuery  id 1 larger than expected error detected, printing packet and buffer. Stacktrace gets logged after this
[11May2025 06:55:15.859] [Netty Epoll Server IO #3/WARN] [com.connectivity.Connectivity/]: Packet data:
{
  "f_133798_": 1,
  "f_133799_": "BlockPos{x=2622464, y=883, z=1073200}"
}
[11May2025 06:55:15.859] [Netty Epoll Server IO #3/WARN] [com.connectivity.Connectivity/]: Packet:PooledUnsafeDirectByteBuf  id 1 data of 11 extra bytes: 
[11May2025 06:55:15.859] [Netty Epoll Server IO #3/WARN] [com.connectivity.Connectivity/]: Packet data:
[
  "<partial numeric data>",
  "[5, 27, -63, 38, -13, 113, -10, 65, 48, -100, -79]"
]
[11May2025 06:55:16.168] [Netty Epoll Server IO #4/WARN] [com.connectivity.Connectivity/]: Packet:ServerboundBlockEntityTagQuery  id 1 larger than expected error detected, printing packet and buffer. Stacktrace gets logged after this
[11May2025 06:55:16.169] [Netty Epoll Server IO #4/WARN] [com.connectivity.Connectivity/]: Packet data:
{
  "f_133798_": 1,
  "f_133799_": "BlockPos{x=2622464, y=890, z=1073200}"
}
[11May2025 06:55:16.169] [Netty Epoll Server IO #4/WARN] [com.connectivity.Connectivity/]: Packet:PooledUnsafeDirectByteBuf  id 1 data of 11 extra bytes: 
[11May2025 06:55:16.169] [Netty Epoll Server IO #4/WARN] [com.connectivity.Connectivity/]: Packet data:
[
  "<partial numeric data>",
  "[-125, -60, -16, 35, -69, -102, -39, -60, 113, 63, 85]"
]
[11May2025 06:55:16.327] [Netty Epoll Server IO #5/WARN] [com.connectivity.Connectivity/]: Packet:ServerboundBlockEntityTagQuery  id 1 larger than expected error detected, printing packet and buffer. Stacktrace gets logged after this
[11May2025 06:55:16.327] [Netty Epoll Server IO #5/WARN] [com.connectivity.Connectivity/]: Packet data:
{
  "f_133798_": 1,
  "f_133799_": "BlockPos{x=2622464, y=772, z=1073200}"
}
[11May2025 06:55:16.328] [Netty Epoll Server IO #5/WARN] [com.connectivity.Connectivity/]: Packet:PooledUnsafeDirectByteBuf  id 1 data of 11 extra bytes: 
[11May2025 06:55:16.328] [Netty Epoll Server IO #5/WARN] [com.connectivity.Connectivity/]: Packet data:
[
  "<partial numeric data>",
  "[-11, -104, 48, -122, -94, -69, -92, -66, -22, -95, -64]"
]
[11May2025 06:55:17.287] [Netty Epoll Server IO #6/WARN] [com.connectivity.Connectivity/]: Packet:ServerboundBlockEntityTagQuery  id 1 larger than expected error detected, printing packet and buffer. Stacktrace gets logged after this
[11May2025 06:55:17.287] [Netty Epoll Server IO #6/WARN] [com.connectivity.Connectivity/]: Packet data:
{
  "f_133798_": 1,
  "f_133799_": "BlockPos{x=2622464, y=913, z=1073200}"
}
[11May2025 06:55:17.288] [Netty Epoll Server IO #6/WARN] [com.connectivity.Connectivity/]: Packet:PooledUnsafeDirectByteBuf  id 1 data of 11 extra bytes: 
[11May2025 06:55:17.288] [Netty Epoll Server IO #6/WARN] [com.connectivity.Connectivity/]: Packet data:
[
  "<partial numeric data>",
  "[-45, 43, -55, -81, 9, 79, 43, -14, 38, 39, 120]"
]
[11May2025 06:55:17.452] [Netty Epoll Server IO #7/WARN] [com.connectivity.Connectivity/]: Packet:ServerboundBlockEntityTagQuery  id 1 larger than expected error detected, printing packet and buffer. Stacktrace gets logged after this
[11May2025 06:55:17.453] [Netty Epoll Server IO #7/WARN] [com.connectivity.Connectivity/]: Packet data:
{
  "f_133798_": 1,
  "f_133799_": "BlockPos{x=2622464, y=958, z=1073200}"
}
[11May2025 06:55:17.453] [Netty Epoll Server IO #7/WARN] [com.connectivity.Connectivity/]: Packet:PooledUnsafeDirectByteBuf  id 1 data of 11 extra bytes: 
[11May2025 06:55:17.453] [Netty Epoll Server IO #7/WARN] [com.connectivity.Connectivity/]: Packet data:
[
  "<partial numeric data>",
  "[-60, -41, 57, -10, 94, -86, 0, 101, 125, -104, 66]"
]
[11May2025 06:55:18.046] [Netty Epoll Server IO #0/WARN] [com.connectivity.Connectivity/]: Packet:ServerboundBlockEntityTagQuery  id 1 larger than expected error detected, printing packet and buffer. Stacktrace gets logged after this
[11May2025 06:55:18.046] [Netty Epoll Server IO #0/WARN] [com.connectivity.Connectivity/]: Packet data:
{
  "f_133798_": 1,
  "f_133799_": "BlockPos{x=2622464, y=937, z=1073200}"
}
[11May2025 06:55:18.047] [Netty Epoll Server IO #0/WARN] [com.connectivity.Connectivity/]: Packet:PooledUnsafeDirectByteBuf  id 1 data of 11 extra bytes: 
[11May2025 06:55:18.047] [Netty Epoll Server IO #0/WARN] [com.connectivity.Connectivity/]: Packet data:
[
  "<partial numeric data>",
  "[-9, -82, -125, -116, -13, -76, 9, -77, -90, -9, 115]"
]
[11May2025 06:55:19.174] [Netty Epoll Server IO #1/WARN] [com.connectivity.Connectivity/]: Packet:ServerboundBlockEntityTagQuery  id 1 larger than expected error detected, printing packet and buffer. Stacktrace gets logged after this
[11May2025 06:55:19.174] [Netty Epoll Server IO #1/WARN] [com.connectivity.Connectivity/]: Packet data:
{
  "f_133798_": 1,
  "f_133799_": "BlockPos{x=2622464, y=1002, z=1073200}"
}
[11May2025 06:55:19.175] [Netty Epoll Server IO #1/WARN] [com.connectivity.Connectivity/]: Packet:PooledUnsafeDirectByteBuf  id 1 data of 11 extra bytes: 
[11May2025 06:55:19.175] [Netty Epoll Server IO #1/WARN] [com.connectivity.Connectivity/]: Packet data:
[
  "<partial numeric data>",
  "[-112, 20, -110, 118, -21, -88, -127, 3, 3, -50, -26]"
]
[11May2025 06:55:22.511] [Netty Epoll Server IO #2/WARN] [com.connectivity.Connectivity/]: Packet:ServerboundBlockEntityTagQuery  id 1 larger than expected error detected, printing packet and buffer. Stacktrace gets logged after this
[11May2025 06:55:22.511] [Netty Epoll Server IO #2/WARN] [com.connectivity.Connectivity/]: Packet data:
{
  "f_133798_": 1,
  "f_133799_": "BlockPos{x=2622464, y=846, z=1073200}"
}
[11May2025 06:55:22.511] [Netty Epoll Server IO #2/WARN] [com.connectivity.Connectivity/]: Packet:PooledUnsafeDirectByteBuf  id 1 data of 11 extra bytes: 
[11May2025 06:55:22.511] [Netty Epoll Server IO #2/WARN] [com.connectivity.Connectivity/]: Packet data:
[
  "<partial numeric data>",
  "[82, -110, 34, -116, 86, -26, -122, 19, 0, 45, -91]"
]
[11May2025 06:55:32.761] [Netty Epoll Server IO #4/WARN] [com.connectivity.Connectivity/]: Packet:ServerboundAcceptTeleportationPacket  id 0 larger than expected error detected, printing packet and buffer. Stacktrace gets logged after this
[11May2025 06:55:32.762] [Netty Epoll Server IO #4/WARN] [com.connectivity.Connectivity/]: Packet data:
{
  "f_133785_": 8012
}
[11May2025 06:55:32.762] [Netty Epoll Server IO #4/WARN] [com.connectivity.Connectivity/]: Packet:PooledUnsafeDirectByteBuf  id 0 data of 47 extra bytes: 
[11May2025 06:55:32.762] [Netty Epoll Server IO #4/WARN] [com.connectivity.Connectivity/]: Packet data:
[
  "/X$Nj304o1V"
]
[11May2025 06:55:41.533] [Netty Epoll Server IO #5/WARN] [com.connectivity.Connectivity/]: Packet:ServerboundBlockEntityTagQuery  id 1 larger than expected error detected, printing packet and buffer. Stacktrace gets logged after this
[11May2025 06:55:41.534] [Netty Epoll Server IO #5/WARN] [com.connectivity.Connectivity/]: Packet data:
{
  "f_133798_": 1,
  "f_133799_": "BlockPos{x=5768192, y=945, z=1122352}"
}
[11May2025 06:55:41.534] [Netty Epoll Server IO #5/WARN] [com.connectivity.Connectivity/]: Packet:PooledUnsafeDirectByteBuf  id 1 data of 11 extra bytes: 
[11May2025 06:55:41.534] [Netty Epoll Server IO #5/WARN] [com.connectivity.Connectivity/]: Packet data:
[
  "<partial numeric data>",
  "[53, 117, -75, 65, -89, 0, -89, 99, -42, -126, 47]"
]
[11May2025 06:55:41.774] [Netty Epoll Server IO #6/WARN] [com.connectivity.Connectivity/]: Packet:ServerboundBlockEntityTagQuery  id 1 larger than expected error detected, printing packet and buffer. Stacktrace gets logged after this
[11May2025 06:55:41.774] [Netty Epoll Server IO #6/WARN] [com.connectivity.Connectivity/]: Packet data:
{
  "f_133798_": 0,
  "f_133799_": "BlockPos{x=-8125440, y=817, z=905264}"
}
[11May2025 06:55:41.774] [Netty Epoll Server IO #6/WARN] [com.connectivity.Connectivity/]: Packet:PooledUnsafeDirectByteBuf  id 1 data of 11 extra bytes: 
[11May2025 06:55:41.775] [Netty Epoll Server IO #6/WARN] [com.connectivity.Connectivity/]: Packet data:
[
  "<partial numeric data>",
  "[-67, -88, -28, 65, 87, 118, 58, 76, 63, -69, 106]"
]
[11May2025 06:55:42.061] [Netty Epoll Server IO #0/WARN] [com.connectivity.Connectivity/]: Packet:ServerboundBlockEntityTagQuery  id 1 larger than expected error detected, printing packet and buffer. Stacktrace gets logged after this
[11May2025 06:55:42.062] [Netty Epoll Server IO #0/WARN] [com.connectivity.Connectivity/]: Packet data:
{
  "f_133798_": 0,
  "f_133799_": "BlockPos{x=-11271168, y=836, z=856112}"
}
[11May2025 06:55:42.062] [Netty Epoll Server IO #0/WARN] [com.connectivity.Connectivity/]: Packet:PooledUnsafeDirectByteBuf  id 1 data of 11 extra bytes: 
[11May2025 06:55:42.062] [Netty Epoll Server IO #0/WARN] [com.connectivity.Connectivity/]: Packet data:
[
  "<partial numeric data>",
  "[-35, 20, 90, -69, -8, 38, -36, 75, 62, -94, -101]"
]
[11May2025 06:55:53.046] [Server thread/INFO] [net.minecraft.server.MinecraftServer/]: [Santix15: Teleported lobo3224 to Santix15]
[11May2025 06:58:44.876] [Netty Epoll Server IO #2/WARN] [com.connectivity.Connectivity/]: Packet:ServerboundAcceptTeleportationPacket  id 0 larger than expected error detected, printing packet and buffer. Stacktrace gets logged after this
[11May2025 06:58:44.877] [Netty Epoll Server IO #2/WARN] [com.connectivity.Connectivity/]: Packet data:
{
  "f_133785_": 43
}
[11May2025 06:58:44.877] [Netty Epoll Server IO #2/WARN] [com.connectivity.Connectivity/]: Packet:PooledUnsafeDirectByteBuf  id 0 data of 48 extra bytes: 
[11May2025 06:58:44.877] [Netty Epoll Server IO #2/WARN] [com.connectivity.Connectivity/]: Packet data:
[
  "_FZCeNnmS336b2J`6"
]
[11May2025 07:00:30.730] [Server thread/INFO] [net.minecraft.world.entity.npc.Villager/]: Villager Villager['Unemployed'/144206, l='ServerLevel[world]', x=200.81, y=-256.00, z=180.26] died, message: 'Unemployed was killed'
[11May2025 07:02:28.244] [Server thread/INFO] [net.minecraft.server.network.ServerGamePacketListenerImpl/]: lobo3224 lost connection: Disconnected
[11May2025 07:02:28.244] [Server thread/INFO] [net.minecraft.server.MinecraftServer/]: lobo3224 left the game
[11May2025 07:02:28.244] [Server thread/INFO] [voicechat/]: [voicechat] Disconnecting client lobo3224
[11May2025 07:02:34.592] [Server thread/INFO] [net.minecraft.server.MinecraftServer/]: Stopping the server
[11May2025 07:02:34.631] [Server thread/INFO] [com.yellowbrossproductions.illageandspillage.IllageAndSpillage/]: Removed entity.illageandspillage.boss_randomizer from Raids to prevent a post-mod-removal crash
[11May2025 07:02:34.631] [Server thread/INFO] [com.yellowbrossproductions.illageandspillage.IllageAndSpillage/]: Removed entity.illageandspillage.igniter from Raids to prevent a post-mod-removal crash
[11May2025 07:02:34.632] [Server thread/INFO] [com.yellowbrossproductions.illageandspillage.IllageAndSpillage/]: Removed entity.illageandspillage.engineer from Raids to prevent a post-mod-removal crash
[11May2025 07:02:34.632] [Server thread/INFO] [com.yellowbrossproductions.illageandspillage.IllageAndSpillage/]: Removed entity.illageandspillage.twittollager from Raids to prevent a post-mod-removal crash
[11May2025 07:02:34.632] [Server thread/INFO] [com.yellowbrossproductions.illageandspillage.IllageAndSpillage/]: Removed entity.illageandspillage.magispeller from Raids to prevent a post-mod-removal crash
[11May2025 07:02:34.632] [Server thread/INFO] [com.yellowbrossproductions.illageandspillage.IllageAndSpillage/]: Removed entity.illageandspillage.spiritcaller from Raids to prevent a post-mod-removal crash
[11May2025 07:02:34.632] [Server thread/INFO] [com.yellowbrossproductions.illageandspillage.IllageAndSpillage/]: Removed entity.illageandspillage.crocofang from Raids to prevent a post-mod-removal crash
[11May2025 07:02:34.632] [Server thread/INFO] [com.yellowbrossproductions.illageandspillage.IllageAndSpillage/]: Removed entity.illageandspillage.absorber from Raids to prevent a post-mod-removal crash
[11May2025 07:02:34.632] [Server thread/INFO] [com.yellowbrossproductions.illageandspillage.IllageAndSpillage/]: Removed entity.illageandspillage.preserver from Raids to prevent a post-mod-removal crash
[11May2025 07:02:34.632] [Server thread/INFO] [com.yellowbrossproductions.illageandspillage.IllageAndSpillage/]: Removed entity.illageandspillage.freakager from Raids to prevent a post-mod-removal crash
[11May2025 07:02:34.632] [Server thread/INFO] [com.yellowbrossproductions.illageandspillage.IllageAndSpillage/]: Removed entity.illageandspillage.old_freakager from Raids to prevent a post-mod-removal crash
[11May2025 07:02:34.632] [Server thread/INFO] [com.yellowbrossproductions.illageandspillage.IllageAndSpillage/]: Removed entity.illageandspillage.old_magispeller from Raids to prevent a post-mod-removal crash
[11May2025 07:02:34.647] [Server thread/INFO] [net.minecraft.server.MinecraftServer/]: Stopping server
[11May2025 07:02:34.648] [Server thread/INFO] [net.minecraft.server.MinecraftServer/]: Saving players
[11May2025 07:02:34.659] [Server thread/INFO] [net.minecraft.server.MinecraftServer/]: Saving worlds
[11May2025 07:02:35.040] [Server thread/INFO] [net.minecraft.server.MinecraftServer/]: Saving chunks for level 'ServerLevel[world]'/minecraft:overworld
[11May2025 07:02:36.905] [Server thread/INFO] [net.minecraft.server.MinecraftServer/]: Saving chunks for level 'ServerLevel[world]'/graveyard:past
[11May2025 07:02:36.905] [Server thread/INFO] [net.minecraft.server.MinecraftServer/]: Saving chunks for level 'ServerLevel[world]'/minecraft:the_nether
[11May2025 07:02:36.907] [Server thread/INFO] [net.minecraft.server.MinecraftServer/]: Saving chunks for level 'ServerLevel[world]'/minecraft:the_end
[11May2025 07:02:36.951] [Server thread/INFO] [net.minecraft.server.MinecraftServer/]: ThreadedAnvilChunkStorage (world): All chunks are saved
[11May2025 07:02:36.951] [Server thread/INFO] [net.minecraft.server.MinecraftServer/]: ThreadedAnvilChunkStorage (past): All chunks are saved
[11May2025 07:02:36.951] [Server thread/INFO] [net.minecraft.server.MinecraftServer/]: ThreadedAnvilChunkStorage (DIM-1): All chunks are saved
[11May2025 07:02:36.951] [Server thread/INFO] [net.minecraft.server.MinecraftServer/]: ThreadedAnvilChunkStorage (DIM1): All chunks are saved
[11May2025 07:02:36.951] [Server thread/INFO] [net.minecraft.server.MinecraftServer/]: ThreadedAnvilChunkStorage: All dimensions are saved
[11May2025 07:02:36.951] [Server thread/INFO] [com.yellowbrossproductions.illageandspillage.IllageAndSpillage/]: Removed entity.illageandspillage.boss_randomizer from Raids to prevent a post-mod-removal crash
[11May2025 07:02:36.951] [Server thread/INFO] [com.yellowbrossproductions.illageandspillage.IllageAndSpillage/]: Removed entity.illageandspillage.igniter from Raids to prevent a post-mod-removal crash
[11May2025 07:02:36.951] [Server thread/INFO] [com.yellowbrossproductions.illageandspillage.IllageAndSpillage/]: Removed entity.illageandspillage.engineer from Raids to prevent a post-mod-removal crash
[11May2025 07:02:36.951] [Server thread/INFO] [com.yellowbrossproductions.illageandspillage.IllageAndSpillage/]: Removed entity.illageandspillage.twittollager from Raids to prevent a post-mod-removal crash
[11May2025 07:02:36.951] [Server thread/INFO] [com.yellowbrossproductions.illageandspillage.IllageAndSpillage/]: Removed entity.illageandspillage.magispeller from Raids to prevent a post-mod-removal crash
[11May2025 07:02:36.951] [Server thread/INFO] [com.yellowbrossproductions.illageandspillage.IllageAndSpillage/]: Removed entity.illageandspillage.spiritcaller from Raids to prevent a post-mod-removal crash
[11May2025 07:02:36.951] [Server thread/INFO] [com.yellowbrossproductions.illageandspillage.IllageAndSpillage/]: Removed entity.illageandspillage.crocofang from Raids to prevent a post-mod-removal crash
[11May2025 07:02:36.951] [Server thread/INFO] [com.yellowbrossproductions.illageandspillage.IllageAndSpillage/]: Removed entity.illageandspillage.absorber from Raids to prevent a post-mod-removal crash
[11May2025 07:02:36.951] [Server thread/INFO] [com.yellowbrossproductions.illageandspillage.IllageAndSpillage/]: Removed entity.illageandspillage.preserver from Raids to prevent a post-mod-removal crash
[11May2025 07:02:36.951] [Server thread/INFO] [com.yellowbrossproductions.illageandspillage.IllageAndSpillage/]: Removed entity.illageandspillage.freakager from Raids to prevent a post-mod-removal crash
[11May2025 07:02:36.951] [Server thread/INFO] [com.yellowbrossproductions.illageandspillage.IllageAndSpillage/]: Removed entity.illageandspillage.old_freakager from Raids to prevent a post-mod-removal crash
[11May2025 07:02:36.951] [Server thread/INFO] [com.yellowbrossproductions.illageandspillage.IllageAndSpillage/]: Removed entity.illageandspillage.old_magispeller from Raids to prevent a post-mod-removal crash
[11May2025 07:02:37.677] [Server thread/INFO] [com.yellowbrossproductions.illageandspillage.IllageAndSpillage/]: Removed entity.illageandspillage.boss_randomizer from Raids to prevent a post-mod-removal crash
[11May2025 07:02:37.677] [Server thread/INFO] [com.yellowbrossproductions.illageandspillage.IllageAndSpillage/]: Removed entity.illageandspillage.igniter from Raids to prevent a post-mod-removal crash
[11May2025 07:02:37.677] [Server thread/INFO] [com.yellowbrossproductions.illageandspillage.IllageAndSpillage/]: Removed entity.illageandspillage.engineer from Raids to prevent a post-mod-removal crash
[11May2025 07:02:37.678] [Server thread/INFO] [com.yellowbrossproductions.illageandspillage.IllageAndSpillage/]: Removed entity.illageandspillage.twittollager from Raids to prevent a post-mod-removal crash
[11May2025 07:02:37.678] [Server thread/INFO] [com.yellowbrossproductions.illageandspillage.IllageAndSpillage/]: Removed entity.illageandspillage.magispeller from Raids to prevent a post-mod-removal crash
[11May2025 07:02:37.678] [Server thread/INFO] [com.yellowbrossproductions.illageandspillage.IllageAndSpillage/]: Removed entity.illageandspillage.spiritcaller from Raids to prevent a post-mod-removal crash
[11May2025 07:02:37.678] [Server thread/INFO] [com.yellowbrossproductions.illageandspillage.IllageAndSpillage/]: Removed entity.illageandspillage.crocofang from Raids to prevent a post-mod-removal crash
[11May2025 07:02:37.678] [Server thread/INFO] [com.yellowbrossproductions.illageandspillage.IllageAndSpillage/]: Removed entity.illageandspillage.absorber from Raids to prevent a post-mod-removal crash
[11May2025 07:02:37.678] [Server thread/INFO] [com.yellowbrossproductions.illageandspillage.IllageAndSpillage/]: Removed entity.illageandspillage.preserver from Raids to prevent a post-mod-removal crash
[11May2025 07:02:37.678] [Server thread/INFO] [com.yellowbrossproductions.illageandspillage.IllageAndSpillage/]: Removed entity.illageandspillage.freakager from Raids to prevent a post-mod-removal crash
[11May2025 07:02:37.678] [Server thread/INFO] [com.yellowbrossproductions.illageandspillage.IllageAndSpillage/]: Removed entity.illageandspillage.old_freakager from Raids to prevent a post-mod-removal crash
[11May2025 07:02:37.678] [Server thread/INFO] [com.yellowbrossproductions.illageandspillage.IllageAndSpillage/]: Removed entity.illageandspillage.old_magispeller from Raids to prevent a post-mod-removal crash
[11May2025 07:02:37.680] [Server thread/INFO] [com.yellowbrossproductions.illageandspillage.IllageAndSpillage/]: Removed entity.illageandspillage.boss_randomizer from Raids to prevent a post-mod-removal crash
[11May2025 07:02:37.680] [Server thread/INFO] [com.yellowbrossproductions.illageandspillage.IllageAndSpillage/]: Removed entity.illageandspillage.igniter from Raids to prevent a post-mod-removal crash
[11May2025 07:02:37.680] [Server thread/INFO] [com.yellowbrossproductions.illageandspillage.IllageAndSpillage/]: Removed entity.illageandspillage.engineer from Raids to prevent a post-mod-removal crash
[11May2025 07:02:37.680] [Server thread/INFO] [com.yellowbrossproductions.illageandspillage.IllageAndSpillage/]: Removed entity.illageandspillage.twittollager from Raids to prevent a post-mod-removal crash
[11May2025 07:02:37.680] [Server thread/INFO] [com.yellowbrossproductions.illageandspillage.IllageAndSpillage/]: Removed entity.illageandspillage.magispeller from Raids to prevent a post-mod-removal crash
[11May2025 07:02:37.680] [Server thread/INFO] [com.yellowbrossproductions.illageandspillage.IllageAndSpillage/]: Removed entity.illageandspillage.spiritcaller from Raids to prevent a post-mod-removal crash
[11May2025 07:02:37.680] [Server thread/INFO] [com.yellowbrossproductions.illageandspillage.IllageAndSpillage/]: Removed entity.illageandspillage.crocofang from Raids to prevent a post-mod-removal crash
[11May2025 07:02:37.680] [Server thread/INFO] [com.yellowbrossproductions.illageandspillage.IllageAndSpillage/]: Removed entity.illageandspillage.absorber from Raids to prevent a post-mod-removal crash
[11May2025 07:02:37.680] [Server thread/INFO] [com.yellowbrossproductions.illageandspillage.IllageAndSpillage/]: Removed entity.illageandspillage.preserver from Raids to prevent a post-mod-removal crash
[11May2025 07:02:37.680] [Server thread/INFO] [com.yellowbrossproductions.illageandspillage.IllageAndSpillage/]: Removed entity.illageandspillage.freakager from Raids to prevent a post-mod-removal crash
[11May2025 07:02:37.680] [Server thread/INFO] [com.yellowbrossproductions.illageandspillage.IllageAndSpillage/]: Removed entity.illageandspillage.old_freakager from Raids to prevent a post-mod-removal crash
[11May2025 07:02:37.680] [Server thread/INFO] [com.yellowbrossproductions.illageandspillage.IllageAndSpillage/]: Removed entity.illageandspillage.old_magispeller from Raids to prevent a post-mod-removal crash
[11May2025 07:02:37.691] [Server thread/INFO] [com.yellowbrossproductions.illageandspillage.IllageAndSpillage/]: Removed entity.illageandspillage.boss_randomizer from Raids to prevent a post-mod-removal crash
[11May2025 07:02:37.692] [Server thread/INFO] [com.yellowbrossproductions.illageandspillage.IllageAndSpillage/]: Removed entity.illageandspillage.igniter from Raids to prevent a post-mod-removal crash
[11May2025 07:02:37.692] [Server thread/INFO] [com.yellowbrossproductions.illageandspillage.IllageAndSpillage/]: Removed entity.illageandspillage.engineer from Raids to prevent a post-mod-removal crash
[11May2025 07:02:37.692] [Server thread/INFO] [com.yellowbrossproductions.illageandspillage.IllageAndSpillage/]: Removed entity.illageandspillage.twittollager from Raids to prevent a post-mod-removal crash
[11May2025 07:02:37.692] [Server thread/INFO] [com.yellowbrossproductions.illageandspillage.IllageAndSpillage/]: Removed entity.illageandspillage.magispeller from Raids to prevent a post-mod-removal crash
[11May2025 07:02:37.692] [Server thread/INFO] [com.yellowbrossproductions.illageandspillage.IllageAndSpillage/]: Removed entity.illageandspillage.spiritcaller from Raids to prevent a post-mod-removal crash
[11May2025 07:02:37.692] [Server thread/INFO] [com.yellowbrossproductions.illageandspillage.IllageAndSpillage/]: Removed entity.illageandspillage.crocofang from Raids to prevent a post-mod-removal crash
[11May2025 07:02:37.693] [Server thread/INFO] [com.yellowbrossproductions.illageandspillage.IllageAndSpillage/]: Removed entity.illageandspillage.absorber from Raids to prevent a post-mod-removal crash
[11May2025 07:02:37.693] [Server thread/INFO] [com.yellowbrossproductions.illageandspillage.IllageAndSpillage/]: Removed entity.illageandspillage.preserver from Raids to prevent a post-mod-removal crash
[11May2025 07:02:37.693] [Server thread/INFO] [com.yellowbrossproductions.illageandspillage.IllageAndSpillage/]: Removed entity.illageandspillage.freakager from Raids to prevent a post-mod-removal crash
[11May2025 07:02:37.693] [Server thread/INFO] [com.yellowbrossproductions.illageandspillage.IllageAndSpillage/]: Removed entity.illageandspillage.old_freakager from Raids to prevent a post-mod-removal crash
[11May2025 07:02:37.694] [Server thread/INFO] [com.yellowbrossproductions.illageandspillage.IllageAndSpillage/]: Removed entity.illageandspillage.old_magispeller from Raids to prevent a post-mod-removal crash
[11May2025 07:02:37.696] [Server thread/INFO] [Framework/]: Unloading server configs...
[11May2025 07:02:37.697] [Server thread/INFO] [Framework/]: Sending config unload event for refurbished_furniture.server.toml
[11May2025 07:02:37.698] [Server thread/INFO] [Framework/]: Sending config unload event for backpacked.server.toml
[11May2025 07:02:37.698] [Server thread/INFO] [Framework/]: Finished unloading server configs
